id,sales
3000888,3.46
3000889,0.0
3000890,5.14
3000891,2303.21
3000892,0.0
3000893,378.97
3000894,9.71
3000895,727.02
3000896,834.56
3000897,142.15
3000898,152.29
3000899,140.2
3000900,2931.99
3000901,20.43
3000902,1.21
3000903,31.7
3000904,31.28
3000905,0.0
3000906,181.02
3000907,14.59
3000908,26.24
3000909,11.58
3000910,106.07
3000911,5.61
3000912,276.16
3000913,194.94
3000914,3.55
3000915,9.83
3000916,299.72
3000917,56.24
3000918,3973.73
3000919,0.15
3000920,23.97
3000921,1.12
3000922,0.0
3000923,3.91
3000924,1272.87
3000925,0.0
3000926,95.9
3000927,2.47
3000928,651.37
3000929,412.76
3000930,230.68
3000931,30.8
3000932,30.31
3000933,2666.98
3000934,2.18
3000935,0.32
3000936,10.85
3000937,10.95
3000938,0.01
3000939,155.25
3000940,2.37
3000941,0.0
3000942,2.51
3000943,16.19
3000944,0.27
3000945,163.78
3000946,173.94
3000947,0.37
3000948,2.64
3000949,125.79
3000950,22.08
3000951,282.61
3000952,46.79
3000953,0.77
3000954,5.34
3000955,0.17
3000956,5.65
3000957,4130.16
3000958,0.0
3000959,690.91
3000960,10.96
3000961,1787.35
3000962,663.64
3000963,452.37
3000964,149.78
3000965,67.1
3000966,6900.45
3000967,17.85
3000968,0.36
3000969,24.76
3000970,17.98
3000971,0.01
3000972,441.14
3000973,7.02
3000974,3.42
3000975,9.4
3000976,33.25
3000977,2.43
3000978,679.17
3000979,374.29
3000980,1.77
3000981,12.96
3000982,391.05
3000983,97.88
3000984,1317.59
3000985,31.31
3000986,5.87
3000987,4.32
3000988,0.0
3000989,2.98
3000990,1493.86
3000991,0.0
3000992,182.21
3000993,8.0
3000994,832.84
3000995,483.58
3000996,189.5
3000997,39.36
3000998,35.34
3000999,2674.23
3001000,4.89
3001001,0.16
3001002,15.41
3001003,21.88
3001004,0.0
3001005,148.54
3001006,5.88
3001007,0.0
3001008,12.95
3001009,31.29
3001010,1.41
3001011,136.05
3001012,175.46
3001013,0.97
3001014,4.86
3001015,139.84
3001016,34.25
3001017,405.51
3001018,16.72
3001019,2.13
3001020,3.43
3001021,0.0
3001022,3.99
3001023,1397.12
3001024,0.0
3001025,102.45
3001026,4.27
3001027,627.34
3001028,313.73
3001029,140.27
3001030,28.58
3001031,25.83
3001032,2856.95
3001033,6.7
3001034,0.02
3001035,13.88
3001036,11.01
3001037,0.0
3001038,122.99
3001039,0.76
3001040,0.0
3001041,2.86
3001042,33.6
3001043,0.53
3001044,119.79
3001045,184.88
3001046,0.26
3001047,3.76
3001048,59.7
3001049,21.14
3001050,225.77
3001051,12.76
3001052,0.81
3001053,2.7
3001054,0.0
3001055,3.49
3001056,1562.54
3001057,0.0
3001058,161.08
3001059,5.51
3001060,916.82
3001061,449.48
3001062,243.54
3001063,30.88
3001064,34.77
3001065,3031.97
3001066,4.47
3001067,0.18
3001068,8.98
3001069,17.48
3001070,0.01
3001071,175.35
3001072,0.42
3001073,0.0
3001074,3.52
3001075,20.51
3001076,1.84
3001077,156.93
3001078,266.21
3001079,0.6
3001080,4.83
3001081,53.73
3001082,82.67
3001083,372.19
3001084,13.45
3001085,3.36
3001086,2.41
3001087,0.63
3001088,4.32
3001089,1733.58
3001090,0.0
3001091,142.87
3001092,2.66
3001093,820.92
3001094,396.38
3001095,242.11
3001096,84.32
3001097,58.78
3001098,2809.57
3001099,5.44
3001100,0.62
3001101,13.98
3001102,20.2
3001103,0.01
3001104,199.47
3001105,6.55
3001106,0.0
3001107,9.03
3001108,19.05
3001109,1.12
3001110,131.08
3001111,188.91
3001112,0.52
3001113,4.42
3001114,105.32
3001115,39.85
3001116,637.45
3001117,13.0
3001118,3.96
3001119,3.34
3001120,0.09
3001121,1.35
3001122,1345.73
3001123,0.0
3001124,144.64
3001125,2.52
3001126,860.9
3001127,271.87
3001128,145.38
3001129,97.08
3001130,25.73
3001131,2174.35
3001132,3.43
3001133,0.09
3001134,12.03
3001135,11.4
3001136,0.0
3001137,152.35
3001138,0.0
3001139,0.0
3001140,3.04
3001141,35.14
3001142,0.87
3001143,51.72
3001144,137.4
3001145,0.62
3001146,2.2
3001147,65.0
3001148,31.64
3001149,455.84
3001150,0.19
3001151,0.54
3001152,6.4
3001153,0.25
3001154,3.18
3001155,2586.88
3001156,0.0
3001157,307.28
3001158,4.17
3001159,987.5
3001160,1022.31
3001161,424.72
3001162,148.45
3001163,88.27
3001164,4126.35
3001165,10.55
3001166,0.71
3001167,28.4
3001168,26.47
3001169,0.0
3001170,242.72
3001171,0.0
3001172,0.0
3001173,8.55
3001174,37.73
3001175,3.33
3001176,240.81
3001177,239.72
3001178,1.46
3001179,5.73
3001180,282.29
3001181,33.67
3001182,1337.6
3001183,67.02
3001184,9.47
3001185,2.31
3001186,0.05
3001187,4.38
3001188,1837.78
3001189,0.0
3001190,445.68
3001191,5.92
3001192,537.42
3001193,527.13
3001194,177.96
3001195,134.35
3001196,41.44
3001197,2465.03
3001198,9.64
3001199,0.59
3001200,22.94
3001201,21.55
3001202,0.0
3001203,156.16
3001204,6.52
3001205,4.79
3001206,7.9
3001207,59.58
3001208,2.34
3001209,44.59
3001210,112.93
3001211,2.98
3001212,5.6
3001213,103.32
3001214,52.46
3001215,1295.2
3001216,40.33
3001217,8.57
3001218,5.21
3001219,0.19
3001220,3.76
3001221,2427.52
3001222,0.0
3001223,144.15
3001224,5.11
3001225,803.49
3001226,336.3
3001227,246.19
3001228,45.89
3001229,37.59
3001230,3114.21
3001231,7.06
3001232,0.81
3001233,13.84
3001234,17.64
3001235,0.02
3001236,159.06
3001237,5.46
3001238,0.0
3001239,8.74
3001240,31.26
3001241,2.89
3001242,115.23
3001243,181.21
3001244,0.74
3001245,3.89
3001246,76.22
3001247,23.97
3001248,428.71
3001249,18.66
3001250,3.47
3001251,5.44
3001252,0.0
3001253,7.81
3001254,2459.07
3001255,0.0
3001256,597.75
3001257,9.82
3001258,784.58
3001259,821.45
3001260,213.96
3001261,154.67
3001262,87.05
3001263,3803.42
3001264,28.98
3001265,0.94
3001266,20.01
3001267,41.81
3001268,0.0
3001269,222.9
3001270,20.22
3001271,19.89
3001272,10.05
3001273,66.75
3001274,9.8
3001275,403.27
3001276,249.87
3001277,7.61
3001278,6.38
3001279,412.55
3001280,115.58
3001281,3159.93
3001282,0.16
3001283,34.02
3001284,5.62
3001285,0.07
3001286,4.83
3001287,3318.44
3001288,0.0
3001289,406.74
3001290,5.12
3001291,979.11
3001292,771.46
3001293,495.33
3001294,68.44
3001295,52.27
3001296,4356.73
3001297,10.17
3001298,0.25
3001299,21.86
3001300,12.74
3001301,0.0
3001302,262.07
3001303,0.73
3001304,10.49
3001305,8.66
3001306,40.06
3001307,1.68
3001308,243.27
3001309,319.31
3001310,2.99
3001311,4.6
3001312,213.08
3001313,57.25
3001314,945.86
3001315,112.58
3001316,8.38
3001317,7.47
3001318,0.27
3001319,3.88
3001320,2743.88
3001321,0.0
3001322,374.13
3001323,4.77
3001324,976.68
3001325,631.86
3001326,256.02
3001327,192.4
3001328,62.03
3001329,3520.98
3001330,11.72
3001331,0.41
3001332,29.79
3001333,28.58
3001334,0.0
3001335,252.85
3001336,2.15
3001337,3.77
3001338,9.55
3001339,76.54
3001340,1.95
3001341,109.87
3001342,231.74
3001343,1.88
3001344,5.87
3001345,139.9
3001346,133.7
3001347,1193.68
3001348,0.18
3001349,2.94
3001350,3.63
3001351,0.05
3001352,3.38
3001353,1776.06
3001354,0.0
3001355,108.26
3001356,5.36
3001357,669.54
3001358,334.41
3001359,136.91
3001360,41.97
3001361,37.56
3001362,2522.82
3001363,5.44
3001364,0.56
3001365,29.93
3001366,23.76
3001367,0.0
3001368,139.47
3001369,0.24
3001370,0.0
3001371,5.69
3001372,53.05
3001373,3.18
3001374,93.14
3001375,142.84
3001376,0.66
3001377,3.88
3001378,125.13
3001379,30.0
3001380,419.58
3001381,17.95
3001382,1.38
3001383,1.47
3001384,0.0
3001385,3.28
3001386,1377.06
3001387,0.0
3001388,273.84
3001389,9.05
3001390,540.69
3001391,522.78
3001392,141.9
3001393,47.16
3001394,53.49
3001395,2259.57
3001396,21.59
3001397,0.33
3001398,13.02
3001399,16.41
3001400,0.02
3001401,132.93
3001402,11.58
3001403,1.29
3001404,3.38
3001405,46.86
3001406,5.37
3001407,651.73
3001408,167.11
3001409,2.78
3001410,4.35
3001411,314.65
3001412,29.72
3001413,1567.09
3001414,0.2
3001415,5.54
3001416,2.16
3001417,0.02
3001418,4.2
3001419,3424.58
3001420,0.0
3001421,770.4
3001422,12.86
3001423,1150.2
3001424,1303.2
3001425,283.99
3001426,257.65
3001427,181.7
3001428,4210.01
3001429,27.78
3001430,0.72
3001431,19.12
3001432,41.14
3001433,0.0
3001434,267.01
3001435,9.32
3001436,45.76
3001437,13.99
3001438,84.22
3001439,12.69
3001440,414.7
3001441,291.46
3001442,14.57
3001443,9.18
3001444,552.91
3001445,111.51
3001446,5841.2
3001447,0.11
3001448,22.75
3001449,1.77
3001450,0.01
3001451,4.32
3001452,1971.57
3001453,0.0
3001454,344.98
3001455,4.77
3001456,381.71
3001457,545.89
3001458,152.26
3001459,114.0
3001460,70.74
3001461,1924.36
3001462,14.09
3001463,0.47
3001464,20.46
3001465,18.96
3001466,0.0
3001467,100.9
3001468,0.0
3001469,33.55
3001470,9.84
3001471,139.83
3001472,8.82
3001473,217.73
3001474,118.94
3001475,4.25
3001476,3.86
3001477,170.83
3001478,36.93
3001479,2567.37
3001480,4.22
3001481,2.91
3001482,2.81
3001483,0.0
3001484,1.03
3001485,797.14
3001486,0.0
3001487,186.61
3001488,5.05
3001489,301.36
3001490,257.93
3001491,79.62
3001492,28.23
3001493,27.25
3001494,1458.76
3001495,1.63
3001496,0.48
3001497,9.87
3001498,11.1
3001499,0.03
3001500,82.38
3001501,0.0
3001502,7.36
3001503,0.28
3001504,16.31
3001505,0.08
3001506,225.15
3001507,147.45
3001508,1.88
3001509,0.65
3001510,121.63
3001511,21.0
3001512,916.62
3001513,5.23
3001514,1.86
3001515,5.22
3001516,0.1
3001517,3.89
3001518,2813.75
3001519,0.0
3001520,644.81
3001521,11.48
3001522,918.53
3001523,943.31
3001524,274.18
3001525,248.31
3001526,105.01
3001527,3719.3
3001528,26.19
3001529,1.85
3001530,21.68
3001531,34.73
3001532,0.0
3001533,219.54
3001534,5.23
3001535,36.87
3001536,11.67
3001537,84.34
3001538,4.03
3001539,277.4
3001540,243.79
3001541,9.24
3001542,8.43
3001543,353.38
3001544,77.5
3001545,3900.12
3001546,6.76
3001547,17.93
3001548,4.57
3001549,0.0
3001550,4.32
3001551,2833.36
3001552,0.0
3001553,541.85
3001554,12.16
3001555,910.05
3001556,826.79
3001557,299.8
3001558,196.14
3001559,53.14
3001560,4655.17
3001561,11.21
3001562,0.41
3001563,33.59
3001564,19.74
3001565,0.46
3001566,251.58
3001567,0.0
3001568,9.27
3001569,7.55
3001570,39.13
3001571,0.8
3001572,191.56
3001573,303.62
3001574,3.8
3001575,3.28
3001576,165.14
3001577,69.8
3001578,1299.74
3001579,8.31
3001580,2.79
3001581,4.61
3001582,0.3
3001583,4.26
3001584,2900.05
3001585,0.0
3001586,596.52
3001587,9.08
3001588,815.54
3001589,753.72
3001590,245.52
3001591,149.89
3001592,53.25
3001593,3759.21
3001594,12.98
3001595,0.74
3001596,25.71
3001597,19.31
3001598,0.0
3001599,209.16
3001600,0.0
3001601,7.83
3001602,7.22
3001603,63.87
3001604,1.2
3001605,106.16
3001606,229.13
3001607,4.06
3001608,3.54
3001609,145.75
3001610,63.72
3001611,1136.31
3001612,9.96
3001613,4.04
3001614,8.25
3001615,0.03
3001616,13.0
3001617,7652.11
3001618,0.0
3001619,1252.53
3001620,31.53
3001621,1809.07
3001622,2119.78
3001623,318.02
3001624,467.7
3001625,313.61
3001626,7621.03
3001627,72.11
3001628,2.4
3001629,61.94
3001630,49.55
3001631,0.01
3001632,452.5
3001633,38.33
3001634,73.5
3001635,30.44
3001636,183.94
3001637,27.53
3001638,688.33
3001639,489.03
3001640,14.53
3001641,21.67
3001642,1070.53
3001643,222.52
3001644,10401.64
3001645,4.49
3001646,73.47
3001647,1.8
3001648,0.15
3001649,2.17
3001650,1534.4
3001651,0.0
3001652,147.62
3001653,3.51
3001654,624.15
3001655,332.24
3001656,119.38
3001657,113.51
3001658,42.63
3001659,2337.75
3001660,4.06
3001661,0.24
3001662,11.59
3001663,8.91
3001664,0.0
3001665,174.67
3001666,0.14
3001667,0.0
3001668,4.87
3001669,47.33
3001670,0.37
3001671,50.27
3001672,113.86
3001673,1.61
3001674,3.56
3001675,93.84
3001676,19.16
3001677,609.83
3001678,0.6
3001679,3.16
3001680,6.43
3001681,0.07
3001682,3.47
3001683,3064.05
3001684,0.0
3001685,493.4
3001686,8.49
3001687,953.74
3001688,752.29
3001689,206.08
3001690,219.53
3001691,68.06
3001692,4305.05
3001693,10.96
3001694,0.32
3001695,20.19
3001696,20.3
3001697,0.0
3001698,245.01
3001699,0.61
3001700,6.65
3001701,10.77
3001702,22.9
3001703,0.83
3001704,300.3
3001705,228.17
3001706,3.17
3001707,4.89
3001708,102.7
3001709,64.04
3001710,1154.83
3001711,7.89
3001712,4.12
3001713,0.82
3001714,0.0
3001715,3.3
3001716,1160.7
3001717,0.0
3001718,110.39
3001719,2.76
3001720,592.89
3001721,234.28
3001722,106.94
3001723,142.73
3001724,19.89
3001725,2015.08
3001726,1.33
3001727,0.17
3001728,7.69
3001729,5.86
3001730,0.03
3001731,106.5
3001732,0.0
3001733,0.0
3001734,1.04
3001735,25.63
3001736,0.06
3001737,58.44
3001738,153.73
3001739,0.25
3001740,0.85
3001741,43.4
3001742,12.1
3001743,137.31
3001744,0.27
3001745,1.07
3001746,5.42
3001747,0.0
3001748,3.53
3001749,2147.63
3001750,0.0
3001751,203.45
3001752,5.67
3001753,918.03
3001754,537.81
3001755,176.58
3001756,100.23
3001757,46.22
3001758,2803.75
3001759,2.06
3001760,0.25
3001761,32.43
3001762,18.58
3001763,0.01
3001764,183.55
3001765,0.0
3001766,0.0
3001767,13.73
3001768,40.87
3001769,1.08
3001770,265.13
3001771,190.62
3001772,1.69
3001773,2.9
3001774,202.84
3001775,30.62
3001776,1231.45
3001777,0.25
3001778,0.2
3001779,2.61
3001780,0.17
3001781,3.07
3001782,2248.06
3001783,0.0
3001784,658.11
3001785,7.22
3001786,802.97
3001787,764.98
3001788,207.88
3001789,95.98
3001790,66.42
3001791,3629.01
3001792,5.28
3001793,2.49
3001794,32.02
3001795,45.4
3001796,0.01
3001797,207.45
3001798,1.53
3001799,6.63
3001800,10.15
3001801,24.35
3001802,2.23
3001803,166.44
3001804,284.46
3001805,3.03
3001806,5.39
3001807,139.51
3001808,29.38
3001809,729.26
3001810,11.93
3001811,2.45
3001812,3.44
3001813,0.0
3001814,1.04
3001815,1279.08
3001816,0.0
3001817,97.89
3001818,1.32
3001819,434.3
3001820,256.82
3001821,90.25
3001822,132.73
3001823,35.85
3001824,1837.37
3001825,2.42
3001826,0.08
3001827,10.96
3001828,5.98
3001829,0.03
3001830,99.48
3001831,0.0
3001832,0.0
3001833,0.11
3001834,27.32
3001835,0.44
3001836,163.93
3001837,119.52
3001838,0.57
3001839,0.57
3001840,27.45
3001841,16.47
3001842,376.28
3001843,0.21
3001844,0.58
3001845,3.67
3001846,0.0
3001847,2.54
3001848,3478.01
3001849,0.0
3001850,483.69
3001851,7.14
3001852,786.9
3001853,673.24
3001854,181.81
3001855,93.61
3001856,61.79
3001857,3723.43
3001858,6.05
3001859,0.35
3001860,27.23
3001861,11.12
3001862,0.01
3001863,211.88
3001864,0.0
3001865,30.11
3001866,7.47
3001867,58.12
3001868,0.88
3001869,211.52
3001870,217.34
3001871,2.39
3001872,3.04
3001873,107.42
3001874,48.7
3001875,1205.38
3001876,8.43
3001877,0.36
3001878,3.45
3001879,0.0
3001880,8.08
3001881,2817.14
3001882,0.0
3001883,531.04
3001884,5.25
3001885,975.4
3001886,915.37
3001887,158.47
3001888,123.74
3001889,123.03
3001890,4061.19
3001891,41.38
3001892,1.2
3001893,32.63
3001894,32.14
3001895,0.01
3001896,237.7
3001897,20.36
3001898,30.36
3001899,2.4
3001900,89.58
3001901,11.27
3001902,231.48
3001903,275.02
3001904,12.04
3001905,12.48
3001906,256.79
3001907,74.01
3001908,3810.13
3001909,0.07
3001910,10.79
3001911,4.38
3001912,0.0
3001913,7.14
3001914,1730.24
3001915,0.0
3001916,455.11
3001917,11.25
3001918,901.27
3001919,875.91
3001920,135.52
3001921,80.66
3001922,131.04
3001923,3493.26
3001924,23.23
3001925,0.58
3001926,35.06
3001927,34.41
3001928,0.0
3001929,280.08
3001930,17.93
3001931,23.71
3001932,14.51
3001933,69.42
3001934,10.45
3001935,182.71
3001936,360.4
3001937,6.49
3001938,8.96
3001939,126.11
3001940,71.43
3001941,3140.09
3001942,137.21
3001943,13.15
3001944,6.21
3001945,0.18
3001946,4.46
3001947,3078.78
3001948,0.0
3001949,633.33
3001950,5.36
3001951,1131.34
3001952,648.18
3001953,174.47
3001954,248.32
3001955,57.85
3001956,4900.89
3001957,26.07
3001958,1.1
3001959,28.66
3001960,19.22
3001961,0.02
3001962,320.58
3001963,4.22
3001964,19.72
3001965,8.7
3001966,49.2
3001967,5.15
3001968,148.0
3001969,282.66
3001970,5.79
3001971,6.19
3001972,185.94
3001973,55.2
3001974,1579.58
3001975,16.56
3001976,11.43
3001977,2.69
3001978,0.0
3001979,5.51
3001980,2083.78
3001981,0.0
3001982,322.99
3001983,6.13
3001984,732.03
3001985,685.48
3001986,175.33
3001987,124.78
3001988,71.74
3001989,3136.96
3001990,19.44
3001991,0.84
3001992,15.35
3001993,14.44
3001994,0.03
3001995,187.45
3001996,16.44
3001997,26.77
3001998,2.4
3001999,65.93
3002000,7.37
3002001,319.91
3002002,229.4
3002003,5.55
3002004,6.97
3002005,341.67
3002006,51.96
3002007,3047.81
3002008,0.52
3002009,19.82
3002010,3.14
3002011,0.23
3002012,2.97
3002013,5331.6
3002014,0.0
3002015,431.87
3002016,7.6
3002017,1880.51
3002018,867.73
3002019,261.93
3002020,153.93
3002021,59.63
3002022,5356.7
3002023,8.81
3002024,1.5
3002025,30.63
3002026,27.18
3002027,0.02
3002028,315.3
3002029,0.0
3002030,0.08
3002031,10.5
3002032,29.08
3002033,2.12
3002034,134.01
3002035,303.28
3002036,2.98
3002037,8.21
3002038,152.03
3002039,55.18
3002040,1134.42
3002041,0.39
3002042,3.75
3002043,5.39
3002044,0.0
3002045,9.22
3002046,2009.68
3002047,0.0
3002048,462.14
3002049,9.28
3002050,917.27
3002051,717.6
3002052,195.41
3002053,120.07
3002054,109.01
3002055,3932.22
3002056,17.86
3002057,0.95
3002058,25.34
3002059,35.78
3002060,0.0
3002061,218.5
3002062,12.51
3002063,22.08
3002064,10.8
3002065,54.23
3002066,9.69
3002067,189.38
3002068,289.64
3002069,12.13
3002070,7.84
3002071,184.78
3002072,68.81
3002073,2735.07
3002074,6.95
3002075,6.57
3002076,2.46
3002077,0.0
3002078,5.54
3002079,1799.88
3002080,0.0
3002081,441.17
3002082,7.43
3002083,660.68
3002084,792.02
3002085,153.33
3002086,114.11
3002087,103.88
3002088,3127.28
3002089,27.68
3002090,0.72
3002091,25.64
3002092,32.04
3002093,0.0
3002094,190.43
3002095,11.45
3002096,41.51
3002097,13.0
3002098,57.07
3002099,9.51
3002100,216.16
3002101,210.27
3002102,7.87
3002103,8.31
3002104,216.61
3002105,52.73
3002106,3245.37
3002107,2.2
3002108,12.31
3002109,3.5
3002110,0.01
3002111,4.65
3002112,4597.04
3002113,0.0
3002114,521.94
3002115,11.29
3002116,1010.43
3002117,753.73
3002118,254.69
3002119,131.97
3002120,46.22
3002121,4330.21
3002122,9.46
3002123,0.03
3002124,17.65
3002125,23.43
3002126,0.05
3002127,204.41
3002128,0.0
3002129,11.39
3002130,1.24
3002131,53.99
3002132,1.16
3002133,189.65
3002134,273.52
3002135,2.26
3002136,1.25
3002137,214.6
3002138,118.03
3002139,1211.74
3002140,12.85
3002141,0.17
3002142,12.43
3002143,0.0
3002144,13.35
3002145,7863.56
3002146,0.0
3002147,1402.69
3002148,30.15
3002149,2174.12
3002150,2296.39
3002151,464.81
3002152,556.62
3002153,381.02
3002154,8556.78
3002155,76.04
3002156,3.62
3002157,120.03
3002158,132.26
3002159,0.0
3002160,537.89
3002161,22.33
3002162,30.51
3002163,42.46
3002164,273.92
3002165,22.39
3002166,769.58
3002167,490.46
3002168,30.64
3002169,35.24
3002170,1032.64
3002171,309.36
3002172,13082.28
3002173,287.53
3002174,79.16
3002175,12.42
3002176,0.0
3002177,12.33
3002178,7669.58
3002179,0.0
3002180,1182.25
3002181,26.3
3002182,2221.65
3002183,2121.38
3002184,621.39
3002185,343.14
3002186,271.57
3002187,9590.48
3002188,79.89
3002189,1.17
3002190,82.22
3002191,89.91
3002192,0.47
3002193,537.59
3002194,18.24
3002195,43.2
3002196,15.07
3002197,182.8
3002198,20.16
3002199,835.37
3002200,640.04
3002201,18.53
3002202,25.97
3002203,1095.09
3002204,246.24
3002205,8209.47
3002206,284.59
3002207,72.02
3002208,9.18
3002209,0.0
3002210,15.88
3002211,4671.92
3002212,0.0
3002213,832.05
3002214,13.05
3002215,1814.41
3002216,1265.15
3002217,627.64
3002218,106.22
3002219,208.98
3002220,7687.75
3002221,34.78
3002222,1.8
3002223,45.57
3002224,28.78
3002225,0.26
3002226,488.72
3002227,16.29
3002228,27.9
3002229,14.68
3002230,91.72
3002231,12.72
3002232,921.47
3002233,646.66
3002234,17.36
3002235,35.29
3002236,566.37
3002237,130.33
3002238,3379.7
3002239,270.21
3002240,39.89
3002241,9.21
3002242,0.0
3002243,19.12
3002244,6977.88
3002245,0.0
3002246,1060.03
3002247,20.74
3002248,1993.79
3002249,2036.68
3002250,545.48
3002251,312.44
3002252,231.15
3002253,9076.91
3002254,40.18
3002255,1.1
3002256,85.83
3002257,62.1
3002258,0.32
3002259,511.71
3002260,22.33
3002261,36.05
3002262,20.43
3002263,180.73
3002264,15.84
3002265,731.3
3002266,629.81
3002267,18.12
3002268,29.72
3002269,910.08
3002270,205.31
3002271,6961.25
3002272,285.91
3002273,60.0
3002274,8.7
3002275,0.0
3002276,16.85
3002277,3385.29
3002278,0.0
3002279,685.51
3002280,14.47
3002281,1550.38
3002282,977.86
3002283,480.89
3002284,85.07
3002285,140.77
3002286,6094.64
3002287,30.64
3002288,0.32
3002289,28.51
3002290,30.96
3002291,0.0
3002292,400.27
3002293,19.7
3002294,15.91
3002295,3.05
3002296,85.35
3002297,6.42
3002298,637.19
3002299,610.19
3002300,13.51
3002301,20.58
3002302,607.0
3002303,80.26
3002304,2251.2
3002305,245.11
3002306,18.27
3002307,9.61
3002308,0.0
3002309,12.8
3002310,6193.83
3002311,0.0
3002312,1194.77
3002313,25.02
3002314,1764.59
3002315,2208.78
3002316,371.91
3002317,440.92
3002318,317.6
3002319,7749.56
3002320,64.67
3002321,1.35
3002322,53.94
3002323,57.69
3002324,0.18
3002325,420.78
3002326,8.03
3002327,36.0
3002328,10.87
3002329,201.76
3002330,17.43
3002331,676.05
3002332,493.86
3002333,15.92
3002334,27.47
3002335,900.97
3002336,217.28
3002337,9951.86
3002338,229.26
3002339,66.41
3002340,4.9
3002341,0.07
3002342,6.66
3002343,1915.6
3002344,0.0
3002345,343.4
3002346,20.87
3002347,816.92
3002348,564.32
3002349,204.8
3002350,78.69
3002351,78.4
3002352,3065.55
3002353,20.29
3002354,0.72
3002355,29.17
3002356,32.08
3002357,0.0
3002358,179.31
3002359,12.58
3002360,8.78
3002361,11.34
3002362,47.03
3002363,9.42
3002364,223.03
3002365,219.99
3002366,2.52
3002367,7.24
3002368,212.28
3002369,49.69
3002370,2063.92
3002371,7.2
3002372,9.23
3002373,7.28
3002374,0.0
3002375,12.84
3002376,3831.02
3002377,0.0
3002378,534.59
3002379,29.54
3002380,1359.63
3002381,1043.2
3002382,444.41
3002383,87.61
3002384,134.97
3002385,5782.48
3002386,55.4
3002387,0.79
3002388,64.41
3002389,41.65
3002390,0.0
3002391,323.88
3002392,10.45
3002393,9.98
3002394,7.94
3002395,114.71
3002396,10.03
3002397,582.91
3002398,464.89
3002399,10.22
3002400,20.04
3002401,357.24
3002402,80.7
3002403,2660.43
3002404,263.11
3002405,15.76
3002406,6.12
3002407,0.0
3002408,6.55
3002409,4283.56
3002410,0.0
3002411,931.1
3002412,9.09
3002413,1470.02
3002414,1768.21
3002415,234.13
3002416,367.4
3002417,229.51
3002418,5372.67
3002419,44.96
3002420,0.96
3002421,28.49
3002422,45.45
3002423,0.0
3002424,301.57
3002425,2.19
3002426,55.14
3002427,9.63
3002428,121.41
3002429,12.01
3002430,621.02
3002431,293.49
3002432,17.51
3002433,9.79
3002434,831.24
3002435,116.46
3002436,8479.27
3002437,5.33
3002438,43.59
3002439,7.99
3002440,0.0
3002441,8.3
3002442,4135.31
3002443,0.0
3002444,877.67
3002445,11.47
3002446,1530.25
3002447,1202.23
3002448,327.67
3002449,220.21
3002450,274.36
3002451,5754.03
3002452,28.55
3002453,2.4
3002454,50.44
3002455,46.1
3002456,0.01
3002457,317.73
3002458,7.3
3002459,55.68
3002460,8.8
3002461,175.6
3002462,11.38
3002463,432.79
3002464,334.02
3002465,13.24
3002466,26.19
3002467,461.98
3002468,124.6
3002469,7868.45
3002470,35.3
3002471,7.47
3002472,6.96
3002473,0.0
3002474,4.25
3002475,1957.35
3002476,0.0
3002477,441.65
3002478,5.93
3002479,981.21
3002480,500.92
3002481,202.16
3002482,88.45
3002483,100.11
3002484,3164.99
3002485,13.8
3002486,0.98
3002487,28.69
3002488,26.28
3002489,0.01
3002490,201.55
3002491,5.95
3002492,16.98
3002493,11.38
3002494,61.5
3002495,4.57
3002496,234.95
3002497,221.95
3002498,4.5
3002499,5.06
3002500,156.03
3002501,86.97
3002502,2845.19
3002503,1.74
3002504,3.4
3002505,5.81
3002506,0.0
3002507,1.0
3002508,2920.88
3002509,0.0
3002510,217.84
3002511,3.33
3002512,965.85
3002513,294.47
3002514,178.15
3002515,58.43
3002516,24.1
3002517,3263.41
3002518,9.85
3002519,0.38
3002520,20.21
3002521,10.66
3002522,0.02
3002523,179.38
3002524,0.0
3002525,0.0
3002526,6.54
3002527,45.34
3002528,0.7
3002529,48.73
3002530,163.08
3002531,0.0
3002532,1.38
3002533,48.87
3002534,81.64
3002535,667.12
3002536,0.11
3002537,1.07
3002538,4.94
3002539,0.0
3002540,6.83
3002541,3051.13
3002542,0.0
3002543,539.64
3002544,9.96
3002545,1143.1
3002546,909.94
3002547,311.98
3002548,170.35
3002549,136.44
3002550,4646.77
3002551,30.21
3002552,0.56
3002553,23.77
3002554,45.81
3002555,0.0
3002556,259.37
3002557,20.68
3002558,21.91
3002559,10.95
3002560,66.81
3002561,6.28
3002562,422.01
3002563,309.21
3002564,8.3
3002565,12.61
3002566,446.38
3002567,90.81
3002568,3615.87
3002569,0.27
3002570,38.5
3002571,4.35
3002572,0.05
3002573,7.46
3002574,4322.56
3002575,0.0
3002576,699.08
3002577,15.82
3002578,1158.82
3002579,1431.72
3002580,180.59
3002581,298.07
3002582,213.85
3002583,4207.67
3002584,37.68
3002585,2.26
3002586,30.94
3002587,38.71
3002588,0.49
3002589,246.71
3002590,13.53
3002591,40.63
3002592,9.87
3002593,145.83
3002594,19.48
3002595,475.01
3002596,270.1
3002597,6.54
3002598,12.07
3002599,669.8
3002600,143.29
3002601,6960.15
3002602,0.49
3002603,47.71
3002604,3.36
3002605,0.45
3002606,10.48
3002607,4396.55
3002608,0.0
3002609,847.9
3002610,18.89
3002611,1256.84
3002612,1482.54
3002613,267.25
3002614,306.37
3002615,163.7
3002616,4809.08
3002617,32.05
3002618,2.42
3002619,42.21
3002620,49.37
3002621,0.0
3002622,347.92
3002623,27.04
3002624,49.27
3002625,32.01
3002626,147.29
3002627,17.64
3002628,411.66
3002629,334.56
3002630,14.57
3002631,19.05
3002632,527.4
3002633,149.09
3002634,6335.07
3002635,10.08
3002636,35.65
3002637,10.32
3002638,0.11
3002639,9.39
3002640,2920.92
3002641,0.0
3002642,434.66
3002643,12.79
3002644,1310.07
3002645,758.03
3002646,454.03
3002647,164.9
3002648,92.48
3002649,5563.13
3002650,8.09
3002651,1.0
3002652,49.67
3002653,42.48
3002654,0.0
3002655,356.12
3002656,6.46
3002657,7.35
3002658,10.0
3002659,47.36
3002660,6.96
3002661,326.58
3002662,411.61
3002663,5.95
3002664,6.05
3002665,319.0
3002666,108.64
3002667,1409.0
3002668,165.6
3002669,14.85
3002670,3.5
3002671,0.0
3002672,3.5
3002673,1993.16
3002674,0.0
3002675,317.35
3002676,12.61
3002677,600.99
3002678,653.88
3002679,123.43
3002680,123.61
3002681,111.94
3002682,2222.0
3002683,20.47
3002684,1.04
3002685,21.48
3002686,23.6
3002687,0.0
3002688,156.27
3002689,12.88
3002690,13.19
3002691,3.8
3002692,107.59
3002693,4.53
3002694,250.45
3002695,149.91
3002696,3.59
3002697,7.58
3002698,265.74
3002699,59.29
3002700,2122.47
3002701,0.03
3002702,23.17
3002703,1.08
3002704,0.0
3002705,2.68
3002706,589.02
3002707,0.0
3002708,85.08
3002709,2.07
3002710,601.54
3002711,228.52
3002712,192.05
3002713,27.58
3002714,30.91
3002715,2265.0
3002716,2.89
3002717,0.3
3002718,5.87
3002719,4.58
3002720,0.0
3002721,132.62
3002722,2.87
3002723,0.0
3002724,0.54
3002725,9.09
3002726,0.47
3002727,204.0
3002728,139.87
3002729,0.42
3002730,2.79
3002731,120.25
3002732,24.63
3002733,124.32
3002734,1.52
3002735,0.91
3002736,5.13
3002737,0.11
3002738,4.15
3002739,3956.34
3002740,0.0
3002741,713.82
3002742,11.49
3002743,1340.23
3002744,535.11
3002745,429.3
3002746,131.97
3002747,62.66
3002748,6327.24
3002749,17.83
3002750,0.4
3002751,27.37
3002752,15.07
3002753,0.04
3002754,376.62
3002755,8.36
3002756,2.07
3002757,6.93
3002758,33.39
3002759,2.35
3002760,857.96
3002761,314.03
3002762,1.48
3002763,10.63
3002764,260.06
3002765,106.92
3002766,1148.93
3002767,12.51
3002768,5.58
3002769,4.08
3002770,0.0
3002771,0.13
3002772,1387.08
3002773,0.0
3002774,149.06
3002775,9.56
3002776,719.69
3002777,345.67
3002778,181.13
3002779,58.94
3002780,33.98
3002781,2381.03
3002782,5.04
3002783,0.17
3002784,9.39
3002785,18.14
3002786,0.0
3002787,130.96
3002788,5.6
3002789,0.0
3002790,7.71
3002791,33.83
3002792,1.52
3002793,213.26
3002794,137.33
3002795,0.89
3002796,4.79
3002797,145.6
3002798,33.72
3002799,190.45
3002800,4.42
3002801,3.05
3002802,3.06
3002803,0.0
3002804,1.91
3002805,1233.56
3002806,0.0
3002807,98.61
3002808,5.31
3002809,625.17
3002810,212.45
3002811,113.58
3002812,28.55
3002813,25.3
3002814,2389.51
3002815,7.19
3002816,0.01
3002817,11.72
3002818,6.17
3002819,0.0
3002820,105.34
3002821,0.8
3002822,0.0
3002823,0.7
3002824,22.42
3002825,0.59
3002826,185.13
3002827,138.97
3002828,0.24
3002829,4.0
3002830,88.54
3002831,21.05
3002832,178.24
3002833,2.43
3002834,1.06
3002835,2.26
3002836,0.0
3002837,2.07
3002838,1353.75
3002839,0.0
3002840,155.28
3002841,5.77
3002842,805.22
3002843,338.75
3002844,227.36
3002845,26.52
3002846,36.8
3002847,2581.24
3002848,3.75
3002849,0.11
3002850,5.86
3002851,13.0
3002852,0.02
3002853,161.0
3002854,0.89
3002855,0.0
3002856,1.36
3002857,14.41
3002858,1.82
3002859,373.58
3002860,204.02
3002861,0.58
3002862,4.08
3002863,81.22
3002864,97.04
3002865,354.19
3002866,6.08
3002867,3.82
3002868,2.52
3002869,0.59
3002870,3.51
3002871,1710.22
3002872,0.0
3002873,153.98
3002874,3.39
3002875,825.87
3002876,314.8
3002877,246.5
3002878,80.19
3002879,66.68
3002880,2763.58
3002881,5.05
3002882,1.45
3002883,12.41
3002884,13.34
3002885,0.0
3002886,191.61
3002887,6.59
3002888,0.0
3002889,2.98
3002890,18.84
3002891,0.97
3002892,155.68
3002893,163.47
3002894,0.53
3002895,4.28
3002896,109.56
3002897,41.77
3002898,514.97
3002899,8.28
3002900,3.59
3002901,3.01
3002902,0.13
3002903,0.12
3002904,1164.68
3002905,0.0
3002906,126.65
3002907,3.29
3002908,668.74
3002909,202.93
3002910,126.45
3002911,94.43
3002912,24.9
3002913,1765.53
3002914,3.8
3002915,0.12
3002916,11.58
3002917,9.6
3002918,0.0
3002919,131.79
3002920,0.0
3002921,0.0
3002922,1.09
3002923,16.62
3002924,0.73
3002925,45.16
3002926,98.57
3002927,0.52
3002928,1.81
3002929,55.91
3002930,28.57
3002931,362.83
3002932,0.01
3002933,0.56
3002934,5.97
3002935,0.24
3002936,2.34
3002937,2538.73
3002938,0.0
3002939,251.04
3002940,4.44
3002941,800.2
3002942,533.98
3002943,407.05
3002944,155.63
3002945,83.89
3002946,3441.38
3002947,12.08
3002948,0.67
3002949,18.48
3002950,21.53
3002951,0.0
3002952,212.62
3002953,0.01
3002954,0.0
3002955,2.8
3002956,28.68
3002957,3.24
3002958,319.99
3002959,207.19
3002960,1.4
3002961,6.09
3002962,278.15
3002963,50.04
3002964,1014.73
3002965,20.05
3002966,8.94
3002967,2.26
3002968,0.08
3002969,3.25
3002970,1634.3
3002971,0.0
3002972,429.39
3002973,6.81
3002974,438.91
3002975,461.97
3002976,172.27
3002977,127.22
3002978,43.46
3002979,2213.45
3002980,10.46
3002981,0.56
3002982,14.37
3002983,16.61
3002984,0.0
3002985,137.99
3002986,5.07
3002987,2.24
3002988,7.39
3002989,53.25
3002990,1.71
3002991,147.59
3002992,89.65
3002993,2.85
3002994,5.01
3002995,102.23
3002996,39.8
3002997,1070.42
3002998,35.58
3002999,7.83
3003000,5.18
3003001,0.23
3003002,2.3
3003003,1937.95
3003004,0.0
3003005,133.23
3003006,5.46
3003007,674.97
3003008,266.29
3003009,240.19
3003010,50.13
3003011,37.34
3003012,2425.93
3003013,7.51
3003014,0.73
3003015,10.66
3003016,6.97
3003017,0.02
3003018,118.58
3003019,4.68
3003020,0.0
3003021,3.01
3003022,24.95
3003023,2.21
3003024,122.39
3003025,149.41
3003026,0.61
3003027,4.09
3003028,156.12
3003029,22.98
3003030,387.92
3003031,9.02
3003032,3.34
3003033,4.85
3003034,0.0
3003035,7.44
3003036,2342.85
3003037,0.0
3003038,534.05
3003039,10.51
3003040,674.0
3003041,659.87
3003042,170.93
3003043,132.82
3003044,82.6
3003045,3168.41
3003046,27.1
3003047,0.89
3003048,15.17
3003049,22.48
3003050,0.0
3003051,191.17
3003052,17.46
3003053,13.22
3003054,4.72
3003055,82.54
3003056,9.08
3003057,489.01
3003058,192.63
3003059,7.1
3003060,5.15
3003061,342.12
3003062,96.88
3003063,1747.44
3003064,0.04
3003065,27.64
3003066,5.15
3003067,0.0
3003068,3.95
3003069,3371.93
3003070,0.0
3003071,374.98
3003072,5.87
3003073,967.04
3003074,546.45
3003075,474.88
3003076,60.02
3003077,54.12
3003078,4635.01
3003079,10.16
3003080,0.36
3003081,14.75
3003082,10.94
3003083,0.0
3003084,260.72
3003085,0.77
3003086,5.33
3003087,3.47
3003088,34.76
3003089,1.4
3003090,645.3
3003091,269.57
3003092,2.57
3003093,4.43
3003094,193.67
3003095,51.57
3003096,712.63
3003097,75.83
3003098,8.09
3003099,7.3
3003100,0.22
3003101,1.96
3003102,2267.88
3003103,0.0
3003104,304.87
3003105,5.44
3003106,877.29
3003107,441.48
3003108,238.39
3003109,150.45
3003110,62.41
3003111,3107.14
3003112,10.48
3003113,0.45
3003114,23.84
3003115,22.24
3003116,0.0
3003117,223.43
3003118,2.0
3003119,2.06
3003120,6.04
3003121,73.96
3003122,1.64
3003123,99.73
3003124,195.65
3003125,1.75
3003126,5.22
3003127,116.97
3003128,127.51
3003129,872.41
3003130,0.01
3003131,3.12
3003132,3.37
3003133,0.1
3003134,1.13
3003135,1558.56
3003136,0.0
3003137,95.63
3003138,6.41
3003139,566.79
3003140,271.52
3003141,122.44
3003142,40.65
3003143,42.87
3003144,2369.41
3003145,5.37
3003146,0.43
3003147,29.62
3003148,15.44
3003149,0.0
3003150,130.6
3003151,0.49
3003152,0.0
3003153,2.62
3003154,45.29
3003155,2.57
3003156,105.2
3003157,110.96
3003158,0.78
3003159,3.84
3003160,96.74
3003161,28.51
3003162,332.47
3003163,11.24
3003164,1.23
3003165,1.35
3003166,0.0
3003167,1.58
3003168,1139.76
3003169,0.0
3003170,264.52
3003171,10.08
3003172,459.75
3003173,418.15
3003174,108.47
3003175,43.04
3003176,64.63
3003177,1770.84
3003178,20.85
3003179,0.25
3003180,10.01
3003181,9.47
3003182,0.01
3003183,106.09
3003184,9.42
3003185,1.1
3003186,2.14
3003187,53.8
3003188,4.77
3003189,773.89
3003190,123.46
3003191,2.68
3003192,4.28
3003193,262.0
3003194,27.68
3003195,979.39
3003196,0.02
3003197,6.51
3003198,2.33
3003199,0.03
3003200,2.09
3003201,2820.58
3003202,0.0
3003203,627.5
3003204,15.39
3003205,559.82
3003206,778.73
3003207,192.35
3003208,184.17
3003209,148.75
3003210,4533.52
3003211,25.64
3003212,0.64
3003213,16.72
3003214,23.06
3003215,0.0
3003216,140.75
3003217,7.76
3003218,35.44
3003219,9.19
3003220,66.57
3003221,12.02
3003222,331.29
3003223,214.95
3003224,15.47
3003225,9.71
3003226,435.57
3003227,97.39
3003228,2727.07
3003229,0.02
3003230,19.61
3003231,1.63
3003232,0.01
3003233,1.55
3003234,1746.13
3003235,0.0
3003236,283.62
3003237,5.37
3003238,347.45
3003239,439.57
3003240,123.31
3003241,95.05
3003242,66.82
3003243,1477.96
3003244,14.92
3003245,0.45
3003246,13.58
3003247,12.09
3003248,0.0
3003249,77.49
3003250,0.0
3003251,20.24
3003252,3.17
3003253,165.26
3003254,8.42
3003255,160.47
3003256,106.47
3003257,3.95
3003258,5.85
3003259,142.04
3003260,34.74
3003261,1065.51
3003262,0.2
3003263,2.84
3003264,2.69
3003265,0.0
3003266,0.01
3003267,586.6
3003268,0.0
3003269,155.42
3003270,5.44
3003271,241.13
3003272,172.07
3003273,52.05
3003274,21.56
3003275,34.33
3003276,1070.93
3003277,1.4
3003278,0.39
3003279,11.37
3003280,4.48
3003281,0.02
3003282,48.63
3003283,0.0
3003284,4.61
3003285,0.18
3003286,17.18
3003287,0.14
3003288,193.31
3003289,113.07
3003290,1.76
3003291,0.76
3003292,100.47
3003293,13.37
3003294,387.3
3003295,0.34
3003296,1.72
3003297,4.66
3003298,0.06
3003299,2.68
3003300,2192.31
3003301,0.0
3003302,466.9
3003303,13.72
3003304,654.14
3003305,756.94
3003306,223.01
3003307,169.88
3003308,97.27
3003309,2799.76
3003310,21.71
3003311,1.55
3003312,17.0
3003313,27.46
3003314,0.0
3003315,167.45
3003316,3.97
3003317,30.41
3003318,7.33
3003319,86.07
3003320,4.02
3003321,228.24
3003322,173.25
3003323,8.5
3003324,6.62
3003325,278.03
3003326,68.71
3003327,1797.15
3003328,0.43
3003329,12.87
3003330,4.37
3003331,0.0
3003332,3.13
3003333,2701.26
3003334,0.0
3003335,480.35
3003336,10.75
3003337,872.56
3003338,634.31
3003339,291.2
3003340,197.11
3003341,56.61
3003342,4067.16
3003343,10.39
3003344,0.45
3003345,29.18
3003346,12.63
3003347,0.31
3003348,214.58
3003349,0.0
3003350,4.29
3003351,3.71
3003352,36.87
3003353,0.77
3003354,320.99
3003355,229.31
3003356,3.28
3003357,2.85
3003358,166.47
3003359,67.93
3003360,1071.55
3003361,0.75
3003362,2.26
3003363,4.67
3003364,0.19
3003365,3.09
3003366,2599.17
3003367,0.0
3003368,506.5
3003369,10.26
3003370,735.65
3003371,526.81
3003372,226.66
3003373,151.44
3003374,58.1
3003375,3431.9
3003376,12.7
3003377,0.76
3003378,21.32
3003379,13.16
3003380,0.0
3003381,190.55
3003382,0.0
3003383,3.75
3003384,2.41
3003385,78.35
3003386,1.21
3003387,137.15
3003388,191.61
3003389,3.9
3003390,3.44
3003391,147.05
3003392,57.86
3003393,858.51
3003394,0.55
3003395,3.95
3003396,7.73
3003397,0.08
3003398,11.98
3003399,6655.15
3003400,0.0
3003401,1021.92
3003402,43.42
3003403,1490.21
3003404,1704.78
3003405,299.04
3003406,376.92
3003407,289.38
3003408,6415.91
3003409,61.84
3003410,2.09
3003411,54.32
3003412,43.02
3003413,0.06
3003414,382.7
3003415,30.81
3003416,35.95
3003417,17.79
3003418,204.61
3003419,25.85
3003420,556.89
3003421,420.79
3003422,15.4
3003423,19.57
3003424,945.26
3003425,203.07
3003426,5717.41
3003427,0.16
3003428,65.9
3003429,2.12
3003430,0.1
3003431,0.38
3003432,1433.59
3003433,0.0
3003434,145.15
3003435,3.88
3003436,530.94
3003437,242.38
3003438,101.15
3003439,108.48
3003440,43.09
3003441,2152.36
3003442,4.44
3003443,0.24
3003444,11.41
3003445,7.76
3003446,0.0
3003447,132.36
3003448,0.39
3003449,0.0
3003450,1.73
3003451,30.96
3003452,0.38
3003453,160.95
3003454,92.73
3003455,1.24
3003456,4.09
3003457,108.74
3003458,19.42
3003459,426.92
3003460,0.01
3003461,3.05
3003462,6.05
3003463,0.17
3003464,0.89
3003465,2699.26
3003466,0.0
3003467,444.01
3003468,8.94
3003469,1016.91
3003470,514.76
3003471,200.52
3003472,226.53
3003473,85.03
3003474,3704.79
3003475,11.13
3003476,0.2
3003477,17.51
3003478,13.32
3003479,0.0
3003480,232.96
3003481,0.9
3003482,4.96
3003483,7.14
3003484,15.33
3003485,0.98
3003486,652.13
3003487,193.55
3003488,3.21
3003489,4.46
3003490,129.08
3003491,55.01
3003492,971.36
3003493,0.4
3003494,3.77
3003495,0.75
3003496,0.0
3003497,0.18
3003498,965.16
3003499,0.0
3003500,101.62
3003501,2.33
3003502,464.96
3003503,131.53
3003504,80.81
3003505,169.82
3003506,19.4
3003507,1813.97
3003508,1.12
3003509,0.17
3003510,6.08
3003511,2.74
3003512,0.02
3003513,63.06
3003514,0.0
3003515,0.0
3003516,0.47
3003517,16.37
3003518,0.07
3003519,103.14
3003520,67.81
3003521,0.25
3003522,0.63
3003523,46.75
3003524,7.68
3003525,148.3
3003526,0.02
3003527,0.96
3003528,4.87
3003529,0.0
3003530,2.24
3003531,1626.9
3003532,0.0
3003533,187.93
3003534,5.97
3003535,726.07
3003536,303.44
3003537,158.16
3003538,104.17
3003539,51.12
3003540,2352.45
3003541,2.04
3003542,0.25
3003543,26.97
3003544,13.83
3003545,0.02
3003546,146.63
3003547,0.0
3003548,0.0
3003549,11.15
3003550,27.49
3003551,0.82
3003552,320.29
3003553,157.0
3003554,1.56
3003555,3.39
3003556,192.35
3003557,23.97
3003558,952.09
3003559,0.02
3003560,0.23
3003561,2.44
3003562,0.2
3003563,1.82
3003564,2216.09
3003565,0.0
3003566,638.73
3003567,7.76
3003568,789.52
3003569,548.75
3003570,196.57
3003571,101.89
3003572,69.87
3003573,3475.18
3003574,5.31
3003575,2.25
3003576,23.68
3003577,36.67
3003578,0.03
3003579,178.61
3003580,0.99
3003581,4.36
3003582,3.16
3003583,23.02
3003584,2.19
3003585,219.64
3003586,240.01
3003587,2.9
3003588,5.22
3003589,126.27
3003590,29.27
3003591,529.02
3003592,2.26
3003593,2.54
3003594,3.53
3003595,0.0
3003596,0.0
3003597,1331.59
3003598,0.0
3003599,85.36
3003600,1.42
3003601,389.04
3003602,156.92
3003603,81.34
3003604,103.83
3003605,36.93
3003606,1810.44
3003607,2.35
3003608,0.08
3003609,8.54
3003610,2.93
3003611,0.05
3003612,85.65
3003613,0.0
3003614,0.0
3003615,0.13
3003616,25.31
3003617,0.4
3003618,292.88
3003619,69.09
3003620,0.58
3003621,0.63
3003622,58.83
3003623,17.24
3003624,309.84
3003625,0.01
3003626,0.23
3003627,3.29
3003628,0.0
3003629,1.3
3003630,2943.0
3003631,0.0
3003632,482.43
3003633,8.06
3003634,689.1
3003635,487.17
3003636,161.64
3003637,133.25
3003638,69.03
3003639,3096.92
3003640,6.32
3003641,0.21
3003642,17.22
3003643,7.29
3003644,0.03
3003645,164.41
3003646,0.0
3003647,29.63
3003648,2.39
3003649,46.29
3003650,0.95
3003651,394.42
3003652,177.85
3003653,2.17
3003654,2.96
3003655,117.79
3003656,42.47
3003657,1047.44
3003658,0.69
3003659,0.37
3003660,2.81
3003661,0.0
3003662,6.9
3003663,2245.5
3003664,0.0
3003665,487.36
3003666,7.42
3003667,778.38
3003668,768.13
3003669,143.74
3003670,103.9
3003671,112.2
3003672,3239.42
3003673,42.46
3003674,1.03
3003675,30.44
3003676,24.66
3003677,0.05
3003678,192.35
3003679,18.42
3003680,20.49
3003681,0.52
3003682,105.91
3003683,9.57
3003684,227.95
3003685,223.94
3003686,10.9
3003687,10.57
3003688,220.33
3003689,67.48
3003690,2258.14
3003691,0.02
3003692,10.16
3003693,4.3
3003694,0.0
3003695,6.23
3003696,1314.16
3003697,0.0
3003698,376.1
3003699,11.72
3003700,731.48
3003701,618.72
3003702,117.2
3003703,62.19
3003704,102.92
3003705,2237.65
3003706,20.19
3003707,0.58
3003708,30.47
3003709,20.18
3003710,0.0
3003711,224.08
3003712,15.24
3003713,14.84
3003714,7.42
3003715,75.11
3003716,9.88
3003717,138.13
3003718,277.57
3003719,5.78
3003720,7.4
3003721,103.11
3003722,70.25
3003723,1620.52
3003724,3.25
3003725,14.69
3003726,6.7
3003727,0.18
3003728,3.17
3003729,2924.04
3003730,0.0
3003731,609.13
3003732,6.75
3003733,1102.17
3003734,278.72
3003735,160.03
3003736,254.47
3003737,54.87
3003738,4664.1
3003739,24.9
3003740,1.07
3003741,24.38
3003742,14.05
3003743,0.04
3003744,284.83
3003745,3.61
3003746,12.57
3003747,2.96
3003748,56.47
3003749,4.92
3003750,222.12
3003751,249.69
3003752,5.77
3003753,5.68
3003754,203.82
3003755,49.16
3003756,1268.58
3003757,10.41
3003758,11.51
3003759,2.53
3003760,0.0
3003761,4.68
3003762,1702.01
3003763,0.0
3003764,291.2
3003765,6.81
3003766,600.24
3003767,568.33
3003768,157.99
3003769,102.22
3003770,65.08
3003771,2611.63
3003772,19.75
3003773,0.68
3003774,10.66
3003775,7.23
3003776,0.01
3003777,164.14
3003778,15.26
3003779,13.92
3003780,0.64
3003781,68.41
3003782,6.34
3003783,262.42
3003784,176.9
3003785,5.25
3003786,5.38
3003787,262.45
3003788,43.3
3003789,1603.33
3003790,0.02
3003791,18.2
3003792,2.67
3003793,0.19
3003794,2.62
3003795,4063.53
3003796,0.0
3003797,357.87
3003798,7.45
3003799,1300.59
3003800,490.27
3003801,217.73
3003802,141.65
3003803,58.61
3003804,4637.51
3003805,8.91
3003806,1.26
3003807,23.36
3003808,20.4
3003809,0.02
3003810,300.55
3003811,0.0
3003812,0.0
3003813,7.39
3003814,27.53
3003815,1.88
3003816,151.85
3003817,244.6
3003818,2.65
3003819,8.47
3003820,141.15
3003821,45.6
3003822,960.97
3003823,0.02
3003824,4.04
3003825,4.27
3003826,0.0
3003827,6.41
3003828,1616.16
3003829,0.0
3003830,376.28
3003831,10.82
3003832,787.13
3003833,566.29
3003834,173.73
3003835,96.55
3003836,130.37
3003837,2937.11
3003838,21.98
3003839,0.79
3003840,19.35
3003841,25.71
3003842,0.0
3003843,168.46
3003844,10.27
3003845,13.21
3003846,5.5
3003847,59.32
3003848,8.64
3003849,157.73
3003850,247.41
3003851,11.97
3003852,5.34
3003853,150.68
3003854,47.11
3003855,1510.98
3003856,0.25
3003857,5.68
3003858,2.49
3003859,0.0
3003860,2.19
3003861,1176.97
3003862,0.0
3003863,334.76
3003864,7.85
3003865,293.46
3003866,635.45
3003867,110.25
3003868,96.58
3003869,90.97
3003870,2487.59
3003871,23.26
3003872,0.6
3003873,18.13
3003874,14.68
3003875,0.0
3003876,101.76
3003877,9.68
3003878,33.59
3003879,3.3
3003880,53.3
3003881,8.83
3003882,210.45
3003883,146.66
3003884,6.8
3003885,6.44
3003886,178.54
3003887,44.13
3003888,1786.21
3003889,0.11
3003890,10.91
3003891,3.62
3003892,0.05
3003893,3.81
3003894,1817.08
3003895,0.0
3003896,455.53
3003897,12.72
3003898,937.39
3003899,557.74
3003900,242.09
3003901,145.29
3003902,55.32
3003903,3689.43
3003904,8.58
3003905,0.02
3003906,12.34
3003907,17.48
3003908,0.01
3003909,174.07
3003910,0.0
3003911,6.83
3003912,0.41
3003913,62.05
3003914,0.9
3003915,245.64
3003916,243.31
3003917,2.42
3003918,1.36
3003919,189.13
3003920,107.02
3003921,947.78
3003922,1.31
3003923,0.26
3003924,11.96
3003925,0.0
3003926,10.37
3003927,6752.3
3003928,0.0
3003929,1282.66
3003930,33.26
3003931,1275.73
3003932,1874.37
3003933,411.23
3003934,413.25
3003935,338.12
3003936,7232.16
3003937,67.14
3003938,2.65
3003939,119.98
3003940,94.1
3003941,0.0
3003942,460.98
3003943,19.95
3003944,22.65
3003945,42.26
3003946,319.3
3003947,22.36
3003948,640.9
3003949,410.3
3003950,27.08
3003951,35.11
3003952,886.02
3003953,308.43
3003954,6753.58
3003955,279.62
3003956,62.64
3003957,11.45
3003958,0.0
3003959,10.34
3003960,6242.94
3003961,0.0
3003962,955.14
3003963,31.33
3003964,1610.66
3003965,1711.3
3003966,521.52
3003967,247.34
3003968,245.5
3003969,7963.85
3003970,72.9
3003971,1.07
3003972,62.03
3003973,73.36
3003974,0.39
3003975,460.83
3003976,15.09
3003977,31.51
3003978,7.15
3003979,210.07
3003980,19.51
3003981,861.4
3003982,488.54
3003983,16.64
3003984,20.81
3003985,876.98
3003986,204.63
3003987,4519.65
3003988,249.99
3003989,58.79
3003990,8.95
3003991,0.0
3003992,14.51
3003993,3937.65
3003994,0.0
3003995,730.02
3003996,15.03
3003997,1370.63
3003998,1079.99
3003999,568.67
3004000,83.93
3004001,187.54
3004002,6664.01
3004003,30.42
3004004,1.5
3004005,52.72
3004006,19.0
3004007,0.24
3004008,431.19
3004009,18.31
3004010,20.54
3004011,8.06
3004012,114.92
3004013,10.72
3004014,772.95
3004015,514.08
3004016,15.87
3004017,30.12
3004018,530.31
3004019,113.5
3004020,1915.44
3004021,243.77
3004022,36.09
3004023,11.3
3004024,0.0
3004025,16.99
3004026,6117.24
3004027,0.0
3004028,903.94
3004029,23.03
3004030,1482.6
3004031,1672.05
3004032,496.87
3004033,233.82
3004034,184.89
3004035,7705.88
3004036,42.1
3004037,1.0
3004038,68.38
3004039,56.77
3004040,0.31
3004041,472.65
3004042,19.76
3004043,32.27
3004044,21.45
3004045,175.33
3004046,12.94
3004047,683.23
3004048,526.09
3004049,16.68
3004050,22.74
3004051,880.0
3004052,190.81
3004053,4077.92
3004054,273.41
3004055,55.84
3004056,8.72
3004057,0.0
3004058,15.69
3004059,2955.05
3004060,0.0
3004061,648.32
3004062,15.07
3004063,1420.48
3004064,847.59
3004065,468.98
3004066,65.32
3004067,115.99
3004068,5318.26
3004069,31.66
3004070,0.26
3004071,28.3
3004072,20.44
3004073,0.0
3004074,354.0
3004075,10.72
3004076,9.5
3004077,3.15
3004078,94.68
3004079,6.41
3004080,587.8
3004081,496.56
3004082,13.07
3004083,17.07
3004084,537.44
3004085,74.89
3004086,1341.1
3004087,273.2
3004088,16.16
3004089,9.13
3004090,0.0
3004091,8.72
3004092,5246.49
3004093,0.0
3004094,925.45
3004095,27.36
3004096,1362.62
3004097,1690.96
3004098,307.47
3004099,355.42
3004100,281.62
3004101,6025.43
3004102,57.56
3004103,1.14
3004104,47.45
3004105,45.77
3004106,0.12
3004107,334.16
3004108,11.36
3004109,27.63
3004110,6.12
3004111,232.16
3004112,15.94
3004113,600.78
3004114,392.16
3004115,14.73
3004116,25.64
3004117,746.77
3004118,176.78
3004119,5662.54
3004120,228.41
3004121,62.11
3004122,4.43
3004123,0.05
3004124,6.38
3004125,1488.27
3004126,0.0
3004127,307.47
3004128,23.82
3004129,723.63
3004130,460.95
3004131,186.27
3004132,61.56
3004133,77.06
3004134,2587.21
3004135,18.62
3004136,0.62
3004137,29.36
3004138,19.11
3004139,0.0
3004140,155.55
3004141,9.54
3004142,6.29
3004143,8.84
3004144,46.8
3004145,9.5
3004146,216.36
3004147,196.46
3004148,2.43
3004149,6.06
3004150,178.72
3004151,48.9
3004152,1272.4
3004153,0.2
3004154,8.92
3004155,7.12
3004156,0.0
3004157,10.22
3004158,3013.45
3004159,0.0
3004160,492.35
3004161,31.24
3004162,1185.39
3004163,905.58
3004164,381.61
3004165,66.98
3004166,141.46
3004167,5191.34
3004168,52.13
3004169,0.63
3004170,54.7
3004171,21.23
3004172,0.0
3004173,260.58
3004174,7.41
3004175,6.54
3004176,2.82
3004177,137.75
3004178,9.08
3004179,455.54
3004180,401.69
3004181,10.26
3004182,16.47
3004183,308.29
3004184,79.25
3004185,1709.24
3004186,239.5
3004187,14.35
3004188,5.7
3004189,0.0
3004190,4.17
3004191,3354.35
3004192,0.0
3004193,648.73
3004194,10.06
3004195,1006.22
3004196,1244.55
3004197,190.23
3004198,237.99
3004199,191.08
3004200,3952.99
3004201,30.6
3004202,0.9
3004203,21.79
3004204,34.79
3004205,0.0
3004206,221.2
3004207,2.0
3004208,45.7
3004209,4.15
3004210,134.36
3004211,10.67
3004212,457.25
3004213,202.7
3004214,16.4
3004215,8.33
3004216,506.15
3004217,109.22
3004218,3986.12
3004219,0.58
3004220,33.05
3004221,8.28
3004222,0.0
3004223,3.57
3004224,3447.4
3004225,0.0
3004226,705.3
3004227,11.65
3004228,1235.46
3004229,1003.43
3004230,301.16
3004231,166.43
3004232,291.49
3004233,4747.78
3004234,26.73
3004235,2.13
3004236,41.8
3004237,38.01
3004238,0.06
3004239,273.39
3004240,6.22
3004241,40.79
3004242,7.44
3004243,208.77
3004244,11.09
3004245,399.23
3004246,274.57
3004247,13.16
3004248,18.77
3004249,362.11
3004250,109.92
3004251,4025.2
3004252,4.38
3004253,7.67
3004254,6.57
3004255,0.0
3004256,1.87
3004257,1513.84
3004258,0.0
3004259,373.26
3004260,6.7
3004261,702.77
3004262,389.99
3004263,174.98
3004264,61.55
3004265,85.85
3004266,2395.49
3004267,12.44
3004268,0.91
3004269,23.79
3004270,18.01
3004271,0.01
3004272,156.15
3004273,4.47
3004274,10.11
3004275,4.76
3004276,66.54
3004277,4.54
3004278,196.41
3004279,168.45
3004280,4.2
3004281,4.55
3004282,121.21
3004283,48.18
3004284,1383.18
3004285,0.11
3004286,2.94
3004287,5.52
3004288,0.0
3004289,0.09
3004290,2802.56
3004291,0.0
3004292,165.99
3004293,3.25
3004294,734.95
3004295,207.38
3004296,163.83
3004297,55.19
3004298,28.84
3004299,2260.13
3004300,10.45
3004301,0.32
3004302,19.17
3004303,8.98
3004304,0.01
3004305,148.21
3004306,0.0
3004307,0.0
3004308,1.71
3004309,15.24
3004310,0.77
3004311,52.28
3004312,132.14
3004313,0.0
3004314,1.63
3004315,52.36
3004316,71.94
3004317,463.63
3004318,0.01
3004319,0.97
3004320,4.09
3004321,0.0
3004322,5.53
3004323,2550.06
3004324,0.0
3004325,428.44
3004326,11.06
3004327,931.98
3004328,748.08
3004329,256.36
3004330,120.31
3004331,113.86
3004332,3810.14
3004333,27.34
3004334,0.62
3004335,21.67
3004336,33.45
3004337,0.0
3004338,216.36
3004339,19.09
3004340,14.07
3004341,12.04
3004342,66.57
3004343,6.07
3004344,359.97
3004345,264.41
3004346,7.21
3004347,11.24
3004348,389.25
3004349,81.84
3004350,1788.13
3004351,0.01
3004352,25.44
3004353,3.9
3004354,0.02
3004355,2.59
3004356,3279.0
3004357,0.0
3004358,599.56
3004359,17.68
3004360,510.63
3004361,853.6
3004362,116.21
3004363,238.39
3004364,183.52
3004365,4311.5
3004366,34.17
3004367,1.93
3004368,28.51
3004369,14.99
3004370,0.38
3004371,110.02
3004372,10.6
3004373,33.29
3004374,6.09
3004375,117.13
3004376,16.41
3004377,410.39
3004378,183.89
3004379,6.16
3004380,10.66
3004381,534.46
3004382,114.39
3004383,4141.91
3004384,0.15
3004385,31.35
3004386,2.83
3004387,0.3
3004388,6.87
3004389,3414.17
3004390,0.0
3004391,696.17
3004392,23.48
3004393,478.85
3004394,855.19
3004395,173.72
3004396,229.21
3004397,127.88
3004398,3175.54
3004399,29.02
3004400,2.03
3004401,32.45
3004402,21.06
3004403,0.0
3004404,232.48
3004405,23.07
3004406,30.75
3004407,17.73
3004408,132.74
3004409,16.66
3004410,371.44
3004411,239.29
3004412,14.49
3004413,15.81
3004414,415.38
3004415,130.06
3004416,3032.08
3004417,0.35
3004418,30.85
3004419,9.53
3004420,0.09
3004421,6.83
3004422,2628.04
3004423,0.0
3004424,391.52
3004425,13.43
3004426,1194.98
3004427,619.84
3004428,445.6
3004429,130.83
3004430,84.67
3004431,5017.05
3004432,8.84
3004433,0.96
3004434,46.14
3004435,33.26
3004436,0.0
3004437,320.99
3004438,7.78
3004439,4.08
3004440,5.78
3004441,40.71
3004442,5.97
3004443,498.93
3004444,353.72
3004445,5.6
3004446,5.82
3004447,315.63
3004448,94.19
3004449,1139.97
3004450,145.54
3004451,13.75
3004452,3.83
3004453,0.0
3004454,3.7
3004455,2088.72
3004456,0.0
3004457,314.58
3004458,16.42
3004459,620.38
3004460,667.21
3004461,171.57
3004462,133.72
3004463,103.41
3004464,2339.79
3004465,17.12
3004466,1.09
3004467,21.64
3004468,20.14
3004469,0.0
3004470,159.55
3004471,11.23
3004472,20.95
3004473,4.83
3004474,127.09
3004475,5.87
3004476,579.31
3004477,129.55
3004478,3.22
3004479,11.1
3004480,381.5
3004481,50.55
3004482,1967.9
3004483,0.02
3004484,29.38
3004485,1.33
3004486,0.0
3004487,0.9
3004488,530.58
3004489,0.0
3004490,82.76
3004491,2.47
3004492,578.35
3004493,216.71
3004494,286.6
3004495,21.64
3004496,30.72
3004497,2117.78
3004498,3.08
3004499,0.28
3004500,6.93
3004501,7.85
3004502,0.01
3004503,126.28
3004504,1.73
3004505,0.0
3004506,0.46
3004507,16.4
3004508,0.37
3004509,119.72
3004510,141.08
3004511,0.44
3004512,2.19
3004513,127.11
3004514,23.0
3004515,175.29
3004516,11.78
3004517,0.98
3004518,5.78
3004519,0.17
3004520,4.27
3004521,5194.12
3004522,0.0
3004523,679.63
3004524,14.93
3004525,1582.15
3004526,529.71
3004527,558.74
3004528,137.11
3004529,90.13
3004530,658.51
3004531,20.01
3004532,0.45
3004533,30.54
3004534,11.55
3004535,0.04
3004536,370.73
3004537,7.06
3004538,2.04
3004539,7.25
3004540,60.65
3004541,2.6
3004542,533.6
3004543,291.35
3004544,1.67
3004545,11.17
3004546,491.51
3004547,98.53
3004548,1337.0
3004549,9.22
3004550,5.25
3004551,3.9
3004552,0.0
3004553,1.42
3004554,1380.31
3004555,0.0
3004556,145.4
3004557,9.81
3004558,648.02
3004559,332.61
3004560,226.44
3004561,46.25
3004562,38.89
3004563,313.56
3004564,7.12
3004565,0.2
3004566,11.29
3004567,14.41
3004568,0.0
3004569,127.56
3004570,4.76
3004571,0.0
3004572,3.42
3004573,58.46
3004574,1.61
3004575,115.12
3004576,135.21
3004577,0.75
3004578,4.64
3004579,147.48
3004580,29.85
3004581,338.28
3004582,10.61
3004583,2.15
3004584,3.55
3004585,0.0
3004586,2.04
3004587,1466.31
3004588,0.0
3004589,91.03
3004590,5.44
3004591,603.98
3004592,221.41
3004593,156.82
3004594,30.04
3004595,28.14
3004596,2413.11
3004597,11.83
3004598,0.02
3004599,10.75
3004600,8.09
3004601,0.0
3004602,107.64
3004603,0.81
3004604,0.0
3004605,1.19
3004606,52.26
3004607,0.8
3004608,136.85
3004609,144.91
3004610,0.38
3004611,4.19
3004612,78.95
3004613,20.68
3004614,191.28
3004615,4.57
3004616,1.12
3004617,2.3
3004618,0.0
3004619,2.42
3004620,1396.1
3004621,0.0
3004622,154.11
3004623,7.4
3004624,804.59
3004625,314.34
3004626,299.91
3004627,24.86
3004628,44.46
3004629,2513.78
3004630,4.33
3004631,0.15
3004632,6.48
3004633,15.17
3004634,0.02
3004635,151.92
3004636,0.32
3004637,0.0
3004638,1.37
3004639,31.35
3004640,1.93
3004641,212.66
3004642,235.0
3004643,0.6
3004644,4.06
3004645,57.4
3004646,79.32
3004647,362.48
3004648,0.46
3004649,3.91
3004650,2.55
3004651,0.48
3004652,1.69
3004653,1688.66
3004654,0.0
3004655,140.79
3004656,4.06
3004657,847.92
3004658,260.77
3004659,294.66
3004660,67.45
3004661,67.09
3004662,2407.97
3004663,7.51
3004664,0.69
3004665,13.44
3004666,14.33
3004667,0.01
3004668,180.87
3004669,6.49
3004670,0.0
3004671,1.99
3004672,27.26
3004673,1.62
3004674,124.08
3004675,158.51
3004676,0.54
3004677,3.97
3004678,126.5
3004679,41.18
3004680,508.98
3004681,8.84
3004682,2.47
3004683,3.49
3004684,0.08
3004685,0.14
3004686,1224.89
3004687,0.0
3004688,123.09
3004689,4.2
3004690,626.05
3004691,203.5
3004692,145.58
3004693,85.29
3004694,31.98
3004695,1654.63
3004696,4.24
3004697,0.11
3004698,13.74
3004699,8.45
3004700,0.0
3004701,134.13
3004702,0.0
3004703,0.0
3004704,0.89
3004705,58.47
3004706,1.1
3004707,47.36
3004708,85.4
3004709,0.68
3004710,1.56
3004711,66.12
3004712,29.43
3004713,391.09
3004714,0.0
3004715,0.6
3004716,6.35
3004717,0.29
3004718,2.55
3004719,2270.68
3004720,0.0
3004721,282.08
3004722,6.7
3004723,793.35
3004724,478.01
3004725,542.08
3004726,132.55
3004727,89.69
3004728,3346.66
3004729,12.75
3004730,0.74
3004731,21.43
3004732,21.73
3004733,0.0
3004734,209.03
3004735,0.05
3004736,0.0
3004737,2.47
3004738,58.37
3004739,3.37
3004740,194.32
3004741,204.64
3004742,1.47
3004743,5.64
3004744,335.32
3004745,55.81
3004746,1027.71
3004747,15.2
3004748,8.65
3004749,2.28
3004750,0.05
3004751,2.89
3004752,1621.13
3004753,0.0
3004754,401.87
3004755,7.16
3004756,463.25
3004757,444.35
3004758,167.07
3004759,125.66
3004760,50.7
3004761,2032.15
3004762,9.13
3004763,0.62
3004764,18.21
3004765,11.78
3004766,0.0
3004767,129.29
3004768,5.09
3004769,2.37
3004770,4.08
3004771,86.36
3004772,2.03
3004773,36.91
3004774,116.35
3004775,2.93
3004776,4.97
3004777,115.8
3004778,47.83
3004779,1071.85
3004780,25.7
3004781,7.59
3004782,4.96
3004783,0.26
3004784,0.92
3004785,2266.02
3004786,0.0
3004787,130.33
3004788,6.69
3004789,746.17
3004790,269.95
3004791,279.09
3004792,47.71
3004793,39.44
3004794,2657.51
3004795,9.4
3004796,0.9
3004797,12.49
3004798,9.3
3004799,0.02
3004800,134.87
3004801,4.27
3004802,0.0
3004803,2.69
3004804,40.27
3004805,2.66
3004806,119.01
3004807,164.98
3004808,0.78
3004809,4.12
3004810,90.69
3004811,21.63
3004812,424.41
3004813,0.48
3004814,3.3
3004815,5.0
3004816,0.0
3004817,7.94
3004818,2449.3
3004819,0.0
3004820,628.24
3004821,13.81
3004822,787.64
3004823,817.74
3004824,282.21
3004825,166.17
3004826,132.32
3004827,3568.31
3004828,29.72
3004829,1.03
3004830,25.16
3004831,24.4
3004832,0.0
3004833,194.61
3004834,18.6
3004835,18.06
3004836,7.44
3004837,138.81
3004838,9.62
3004839,1239.69
3004840,217.35
3004841,7.35
3004842,6.48
3004843,595.65
3004844,104.36
3004845,2073.08
3004846,0.04
3004847,36.13
3004848,5.12
3004849,0.0
3004850,3.71
3004851,3360.57
3004852,0.0
3004853,363.99
3004854,7.48
3004855,1036.16
3004856,527.58
3004857,874.85
3004858,69.01
3004859,79.84
3004860,4769.83
3004861,11.19
3004862,0.33
3004863,19.61
3004864,10.2
3004865,0.0
3004866,233.54
3004867,0.47
3004868,6.14
3004869,2.26
3004870,61.5
3004871,1.13
3004872,228.89
3004873,258.63
3004874,2.71
3004875,4.28
3004876,452.04
3004877,60.62
3004878,755.45
3004879,69.59
3004880,9.75
3004881,7.45
3004882,0.27
3004883,1.47
3004884,2673.2
3004885,0.0
3004886,340.43
3004887,6.35
3004888,901.56
3004889,432.31
3004890,282.61
3004891,180.24
3004892,82.29
3004893,3193.64
3004894,10.32
3004895,0.41
3004896,28.55
3004897,23.76
3004898,0.01
3004899,212.5
3004900,1.58
3004901,2.53
3004902,7.11
3004903,124.12
3004904,1.81
3004905,92.2
3004906,198.49
3004907,1.87
3004908,4.29
3004909,144.11
3004910,148.46
3004911,931.73
3004912,0.01
3004913,3.59
3004914,3.77
3004915,0.12
3004916,1.58
3004917,1579.58
3004918,0.0
3004919,108.36
3004920,7.22
3004921,508.37
3004922,248.76
3004923,123.78
3004924,40.27
3004925,54.24
3004926,2091.39
3004927,6.01
3004928,0.6
3004929,24.4
3004930,18.33
3004931,0.0
3004932,131.24
3004933,0.37
3004934,0.0
3004935,2.66
3004936,97.04
3004937,2.21
3004938,101.09
3004939,110.49
3004940,0.72
3004941,4.08
3004942,187.24
3004943,27.74
3004944,393.48
3004945,11.46
3004946,1.24
3004947,1.52
3004948,0.0
3004949,2.21
3004950,1215.92
3004951,0.0
3004952,266.29
3004953,12.14
3004954,475.16
3004955,477.09
3004956,155.62
3004957,48.62
3004958,83.17
3004959,1824.93
3004960,20.16
3004961,0.15
3004962,9.38
3004963,11.2
3004964,0.01
3004965,106.6
3004966,9.24
3004967,1.49
3004968,2.86
3004969,80.04
3004970,5.66
3004971,527.81
3004972,128.3
3004973,2.46
3004974,4.45
3004975,369.47
3004976,35.65
3004977,1199.73
3004978,0.01
3004979,10.47
3004980,2.16
3004981,0.02
3004982,2.13
3004983,3352.93
3004984,0.0
3004985,800.07
3004986,18.79
3004987,974.13
3004988,1154.94
3004989,323.6
3004990,236.4
3004991,226.09
3004992,4129.38
3004993,32.61
3004994,0.68
3004995,19.07
3004996,35.24
3004997,0.0
3004998,218.83
3004999,9.39
3005000,41.75
3005001,10.0
3005002,129.98
3005003,14.9
3005004,674.75
3005005,264.93
3005006,14.26
3005007,9.88
3005008,726.92
3005009,122.35
3005010,3476.83
3005011,0.02
3005012,33.01
3005013,1.71
3005014,0.01
3005015,4.3
3005016,1959.51
3005017,0.0
3005018,354.7
3005019,7.72
3005020,445.67
3005021,710.3
3005022,206.4
3005023,148.84
3005024,111.75
3005025,1824.62
3005026,19.49
3005027,0.57
3005028,17.41
3005029,14.61
3005030,0.0
3005031,93.89
3005032,0.0
3005033,26.33
3005034,3.02
3005035,251.62
3005036,10.22
3005037,413.46
3005038,109.92
3005039,4.16
3005040,4.09
3005041,261.09
3005042,42.65
3005043,1657.75
3005044,0.23
3005045,6.73
3005046,3.08
3005047,0.0
3005048,1.11
3005049,612.71
3005050,0.0
3005051,194.77
3005052,5.5
3005053,318.32
3005054,207.25
3005055,94.92
3005056,26.41
3005057,30.36
3005058,1141.92
3005059,1.27
3005060,0.52
3005061,8.1
3005062,4.16
3005063,0.01
3005064,47.9
3005065,0.0
3005066,6.81
3005067,0.26
3005068,28.92
3005069,0.08
3005070,408.54
3005071,129.19
3005072,1.67
3005073,0.72
3005074,206.81
3005075,20.13
3005076,568.48
3005077,0.23
3005078,2.85
3005079,5.13
3005080,0.09
3005081,2.92
3005082,2644.94
3005083,0.0
3005084,533.21
3005085,18.23
3005086,724.18
3005087,896.16
3005088,307.3
3005089,210.0
3005090,175.49
3005091,3149.34
3005092,26.47
3005093,1.59
3005094,22.1
3005095,23.19
3005096,0.0
3005097,169.96
3005098,4.01
3005099,44.19
3005100,7.25
3005101,204.06
3005102,4.54
3005103,418.81
3005104,176.35
3005105,9.19
3005106,8.08
3005107,430.39
3005108,72.8
3005109,2125.6
3005110,0.36
3005111,21.66
3005112,4.53
3005113,0.0
3005114,1.12
3005115,2744.54
3005116,0.0
3005117,484.76
3005118,16.34
3005119,897.23
3005120,602.92
3005121,430.94
3005122,161.9
3005123,62.75
3005124,3778.73
3005125,12.42
3005126,0.42
3005127,30.54
3005128,15.41
3005129,0.35
3005130,180.54
3005131,0.0
3005132,4.65
3005133,3.14
3005134,68.4
3005135,1.2
3005136,155.42
3005137,251.32
3005138,3.47
3005139,3.24
3005140,210.97
3005141,75.95
3005142,984.12
3005143,0.82
3005144,2.16
3005145,4.73
3005146,0.25
3005147,3.33
3005148,2532.91
3005149,0.0
3005150,494.6
3005151,13.33
3005152,755.66
3005153,506.82
3005154,286.35
3005155,148.91
3005156,72.94
3005157,3001.77
3005158,13.1
3005159,0.84
3005160,23.64
3005161,13.35
3005162,0.0
3005163,174.3
3005164,0.0
3005165,4.64
3005166,1.71
3005167,159.09
3005168,1.55
3005169,92.35
3005170,166.72
3005171,3.78
3005172,3.75
3005173,206.84
3005174,61.21
3005175,778.7
3005176,0.6
3005177,3.89
3005178,8.1
3005179,0.07
3005180,13.04
3005181,7522.17
3005182,0.0
3005183,1205.42
3005184,53.74
3005185,1511.65
3005186,2125.01
3005187,433.45
3005188,508.53
3005189,433.17
3005190,7434.13
3005191,76.24
3005192,2.14
3005193,76.99
3005194,47.14
3005195,0.04
3005196,442.77
3005197,36.48
3005198,64.31
3005199,26.74
3005200,329.17
3005201,34.11
3005202,1433.12
3005203,464.43
3005204,18.59
3005205,21.21
3005206,1576.76
3005207,253.96
3005208,7176.81
3005209,0.19
3005210,101.47
3005211,2.13
3005212,0.12
3005213,0.29
3005214,660.72
3005215,0.0
3005216,132.13
3005217,4.5
3005218,472.83
3005219,213.82
3005220,133.09
3005221,108.7
3005222,44.48
3005223,1762.56
3005224,5.27
3005225,0.22
3005226,10.23
3005227,7.84
3005228,0.0
3005229,122.7
3005230,0.12
3005231,0.0
3005232,2.11
3005233,62.12
3005234,0.57
3005235,41.75
3005236,84.18
3005237,1.54
3005238,3.32
3005239,110.32
3005240,20.62
3005241,400.56
3005242,0.01
3005243,2.79
3005244,6.07
3005245,0.22
3005246,0.85
3005247,3009.55
3005248,0.0
3005249,479.97
3005250,11.24
3005251,1022.56
3005252,511.09
3005253,308.45
3005254,255.96
3005255,88.53
3005256,3682.1
3005257,10.74
3005258,0.29
3005259,22.35
3005260,14.61
3005261,0.0
3005262,242.1
3005263,0.67
3005264,4.63
3005265,6.41
3005266,26.46
3005267,1.33
3005268,306.8
3005269,201.69
3005270,3.1
3005271,4.64
3005272,137.68
3005273,64.36
3005274,1051.67
3005275,0.44
3005276,4.33
3005277,0.84
3005278,0.0
3005279,0.21
3005280,1004.23
3005281,0.0
3005282,82.99
3005283,3.33
3005284,398.11
3005285,123.09
3005286,130.23
3005287,138.42
3005288,22.85
3005289,1594.36
3005290,1.5
3005291,0.17
3005292,6.23
3005293,3.34
3005294,0.02
3005295,67.75
3005296,0.0
3005297,0.0
3005298,0.49
3005299,68.82
3005300,0.08
3005301,48.06
3005302,66.25
3005303,0.3
3005304,0.61
3005305,58.7
3005306,8.43
3005307,182.56
3005308,0.01
3005309,1.04
3005310,5.65
3005311,0.0
3005312,0.69
3005313,1606.0
3005314,0.0
3005315,181.23
3005316,7.28
3005317,758.36
3005318,314.05
3005319,191.03
3005320,94.57
3005321,70.94
3005322,2380.02
3005323,2.12
3005324,0.22
3005325,28.08
3005326,14.24
3005327,0.02
3005328,150.18
3005329,0.0
3005330,0.0
3005331,10.84
3005332,41.62
3005333,1.44
3005334,206.12
3005335,155.47
3005336,1.49
3005337,3.27
3005338,261.06
3005339,27.43
3005340,1005.03
3005341,0.01
3005342,0.2
3005343,2.69
3005344,0.25
3005345,2.22
3005346,2484.71
3005347,0.0
3005348,681.3
3005349,10.58
3005350,805.27
3005351,553.64
3005352,255.17
3005353,107.68
3005354,78.07
3005355,3700.8
3005356,6.75
3005357,2.19
3005358,26.46
3005359,39.02
3005360,0.04
3005361,188.02
3005362,0.94
3005363,6.76
3005364,3.12
3005365,47.18
3005366,2.28
3005367,164.43
3005368,249.88
3005369,2.96
3005370,5.83
3005371,160.32
3005372,32.35
3005373,587.46
3005374,2.16
3005375,1.82
3005376,3.25
3005377,0.0
3005378,0.01
3005379,1396.6
3005380,0.0
3005381,79.13
3005382,2.16
3005383,413.51
3005384,133.24
3005385,100.35
3005386,124.56
3005387,54.75
3005388,1605.08
3005389,3.77
3005390,0.15
3005391,7.28
3005392,3.16
3005393,0.07
3005394,83.76
3005395,0.0
3005396,0.0
3005397,0.19
3005398,37.65
3005399,0.49
3005400,145.71
3005401,67.14
3005402,0.48
3005403,0.61
3005404,47.06
3005405,17.07
3005406,331.56
3005407,0.01
3005408,0.33
3005409,3.54
3005410,0.0
3005411,0.23
3005412,3074.37
3005413,0.0
3005414,473.59
3005415,8.46
3005416,751.7
3005417,491.81
3005418,212.26
3005419,107.58
3005420,89.13
3005421,3011.21
3005422,7.95
3005423,0.28
3005424,23.11
3005425,9.22
3005426,0.03
3005427,184.25
3005428,0.0
3005429,34.48
3005430,1.72
3005431,67.59
3005432,1.27
3005433,194.4
3005434,170.74
3005435,2.4
3005436,2.78
3005437,125.71
3005438,43.88
3005439,1095.47
3005440,0.37
3005441,0.41
3005442,2.72
3005443,0.0
3005444,7.25
3005445,2243.38
3005446,0.0
3005447,477.09
3005448,8.96
3005449,814.51
3005450,831.98
3005451,172.0
3005452,109.6
3005453,135.22
3005454,3118.49
3005455,41.27
3005456,1.21
3005457,26.86
3005458,20.96
3005459,0.04
3005460,179.17
3005461,17.88
3005462,24.33
3005463,0.71
3005464,130.17
3005465,11.2
3005466,347.85
3005467,215.87
3005468,11.45
3005469,11.47
3005470,284.86
3005471,74.68
3005472,2525.97
3005473,0.03
3005474,14.19
3005475,4.26
3005476,0.0
3005477,7.46
3005478,1668.19
3005479,0.0
3005480,365.59
3005481,14.48
3005482,701.56
3005483,756.67
3005484,155.35
3005485,78.03
3005486,119.6
3005487,2795.11
3005488,26.02
3005489,0.76
3005490,34.36
3005491,21.96
3005492,0.0
3005493,253.14
3005494,15.85
3005495,19.92
3005496,7.68
3005497,135.71
3005498,11.9
3005499,233.99
3005500,291.54
3005501,6.24
3005502,7.53
3005503,168.98
3005504,80.28
3005505,1850.58
3005506,1.28
3005507,17.12
3005508,6.72
3005509,0.16
3005510,1.21
3005511,2760.48
3005512,0.0
3005513,621.41
3005514,8.98
3005515,1128.45
3005516,558.83
3005517,190.77
3005518,220.73
3005519,69.27
3005520,4355.79
3005521,26.06
3005522,1.15
3005523,24.13
3005524,15.56
3005525,0.04
3005526,268.27
3005527,3.54
3005528,16.56
3005529,7.29
3005530,77.8
3005531,5.52
3005532,152.47
3005533,233.28
3005534,5.4
3005535,6.43
3005536,264.54
3005537,63.33
3005538,1417.71
3005539,5.73
3005540,11.06
3005541,2.81
3005542,0.0
3005543,3.45
3005544,2146.21
3005545,0.0
3005546,315.59
3005547,8.81
3005548,732.57
3005549,686.11
3005550,243.36
3005551,142.33
3005552,101.01
3005553,3050.05
3005554,22.92
3005555,0.71
3005556,17.9
3005557,10.45
3005558,0.01
3005559,141.63
3005560,16.04
3005561,26.22
3005562,0.63
3005563,147.94
3005564,8.16
3005565,620.22
3005566,193.99
3005567,4.98
3005568,6.51
3005569,448.98
3005570,46.69
3005571,2003.27
3005572,0.02
3005573,30.03
3005574,2.91
3005575,0.1
3005576,2.47
3005577,2197.68
3005578,0.0
3005579,378.13
3005580,7.82
3005581,1507.52
3005582,467.88
3005583,277.51
3005584,136.02
3005585,71.96
3005586,5185.32
3005587,9.88
3005588,1.38
3005589,23.07
3005590,22.81
3005591,0.01
3005592,279.4
3005593,0.0
3005594,0.01
3005595,6.77
3005596,52.54
3005597,1.56
3005598,126.2
3005599,257.57
3005600,2.94
3005601,8.27
3005602,229.05
3005603,48.49
3005604,922.13
3005605,0.01
3005606,4.21
3005607,5.36
3005608,0.0
3005609,8.79
3005610,1826.65
3005611,0.0
3005612,422.74
3005613,12.91
3005614,877.4
3005615,658.55
3005616,209.94
3005617,114.87
3005618,206.09
3005619,3220.41
3005620,26.32
3005621,1.04
3005622,20.25
3005623,21.75
3005624,0.0
3005625,187.71
3005626,10.71
3005627,19.43
3005628,6.85
3005629,129.92
3005630,9.92
3005631,361.19
3005632,247.7
3005633,11.44
3005634,6.84
3005635,225.88
3005636,55.53
3005637,1940.38
3005638,0.16
3005639,8.79
3005640,2.53
3005641,0.0
3005642,3.96
3005643,1981.87
3005644,0.0
3005645,403.11
3005646,9.71
3005647,556.16
3005648,784.0
3005649,146.84
3005650,117.96
3005651,116.8
3005652,2547.26
3005653,27.02
3005654,0.68
3005655,21.03
3005656,15.56
3005657,0.0
3005658,145.81
3005659,10.93
3005660,42.8
3005661,2.63
3005662,96.5
3005663,10.95
3005664,297.51
3005665,193.79
3005666,7.35
3005667,7.51
3005668,263.35
3005669,47.8
3005670,2262.81
3005671,0.07
3005672,16.23
3005673,3.85
3005674,0.05
3005675,2.35
3005676,1637.62
3005677,0.0
3005678,533.04
3005679,17.0
3005680,1078.24
3005681,587.64
3005682,318.04
3005683,172.1
3005684,63.12
3005685,4089.04
3005686,9.37
3005687,0.04
3005688,14.49
3005689,14.64
3005690,0.01
3005691,190.44
3005692,0.0
3005693,10.07
3005694,0.46
3005695,108.22
3005696,1.9
3005697,209.25
3005698,242.48
3005699,2.5
3005700,1.2
3005701,302.09
3005702,137.85
3005703,1140.34
3005704,1.32
3005705,0.34
3005706,12.48
3005707,0.0
3005708,13.92
3005709,8314.42
3005710,0.0
3005711,1686.52
3005712,36.19
3005713,1967.2
3005714,2463.66
3005715,623.72
3005716,593.06
3005717,514.81
3005718,8755.35
3005719,75.03
3005720,2.77
3005721,122.49
3005722,100.73
3005723,0.0
3005724,537.84
3005725,21.16
3005726,34.04
3005727,36.44
3005728,486.45
3005729,30.57
3005730,1473.5
3005731,496.83
3005732,30.55
3005733,41.17
3005734,1657.46
3005735,281.1
3005736,8426.69
3005737,272.45
3005738,129.66
3005739,12.78
3005740,0.0
3005741,12.82
3005742,8020.85
3005743,0.0
3005744,1252.8
3005745,38.07
3005746,2209.74
3005747,2308.75
3005748,818.81
3005749,383.34
3005750,388.56
3005751,9898.2
3005752,86.53
3005753,1.25
3005754,79.5
3005755,79.16
3005756,0.34
3005757,546.0
3005758,16.1
3005759,54.34
3005760,11.94
3005761,348.73
3005762,24.07
3005763,1880.14
3005764,593.23
3005765,18.73
3005766,28.73
3005767,1704.88
3005768,285.28
3005769,6127.67
3005770,245.03
3005771,115.75
3005772,9.5
3005773,0.0
3005774,16.08
3005775,5108.46
3005776,0.0
3005777,853.38
3005778,18.81
3005779,1786.1
3005780,1315.13
3005781,852.99
3005782,104.27
3005783,271.68
3005784,7855.48
3005785,39.16
3005786,1.81
3005787,46.76
3005788,23.43
3005789,0.26
3005790,484.44
3005791,12.54
3005792,34.48
3005793,8.08
3005794,188.44
3005795,12.26
3005796,1873.82
3005797,596.96
3005798,17.58
3005799,33.79
3005800,886.62
3005801,150.35
3005802,2500.85
3005803,246.26
3005804,50.19
3005805,11.81
3005806,0.0
3005807,18.25
3005808,8009.99
3005809,0.0
3005810,1141.51
3005811,33.63
3005812,1962.72
3005813,2102.83
3005814,773.67
3005815,347.83
3005816,282.86
3005817,8646.82
3005818,56.4
3005819,1.07
3005820,67.94
3005821,65.82
3005822,0.43
3005823,508.17
3005824,21.02
3005825,48.71
3005826,36.4
3005827,312.97
3005828,18.38
3005829,1636.25
3005830,623.02
3005831,18.22
3005832,25.09
3005833,1473.55
3005834,220.47
3005835,5127.62
3005836,273.62
3005837,86.7
3005838,8.84
3005839,0.0
3005840,14.87
3005841,3682.84
3005842,0.0
3005843,795.82
3005844,19.12
3005845,1693.85
3005846,1058.0
3005847,670.74
3005848,93.94
3005849,204.9
3005850,6728.53
3005851,39.93
3005852,0.33
3005853,31.89
3005854,25.42
3005855,0.0
3005856,418.87
3005857,15.35
3005858,13.98
3005859,2.0
3005860,170.36
3005861,7.58
3005862,1507.5
3005863,614.81
3005864,14.97
3005865,18.69
3005866,1022.89
3005867,82.03
3005868,1650.39
3005869,258.77
3005870,27.07
3005871,9.59
3005872,0.0
3005873,9.43
3005874,6867.31
3005875,0.0
3005876,1268.28
3005877,39.67
3005878,1356.02
3005879,2216.67
3005880,516.18
3005881,495.41
3005882,438.04
3005883,7063.99
3005884,67.4
3005885,1.13
3005886,54.26
3005887,46.94
3005888,0.01
3005889,395.22
3005890,9.16
3005891,46.25
3005892,7.42
3005893,373.27
3005894,19.98
3005895,1490.24
3005896,466.8
3005897,17.44
3005898,30.26
3005899,1355.84
3005900,243.13
3005901,7350.77
3005902,219.11
3005903,112.16
3005904,4.88
3005905,0.07
3005906,5.21
3005907,1671.09
3005908,0.0
3005909,322.03
3005910,30.94
3005911,787.88
3005912,484.08
3005913,254.33
3005914,77.64
3005915,110.3
3005916,2656.83
3005917,19.76
3005918,0.74
3005919,29.85
3005920,19.39
3005921,0.0
3005922,163.07
3005923,10.03
3005924,10.72
3005925,9.89
3005926,77.61
3005927,9.71
3005928,310.41
3005929,195.96
3005930,2.5
3005931,6.82
3005932,297.68
3005933,51.37
3005934,1468.06
3005935,0.15
3005936,11.79
3005937,7.34
3005938,0.0
3005939,11.36
3005940,3537.23
3005941,0.0
3005942,572.24
3005943,38.74
3005944,1317.62
3005945,1014.35
3005946,526.76
3005947,85.11
3005948,169.87
3005949,5500.78
3005950,64.71
3005951,0.75
3005952,73.38
3005953,35.53
3005954,0.0
3005955,334.16
3005956,9.01
3005957,8.41
3005958,2.44
3005959,186.62
3005960,11.08
3005961,767.96
3005962,449.86
3005963,10.61
3005964,17.14
3005965,494.02
3005966,86.89
3005967,1997.82
3005968,248.13
3005969,21.26
3005970,5.95
3005971,0.0
3005972,5.0
3005973,4614.64
3005974,0.0
3005975,927.27
3005976,11.89
3005977,1338.85
3005978,1680.61
3005979,364.09
3005980,417.49
3005981,320.21
3005982,4800.74
3005983,43.99
3005984,0.94
3005985,23.5
3005986,40.56
3005987,0.0
3005988,284.65
3005989,1.65
3005990,57.51
3005991,3.82
3005992,248.48
3005993,13.24
3005994,1315.46
3005995,264.07
3005996,20.59
3005997,8.87
3005998,2665.75
3005999,144.88
3006000,5489.05
3006001,0.43
3006002,72.66
3006003,8.12
3006004,0.0
3006005,7.97
3006006,4528.88
3006007,0.0
3006008,988.79
3006009,12.48
3006010,1286.1
3006011,1247.83
3006012,452.96
3006013,218.26
3006014,451.44
3006015,5966.57
3006016,36.68
3006017,2.2
3006018,54.41
3006019,42.43
3006020,0.08
3006021,329.79
3006022,6.2
3006023,57.06
3006024,7.03
3006025,315.65
3006026,11.47
3006027,946.38
3006028,312.14
3006029,17.35
3006030,21.68
3006031,634.72
3006032,154.76
3006033,5020.56
3006034,3.0
3006035,10.39
3006036,7.23
3006037,0.0
3006038,2.27
3006039,1950.51
3006040,0.0
3006041,433.84
3006042,7.63
3006043,868.26
3006044,476.29
3006045,242.75
3006046,80.87
3006047,170.29
3006048,2835.32
3006049,15.21
3006050,0.92
3006051,24.97
3006052,15.01
3006053,0.02
3006054,160.85
3006055,4.01
3006056,14.71
3006057,3.71
3006058,143.2
3006059,5.15
3006060,466.49
3006061,184.4
3006062,4.33
3006063,4.46
3006064,236.16
3006065,57.76
3006066,1945.69
3006067,0.12
3006068,2.88
3006069,6.01
3006070,0.0
3006071,0.07
3006072,3121.16
3006073,0.0
3006074,170.53
3006075,3.95
3006076,801.17
3006077,217.37
3006078,228.81
3006079,56.42
3006080,32.21
3006081,2497.56
3006082,8.27
3006083,0.34
3006084,19.55
3006085,8.9
3006086,0.01
3006087,153.08
3006088,0.0
3006089,0.0
3006090,2.4
3006091,32.59
3006092,0.85
3006093,45.47
3006094,130.78
3006095,0.01
3006096,2.06
3006097,65.5
3006098,66.07
3006099,558.74
3006100,0.01
3006101,0.78
3006102,4.73
3006103,0.0
3006104,5.53
3006105,2953.17
3006106,0.0
3006107,500.82
3006108,13.97
3006109,1034.63
3006110,892.81
3006111,364.91
3006112,159.99
3006113,158.99
3006114,4001.46
3006115,32.41
3006116,0.78
3006117,27.25
3006118,38.68
3006119,0.0
3006120,224.37
3006121,19.58
3006122,20.96
3006123,10.59
3006124,135.28
3006125,8.49
3006126,639.74
3006127,256.78
3006128,7.93
3006129,11.56
3006130,621.55
3006131,101.67
3006132,2250.56
3006133,0.01
3006134,45.97
3006135,4.18
3006136,0.02
3006137,5.9
3006138,3894.97
3006139,0.0
3006140,691.65
3006141,22.5
3006142,860.0
3006143,1202.96
3006144,233.08
3006145,287.79
3006146,264.93
3006147,3799.55
3006148,36.23
3006149,2.0
3006150,32.39
3006151,29.92
3006152,0.3
3006153,195.68
3006154,11.44
3006155,44.75
3006156,6.1
3006157,261.95
3006158,17.36
3006159,681.45
3006160,201.73
3006161,6.29
3006162,15.17
3006163,750.99
3006164,129.24
3006165,4665.43
3006166,0.16
3006167,55.77
3006168,3.39
3006169,0.3
3006170,9.33
3006171,4246.09
3006172,0.0
3006173,819.27
3006174,26.69
3006175,1015.56
3006176,1339.24
3006177,302.0
3006178,318.36
3006179,179.56
3006180,4104.86
3006181,39.32
3006182,2.18
3006183,37.97
3006184,36.76
3006185,0.0
3006186,311.49
3006187,24.02
3006188,35.44
3006189,21.46
3006190,214.37
3006191,22.5
3006192,708.72
3006193,316.62
3006194,16.22
3006195,18.94
3006196,826.18
3006197,136.39
3006198,3921.11
3006199,0.26
3006200,58.83
3006201,9.42
3006202,0.1
3006203,6.55
3006204,2660.01
3006205,0.0
3006206,423.91
3006207,18.27
3006208,1183.82
3006209,691.67
3006210,606.24
3006211,135.55
3006212,84.97
3006213,5123.02
3006214,10.47
3006215,0.99
3006216,61.55
3006217,30.62
3006218,0.0
3006219,302.72
3006220,5.79
3006221,4.85
3006222,6.27
3006223,69.73
3006224,6.03
3006225,315.59
3006226,321.32
3006227,5.5
3006228,5.97
3006229,446.82
3006230,107.66
3006231,1262.32
3006232,96.61
3006233,13.62
3006234,3.92
3006235,0.0
3006236,4.48
3006237,1998.99
3006238,0.0
3006239,261.08
3006240,14.31
3006241,582.91
3006242,637.17
3006243,124.44
3006244,141.34
3006245,138.11
3006246,2161.84
3006247,15.28
3006248,1.12
3006249,23.15
3006250,12.78
3006251,0.0
3006252,159.57
3006253,14.35
3006254,14.07
3006255,2.99
3006256,123.08
3006257,7.93
3006258,315.55
3006259,165.44
3006260,3.6
3006261,8.79
3006262,244.47
3006263,54.92
3006264,2061.59
3006265,0.01
3006266,22.29
3006267,1.42
3006268,0.0
3006269,1.92
3006270,1163.17
3006271,0.0
3006272,102.6
3006273,3.53
3006274,740.06
3006275,312.0
3006276,244.48
3006277,37.0
3006278,46.45
3006279,2678.28
3006280,7.46
3006281,0.35
3006282,14.21
3006283,10.81
3006284,0.02
3006285,172.85
3006286,6.47
3006287,0.0
3006288,0.74
3006289,30.98
3006290,0.65
3006291,167.73
3006292,190.19
3006293,0.66
3006294,4.07
3006295,157.95
3006296,30.14
3006297,244.23
3006298,10.51
3006299,0.23
3006300,6.46
3006301,0.32
3006302,5.5
3006303,4455.91
3006304,0.0
3006305,622.26
3006306,22.71
3006307,1651.48
3006308,578.01
3006309,448.0
3006310,147.19
3006311,117.11
3006312,4545.36
3006313,26.34
3006314,0.39
3006315,40.05
3006316,15.63
3006317,0.07
3006318,421.91
3006319,9.92
3006320,3.24
3006321,8.65
3006322,87.2
3006323,4.37
3006324,518.35
3006325,380.72
3006326,1.98
3006327,15.27
3006328,326.45
3006329,93.94
3006330,1198.58
3006331,19.41
3006332,12.74
3006333,6.4
3006334,0.0
3006335,0.15
3006336,1627.97
3006337,0.0
3006338,164.46
3006339,10.52
3006340,794.51
3006341,405.63
3006342,199.03
3006343,56.92
3006344,66.73
3006345,2178.47
3006346,8.94
3006347,0.33
3006348,21.66
3006349,22.36
3006350,0.0
3006351,158.5
3006352,9.49
3006353,0.0
3006354,8.36
3006355,80.29
3006356,1.71
3006357,134.43
3006358,177.93
3006359,1.41
3006360,6.26
3006361,135.71
3006362,30.07
3006363,363.81
3006364,5.52
3006365,3.54
3006366,4.74
3006367,0.0
3006368,4.52
3006369,1799.11
3006370,0.0
3006371,130.39
3006372,8.86
3006373,776.08
3006374,188.56
3006375,185.02
3006376,51.15
3006377,47.84
3006378,3246.48
3006379,14.68
3006380,0.02
3006381,14.33
3006382,13.23
3006383,0.0
3006384,166.51
3006385,1.93
3006386,0.0
3006387,1.91
3006388,72.62
3006389,0.65
3006390,174.34
3006391,219.88
3006392,0.49
3006393,4.78
3006394,137.33
3006395,22.68
3006396,219.51
3006397,7.43
3006398,2.32
3006399,4.93
3006400,0.0
3006401,3.34
3006402,1760.06
3006403,0.0
3006404,179.79
3006405,11.75
3006406,1221.16
3006407,434.65
3006408,280.63
3006409,41.01
3006410,75.31
3006411,3368.19
3006412,6.44
3006413,0.31
3006414,10.77
3006415,19.15
3006416,0.06
3006417,259.01
3006418,0.64
3006419,0.0
3006420,1.49
3006421,30.9
3006422,2.77
3006423,393.88
3006424,312.51
3006425,1.05
3006426,4.49
3006427,177.79
3006428,94.28
3006429,468.75
3006430,4.74
3006431,7.95
3006432,3.58
3006433,2.21
3006434,1.98
3006435,1760.22
3006436,0.0
3006437,156.1
3006438,5.54
3006439,873.51
3006440,302.07
3006441,242.12
3006442,85.67
3006443,79.99
3006444,2695.99
3006445,7.56
3006446,0.52
3006447,14.09
3006448,18.54
3006449,0.02
3006450,207.39
3006451,8.91
3006452,0.0
3006453,5.05
3006454,37.69
3006455,1.82
3006456,112.41
3006457,173.94
3006458,0.66
3006459,4.39
3006460,96.41
3006461,38.51
3006462,509.17
3006463,7.33
3006464,2.34
3006465,4.45
3006466,0.13
3006467,0.19
3006468,1437.06
3006469,0.0
3006470,148.95
3006471,8.7
3006472,800.42
3006473,151.45
3006474,150.6
3006475,131.94
3006476,63.09
3006477,1991.92
3006478,5.39
3006479,0.15
3006480,17.77
3006481,11.04
3006482,0.01
3006483,152.84
3006484,0.0
3006485,0.0
3006486,1.4
3006487,69.57
3006488,1.92
3006489,51.59
3006490,149.38
3006491,1.07
3006492,2.65
3006493,61.4
3006494,34.96
3006495,468.32
3006496,0.0
3006497,0.03
3006498,8.61
3006499,0.19
3006500,3.98
3006501,3500.2
3006502,0.0
3006503,325.56
3006504,12.06
3006505,1126.69
3006506,681.28
3006507,508.58
3006508,172.77
3006509,171.52
3006510,4395.97
3006511,17.92
3006512,1.22
3006513,33.64
3006514,30.6
3006515,0.0
3006516,298.11
3006517,0.14
3006518,0.0
3006519,6.44
3006520,93.29
3006521,4.23
3006522,210.63
3006523,307.11
3006524,2.48
3006525,8.75
3006526,395.72
3006527,66.11
3006528,1171.88
3006529,23.15
3006530,16.88
3006531,3.24
3006532,0.08
3006533,6.35
3006534,2436.65
3006535,0.0
3006536,326.08
3006537,8.54
3006538,660.91
3006539,616.76
3006540,173.08
3006541,182.89
3006542,89.99
3006543,2834.38
3006544,11.68
3006545,0.75
3006546,25.29
3006547,19.97
3006548,0.0
3006549,193.69
3006550,9.88
3006551,1.72
3006552,9.46
3006553,91.66
3006554,2.41
3006555,85.9
3006556,168.73
3006557,4.85
3006558,7.85
3006559,146.11
3006560,50.42
3006561,1516.11
3006562,42.44
3006563,19.75
3006564,7.07
3006565,0.16
3006566,3.77
3006567,3412.98
3006568,0.0
3006569,212.19
3006570,9.18
3006571,1287.51
3006572,455.16
3006573,356.78
3006574,66.77
3006575,54.66
3006576,4434.53
3006577,18.38
3006578,1.72
3006579,20.58
3006580,14.58
3006581,0.06
3006582,240.82
3006583,10.94
3006584,0.0
3006585,3.64
3006586,64.49
3006587,3.77
3006588,187.52
3006589,248.35
3006590,1.13
3006591,6.99
3006592,313.88
3006593,25.59
3006594,553.24
3006595,14.81
3006596,3.99
3006597,6.72
3006598,0.0
3006599,8.03
3006600,3082.35
3006601,0.0
3006602,670.32
3006603,18.67
3006604,849.73
3006605,837.78
3006606,249.7
3006607,195.31
3006608,144.4
3006609,3747.82
3006610,36.87
3006611,1.72
3006612,24.58
3006613,23.46
3006614,0.01
3006615,251.29
3006616,30.72
3006617,19.66
3006618,5.28
3006619,170.48
3006620,13.93
3006621,469.85
3006622,279.88
3006623,9.41
3006624,8.91
3006625,451.44
3006626,119.05
3006627,2366.91
3006628,0.05
3006629,35.6
3006630,8.45
3006631,0.0
3006632,6.66
3006633,5185.63
3006634,0.0
3006635,498.56
3006636,14.23
3006637,1408.6
3006638,810.62
3006639,683.04
3006640,118.14
3006641,127.22
3006642,5899.31
3006643,15.52
3006644,0.54
3006645,31.01
3006646,17.47
3006647,0.01
3006648,348.89
3006649,1.64
3006650,7.76
3006651,3.35
3006652,98.53
3006653,1.95
3006654,335.92
3006655,389.93
3006656,5.04
3006657,6.65
3006658,308.07
3006659,80.7
3006660,1054.9
3006661,75.91
3006662,20.1
3006663,12.32
3006664,0.37
3006665,5.09
3006666,3201.81
3006667,0.0
3006668,429.12
3006669,10.85
3006670,1299.52
3006671,652.06
3006672,341.15
3006673,238.55
3006674,151.41
3006675,4328.61
3006676,15.3
3006677,0.36
3006678,47.26
3006679,36.39
3006680,0.03
3006681,299.34
3006682,5.86
3006683,3.29
3006684,11.45
3006685,147.95
3006686,3.32
3006687,111.7
3006688,296.05
3006689,3.08
3006690,6.46
3006691,208.71
3006692,160.41
3006693,1248.63
3006694,0.02
3006695,8.69
3006696,5.11
3006697,0.13
3006698,2.03
3006699,1888.08
3006700,0.0
3006701,116.07
3006702,11.12
3006703,554.8
3006704,321.1
3006705,145.7
3006706,50.8
3006707,98.05
3006708,2303.45
3006709,7.3
3006710,0.65
3006711,32.46
3006712,22.72
3006713,0.0
3006714,162.18
3006715,0.61
3006716,0.0
3006717,4.72
3006718,157.43
3006719,3.38
3006720,104.18
3006721,138.33
3006722,1.1
3006723,6.09
3006724,119.37
3006725,29.9
3006726,396.25
3006727,20.08
3006728,4.97
3006729,1.37
3006730,0.0
3006731,3.65
3006732,1417.47
3006733,0.0
3006734,265.49
3006735,18.1
3006736,520.83
3006737,492.46
3006738,138.62
3006739,50.39
3006740,84.94
3006741,2073.61
3006742,20.34
3006743,0.26
3006744,12.97
3006745,14.45
3006746,0.05
3006747,121.63
3006748,15.23
3006749,1.85
3006750,1.7
3006751,100.14
3006752,7.47
3006753,317.73
3006754,160.15
3006755,3.78
3006756,5.77
3006757,240.13
3006758,34.32
3006759,1066.75
3006760,0.01
3006761,7.31
3006762,2.92
3006763,0.03
3006764,4.97
3006765,4083.46
3006766,0.0
3006767,841.86
3006768,21.66
3006769,1091.75
3006770,1295.59
3006771,302.04
3006772,242.06
3006773,216.85
3006774,4187.05
3006775,34.72
3006776,0.86
3006777,19.4
3006778,36.29
3006779,0.0
3006780,252.86
3006781,14.81
3006782,37.17
3006783,8.29
3006784,145.86
3006785,16.92
3006786,418.82
3006787,293.74
3006788,17.82
3006789,11.49
3006790,530.18
3006791,130.98
3006792,3453.52
3006793,0.01
3006794,26.01
3006795,2.72
3006796,0.02
3006797,3.32
3006798,2588.15
3006799,0.0
3006800,393.65
3006801,12.16
3006802,495.14
3006803,733.99
3006804,175.35
3006805,149.32
3006806,219.91
3006807,1969.41
3006808,22.96
3006809,1.06
3006810,20.03
3006811,13.36
3006812,0.0
3006813,111.96
3006814,0.0
3006815,30.37
3006816,4.46
3006817,419.37
3006818,13.04
3006819,200.53
3006820,132.91
3006821,5.28
3006822,5.17
3006823,185.57
3006824,45.1
3006825,1789.08
3006826,0.57
3006827,3.84
3006828,3.94
3006829,0.0
3006830,0.95
3006831,889.89
3006832,0.0
3006833,211.73
3006834,8.81
3006835,334.76
3006836,248.08
3006837,88.12
3006838,36.81
3006839,47.74
3006840,1211.87
3006841,1.7
3006842,0.76
3006843,9.49
3006844,6.17
3006845,0.02
3006846,73.64
3006847,0.0
3006848,7.7
3006849,0.53
3006850,46.08
3006851,0.09
3006852,253.55
3006853,138.05
3006854,2.97
3006855,1.99
3006856,146.58
3006857,26.47
3006858,506.21
3006859,0.28
3006860,1.56
3006861,7.9
3006862,0.08
3006863,4.94
3006864,3551.16
3006865,0.0
3006866,621.4
3006867,26.71
3006868,919.42
3006869,1001.98
3006870,308.75
3006871,243.06
3006872,277.29
3006873,3766.24
3006874,31.02
3006875,2.61
3006876,22.72
3006877,28.89
3006878,0.01
3006879,224.99
3006880,8.7
3006881,50.77
3006882,10.79
3006883,336.17
3006884,7.25
3006885,293.81
3006886,275.41
3006887,12.33
3006888,12.33
3006889,360.74
3006890,100.62
3006891,2451.56
3006892,0.81
3006893,16.99
3006894,6.35
3006895,0.0
3006896,4.83
3006897,3894.88
3006898,0.0
3006899,619.59
3006900,23.44
3006901,1332.8
3006902,862.56
3006903,332.89
3006904,232.46
3006905,137.16
3006906,5187.59
3006907,15.42
3006908,0.53
3006909,41.08
3006910,22.52
3006911,0.12
3006912,274.33
3006913,0.0
3006914,5.74
3006915,5.23
3006916,115.14
3006917,1.51
3006918,197.06
3006919,300.07
3006920,6.11
3006921,5.68
3006922,244.27
3006923,81.78
3006924,1536.23
3006925,1.68
3006926,8.66
3006927,6.91
3006928,0.37
3006929,2.35
3006930,3230.83
3006931,0.0
3006932,624.52
3006933,18.59
3006934,1016.34
3006935,718.76
3006936,277.31
3006937,202.82
3006938,156.26
3006939,4059.7
3006940,18.17
3006941,1.29
3006942,27.35
3006943,22.54
3006944,0.0
3006945,245.78
3006946,0.0
3006947,6.43
3006948,3.49
3006949,220.43
3006950,2.21
3006951,115.1
3006952,233.21
3006953,5.54
3006954,5.58
3006955,187.96
3006956,72.83
3006957,1104.89
3006958,1.71
3006959,8.81
3006960,12.81
3006961,0.11
3006962,18.6
3006963,9148.17
3006964,0.0
3006965,1284.79
3006966,61.76
3006967,1913.35
3006968,2257.78
3006969,397.41
3006970,525.33
3006971,461.46
3006972,8268.82
3006973,78.1
3006974,3.01
3006975,79.31
3006976,63.62
3006977,0.12
3006978,541.51
3006979,64.99
3006980,69.71
3006981,29.13
3006982,367.88
3006983,46.27
3006984,803.52
3006985,643.73
3006986,22.68
3006987,30.4
3006988,1164.15
3006989,259.82
3006990,7949.79
3006991,0.29
3006992,79.49
3006993,2.72
3006994,0.14
3006995,0.46
3006996,1655.77
3006997,0.0
3006998,171.22
3006999,5.62
3007000,574.82
3007001,287.15
3007002,122.34
3007003,134.36
3007004,83.52
3007005,2097.87
3007006,6.84
3007007,0.28
3007008,13.74
3007009,5.75
3007010,0.0
3007011,207.76
3007012,0.83
3007013,0.0
3007014,2.0
3007015,88.25
3007016,0.65
3007017,62.57
3007018,108.48
3007019,2.07
3007020,4.59
3007021,102.97
3007022,26.3
3007023,440.96
3007024,0.01
3007025,3.77
3007026,7.91
3007027,0.26
3007028,1.18
3007029,3242.5
3007030,0.0
3007031,533.52
3007032,13.19
3007033,1376.59
3007034,702.89
3007035,266.78
3007036,260.37
3007037,176.31
3007038,4707.02
3007039,13.16
3007040,0.44
3007041,29.36
3007042,22.35
3007043,0.0
3007044,285.27
3007045,1.04
3007046,4.6
3007047,7.63
3007048,38.97
3007049,1.8
3007050,336.63
3007051,272.51
3007052,4.35
3007053,7.69
3007054,128.51
3007055,71.52
3007056,1247.17
3007057,1.33
3007058,7.44
3007059,1.07
3007060,0.0
3007061,0.44
3007062,1008.74
3007063,0.0
3007064,106.4
3007065,5.72
3007066,613.95
3007067,171.71
3007068,85.2
3007069,133.42
3007070,30.35
3007071,1850.65
3007072,0.95
3007073,0.13
3007074,9.67
3007075,3.97
3007076,0.04
3007077,96.32
3007078,0.0
3007079,0.0
3007080,0.46
3007081,53.4
3007082,0.17
3007083,62.27
3007084,92.6
3007085,0.37
3007086,0.79
3007087,66.81
3007088,13.9
3007089,238.85
3007090,0.01
3007091,0.09
3007092,9.27
3007093,0.0
3007094,2.05
3007095,2248.98
3007096,0.0
3007097,219.19
3007098,10.66
3007099,970.83
3007100,452.08
3007101,187.3
3007102,144.15
3007103,145.98
3007104,2967.73
3007105,2.62
3007106,0.21
3007107,36.8
3007108,22.71
3007109,0.03
3007110,267.33
3007111,0.0
3007112,0.0
3007113,14.32
3007114,67.45
3007115,1.65
3007116,297.69
3007117,218.07
3007118,1.75
3007119,4.03
3007120,191.23
3007121,31.75
3007122,1166.01
3007123,0.01
3007124,1.92
3007125,3.1
3007126,0.15
3007127,1.16
3007128,2615.33
3007129,0.0
3007130,672.84
3007131,14.14
3007132,855.32
3007133,612.53
3007134,205.94
3007135,121.9
3007136,73.28
3007137,3895.93
3007138,10.63
3007139,2.03
3007140,32.18
3007141,44.71
3007142,0.05
3007143,209.26
3007144,1.8
3007145,7.34
3007146,2.83
3007147,59.28
3007148,3.16
3007149,160.83
3007150,299.99
3007151,3.61
3007152,6.0
3007153,139.41
3007154,32.24
3007155,590.54
3007156,3.28
3007157,7.54
3007158,4.21
3007159,0.0
3007160,0.01
3007161,1730.89
3007162,0.0
3007163,93.5
3007164,3.3
3007165,501.69
3007166,204.47
3007167,107.58
3007168,184.04
3007169,99.41
3007170,1884.03
3007171,5.25
3007172,0.16
3007173,10.59
3007174,4.89
3007175,0.1
3007176,114.82
3007177,0.0
3007178,0.0
3007179,0.6
3007180,94.25
3007181,0.78
3007182,158.88
3007183,98.45
3007184,0.73
3007185,1.34
3007186,58.83
3007187,19.81
3007188,344.24
3007189,0.01
3007190,1.23
3007191,4.79
3007192,0.0
3007193,0.35
3007194,3415.46
3007195,0.0
3007196,470.88
3007197,11.88
3007198,830.66
3007199,549.17
3007200,191.0
3007201,133.11
3007202,269.83
3007203,3376.16
3007204,7.31
3007205,0.3
3007206,26.87
3007207,10.18
3007208,0.02
3007209,206.85
3007210,0.0
3007211,35.48
3007212,2.15
3007213,121.98
3007214,2.24
3007215,206.04
3007216,221.46
3007217,2.76
3007218,4.33
3007219,120.6
3007220,45.92
3007221,1256.77
3007222,0.8
3007223,0.02
3007224,3.36
3007225,0.0
3007226,9.48
3007227,2659.93
3007228,0.0
3007229,475.39
3007230,11.15
3007231,885.98
3007232,802.6
3007233,143.49
3007234,123.85
3007235,123.91
3007236,3309.63
3007237,40.21
3007238,1.29
3007239,37.63
3007240,25.14
3007241,0.06
3007242,210.69
3007243,32.18
3007244,22.14
3007245,0.84
3007246,148.23
3007247,13.75
3007248,203.34
3007249,272.41
3007250,12.18
3007251,13.41
3007252,249.82
3007253,64.7
3007254,2321.25
3007255,0.02
3007256,13.4
3007257,6.59
3007258,0.0
3007259,11.12
3007260,2547.63
3007261,0.0
3007262,484.66
3007263,17.32
3007264,1076.23
3007265,910.96
3007266,169.26
3007267,104.27
3007268,133.51
3007269,3886.12
3007270,30.11
3007271,0.98
3007272,41.46
3007273,30.22
3007274,0.0
3007275,400.23
3007276,31.43
3007277,23.34
3007278,10.99
3007279,158.89
3007280,18.72
3007281,172.44
3007282,460.19
3007283,9.95
3007284,12.24
3007285,154.12
3007286,99.87
3007287,2017.03
3007288,2.7
3007289,19.75
3007290,9.34
3007291,0.21
3007292,4.13
3007293,3807.3
3007294,0.0
3007295,673.74
3007296,12.74
3007297,1465.63
3007298,652.75
3007299,207.62
3007300,317.3
3007301,112.83
3007302,5409.08
3007303,33.53
3007304,1.7
3007305,35.95
3007306,17.31
3007307,0.08
3007308,351.59
3007309,9.04
3007310,16.72
3007311,11.25
3007312,106.08
3007313,8.82
3007314,170.73
3007315,303.07
3007316,8.42
3007317,8.82
3007318,248.71
3007319,53.04
3007320,1588.43
3007321,14.37
3007322,19.19
3007323,4.62
3007324,0.0
3007325,5.66
3007326,2612.9
3007327,0.0
3007328,356.6
3007329,13.81
3007330,829.68
3007331,787.96
3007332,219.4
3007333,154.78
3007334,130.19
3007335,3504.67
3007336,28.45
3007337,1.19
3007338,21.92
3007339,13.87
3007340,0.03
3007341,210.75
3007342,26.13
3007343,25.68
3007344,1.03
3007345,170.54
3007346,10.31
3007347,358.88
3007348,269.32
3007349,7.99
3007350,9.22
3007351,403.91
3007352,60.17
3007353,2228.28
3007354,0.02
3007355,29.16
3007356,3.49
3007357,0.15
3007358,2.98
3007359,4919.74
3007360,0.0
3007361,437.95
3007362,12.44
3007363,2047.13
3007364,626.39
3007365,268.35
3007366,165.41
3007367,99.23
3007368,6483.19
3007369,12.09
3007370,1.6
3007371,27.49
3007372,26.56
3007373,0.04
3007374,349.33
3007375,0.0
3007376,0.01
3007377,8.56
3007378,82.48
3007379,2.13
3007380,139.88
3007381,305.57
3007382,3.12
3007383,9.22
3007384,152.06
3007385,57.63
3007386,1035.17
3007387,0.01
3007388,7.97
3007389,7.1
3007390,0.0
3007391,8.96
3007392,2434.34
3007393,0.0
3007394,569.19
3007395,16.95
3007396,1069.79
3007397,809.44
3007398,230.19
3007399,153.39
3007400,249.45
3007401,3976.57
3007402,33.96
3007403,1.61
3007404,34.83
3007405,31.73
3007406,0.0
3007407,256.5
3007408,26.02
3007409,19.47
3007410,10.37
3007411,183.85
3007412,16.13
3007413,236.46
3007414,354.46
3007415,13.05
3007416,9.22
3007417,212.11
3007418,67.66
3007419,2066.98
3007420,0.36
3007421,7.22
3007422,3.93
3007423,0.0
3007424,8.08
3007425,2459.03
3007426,0.0
3007427,467.47
3007428,13.15
3007429,720.35
3007430,812.56
3007431,173.83
3007432,141.92
3007433,125.61
3007434,2909.51
3007435,36.13
3007436,1.16
3007437,20.89
3007438,28.22
3007439,0.0
3007440,202.2
3007441,21.51
3007442,48.92
3007443,5.84
3007444,106.8
3007445,16.34
3007446,250.47
3007447,247.28
3007448,9.01
3007449,10.71
3007450,236.0
3007451,53.48
3007452,2350.02
3007453,0.15
3007454,14.17
3007455,5.26
3007456,0.04
3007457,4.78
3007458,4244.94
3007459,0.0
3007460,564.41
3007461,22.79
3007462,1263.05
3007463,730.28
3007464,281.66
3007465,171.75
3007466,82.29
3007467,4686.42
3007468,10.78
3007469,0.02
3007470,21.17
3007471,21.45
3007472,0.07
3007473,228.17
3007474,0.0
3007475,11.55
3007476,0.6
3007477,159.78
3007478,2.45
3007479,199.79
3007480,292.73
3007481,3.87
3007482,1.51
3007483,199.35
3007484,107.21
3007485,1081.23
3007486,2.61
3007487,0.02
3007488,18.77
3007489,0.0
3007490,20.54
3007491,10648.65
3007492,0.0
3007493,1833.01
3007494,34.53
3007495,2459.92
3007496,2912.51
3007497,625.2
3007498,672.51
3007499,597.13
3007500,10467.95
3007501,83.61
3007502,3.39
3007503,130.2
3007504,139.29
3007505,0.0
3007506,743.16
3007507,32.69
3007508,41.69
3007509,33.26
3007510,517.67
3007511,42.42
3007512,979.16
3007513,760.71
3007514,49.43
3007515,45.37
3007516,1279.64
3007517,295.3
3007518,9889.31
3007519,321.07
3007520,108.38
3007521,18.98
3007522,0.0
3007523,19.93
3007524,9443.32
3007525,0.0
3007526,1362.48
3007527,45.47
3007528,2154.03
3007529,2527.56
3007530,835.27
3007531,448.19
3007532,474.26
3007533,11270.27
3007534,90.13
3007535,2.12
3007536,90.7
3007537,115.15
3007538,0.58
3007539,720.74
3007540,30.11
3007541,56.26
3007542,10.42
3007543,391.87
3007544,32.21
3007545,1371.88
3007546,891.02
3007547,32.4
3007548,40.33
3007549,1417.38
3007550,302.73
3007551,6804.28
3007552,322.67
3007553,87.59
3007554,14.38
3007555,0.0
3007556,22.55
3007557,7071.0
3007558,0.0
3007559,1109.34
3007560,26.2
3007561,2383.59
3007562,1803.36
3007563,1006.35
3007564,193.62
3007565,339.75
3007566,10229.02
3007567,54.6
3007568,2.54
3007569,62.36
3007570,34.24
3007571,0.56
3007572,725.34
3007573,48.76
3007574,38.0
3007575,9.21
3007576,217.22
3007577,18.97
3007578,1111.83
3007579,918.42
3007580,31.72
3007581,52.7
3007582,959.07
3007583,166.11
3007584,3413.22
3007585,299.31
3007586,57.28
3007587,17.97
3007588,0.0
3007589,28.75
3007590,9983.11
3007591,0.0
3007592,1265.51
3007593,30.85
3007594,2408.9
3007595,2360.13
3007596,732.01
3007597,387.32
3007598,328.88
3007599,10448.38
3007600,51.96
3007601,1.74
3007602,100.52
3007603,87.36
3007604,0.91
3007605,671.85
3007606,37.84
3007607,39.05
3007608,29.8
3007609,348.64
3007610,24.45
3007611,982.8
3007612,935.28
3007613,31.7
3007614,36.87
3007615,1178.77
3007616,250.41
3007617,5683.59
3007618,316.21
3007619,74.71
3007620,15.44
3007621,0.0
3007622,19.71
3007623,5580.93
3007624,0.0
3007625,992.81
3007626,26.05
3007627,1970.0
3007628,1442.95
3007629,725.0
3007630,153.97
3007631,251.92
3007632,9138.76
3007633,50.98
3007634,0.49
3007635,41.47
3007636,41.35
3007637,0.0
3007638,598.3
3007639,43.1
3007640,17.75
3007641,6.78
3007642,211.7
3007643,13.86
3007644,943.56
3007645,920.89
3007646,26.58
3007647,35.44
3007648,940.96
3007649,118.57
3007650,2220.68
3007651,316.01
3007652,26.61
3007653,12.1
3007654,0.0
3007655,16.33
3007656,7434.85
3007657,0.0
3007658,1220.09
3007659,35.13
3007660,1600.54
3007661,2228.2
3007662,460.98
3007663,467.69
3007664,437.69
3007665,7795.58
3007666,75.51
3007667,1.53
3007668,61.41
3007669,45.45
3007670,0.02
3007671,492.07
3007672,13.55
3007673,40.07
3007674,9.21
3007675,389.43
3007676,23.6
3007677,815.79
3007678,621.99
3007679,22.23
3007680,36.21
3007681,981.35
3007682,219.31
3007683,7303.38
3007684,159.03
3007685,77.17
3007686,6.08
3007687,0.13
3007688,8.87
3007689,1901.08
3007690,0.0
3007691,328.49
3007692,31.87
3007693,915.46
3007694,503.72
3007695,211.01
3007696,82.07
3007697,153.44
3007698,2905.2
3007699,24.83
3007700,0.96
3007701,28.53
3007702,21.29
3007703,0.0
3007704,180.44
3007705,15.43
3007706,10.94
3007707,12.49
3007708,103.65
3007709,13.19
3007710,263.46
3007711,230.74
3007712,3.74
3007713,7.46
3007714,227.46
3007715,58.98
3007716,1493.01
3007717,0.49
3007718,10.01
3007719,11.49
3007720,0.0
3007721,16.85
3007722,5138.17
3007723,0.0
3007724,649.68
3007725,41.39
3007726,1651.06
3007727,1217.63
3007728,507.36
3007729,131.98
3007730,199.18
3007731,6882.03
3007732,67.26
3007733,1.62
3007734,76.54
3007735,40.4
3007736,0.0
3007737,468.88
3007738,17.92
3007739,9.98
3007740,3.46
3007741,194.81
3007742,18.77
3007743,614.55
3007744,648.24
3007745,18.81
3007746,31.35
3007747,437.22
3007748,100.97
3007749,2248.13
3007750,276.81
3007751,18.89
3007752,7.39
3007753,0.0
3007754,8.21
3007755,5371.83
3007756,0.0
3007757,920.83
3007758,13.76
3007759,1481.01
3007760,1723.9
3007761,269.37
3007762,358.23
3007763,369.38
3007764,5066.36
3007765,41.72
3007766,1.19
3007767,36.59
3007768,44.41
3007769,0.0
3007770,351.23
3007771,3.95
3007772,61.15
3007773,5.18
3007774,274.48
3007775,16.2
3007776,699.94
3007777,383.02
3007778,21.25
3007779,14.57
3007780,702.99
3007781,140.41
3007782,5361.35
3007783,0.82
3007784,46.58
3007785,10.92
3007786,0.0
3007787,12.19
3007788,4886.11
3007789,0.0
3007790,934.64
3007791,15.27
3007792,1526.83
3007793,1254.54
3007794,377.25
3007795,226.18
3007796,467.9
3007797,6804.54
3007798,39.65
3007799,2.91
3007800,58.22
3007801,44.47
3007802,0.13
3007803,437.53
3007804,10.74
3007805,65.77
3007806,9.32
3007807,378.5
3007808,17.11
3007809,505.62
3007810,403.32
3007811,17.34
3007812,29.46
3007813,495.58
3007814,114.71
3007815,4792.98
3007816,5.34
3007817,9.41
3007818,10.69
3007819,0.0
3007820,5.59
3007821,2338.94
3007822,0.0
3007823,500.87
3007824,10.92
3007825,844.88
3007826,541.58
3007827,235.72
3007828,93.14
3007829,224.56
3007830,3442.19
3007831,20.76
3007832,1.15
3007833,30.83
3007834,26.87
3007835,0.03
3007836,213.79
3007837,8.61
3007838,18.79
3007839,8.39
3007840,211.03
3007841,6.85
3007842,321.38
3007843,269.52
3007844,5.31
3007845,6.94
3007846,203.91
3007847,67.5
3007848,2280.71
3007849,0.09
3007850,3.58
3007851,7.11
3007852,0.0
3007853,0.06
3007854,2834.28
3007855,0.0
3007856,212.9
3007857,5.51
3007858,1026.44
3007859,266.27
3007860,216.9
3007861,67.59
3007862,58.52
3007863,3200.05
3007864,12.18
3007865,0.74
3007866,24.81
3007867,12.84
3007868,0.01
3007869,222.09
3007870,0.0
3007871,0.0
3007872,2.7
3007873,46.64
3007874,1.27
3007875,52.39
3007876,171.77
3007877,0.01
3007878,2.6
3007879,63.74
3007880,80.6
3007881,600.64
3007882,0.01
3007883,2.02
3007884,6.62
3007885,0.0
3007886,8.03
3007887,3651.45
3007888,0.0
3007889,612.81
3007890,20.03
3007891,1226.4
3007892,1035.3
3007893,343.32
3007894,198.99
3007895,191.82
3007896,4815.57
3007897,42.57
3007898,1.22
3007899,35.61
3007900,42.61
3007901,0.0
3007902,289.61
3007903,30.67
3007904,23.17
3007905,12.39
3007906,185.26
3007907,11.13
3007908,508.04
3007909,384.75
3007910,12.43
3007911,17.48
3007912,560.05
3007913,121.88
3007914,2591.18
3007915,0.01
3007916,41.27
3007917,4.31
3007918,0.01
3007919,5.61
3007920,4033.74
3007921,0.0
3007922,643.8
3007923,24.94
3007924,877.18
3007925,1133.57
3007926,179.42
3007927,255.44
3007928,252.96
3007929,3231.8
3007930,35.67
3007931,2.27
3007932,28.74
3007933,27.75
3007934,0.12
3007935,199.15
3007936,18.69
3007937,53.01
3007938,5.71
3007939,279.96
3007940,20.34
3007941,436.92
3007942,209.53
3007943,8.22
3007944,15.59
3007945,531.23
3007946,133.29
3007947,4319.05
3007948,0.23
3007949,42.04
3007950,4.03
3007951,0.28
3007952,15.14
3007953,5430.89
3007954,0.0
3007955,878.82
3007956,27.43
3007957,1217.4
3007958,1566.93
3007959,314.12
3007960,397.48
3007961,195.12
3007962,5472.81
3007963,43.05
3007964,3.42
3007965,51.39
3007966,46.81
3007967,0.0
3007968,403.43
3007969,42.24
3007970,44.17
3007971,22.2
3007972,224.78
3007973,28.12
3007974,490.02
3007975,439.34
3007976,23.56
3007977,25.6
3007978,656.18
3007979,168.62
3007980,4787.26
3007981,0.5
3007982,40.88
3007983,12.88
3007984,0.14
3007985,10.16
3007986,3832.98
3007987,0.0
3007988,508.02
3007989,25.86
3007990,1584.81
3007991,867.02
3007992,544.53
3007993,181.74
3007994,132.55
3007995,6721.74
3007996,12.75
3007997,1.49
3007998,66.07
3007999,47.2
3008000,0.0
3008001,429.64
3008002,11.24
3008003,6.05
3008004,8.72
3008005,105.96
3008006,8.19
3008007,336.31
3008008,485.94
3008009,8.97
3008010,9.32
3008011,455.5
3008012,120.11
3008013,1541.31
3008014,76.93
3008015,19.93
3008016,1.79
3008017,0.0
3008018,3.27
3008019,1011.49
3008020,0.0
3008021,131.64
3008022,4.74
3008023,259.47
3008024,314.64
3008025,59.3
3008026,72.85
3008027,54.38
3008028,1157.47
3008029,7.23
3008030,0.85
3008031,7.81
3008032,10.57
3008033,0.0
3008034,81.68
3008035,8.11
3008036,10.99
3008037,2.39
3008038,46.19
3008039,5.18
3008040,102.68
3008041,79.88
3008042,3.29
3008043,3.65
3008044,123.26
3008045,38.99
3008046,1112.35
3008047,0.01
3008048,13.52
3008049,1.24
3008050,0.0
3008051,2.31
3008052,1522.72
3008053,0.0
3008054,134.93
3008055,3.11
3008056,715.52
3008057,183.35
3008058,291.05
3008059,48.37
3008060,41.97
3008061,2883.34
3008062,5.26
3008063,0.29
3008064,8.32
3008065,7.78
3008066,0.02
3008067,187.98
3008068,6.02
3008069,0.0
3008070,0.99
3008071,6.28
3008072,0.47
3008073,175.95
3008074,198.21
3008075,0.61
3008076,3.38
3008077,192.76
3008078,26.09
3008079,260.2
3008080,8.54
3008081,1.03
3008082,6.67
3008083,0.23
3008084,5.17
3008085,4980.53
3008086,0.0
3008087,739.75
3008088,12.15
3008089,1831.53
3008090,631.42
3008091,560.09
3008092,242.88
3008093,109.49
3008094,6832.13
3008095,22.27
3008096,0.34
3008097,42.1
3008098,17.95
3008099,0.07
3008100,487.03
3008101,13.53
3008102,1.63
3008103,8.91
3008104,28.15
3008105,4.64
3008106,614.28
3008107,459.9
3008108,2.24
3008109,15.53
3008110,485.14
3008111,83.7
3008112,1361.3
3008113,32.0
3008114,12.23
3008115,6.53
3008116,0.0
3008117,0.1
3008118,1799.87
3008119,0.0
3008120,192.07
3008121,9.96
3008122,775.52
3008123,449.68
3008124,221.62
3008125,68.19
3008126,41.63
3008127,3039.61
3008128,8.01
3008129,0.42
3008130,13.24
3008131,23.38
3008132,0.0
3008133,184.32
3008134,9.9
3008135,0.0
3008136,10.92
3008137,33.62
3008138,1.99
3008139,160.32
3008140,198.59
3008141,1.87
3008142,5.87
3008143,148.89
3008144,31.21
3008145,362.22
3008146,4.34
3008147,1.75
3008148,4.19
3008149,0.0
3008150,4.76
3008151,1462.66
3008152,0.0
3008153,93.98
3008154,5.32
3008155,636.01
3008156,155.61
3008157,160.31
3008158,56.12
3008159,29.08
3008160,2445.48
3008161,10.23
3008162,0.03
3008163,12.76
3008164,12.81
3008165,0.0
3008166,144.1
3008167,1.91
3008168,0.0
3008169,1.46
3008170,20.92
3008171,0.82
3008172,109.98
3008173,168.37
3008174,0.75
3008175,5.14
3008176,89.34
3008177,9.91
3008178,183.91
3008179,6.59
3008180,0.64
3008181,4.1
3008182,0.0
3008183,1.16
3008184,1811.95
3008185,0.0
3008186,140.47
3008187,6.62
3008188,865.43
3008189,329.12
3008190,197.24
3008191,40.09
3008192,37.21
3008193,2723.28
3008194,2.69
3008195,0.32
3008196,6.57
3008197,16.65
3008198,0.07
3008199,153.89
3008200,0.59
3008201,0.0
3008202,1.74
3008203,20.18
3008204,2.09
3008205,207.65
3008206,186.28
3008207,1.12
3008208,4.36
3008209,66.66
3008210,67.05
3008211,392.28
3008212,7.22
3008213,2.49
3008214,5.32
3008215,0.55
3008216,2.22
3008217,1692.48
3008218,0.0
3008219,139.9
3008220,4.35
3008221,789.62
3008222,265.67
3008223,211.67
3008224,86.78
3008225,54.99
3008226,2437.58
3008227,5.76
3008228,1.02
3008229,11.8
3008230,19.86
3008231,0.01
3008232,192.42
3008233,8.34
3008234,0.0
3008235,2.5
3008236,12.14
3008237,1.58
3008238,107.25
3008239,171.97
3008240,0.74
3008241,4.32
3008242,97.35
3008243,34.02
3008244,503.63
3008245,16.75
3008246,1.67
3008247,5.18
3008248,0.08
3008249,1.22
3008250,1810.43
3008251,0.0
3008252,223.89
3008253,5.6
3008254,862.96
3008255,196.53
3008256,201.4
3008257,164.14
3008258,37.39
3008259,2602.12
3008260,6.2
3008261,0.13
3008262,13.1
3008263,13.43
3008264,0.01
3008265,214.75
3008266,0.0
3008267,0.0
3008268,1.27
3008269,32.09
3008270,1.95
3008271,69.89
3008272,187.58
3008273,1.18
3008274,3.12
3008275,73.52
3008276,39.26
3008277,538.34
3008278,0.0
3008279,1.66
3008280,9.74
3008281,0.29
3008282,5.03
3008283,4398.73
3008284,0.0
3008285,520.62
3008286,7.05
3008287,1359.49
3008288,918.4
3008289,622.27
3008290,242.44
3008291,127.46
3008292,5614.27
3008293,20.14
3008294,1.52
3008295,39.26
3008296,33.82
3008297,0.0
3008298,388.73
3008299,0.18
3008300,0.0
3008301,9.68
3008302,50.27
3008303,4.55
3008304,298.31
3008305,387.6
3008306,3.25
3008307,11.03
3008308,478.2
3008309,66.35
3008310,1461.33
3008311,35.96
3008312,21.07
3008313,3.3
3008314,0.09
3008315,7.74
3008316,2731.98
3008317,0.0
3008318,36.18
3008319,6.16
3008320,703.99
3008321,711.3
3008322,188.81
3008323,248.58
3008324,71.68
3008325,3278.05
3008326,15.89
3008327,0.87
3008328,20.79
3008329,24.94
3008330,0.0
3008331,251.51
3008332,13.81
3008333,1.93
3008334,4.27
3008335,48.27
3008336,2.79
3008337,98.86
3008338,195.17
3008339,5.2
3008340,8.82
3008341,170.71
3008342,45.09
3008343,2111.29
3008344,43.22
3008345,18.03
3008346,6.88
3008347,0.14
3008348,2.33
3008349,2594.84
3008350,0.0
3008351,174.62
3008352,5.61
3008353,816.86
3008354,370.23
3008355,300.23
3008356,80.27
3008357,47.09
3008358,3130.05
3008359,9.14
3008360,1.61
3008361,13.15
3008362,12.21
3008363,0.03
3008364,165.85
3008365,12.3
3008366,0.0
3008367,3.22
3008368,24.4
3008369,3.58
3008370,133.89
3008371,191.74
3008372,1.37
3008373,6.33
3008374,69.48
3008375,26.68
3008376,469.55
3008377,5.17
3008378,4.12
3008379,7.43
3008380,0.0
3008381,12.33
3008382,3577.2
3008383,0.0
3008384,772.28
3008385,11.22
3008386,900.6
3008387,991.47
3008388,236.43
3008389,247.58
3008390,116.78
3008391,4294.41
3008392,40.25
3008393,2.14
3008394,24.15
3008395,28.67
3008396,0.11
3008397,276.71
3008398,38.2
3008399,19.19
3008400,4.17
3008401,83.14
3008402,12.13
3008403,410.82
3008404,328.69
3008405,9.7
3008406,10.22
3008407,570.18
3008408,118.59
3008409,2716.83
3008410,0.05
3008411,45.92
3008412,9.9
3008413,0.0
3008414,8.71
3008415,6079.49
3008416,0.0
3008417,890.98
3008418,8.87
3008419,1769.16
3008420,1133.99
3008421,907.33
3008422,187.38
3008423,96.16
3008424,7930.57
3008425,17.13
3008426,0.53
3008427,24.47
3008428,23.55
3008429,0.03
3008430,473.96
3008431,0.66
3008432,6.15
3008433,7.2
3008434,47.37
3008435,2.05
3008436,430.31
3008437,592.51
3008438,5.3
3008439,8.65
3008440,522.34
3008441,104.46
3008442,1527.69
3008443,91.26
3008444,21.14
3008445,14.37
3008446,0.33
3008447,6.99
3008448,4587.04
3008449,0.0
3008450,836.38
3008451,5.81
3008452,1692.2
3008453,966.76
3008454,531.31
3008455,443.58
3008456,77.55
3008457,6195.59
3008458,23.06
3008459,0.44
3008460,50.31
3008461,42.52
3008462,0.05
3008463,463.99
3008464,10.16
3008465,3.16
3008466,12.87
3008467,61.5
3008468,3.24
3008469,169.47
3008470,452.97
3008471,3.64
3008472,7.65
3008473,237.64
3008474,211.41
3008475,1666.56
3008476,0.03
3008477,7.93
3008478,5.26
3008479,0.12
3008480,2.57
3008481,2034.11
3008482,0.0
3008483,135.82
3008484,7.78
3008485,619.02
3008486,383.35
3008487,163.32
3008488,54.73
3008489,47.77
3008490,2540.52
3008491,2.48
3008492,0.44
3008493,33.06
3008494,23.18
3008495,0.0
3008496,181.26
3008497,0.88
3008498,0.0
3008499,4.56
3008500,28.46
3008501,3.37
3008502,111.02
3008503,170.54
3008504,1.28
3008505,6.76
3008506,150.63
3008507,31.19
3008508,390.1
3008509,13.95
3008510,2.11
3008511,1.65
3008512,0.0
3008513,2.05
3008514,81.57
3008515,0.0
3008516,272.37
3008517,10.56
3008518,538.02
3008519,520.48
3008520,135.46
3008521,56.38
3008522,62.0
3008523,2244.7
3008524,16.7
3008525,0.21
3008526,12.69
3008527,14.76
3008528,0.07
3008529,149.63
3008530,20.2
3008531,0.89
3008532,3.67
3008533,40.92
3008534,6.72
3008535,1000.37
3008536,194.35
3008537,3.77
3008538,5.53
3008539,332.4
3008540,28.9
3008541,1203.13
3008542,0.01
3008543,8.23
3008544,2.79
3008545,0.03
3008546,3.84
3008547,3684.22
3008548,0.0
3008549,787.47
3008550,12.41
3008551,1034.49
3008552,1234.31
3008553,281.96
3008554,221.96
3008555,135.27
3008556,3709.32
3008557,31.34
3008558,0.77
3008559,21.06
3008560,38.39
3008561,0.0
3008562,262.61
3008563,16.76
3008564,28.24
3008565,8.47
3008566,66.06
3008567,13.61
3008568,366.54
3008569,311.23
3008570,17.13
3008571,11.33
3008572,478.03
3008573,107.43
3008574,3280.32
3008575,0.01
3008576,17.85
3008577,2.57
3008578,0.02
3008579,3.28
3008580,2040.68
3008581,0.0
3008582,231.23
3008583,6.98
3008584,423.65
3008585,600.96
3008586,135.79
3008587,88.82
3008588,100.81
3008589,1885.23
3008590,22.35
3008591,1.12
3008592,13.42
3008593,11.52
3008594,0.0
3008595,95.09
3008596,0.0
3008597,14.18
3008598,3.95
3008599,161.19
3008600,9.07
3008601,165.37
3008602,135.7
3008603,3.45
3008604,4.14
3008605,166.85
3008606,38.87
3008607,1454.98
3008608,0.69
3008609,2.86
3008610,4.39
3008611,0.0
3008612,0.02
3008613,1180.41
3008614,0.0
3008615,258.83
3008616,5.34
3008617,385.55
3008618,342.45
3008619,101.63
3008620,46.59
3008621,38.96
3008622,1672.51
3008623,0.97
3008624,0.72
3008625,8.85
3008626,7.58
3008627,0.03
3008628,108.15
3008629,0.01
3008630,6.49
3008631,0.5
3008632,16.99
3008633,0.12
3008634,324.82
3008635,159.33
3008636,3.07
3008637,0.92
3008638,156.07
3008639,28.62
3008640,593.02
3008641,0.43
3008642,2.06
3008643,9.6
3008644,0.1
3008645,5.77
3008646,5032.86
3008647,0.0
3008648,1007.0
3008649,14.05
3008650,991.78
3008651,1356.46
3008652,390.5
3008653,341.47
3008654,180.83
3008655,5141.68
3008656,38.37
3008657,2.54
3008658,21.31
3008659,31.97
3008660,0.04
3008661,315.25
3008662,13.89
3008663,46.4
3008664,10.06
3008665,146.66
3008666,6.4
3008667,349.2
3008668,382.6
3008669,12.57
3008670,13.18
3008671,520.12
3008672,119.29
3008673,3292.98
3008674,1.32
3008675,18.89
3008676,6.97
3008677,0.0
3008678,2.9
3008679,5810.92
3008680,0.0
3008681,1052.61
3008682,14.68
3008683,1511.67
3008684,1471.47
3008685,489.29
3008686,360.52
3008687,91.33
3008688,7418.88
3008689,17.84
3008690,0.64
3008691,49.73
3008692,20.64
3008693,0.09
3008694,393.02
3008695,0.0
3008696,6.05
3008697,5.55
3008698,49.19
3008699,1.22
3008700,225.63
3008701,446.23
3008702,6.65
3008703,6.11
3008704,322.48
3008705,108.34
3008706,2036.83
3008707,3.46
3008708,5.89
3008709,7.22
3008710,0.45
3008711,3.05
3008712,4523.95
3008713,0.0
3008714,1049.92
3008715,11.65
3008716,1213.09
3008717,1109.77
3008718,389.3
3008719,330.14
3008720,78.07
3008721,5256.77
3008722,27.85
3008723,1.38
3008724,33.22
3008725,22.33
3008726,0.0
3008727,344.09
3008728,0.0
3008729,5.66
3008730,3.58
3008731,64.24
3008732,2.49
3008733,144.63
3008734,317.67
3008735,5.94
3008736,5.66
3008737,228.11
3008738,84.0
3008739,1438.17
3008740,2.59
3008741,7.51
3008742,14.13
3008743,0.14
3008744,23.86
3008745,10211.97
3008746,0.0
3008747,1371.4
3008748,32.9
3008749,2168.53
3008750,2413.3
3008751,416.64
3008752,640.52
3008753,424.96
3008754,8840.21
3008755,85.42
3008756,3.09
3008757,81.37
3008758,64.78
3008759,0.11
3008760,606.85
3008761,79.03
3008762,53.78
3008763,33.85
3008764,183.43
3008765,41.44
3008766,908.3
3008767,749.01
3008768,22.31
3008769,34.83
3008770,1307.08
3008771,264.43
3008772,9021.79
3008773,0.67
3008774,91.27
3008775,2.37
3008776,0.09
3008777,0.58
3008778,1638.07
3008779,0.0
3008780,204.91
3008781,3.42
3008782,548.85
3008783,191.05
3008784,129.34
3008785,153.12
3008786,47.03
3008787,2114.08
3008788,10.13
3008789,0.24
3008790,13.91
3008791,7.74
3008792,0.0
3008793,144.23
3008794,0.68
3008795,0.0
3008796,1.6
3008797,31.87
3008798,0.71
3008799,54.64
3008800,90.84
3008801,1.6
3008802,4.0
3008803,107.86
3008804,24.02
3008805,444.72
3008806,0.01
3008807,2.33
3008808,7.71
3008809,0.25
3008810,3.27
3008811,4622.49
3008812,0.0
3008813,698.49
3008814,10.13
3008815,1459.34
3008816,938.85
3008817,308.05
3008818,392.1
3008819,67.72
3008820,5916.43
3008821,15.44
3008822,0.47
3008823,32.91
3008824,24.19
3008825,0.0
3008826,385.98
3008827,1.44
3008828,4.03
3008829,8.68
3008830,11.36
3008831,2.11
3008832,426.93
3008833,370.19
3008834,4.25
3008835,11.38
3008836,141.03
3008837,90.94
3008838,1384.26
3008839,2.36
3008840,5.1
3008841,0.42
3008842,0.0
3008843,0.41
3008844,1069.32
3008845,0.0
3008846,156.5
3008847,3.66
3008848,482.62
3008849,216.47
3008850,106.59
3008851,160.37
3008852,22.29
3008853,1708.58
3008854,3.16
3008855,0.14
3008856,9.6
3008857,2.42
3008858,0.03
3008859,90.27
3008860,0.0
3008861,0.0
3008862,0.35
3008863,18.59
3008864,0.09
3008865,72.4
3008866,100.38
3008867,0.39
3008868,0.72
3008869,64.16
3008870,14.09
3008871,247.57
3008872,0.01
3008873,1.97
3008874,9.42
3008875,0.0
3008876,2.19
3008877,2532.2
3008878,0.0
3008879,345.79
3008880,8.95
3008881,1136.16
3008882,526.87
3008883,214.02
3008884,171.13
3008885,42.45
3008886,3414.46
3008887,2.89
3008888,0.2
3008889,35.55
3008890,22.3
3008891,0.03
3008892,288.52
3008893,0.0
3008894,0.0
3008895,14.8
3008896,27.0
3008897,1.68
3008898,311.26
3008899,280.94
3008900,2.03
3008901,3.87
3008902,250.24
3008903,28.85
3008904,1319.95
3008905,0.01
3008906,0.82
3008907,3.09
3008908,0.12
3008909,0.73
3008910,2701.06
3008911,0.0
3008912,745.89
3008913,7.47
3008914,888.17
3008915,713.16
3008916,229.84
3008917,124.75
3008918,66.02
3008919,4259.84
3008920,12.24
3008921,1.8
3008922,28.43
3008923,44.93
3008924,0.04
3008925,212.47
3008926,3.32
3008927,4.14
3008928,2.77
3008929,21.52
3008930,2.97
3008931,171.78
3008932,277.61
3008933,2.91
3008934,6.33
3008935,138.05
3008936,25.79
3008937,564.71
3008938,5.23
3008939,3.06
3008940,3.97
3008941,0.0
3008942,0.01
3008943,1776.0
3008944,0.0
3008945,140.72
3008946,2.04
3008947,535.86
3008948,239.89
3008949,111.1
3008950,152.14
3008951,58.22
3008952,2039.23
3008953,6.76
3008954,0.13
3008955,13.84
3008956,5.54
3008957,0.07
3008958,117.09
3008959,0.0
3008960,0.0
3008961,0.35
3008962,44.84
3008963,0.58
3008964,207.8
3008965,111.59
3008966,0.61
3008967,0.5
3008968,53.94
3008969,23.71
3008970,387.09
3008971,0.01
3008972,0.39
3008973,4.83
3008974,0.0
3008975,0.46
3008976,4267.03
3008977,0.0
3008978,676.52
3008979,8.38
3008980,885.61
3008981,744.08
3008982,237.41
3008983,133.32
3008984,121.83
3008985,4428.66
3008986,8.33
3008987,0.17
3008988,18.09
3008989,11.85
3008990,0.02
3008991,247.93
3008992,0.0
3008993,20.12
3008994,1.54
3008995,68.77
3008996,2.02
3008997,217.82
3008998,240.73
3008999,2.8
3009000,3.93
3009001,123.18
3009002,43.69
3009003,1193.98
3009004,1.24
3009005,0.38
3009006,3.49
3009007,0.0
3009008,9.42
3009009,2277.49
3009010,0.0
3009011,445.69
3009012,6.5
3009013,766.47
3009014,657.31
3009015,137.68
3009016,114.99
3009017,94.84
3009018,2787.18
3009019,36.53
3009020,1.02
3009021,22.45
3009022,21.69
3009023,0.05
3009024,195.0
3009025,31.21
3009026,12.91
3009027,1.24
3009028,78.74
3009029,10.83
3009030,175.95
3009031,257.36
3009032,11.56
3009033,12.45
3009034,210.59
3009035,59.32
3009036,1855.63
3009037,0.02
3009038,12.85
3009039,6.46
3009040,0.0
3009041,10.95
3009042,2831.33
3009043,0.0
3009044,526.97
3009045,12.95
3009046,1061.71
3009047,864.3
3009048,173.05
3009049,117.99
3009050,97.72
3009051,3970.33
3009052,25.89
3009053,0.75
3009054,40.26
3009055,38.35
3009056,0.0
3009057,415.77
3009058,36.72
3009059,16.72
3009060,9.66
3009061,103.07
3009062,15.6
3009063,143.38
3009064,493.47
3009065,9.66
3009066,13.8
3009067,128.46
3009068,88.93
3009069,2147.94
3009070,3.36
3009071,18.16
3009072,9.8
3009073,0.4
3009074,5.13
3009075,4194.76
3009076,0.0
3009077,777.89
3009078,7.4
3009079,1619.72
3009080,701.56
3009081,216.2
3009082,285.95
3009083,75.55
3009084,5867.35
3009085,36.1
3009086,1.89
3009087,33.02
3009088,20.02
3009089,0.08
3009090,401.49
3009091,11.61
3009092,13.75
3009093,6.0
3009094,45.95
3009095,8.4
3009096,162.12
3009097,401.7
3009098,9.32
3009099,9.87
3009100,229.16
3009101,46.2
3009102,1610.07
3009103,18.92
3009104,14.48
3009105,4.52
3009106,0.0
3009107,8.76
3009108,3227.78
3009109,0.0
3009110,431.07
3009111,7.49
3009112,909.04
3009113,952.34
3009114,230.26
3009115,213.65
3009116,118.91
3009117,4239.77
3009118,28.72
3009119,1.2
3009120,17.51
3009121,10.37
3009122,0.04
3009123,246.87
3009124,38.89
3009125,24.51
3009126,0.95
3009127,76.64
3009128,7.98
3009129,410.17
3009130,324.82
3009131,8.68
3009132,11.73
3009133,526.17
3009134,52.28
3009135,2981.99
3009136,0.02
3009137,33.98
3009138,3.67
3009139,0.13
3009140,2.84
3009141,5017.92
3009142,0.0
3009143,534.54
3009144,6.82
3009145,1748.97
3009146,695.94
3009147,275.86
3009148,179.92
3009149,49.79
3009150,5834.85
3009151,9.93
3009152,1.42
3009153,22.62
3009154,18.36
3009155,0.03
3009156,360.22
3009157,0.0
3009158,0.01
3009159,7.72
3009160,19.17
3009161,2.62
3009162,150.09
3009163,340.77
3009164,3.12
3009165,8.84
3009166,153.58
3009167,57.63
3009168,1012.2
3009169,0.02
3009170,4.21
3009171,8.37
3009172,0.0
3009173,12.83
3009174,3066.55
3009175,0.0
3009176,713.41
3009177,10.48
3009178,1318.42
3009179,983.75
3009180,299.46
3009181,201.09
3009182,159.35
3009183,4776.06
3009184,25.0
3009185,1.61
3009186,30.3
3009187,39.57
3009188,0.0
3009189,351.07
3009190,33.65
3009191,19.38
3009192,9.95
3009193,52.2
3009194,16.09
3009195,262.07
3009196,455.67
3009197,15.12
3009198,11.23
3009199,241.16
3009200,76.04
3009201,2575.38
3009202,0.56
3009203,8.46
3009204,4.53
3009205,0.0
3009206,9.93
3009207,2574.54
3009208,0.0
3009209,516.18
3009210,10.26
3009211,773.11
3009212,826.98
3009213,177.62
3009214,160.29
3009215,103.49
3009216,3084.36
3009217,38.19
3009218,1.14
3009219,21.29
3009220,28.18
3009221,0.0
3009222,212.24
3009223,28.2
3009224,33.21
3009225,4.83
3009226,55.62
3009227,14.63
3009228,235.12
3009229,306.59
3009230,9.61
3009231,12.0
3009232,224.28
3009233,53.18
3009234,2540.52
3009235,0.2
3009236,18.19
3009237,5.32
3009238,0.06
3009239,5.02
3009240,5509.34
3009241,0.0
3009242,795.74
3009243,17.24
3009244,1450.77
3009245,982.91
3009246,334.7
3009247,224.6
3009248,56.26
3009249,5783.97
3009250,9.93
3009251,0.03
3009252,18.63
3009253,23.68
3009254,0.04
3009255,284.57
3009256,0.0
3009257,8.58
3009258,0.66
3009259,43.46
3009260,2.23
3009261,224.05
3009262,367.24
3009263,4.14
3009264,1.56
3009265,299.08
3009266,178.34
3009267,1029.49
3009268,4.74
3009269,0.37
3009270,19.83
3009271,0.0
3009272,24.52
3009273,12803.52
3009274,0.0
3009275,2147.2
3009276,21.6
3009277,2682.58
3009278,3466.97
3009279,717.94
3009280,881.04
3009281,487.35
3009282,11861.21
3009283,82.7
3009284,4.11
3009285,128.66
3009286,134.86
3009287,0.0
3009288,885.95
3009289,51.25
3009290,27.47
3009291,35.64
3009292,259.06
3009293,38.74
3009294,1028.06
3009295,806.28
3009296,52.91
3009297,54.61
3009298,1521.06
3009299,318.27
3009300,12360.25
3009301,362.62
3009302,115.74
3009303,21.43
3009304,0.0
3009305,25.93
3009306,11938.84
3009307,0.0
3009308,1568.66
3009309,23.87
3009310,2381.47
3009311,3091.8
3009312,977.86
3009313,590.07
3009314,414.47
3009315,13243.35
3009316,89.2
3009317,1.99
3009318,91.19
3009319,106.43
3009320,0.23
3009321,875.13
3009322,49.1
3009323,44.21
3009324,13.3
3009325,184.43
3009326,29.24
3009327,1538.95
3009328,1096.56
3009329,33.33
3009330,35.69
3009331,1797.97
3009332,307.82
3009333,8419.8
3009334,340.55
3009335,119.46
3009336,16.3
3009337,0.0
3009338,31.01
3009339,8099.32
3009340,0.0
3009341,1351.28
3009342,16.71
3009343,2758.51
3009344,2108.59
3009345,1174.17
3009346,220.68
3009347,351.26
3009348,11464.4
3009349,54.9
3009350,2.83
3009351,61.57
3009352,42.58
3009353,0.15
3009354,898.25
3009355,67.96
3009356,30.83
3009357,9.97
3009358,113.02
3009359,16.89
3009360,1196.45
3009361,1118.18
3009362,35.03
3009363,65.05
3009364,1162.49
3009365,156.33
3009366,3928.26
3009367,348.8
3009368,73.73
3009369,19.23
3009370,0.0
3009371,33.12
3009372,12407.43
3009373,0.0
3009374,1407.9
3009375,18.79
3009376,2332.0
3009377,2569.6
3009378,846.55
3009379,495.08
3009380,321.61
3009381,11911.35
3009382,52.79
3009383,1.76
3009384,94.24
3009385,85.43
3009386,0.72
3009387,807.28
3009388,61.4
3009389,31.16
3009390,23.82
3009391,163.56
3009392,22.11
3009393,1044.22
3009394,1099.19
3009395,34.19
3009396,42.16
3009397,1467.82
3009398,256.62
3009399,7073.06
3009400,350.13
3009401,89.12
3009402,18.35
3009403,0.0
3009404,28.92
3009405,7077.22
3009406,0.0
3009407,1274.32
3009408,19.4
3009409,2541.08
3009410,1779.35
3009411,921.42
3009412,227.33
3009413,267.93
3009414,10515.46
3009415,57.42
3009416,0.5
3009417,57.38
3009418,49.35
3009419,0.0
3009420,777.12
3009421,49.35
3009422,18.32
3009423,4.73
3009424,92.94
3009425,15.54
3009426,1200.02
3009427,1143.56
3009428,30.87
3009429,38.98
3009430,1272.02
3009431,125.27
3009432,3098.62
3009433,348.81
3009434,31.33
3009435,12.61
3009436,0.0
3009437,18.27
3009438,8628.73
3009439,0.0
3009440,1376.57
3009441,22.37
3009442,1986.97
3009443,2421.08
3009444,541.52
3009445,625.47
3009446,388.11
3009447,8696.16
3009448,82.98
3009449,1.08
3009450,60.53
3009451,48.11
3009452,0.02
3009453,588.37
3009454,20.81
3009455,29.46
3009456,9.63
3009457,221.14
3009458,21.7
3009459,925.03
3009460,749.31
3009461,28.34
3009462,39.97
3009463,1140.9
3009464,228.5
3009465,8928.14
3009466,220.61
3009467,81.81
3009468,7.15
3009469,0.22
3009470,7.56
3009471,2176.7
3009472,0.0
3009473,406.66
3009474,19.94
3009475,934.65
3009476,617.03
3009477,245.62
3009478,104.02
3009479,82.95
3009480,3293.48
3009481,22.25
3009482,1.05
3009483,22.1
3009484,13.47
3009485,0.0
3009486,237.48
3009487,20.96
3009488,7.42
3009489,11.88
3009490,49.21
3009491,11.8
3009492,265.56
3009493,291.84
3009494,4.04
3009495,8.13
3009496,241.49
3009497,64.79
3009498,1612.76
3009499,0.49
3009500,10.58
3009501,13.15
3009502,0.0
3009503,23.67
3009504,5652.06
3009505,0.0
3009506,710.83
3009507,28.28
3009508,1742.4
3009509,1318.06
3009510,548.03
3009511,142.46
3009512,146.57
3009513,7501.99
3009514,67.21
3009515,1.8
3009516,79.93
3009517,45.32
3009518,0.0
3009519,511.45
3009520,18.01
3009521,8.08
3009522,4.32
3009523,107.4
3009524,17.01
3009525,591.3
3009526,733.5
3009527,19.28
3009528,34.47
3009529,509.75
3009530,97.68
3009531,2463.29
3009532,328.2
3009533,21.39
3009534,8.27
3009535,0.0
3009536,7.26
3009537,6009.14
3009538,0.0
3009539,1125.3
3009540,8.58
3009541,1635.81
3009542,1979.74
3009543,305.65
3009544,432.77
3009545,269.57
3009546,6223.04
3009547,48.25
3009548,1.3
3009549,31.6
3009550,44.62
3009551,0.0
3009552,380.74
3009553,8.87
3009554,41.73
3009555,5.37
3009556,143.67
3009557,14.09
3009558,659.48
3009559,396.57
3009560,24.55
3009561,15.24
3009562,736.43
3009563,137.25
3009564,5844.95
3009565,1.53
3009566,55.39
3009567,12.55
3009568,0.0
3009569,9.96
3009570,5506.28
3009571,0.0
3009572,1135.72
3009573,12.49
3009574,1583.13
3009575,1412.73
3009576,432.47
3009577,283.86
3009578,326.99
3009579,7628.6
3009580,45.6
3009581,3.07
3009582,50.27
3009583,56.34
3009584,0.13
3009585,483.7
3009586,13.55
3009587,50.56
3009588,8.92
3009589,147.94
3009590,14.23
3009591,503.67
3009592,487.62
3009593,16.76
3009594,34.35
3009595,623.48
3009596,129.01
3009597,4862.91
3009598,7.44
3009599,9.72
3009600,12.48
3009601,0.0
3009602,6.47
3009603,2746.37
3009604,0.0
3009605,563.6
3009606,8.31
3009607,1059.97
3009608,663.09
3009609,271.89
3009610,123.55
3009611,114.25
3009612,3770.58
3009613,19.39
3009614,1.25
3009615,39.54
3009616,28.85
3009617,0.03
3009618,251.79
3009619,10.4
3009620,14.7
3009621,7.14
3009622,86.56
3009623,7.74
3009624,299.38
3009625,313.31
3009626,5.92
3009627,7.5
3009628,248.42
3009629,77.13
3009630,2330.31
3009631,0.12
3009632,3.84
3009633,7.98
3009634,0.0
3009635,0.66
3009636,6584.6
3009637,0.0
3009638,395.09
3009639,3.38
3009640,1373.01
3009641,364.47
3009642,301.89
3009643,90.11
3009644,39.6
3009645,4383.56
3009646,9.1
3009647,0.8
3009648,25.9
3009649,14.92
3009650,0.01
3009651,307.81
3009652,0.0
3009653,0.0
3009654,2.75
3009655,20.59
3009656,1.22
3009657,67.2
3009658,255.33
3009659,0.01
3009660,1.83
3009661,65.75
3009662,100.4
3009663,781.89
3009664,0.01
3009665,2.02
3009666,7.92
3009667,0.0
3009668,10.7
3009669,4979.62
3009670,0.0
3009671,658.64
3009672,12.85
3009673,1561.66
3009674,1347.56
3009675,432.51
3009676,275.7
3009677,196.31
3009678,6001.95
3009679,49.55
3009680,1.45
3009681,37.75
3009682,45.55
3009683,0.0
3009684,407.84
3009685,48.09
3009686,20.82
3009687,13.95
3009688,84.44
3009689,10.25
3009690,563.03
3009691,476.79
3009692,11.99
3009693,22.97
3009694,687.18
3009695,129.07
3009696,3502.58
3009697,0.01
3009698,54.85
3009699,4.9
3009700,0.02
3009701,8.03
3009702,3973.32
3009703,0.0
3009704,663.18
3009705,13.82
3009706,862.65
3009707,1181.85
3009708,168.46
3009709,270.68
3009710,198.56
3009711,3214.25
3009712,32.11
3009713,2.06
3009714,25.62
3009715,28.36
3009716,0.08
3009717,237.69
3009718,16.81
3009719,34.89
3009720,7.11
3009721,165.82
3009722,17.91
3009723,439.83
3009724,236.03
3009725,9.05
3009726,12.15
3009727,565.12
3009728,121.41
3009729,4351.09
3009730,0.23
3009731,36.39
3009732,3.93
3009733,0.25
3009734,17.01
3009735,5774.54
3009736,0.0
3009737,927.9
3009738,14.36
3009739,1424.99
3009740,1628.97
3009741,350.21
3009742,446.14
3009743,171.97
3009744,5580.92
3009745,48.33
3009746,3.28
3009747,44.87
3009748,47.42
3009749,0.0
3009750,421.57
3009751,45.1
3009752,35.5
3009753,23.97
3009754,112.08
3009755,23.86
3009756,481.41
3009757,482.26
3009758,28.98
3009759,25.24
3009760,706.72
3009761,187.34
3009762,5318.6
3009763,0.54
3009764,41.39
3009765,15.26
3009766,0.15
3009767,12.12
3009768,4881.05
3009769,0.0
3009770,609.76
3009771,14.0
3009772,1808.69
3009773,974.87
3009774,632.78
3009775,271.86
3009776,97.03
3009777,7649.18
3009778,13.11
3009779,1.51
3009780,68.79
3009781,56.32
3009782,0.0
3009783,477.89
3009784,17.74
3009785,5.48
3009786,12.91
3009787,43.75
3009788,9.02
3009789,434.02
3009790,538.63
3009791,8.62
3009792,10.98
3009793,528.39
3009794,117.5
3009795,1871.95
3009796,94.22
3009797,22.24
3009798,2.91
3009799,0.0
3009800,3.94
3009801,2015.58
3009802,0.0
3009803,333.48
3009804,11.88
3009805,626.57
3009806,692.67
3009807,144.0
3009808,155.53
3009809,120.46
3009810,2453.13
3009811,17.46
3009812,1.29
3009813,16.04
3009814,31.33
3009815,0.0
3009816,188.19
3009817,13.08
3009818,14.84
3009819,6.24
3009820,64.81
3009821,6.31
3009822,244.09
3009823,180.69
3009824,0.84
3009825,8.28
3009826,318.26
3009827,60.29
3009828,2221.26
3009829,0.01
3009830,20.14
3009831,0.66
3009832,0.0
3009833,1.35
3009834,1138.44
3009835,0.0
3009836,102.02
3009837,0.87
3009838,654.77
3009839,274.8
3009840,244.64
3009841,78.11
3009842,37.84
3009843,2493.95
3009844,1.26
3009845,0.21
3009846,6.64
3009847,5.44
3009848,0.02
3009849,156.54
3009850,3.39
3009851,0.0
3009852,0.83
3009853,3.74
3009854,0.3
3009855,173.37
3009856,163.25
3009857,0.49
3009858,2.19
3009859,130.04
3009860,21.13
3009861,223.57
3009862,3.56
3009863,0.94
3009864,4.71
3009865,0.21
3009866,3.38
3009867,4210.24
3009868,0.0
3009869,662.37
3009870,9.07
3009871,1641.3
3009872,602.99
3009873,502.02
3009874,254.35
3009875,65.09
3009876,6413.94
3009877,13.4
3009878,0.46
3009879,22.0
3009880,16.35
3009881,0.08
3009882,481.24
3009883,10.24
3009884,1.22
3009885,7.43
3009886,18.42
3009887,3.1
3009888,583.77
3009889,333.7
3009890,1.76
3009891,12.41
3009892,255.16
3009893,95.68
3009894,1235.06
3009895,20.64
3009896,7.47
3009897,4.09
3009898,0.0
3009899,1.73
3009900,1632.89
3009901,0.0
3009902,206.65
3009903,6.52
3009904,726.93
3009905,402.12
3009906,203.44
3009907,86.03
3009908,34.08
3009909,2520.43
3009910,4.28
3009911,0.24
3009912,11.27
3009913,19.5
3009914,0.0
3009915,167.15
3009916,6.18
3009917,0.0
3009918,10.3
3009919,15.74
3009920,1.24
3009921,154.72
3009922,163.4
3009923,1.27
3009924,3.76
3009925,127.9
3009926,33.15
3009927,322.96
3009928,8.87
3009929,1.46
3009930,3.46
3009931,0.0
3009932,2.15
3009933,1513.61
3009934,0.0
3009935,121.88
3009936,3.08
3009937,674.57
3009938,137.66
3009939,156.69
3009940,68.99
3009941,27.41
3009942,2672.65
3009943,5.6
3009944,0.06
3009945,10.57
3009946,10.67
3009947,0.0
3009948,131.19
3009949,1.73
3009950,0.0
3009951,0.97
3009952,19.71
3009953,0.79
3009954,172.59
3009955,198.67
3009956,0.25
3009957,3.95
3009958,72.68
3009959,22.36
3009960,179.67
3009961,4.37
3009962,0.62
3009963,2.89
3009964,0.0
3009965,0.53
3009966,1457.89
3009967,0.0
3009968,162.53
3009969,4.81
3009970,890.88
3009971,387.0
3009972,248.61
3009973,46.43
3009974,32.19
3009975,2708.01
3009976,4.29
3009977,0.18
3009978,7.03
3009979,18.77
3009980,0.08
3009981,206.21
3009982,0.37
3009983,0.0
3009984,1.67
3009985,8.16
3009986,1.92
3009987,225.24
3009988,249.75
3009989,0.68
3009990,4.65
3009991,72.01
3009992,97.45
3009993,387.66
3009994,5.96
3009995,3.44
3009996,2.39
3009997,0.61
3009998,3.35
3009999,1816.64
3010000,0.0
3010001,148.03
3010002,2.47
3010003,856.36
3010004,367.94
3010005,278.02
3010006,159.81
3010007,60.21
3010008,2760.11
3010009,5.17
3010010,0.47
3010011,15.23
3010012,13.31
3010013,0.04
3010014,233.29
3010015,6.27
3010016,0.0
3010017,2.57
3010018,10.56
3010019,1.45
3010020,142.62
3010021,186.11
3010022,0.59
3010023,3.38
3010024,116.53
3010025,35.97
3010026,616.45
3010027,9.2
3010028,2.66
3010029,3.45
3010030,0.12
3010031,0.1
3010032,1467.73
3010033,0.0
3010034,162.27
3010035,2.02
3010036,759.14
3010037,137.04
3010038,153.55
3010039,368.91
3010040,21.16
3010041,2055.28
3010042,4.43
3010043,0.14
3010044,11.73
3010045,11.05
3010046,0.02
3010047,168.74
3010048,0.0
3010049,0.0
3010050,0.99
3010051,11.8
3010052,0.92
3010053,54.67
3010054,138.53
3010055,0.86
3010056,1.76
3010057,61.84
3010058,35.03
3010059,467.9
3010060,0.0
3010061,0.69
3010062,6.62
3010063,0.25
3010064,2.96
3010065,3035.06
3010066,0.0
3010067,335.16
3010068,3.38
3010069,1068.63
3010070,683.95
3010071,456.25
3010072,305.56
3010073,86.84
3010074,4325.0
3010075,11.09
3010076,0.66
3010077,22.07
3010078,22.16
3010079,0.0
3010080,280.06
3010081,0.03
3010082,0.0
3010083,5.13
3010084,16.09
3010085,3.14
3010086,257.63
3010087,272.36
3010088,1.51
3010089,6.16
3010090,362.08
3010091,45.66
3010092,1183.13
3010093,26.18
3010094,10.47
3010095,1.65
3010096,0.07
3010097,4.76
3010098,1812.15
3010099,0.0
3010100,11.98
3010101,5.63
3010102,554.4
3010103,529.76
3010104,159.14
3010105,234.28
3010106,42.12
3010107,2680.34
3010108,8.33
3010109,0.58
3010110,14.52
3010111,14.02
3010112,0.0
3010113,172.22
3010114,7.77
3010115,1.14
3010116,5.94
3010117,32.42
3010118,1.29
3010119,63.88
3010120,144.22
3010121,2.8
3010122,6.08
3010123,112.2
3010124,39.72
3010125,1232.31
3010126,42.71
3010127,9.26
3010128,5.46
3010129,0.17
3010130,1.7
3010131,2496.33
3010132,0.0
3010133,160.0
3010134,4.1
3010135,848.21
3010136,338.62
3010137,297.9
3010138,95.55
3010139,43.77
3010140,3222.45
3010141,6.17
3010142,0.79
3010143,11.84
3010144,11.34
3010145,0.05
3010146,175.83
3010147,6.42
3010148,0.0
3010149,2.41
3010150,9.5
3010151,2.22
3010152,136.29
3010153,186.12
3010154,0.98
3010155,4.39
3010156,79.51
3010157,25.49
3010158,240.49
3010159,6.09
3010160,3.99
3010161,4.92
3010162,0.0
3010163,8.83
3010164,2695.98
3010165,0.0
3010166,611.06
3010167,8.94
3010168,826.73
3010169,748.11
3010170,209.98
3010171,165.14
3010172,85.93
3010173,3726.24
3010174,28.21
3010175,0.88
3010176,13.8
3010177,26.65
3010178,0.15
3010179,233.84
3010180,19.51
3010181,9.95
3010182,5.95
3010183,44.5
3010184,8.85
3010185,368.18
3010186,260.06
3010187,6.96
3010188,7.14
3010189,420.28
3010190,103.17
3010191,2241.34
3010192,0.05
3010193,32.61
3010194,5.6
3010195,0.0
3010196,4.62
3010197,3223.9
3010198,0.0
3010199,406.58
3010200,4.9
3010201,1044.32
3010202,668.26
3010203,527.6
3010204,112.17
3010205,50.99
3010206,5214.25
3010207,9.6
3010208,0.25
3010209,14.42
3010210,10.92
3010211,0.05
3010212,299.16
3010213,0.28
3010214,2.81
3010215,2.99
3010216,17.36
3010217,1.07
3010218,252.9
3010219,306.94
3010220,3.07
3010221,4.69
3010222,253.41
3010223,55.72
3010224,917.41
3010225,55.86
3010226,9.85
3010227,7.81
3010228,0.36
3010229,3.65
3010230,3269.35
3010231,0.0
3010232,437.91
3010233,3.42
3010234,1061.11
3010235,583.41
3010236,290.3
3010237,425.2
3010238,53.46
3010239,3922.86
3010240,10.46
3010241,0.27
3010242,25.13
3010243,27.02
3010244,0.05
3010245,298.55
3010246,2.5
3010247,1.0
3010248,7.95
3010249,46.22
3010250,1.66
3010251,100.99
3010252,265.78
3010253,2.03
3010254,5.83
3010255,133.62
3010256,144.02
3010257,1104.81
3010258,0.03
3010259,5.38
3010260,4.14
3010261,0.11
3010262,1.59
3010263,1685.44
3010264,0.0
3010265,109.72
3010266,5.57
3010267,551.95
3010268,311.28
3010269,143.07
3010270,68.75
3010271,39.04
3010272,2444.66
3010273,3.5
3010274,0.48
3010275,25.56
3010276,17.27
3010277,0.0
3010278,160.89
3010279,0.13
3010280,0.0
3010281,3.89
3010282,22.1
3010283,1.73
3010284,113.23
3010285,156.91
3010286,0.71
3010287,5.08
3010288,110.01
3010289,18.05
3010290,371.71
3010291,16.85
3010292,1.34
3010293,0.66
3010294,0.0
3010295,3.03
3010296,1034.32
3010297,0.0
3010298,29.38
3010299,7.8
3010300,495.62
3010301,463.98
3010302,128.7
3010303,51.32
3010304,49.89
3010305,2111.48
3010306,18.6
3010307,0.19
3010308,10.53
3010309,12.44
3010310,0.26
3010311,129.67
3010312,11.72
3010313,0.33
3010314,2.54
3010315,23.79
3010316,5.18
3010317,377.08
3010318,165.27
3010319,2.91
3010320,3.77
3010321,298.13
3010322,30.71
3010323,1135.98
3010324,0.01
3010325,6.87
3010326,2.26
3010327,0.03
3010328,5.7
3010329,3330.65
3010330,0.0
3010331,722.72
3010332,13.94
3010333,922.86
3010334,1248.67
3010335,265.38
3010336,222.98
3010337,138.27
3010338,3806.61
3010339,26.34
3010340,0.72
3010341,17.36
3010342,27.91
3010343,0.0
3010344,251.76
3010345,11.48
3010346,31.32
3010347,9.62
3010348,59.74
3010349,11.73
3010350,369.36
3010351,270.48
3010352,14.46
3010353,10.73
3010354,511.07
3010355,112.83
3010356,3487.95
3010357,0.01
3010358,20.52
3010359,1.65
3010360,0.03
3010361,3.17
3010362,1749.53
3010363,0.0
3010364,210.51
3010365,3.64
3010366,321.86
3010367,502.49
3010368,121.12
3010369,89.5
3010370,59.31
3010371,1530.97
3010372,14.89
3010373,0.57
3010374,10.79
3010375,12.98
3010376,0.0
3010377,84.16
3010378,0.0
3010379,9.54
3010380,3.54
3010381,109.54
3010382,5.82
3010383,151.27
3010384,94.22
3010385,3.99
3010386,4.05
3010387,125.88
3010388,34.11
3010389,1275.7
3010390,0.41
3010391,2.91
3010392,2.61
3010393,0.0
3010394,0.02
3010395,720.82
3010396,0.0
3010397,194.19
3010398,3.46
3010399,261.73
3010400,236.54
3010401,80.23
3010402,32.78
3010403,25.93
3010404,1225.4
3010405,0.97
3010406,0.51
3010407,7.06
3010408,4.83
3010409,0.04
3010410,63.44
3010411,0.01
3010412,3.46
3010413,0.17
3010414,6.85
3010415,0.05
3010416,227.0
3010417,106.13
3010418,1.98
3010419,0.42
3010420,114.36
3010421,19.77
3010422,472.46
3010423,0.38
3010424,1.55
3010425,5.03
3010426,0.1
3010427,4.33
3010428,3298.64
3010429,0.0
3010430,692.64
3010431,12.09
3010432,885.28
3010433,1096.14
3010434,270.22
3010435,249.16
3010436,90.32
3010437,3915.59
3010438,26.63
3010439,1.69
3010440,17.59
3010441,24.0
3010442,0.12
3010443,234.78
3010444,5.97
3010445,29.71
3010446,6.67
3010447,55.78
3010448,4.33
3010449,314.77
3010450,242.21
3010451,9.69
3010452,8.0
3010453,430.58
3010454,79.79
3010455,2858.41
3010456,0.63
3010457,14.66
3010458,5.0
3010459,0.0
3010460,1.62
3010461,3272.7
3010462,0.0
3010463,611.7
3010464,8.81
3010465,956.69
3010466,843.39
3010467,323.86
3010468,334.46
3010469,45.21
3010470,4372.15
3010471,9.67
3010472,0.45
3010473,31.46
3010474,14.67
3010475,0.24
3010476,229.86
3010477,0.0
3010478,2.88
3010479,4.12
3010480,19.9
3010481,0.33
3010482,197.82
3010483,266.18
3010484,4.01
3010485,3.89
3010486,189.42
3010487,78.4
3010488,1296.96
3010489,1.61
3010490,4.16
3010491,4.65
3010492,0.31
3010493,1.72
3010494,2801.89
3010495,0.0
3010496,626.09
3010497,7.91
3010498,863.27
3010499,689.58
3010500,254.94
3010501,444.71
3010502,46.8
3010503,3716.74
3010504,13.29
3010505,0.68
3010506,22.71
3010507,13.48
3010508,0.0
3010509,240.86
3010510,0.0
3010511,2.85
3010512,2.36
3010513,29.83
3010514,1.65
3010515,114.48
3010516,221.73
3010517,4.07
3010518,3.84
3010519,168.15
3010520,63.62
3010521,1007.2
3010522,1.29
3010523,5.08
3010524,7.61
3010525,0.14
3010526,14.43
3010527,7438.17
3010528,0.0
3010529,1186.04
3010530,23.01
3010531,1876.85
3010532,2031.77
3010533,329.67
3010534,479.59
3010535,277.17
3010536,7423.83
3010537,68.55
3010538,2.56
3010539,54.94
3010540,47.97
3010541,0.13
3010542,478.6
3010543,40.46
3010544,38.47
3010545,19.74
3010546,115.93
3010547,25.02
3010548,656.65
3010549,488.76
3010550,15.54
3010551,21.37
3010552,1145.41
3010553,219.08
3010554,7661.67
3010555,0.27
3010556,75.41
3010557,1.81
3010558,0.17
3010559,0.37
3010560,1514.67
3010561,0.0
3010562,154.42
3010563,2.01
3010564,507.24
3010565,258.46
3010566,105.7
3010567,216.0
3010568,30.5
3010569,2004.34
3010570,4.56
3010571,0.16
3010572,10.05
3010573,8.76
3010574,0.0
3010575,126.63
3010576,0.11
3010577,0.0
3010578,1.71
3010579,15.94
3010580,0.32
3010581,47.98
3010582,85.84
3010583,1.15
3010584,4.03
3010585,100.29
3010586,21.79
3010587,481.42
3010588,0.01
3010589,1.65
3010590,5.67
3010591,0.17
3010592,0.81
3010593,3282.43
3010594,0.0
3010595,539.92
3010596,6.69
3010597,1057.18
3010598,632.25
3010599,219.69
3010600,445.78
3010601,60.13
3010602,4109.05
3010603,11.21
3010604,0.28
3010605,20.59
3010606,16.49
3010607,0.0
3010608,267.08
3010609,0.97
3010610,3.12
3010611,5.94
3010612,7.25
3010613,1.22
3010614,309.42
3010615,235.81
3010616,2.47
3010617,5.45
3010618,98.67
3010619,57.92
3010620,1025.63
3010621,0.95
3010622,4.49
3010623,0.33
3010624,0.0
3010625,0.33
3010626,935.53
3010627,0.0
3010628,109.56
3010629,1.96
3010630,458.77
3010631,179.57
3010632,89.68
3010633,642.66
3010634,16.19
3010635,1574.39
3010636,0.86
3010637,0.16
3010638,6.42
3010639,1.99
3010640,0.05
3010641,83.01
3010642,0.0
3010643,0.0
3010644,0.25
3010645,10.98
3010646,0.08
3010647,58.27
3010648,75.26
3010649,0.32
3010650,0.67
3010651,49.92
3010652,8.98
3010653,165.7
3010654,0.02
3010655,1.37
3010656,6.26
3010657,0.0
3010658,1.09
3010659,2188.93
3010660,0.0
3010661,244.05
3010662,5.47
3010663,913.6
3010664,414.43
3010665,167.3
3010666,870.7
3010667,39.11
3010668,2882.02
3010669,0.54
3010670,0.26
3010671,27.26
3010672,15.34
3010673,0.07
3010674,212.97
3010675,0.0
3010676,0.0
3010677,11.33
3010678,10.46
3010679,0.68
3010680,226.37
3010681,208.37
3010682,1.58
3010683,2.31
3010684,161.9
3010685,25.64
3010686,1129.52
3010687,0.01
3010688,0.46
3010689,2.78
3010690,0.32
3010691,0.77
3010692,2340.73
3010693,0.0
3010694,691.36
3010695,6.14
3010696,839.68
3010697,624.62
3010698,225.39
3010699,195.26
3010700,62.53
3010701,3763.62
3010702,5.26
3010703,2.51
3010704,20.91
3010705,43.38
3010706,0.04
3010707,216.93
3010708,0.82
3010709,3.66
3010710,3.67
3010711,14.21
3010712,2.12
3010713,185.21
3010714,265.92
3010715,2.9
3010716,5.7
3010717,129.09
3010718,28.49
3010719,595.96
3010720,2.81
3010721,2.7
3010722,3.19
3010723,0.0
3010724,0.03
3010725,1507.34
3010726,0.0
3010727,94.48
3010728,0.66
3010729,436.25
3010730,166.78
3010731,96.55
3010732,261.22
3010733,29.85
3010734,2067.38
3010735,2.57
3010736,0.12
3010737,7.73
3010738,2.93
3010739,0.07
3010740,107.36
3010741,0.0
3010742,0.0
3010743,0.11
3010744,11.99
3010745,0.33
3010746,184.78
3010747,88.4
3010748,0.7
3010749,0.64
3010750,43.37
3010751,15.72
3010752,310.9
3010753,0.01
3010754,0.11
3010755,3.43
3010756,0.01
3010757,0.5
3010758,3220.79
3010759,0.0
3010760,520.88
3010761,5.92
3010762,760.7
3010763,536.11
3010764,175.4
3010765,147.94
3010766,68.84
3010767,3453.29
3010768,5.13
3010769,0.17
3010770,17.11
3010771,7.63
3010772,0.07
3010773,198.17
3010774,0.0
3010775,13.74
3010776,1.76
3010777,23.0
3010778,1.24
3010779,207.64
3010780,196.67
3010781,2.4
3010782,3.38
3010783,108.51
3010784,42.24
3010785,1026.74
3010786,0.71
3010787,0.28
3010788,3.79
3010789,0.0
3010790,7.52
3010791,2332.85
3010792,0.0
3010793,510.64
3010794,4.6
3010795,823.05
3010796,888.59
3010797,151.25
3010798,127.26
3010799,96.41
3010800,3403.12
3010801,38.9
3010802,1.16
3010803,23.35
3010804,25.77
3010805,0.16
3010806,212.04
3010807,20.71
3010808,16.26
3010809,0.9
3010810,67.64
3010811,9.96
3010812,194.78
3010813,264.83
3010814,11.0
3010815,11.32
3010816,239.71
3010817,64.63
3010818,2308.11
3010819,0.03
3010820,11.03
3010821,3.95
3010822,0.0
3010823,6.67
3010824,1863.94
3010825,0.0
3010826,449.77
3010827,9.45
3010828,834.43
3010829,753.35
3010830,141.68
3010831,85.5
3010832,91.67
3010833,3128.08
3010834,20.16
3010835,0.62
3010836,29.81
3010837,25.26
3010838,0.0
3010839,286.67
3010840,18.1
3010841,11.54
3010842,7.92
3010843,53.85
3010844,9.02
3010845,179.72
3010846,323.85
3010847,6.2
3010848,8.11
3010849,122.51
3010850,70.24
3010851,1950.34
3010852,0.93
3010853,13.47
3010854,6.67
3010855,0.26
3010856,1.82
3010857,3172.34
3010858,0.0
3010859,733.94
3010860,5.25
3010861,1322.22
3010862,605.03
3010863,194.23
3010864,1913.03
3010865,53.65
3010866,5142.89
3010867,30.07
3010868,1.18
3010869,21.75
3010870,15.18
3010871,0.07
3010872,341.16
3010873,4.91
3010874,11.4
3010875,6.7
3010876,32.18
3010877,5.05
3010878,151.19
3010879,288.8
3010880,6.2
3010881,6.76
3010882,201.14
3010883,47.25
3010884,1557.27
3010885,11.16
3010886,11.97
3010887,2.15
3010888,0.0
3010889,5.62
3010890,2220.44
3010891,0.0
3010892,355.03
3010893,5.1
3010894,749.31
3010895,706.09
3010896,172.47
3010897,140.73
3010898,66.4
3010899,2994.48
3010900,18.81
3010901,0.7
3010902,12.37
3010903,7.92
3010904,0.06
3010905,191.6
3010906,15.41
3010907,14.03
3010908,0.85
3010909,42.07
3010910,6.16
3010911,360.76
3010912,229.15
3010913,5.85
3010914,7.29
3010915,356.53
3010916,47.54
3010917,2060.71
3010918,0.01
3010919,24.02
3010920,2.91
3010921,0.15
3010922,0.58
3010923,4209.69
3010924,0.0
3010925,476.57
3010926,5.67
3010927,1746.58
3010928,654.35
3010929,285.64
3010930,245.17
3010931,49.04
3010932,5503.56
3010933,7.31
3010934,1.42
3010935,24.94
3010936,18.96
3010937,0.08
3010938,345.41
3010939,0.0
3010940,0.01
3010941,8.97
3010942,16.03
3010943,1.51
3010944,133.04
3010945,307.3
3010946,1.21
3010947,6.96
3010948,157.19
3010949,60.08
3010950,1118.6
3010951,0.02
3010952,3.62
3010953,5.18
3010954,0.0
3010955,7.33
3010956,2059.6
3010957,0.0
3010958,494.04
3010959,8.19
3010960,895.56
3010961,738.14
3010962,202.77
3010963,136.14
3010964,90.43
3010965,3336.26
3010966,19.13
3010967,0.92
3010968,19.02
3010969,31.45
3010970,0.0
3010971,230.36
3010972,11.23
3010973,11.02
3010974,5.85
3010975,30.44
3010976,9.78
3010977,193.38
3010978,284.05
3010979,11.78
3010980,6.99
3010981,206.9
3010982,53.18
3010983,2102.92
3010984,0.43
3010985,6.72
3010986,2.41
3010987,0.0
3010988,6.61
3010989,2042.22
3010990,0.0
3010991,477.43
3010992,7.42
3010993,653.04
3010994,788.9
3010995,154.04
3010996,129.48
3010997,92.02
3010998,2757.57
3010999,27.67
3011000,0.69
3011001,15.54
3011002,19.28
3011003,0.0
3011004,195.46
3011005,12.5
3011006,31.43
3011007,4.29
3011008,46.2
3011009,9.47
3011010,207.28
3011011,222.49
3011012,7.74
3011013,8.13
3011014,204.09
3011015,49.55
3011016,2415.82
3011017,0.07
3011018,13.95
3011019,3.13
3011020,0.03
3011021,3.83
3011022,4922.24
3011023,0.0
3011024,618.73
3011025,11.18
3011026,1238.79
3011027,856.6
3011028,288.16
3011029,484.59
3011030,47.71
3011031,4887.81
3011032,7.33
3011033,0.05
3011034,15.46
3011035,20.26
3011036,0.04
3011037,247.83
3011038,0.0
3011039,2.85
3011040,0.72
3011041,43.71
3011042,1.73
3011043,215.36
3011044,292.38
3011045,2.3
3011046,1.21
3011047,175.31
3011048,119.05
3011049,981.91
3011050,2.5
3011051,0.21
3011052,12.85
3011053,0.0
3011054,12.89
3011055,7735.1
3011056,0.0
3011057,1473.5
3011058,21.05
3011059,2099.42
3011060,2122.27
3011061,462.14
3011062,543.72
3011063,308.82
3011064,8356.03
3011065,66.72
3011066,2.58
3011067,104.46
3011068,88.23
3011069,0.01
3011070,545.4
3011071,26.57
3011072,19.63
3011073,36.53
3011074,189.37
3011075,26.67
3011076,732.14
3011077,519.29
3011078,30.42
3011079,36.91
3011080,1054.21
3011081,292.79
3011082,8289.38
3011083,276.04
3011084,87.35
3011085,12.74
3011086,0.0
3011087,14.37
3011088,7690.1
3011089,0.0
3011090,1132.1
3011091,20.72
3011092,1907.33
3011093,2042.98
3011094,613.17
3011095,361.24
3011096,247.83
3011097,9398.96
3011098,69.47
3011099,1.15
3011100,57.62
3011101,73.55
3011102,0.16
3011103,549.22
3011104,14.05
3011105,24.81
3011106,13.29
3011107,96.52
3011108,19.64
3011109,899.15
3011110,600.12
3011111,18.58
3011112,27.35
3011113,1135.99
3011114,233.54
3011115,5817.54
3011116,239.59
3011117,85.71
3011118,9.73
3011119,0.0
3011120,17.45
3011121,4777.76
3011122,0.0
3011123,832.68
3011124,11.85
3011125,1653.06
3011126,1523.61
3011127,700.17
3011128,132.01
3011129,204.83
3011130,7764.4
3011131,35.01
3011132,1.75
3011133,35.47
3011134,26.27
3011135,0.15
3011136,533.88
3011137,15.13
3011138,17.05
3011139,6.6
3011140,83.27
3011141,10.8
3011142,898.08
3011143,599.35
3011144,17.92
3011145,32.66
3011146,680.86
3011147,142.62
3011148,2574.17
3011149,248.95
3011150,40.28
3011151,11.32
3011152,0.0
3011153,17.42
3011154,7088.53
3011155,0.0
3011156,1085.05
3011157,17.83
3011158,2122.49
3011159,1964.5
3011160,585.61
3011161,333.64
3011162,205.99
3011163,8744.3
3011164,38.19
3011165,1.34
3011166,61.59
3011167,64.21
3011168,0.47
3011169,541.63
3011170,20.42
3011171,24.01
3011172,29.81
3011173,126.9
3011174,14.47
3011175,768.12
3011176,596.31
3011177,18.81
3011178,22.9
3011179,1296.06
3011180,220.83
3011181,5177.43
3011182,271.18
3011183,66.03
3011184,9.09
3011185,0.0
3011186,16.13
3011187,3579.95
3011188,0.0
3011189,816.53
3011190,13.16
3011191,1838.56
3011192,1069.4
3011193,547.25
3011194,98.27
3011195,137.34
3011196,6924.15
3011197,30.33
3011198,0.28
3011199,24.69
3011200,30.12
3011201,0.0
3011202,467.79
3011203,15.61
3011204,9.11
3011205,2.6
3011206,61.11
3011207,8.26
3011208,738.67
3011209,602.33
3011210,14.65
3011211,20.24
3011212,715.89
3011213,82.44
3011214,1719.19
3011215,270.65
3011216,20.43
3011217,9.27
3011218,0.0
3011219,11.36
3011220,6430.27
3011221,0.0
3011222,1208.82
3011223,20.89
3011224,1724.28
3011225,2153.86
3011226,406.9
3011227,484.35
3011228,293.97
3011229,7486.69
3011230,64.7
3011231,1.15
3011232,44.47
3011233,45.52
3011234,0.05
3011235,465.09
3011236,12.76
3011237,25.12
3011238,5.86
3011239,140.63
3011240,18.62
3011241,746.29
3011242,503.82
3011243,18.81
3011244,28.51
3011245,1060.23
3011246,206.14
3011247,7749.24
3011248,224.22
3011249,74.73
3011250,4.95
3011251,0.2
3011252,7.35
3011253,1805.72
3011254,0.0
3011255,372.23
3011256,18.8
3011257,826.35
3011258,565.38
3011259,210.11
3011260,86.36
3011261,79.08
3011262,2892.38
3011263,16.09
3011264,0.76
3011265,22.13
3011266,20.13
3011267,0.0
3011268,204.65
3011269,12.29
3011270,6.04
3011271,10.08
3011272,31.65
3011273,7.82
3011274,246.08
3011275,245.07
3011276,2.95
3011277,6.44
3011278,198.24
3011279,61.71
3011280,1438.05
3011281,0.31
3011282,8.8
3011283,6.89
3011284,0.0
3011285,13.77
3011286,3780.3
3011287,0.0
3011288,566.48
3011289,23.8
3011290,1303.24
3011291,1025.45
3011292,405.92
3011293,113.06
3011294,108.44
3011295,6058.66
3011296,52.69
3011297,0.83
3011298,52.51
3011299,31.92
3011300,0.0
3011301,377.65
3011302,10.15
3011303,5.05
3011304,2.62
3011305,87.67
3011306,10.05
3011307,542.97
3011308,487.44
3011309,11.28
3011310,18.94
3011311,395.77
3011312,82.57
3011313,2085.2
3011314,247.97
3011315,14.78
3011316,5.7
3011317,0.0
3011318,5.05
3011319,4300.52
3011320,0.0
3011321,883.48
3011322,8.75
3011323,1376.23
3011324,1490.11
3011325,236.2
3011326,352.45
3011327,193.68
3011328,4832.52
3011329,39.94
3011330,0.95
3011331,21.22
3011332,39.16
3011333,0.0
3011334,279.99
3011335,2.05
3011336,32.86
3011337,4.27
3011338,72.55
3011339,9.55
3011340,546.16
3011341,299.66
3011342,18.18
3011343,9.54
3011344,667.95
3011345,125.47
3011346,4804.15
3011347,0.71
3011348,43.18
3011349,7.31
3011350,0.0
3011351,8.6
3011352,4222.06
3011353,0.0
3011354,875.37
3011355,9.26
3011356,1334.76
3011357,1162.29
3011358,322.16
3011359,228.02
3011360,254.62
3011361,5660.6
3011362,29.08
3011363,2.58
3011364,43.05
3011365,38.19
3011366,0.1
3011367,338.18
3011368,8.17
3011369,36.71
3011370,6.47
3011371,148.39
3011372,9.97
3011373,409.92
3011374,314.98
3011375,13.34
3011376,20.8
3011377,428.81
3011378,122.89
3011379,4390.18
3011380,3.67
3011381,7.47
3011382,6.76
3011383,0.0
3011384,4.64
3011385,1863.88
3011386,0.0
3011387,424.18
3011388,4.64
3011389,825.35
3011390,467.1
3011391,200.49
3011392,84.07
3011393,79.92
3011394,2893.64
3011395,14.31
3011396,0.96
3011397,22.87
3011398,23.84
3011399,0.05
3011400,195.7
3011401,4.6
3011402,7.95
3011403,4.67
3011404,43.08
3011405,4.52
3011406,215.17
3011407,208.81
3011408,4.59
3011409,5.11
3011410,167.16
3011411,55.78
3011412,1755.37
3011413,0.09
3011414,3.24
3011415,5.22
3011416,0.0
3011417,1.08
3011418,3702.02
3011419,0.0
3011420,256.89
3011421,2.02
3011422,984.87
3011423,273.66
3011424,217.41
3011425,80.58
3011426,25.45
3011427,3145.84
3011428,7.74
3011429,0.37
3011430,19.77
3011431,13.07
3011432,0.03
3011433,207.77
3011434,0.0
3011435,0.0
3011436,2.03
3011437,8.81
3011438,0.46
3011439,54.12
3011440,169.06
3011441,0.01
3011442,1.36
3011443,50.39
3011444,90.02
3011445,572.87
3011446,0.01
3011447,1.12
3011448,4.59
3011449,0.0
3011450,6.84
3011451,3165.7
3011452,0.0
3011453,554.99
3011454,10.35
3011455,1141.03
3011456,938.12
3011457,314.61
3011458,177.73
3011459,122.23
3011460,4538.59
3011461,28.37
3011462,0.71
3011463,23.39
3011464,34.85
3011465,0.0
3011466,267.48
3011467,20.42
3011468,9.9
3011469,11.96
3011470,36.49
3011471,6.83
3011472,432.95
3011473,346.02
3011474,8.39
3011475,12.62
3011476,500.66
3011477,88.76
3011478,2530.15
3011479,0.01
3011480,35.81
3011481,3.69
3011482,0.01
3011483,7.85
3011484,3878.28
3011485,0.0
3011486,713.36
3011487,14.12
3011488,1005.21
3011489,1310.65
3011490,184.28
3011491,306.73
3011492,189.35
3011493,3638.84
3011494,38.03
3011495,2.35
3011496,25.02
3011497,30.47
3011498,0.17
3011499,237.37
3011500,13.14
3011501,33.55
3011502,4.49
3011503,100.58
3011504,16.0
3011505,502.83
3011506,271.42
3011507,6.6
3011508,12.22
3011509,650.86
3011510,127.96
3011511,5575.24
3011512,0.25
3011513,39.66
3011514,3.93
3011515,0.17
3011516,11.16
3011517,3911.4
3011518,0.0
3011519,779.36
3011520,16.01
3011521,1161.29
3011522,1361.23
3011523,261.48
3011524,306.14
3011525,151.13
3011526,4390.23
3011527,33.9
3011528,2.47
3011529,39.02
3011530,36.66
3011531,0.0
3011532,318.25
3011533,22.83
3011534,30.59
3011535,21.64
3011536,84.33
3011537,17.06
3011538,425.52
3011539,324.06
3011540,16.28
3011541,17.17
3011542,570.28
3011543,132.98
3011544,4055.86
3011545,0.38
3011546,34.0
3011547,9.37
3011548,0.18
3011549,8.06
3011550,3279.94
3011551,0.0
3011552,495.93
3011553,9.58
3011554,1346.52
3011555,782.82
3011556,469.77
3011557,283.6
3011558,69.05
3011559,5661.0
3011560,8.13
3011561,0.88
3011562,45.64
3011563,35.45
3011564,0.0
3011565,411.04
3011566,9.74
3011567,4.0
3011568,5.07
3011569,29.98
3011570,6.74
3011571,327.0
3011572,394.98
3011573,6.19
3011574,6.14
3011575,335.95
3011576,102.15
3011577,1412.06
3011578,85.28
3011579,14.54
3011580,3.78
3011581,0.0
3011582,1.46
3011583,2010.56
3011584,0.0
3011585,303.4
3011586,11.77
3011587,660.35
3011588,648.81
3011589,125.49
3011590,128.17
3011591,104.77
3011592,2515.78
3011593,19.97
3011594,1.16
3011595,17.56
3011596,24.24
3011597,0.0
3011598,174.65
3011599,12.89
3011600,14.73
3011601,6.73
3011602,77.17
3011603,6.32
3011604,246.54
3011605,157.82
3011606,3.21
3011607,8.63
3011608,282.24
3011609,52.37
3011610,2118.76
3011611,0.01
3011612,16.58
3011613,0.96
3011614,0.0
3011615,1.24
3011616,1150.56
3011617,0.0
3011618,101.63
3011619,1.53
3011620,580.21
3011621,157.1
3011622,226.29
3011623,34.96
3011624,33.17
3011625,2422.59
3011626,2.48
3011627,0.26
3011628,6.62
3011629,8.39
3011630,0.01
3011631,145.67
3011632,2.14
3011633,0.0
3011634,0.55
3011635,5.03
3011636,0.25
3011637,167.02
3011638,148.46
3011639,0.48
3011640,3.02
3011641,126.43
3011642,21.21
3011643,289.32
3011644,6.62
3011645,0.77
3011646,5.64
3011647,0.26
3011648,4.73
3011649,4007.24
3011650,0.0
3011651,717.7
3011652,10.03
3011653,1638.46
3011654,617.43
3011655,461.38
3011656,249.14
3011657,69.06
3011658,6121.72
3011659,16.39
3011660,0.42
3011661,22.75
3011662,12.13
3011663,0.05
3011664,420.17
3011665,9.17
3011666,2.39
3011667,8.21
3011668,23.91
3011669,2.62
3011670,606.06
3011671,301.58
3011672,1.51
3011673,11.25
3011674,453.72
3011675,96.44
3011676,2092.88
3011677,10.41
3011678,7.95
3011679,3.72
3011680,0.0
3011681,0.06
3011682,1499.56
3011683,0.0
3011684,165.45
3011685,7.9
3011686,677.27
3011687,379.14
3011688,191.7
3011689,48.79
3011690,32.62
3011691,2351.17
3011692,4.94
3011693,0.2
3011694,11.65
3011695,15.36
3011696,0.0
3011697,152.5
3011698,6.2
3011699,0.0
3011700,8.2
3011701,25.66
3011702,1.13
3011703,172.34
3011704,155.43
3011705,0.96
3011706,3.8
3011707,146.56
3011708,32.59
3011709,438.28
3011710,9.08
3011711,2.44
3011712,3.25
3011713,0.0
3011714,3.37
3011715,1356.33
3011716,0.0
3011717,112.6
3011718,4.28
3011719,679.7
3011720,140.79
3011721,152.04
3011722,32.39
3011723,25.17
3011724,2452.14
3011725,5.11
3011726,0.05
3011727,9.4
3011728,6.77
3011729,0.0
3011730,119.05
3011731,1.57
3011732,0.0
3011733,0.89
3011734,21.21
3011735,0.58
3011736,175.55
3011737,167.41
3011738,0.3
3011739,3.58
3011740,85.31
3011741,21.77
3011742,259.53
3011743,8.89
3011744,0.72
3011745,2.28
3011746,0.0
3011747,0.96
3011748,1396.93
3011749,0.0
3011750,167.82
3011751,4.81
3011752,813.11
3011753,374.9
3011754,239.36
3011755,27.63
3011756,33.74
3011757,2714.68
3011758,2.64
3011759,0.17
3011760,7.17
3011761,14.56
3011762,0.02
3011763,165.6
3011764,0.24
3011765,0.0
3011766,1.32
3011767,14.04
3011768,2.02
3011769,199.55
3011770,222.77
3011771,0.53
3011772,4.79
3011773,57.4
3011774,93.11
3011775,516.43
3011776,5.68
3011777,4.0
3011778,2.21
3011779,0.49
3011780,1.66
3011781,1726.92
3011782,0.0
3011783,147.9
3011784,2.44
3011785,809.71
3011786,343.83
3011787,250.5
3011788,84.25
3011789,60.29
3011790,2676.92
3011791,4.54
3011792,0.42
3011793,11.55
3011794,16.36
3011795,0.02
3011796,203.72
3011797,6.05
3011798,0.0
3011799,2.18
3011800,8.94
3011801,0.87
3011802,140.33
3011803,172.91
3011804,0.42
3011805,3.24
3011806,110.87
3011807,45.45
3011808,1015.33
3011809,11.9
3011810,2.7
3011811,3.37
3011812,0.07
3011813,0.08
3011814,1277.6
3011815,0.0
3011816,168.84
3011817,2.88
3011818,681.36
3011819,123.91
3011820,145.11
3011821,101.82
3011822,23.97
3011823,1810.45
3011824,3.21
3011825,0.12
3011826,9.63
3011827,9.71
3011828,0.02
3011829,135.95
3011830,0.0
3011831,0.0
3011832,0.83
3011833,19.13
3011834,0.99
3011835,53.17
3011836,110.22
3011837,0.44
3011838,2.17
3011839,61.25
3011840,34.28
3011841,805.25
3011842,0.0
3011843,0.96
3011844,5.82
3011845,0.25
3011846,2.94
3011847,2712.17
3011848,0.0
3011849,329.91
3011850,4.13
3011851,934.54
3011852,624.36
3011853,425.5
3011854,161.08
3011855,84.76
3011856,4073.59
3011857,12.29
3011858,0.66
3011859,21.93
3011860,21.89
3011861,0.0
3011862,228.16
3011863,0.05
3011864,0.0
3011865,6.39
3011866,20.8
3011867,2.6
3011868,249.45
3011869,211.81
3011870,1.24
3011871,5.92
3011872,318.6
3011873,50.97
3011874,2161.84
3011875,13.0
3011876,11.63
3011877,1.73
3011878,0.09
3011879,3.12
3011880,1966.82
3011881,0.0
3011882,7.75
3011883,6.31
3011884,494.44
3011885,522.07
3011886,143.77
3011887,162.17
3011888,43.78
3011889,2653.23
3011890,7.18
3011891,0.35
3011892,17.64
3011893,15.54
3011894,0.0
3011895,151.0
3011896,6.74
3011897,2.86
3011898,7.44
3011899,43.37
3011900,1.02
3011901,69.77
3011902,118.64
3011903,2.81
3011904,5.81
3011905,110.87
3011906,49.3
3011907,3053.16
3011908,42.67
3011909,9.57
3011910,4.77
3011911,0.09
3011912,2.9
3011913,2235.65
3011914,0.0
3011915,158.25
3011916,5.09
3011917,764.02
3011918,309.28
3011919,275.6
3011920,61.81
3011921,35.83
3011922,2913.9
3011923,7.86
3011924,0.81
3011925,10.8
3011926,9.34
3011927,0.02
3011928,162.49
3011929,5.39
3011930,0.0
3011931,2.27
3011932,13.39
3011933,2.28
3011934,137.81
3011935,156.46
3011936,0.64
3011937,4.51
3011938,83.1
3011939,24.58
3011940,390.88
3011941,10.73
3011942,3.78
3011943,4.11
3011944,0.0
3011945,8.22
3011946,2291.31
3011947,0.0
3011948,569.06
3011949,8.92
3011950,742.94
3011951,720.16
3011952,196.63
3011953,145.44
3011954,87.96
3011955,3176.2
3011956,24.25
3011957,0.48
3011958,17.9
3011959,14.48
3011960,0.1
3011961,209.3
3011962,19.63
3011963,10.02
3011964,4.03
3011965,58.62
3011966,7.82
3011967,381.87
3011968,218.57
3011969,6.79
3011970,6.71
3011971,378.72
3011972,99.78
3011973,1893.76
3011974,0.06
3011975,28.12
3011976,4.73
3011977,0.01
3011978,4.55
3011979,2859.16
3011980,0.0
3011981,390.46
3011982,5.22
3011983,961.84
3011984,580.8
3011985,559.4
3011986,88.77
3011987,50.26
3011988,4053.45
3011989,10.94
3011990,0.28
3011991,14.0
3011992,11.49
3011993,0.07
3011994,250.81
3011995,0.31
3011996,5.41
3011997,4.69
3011998,22.89
3011999,0.55
3012000,240.92
3012001,280.16
3012002,2.74
3012003,4.14
3012004,223.62
3012005,54.9
3012006,1226.64
3012007,50.29
3012008,9.24
3012009,7.25
3012010,0.5
3012011,3.56
3012012,2871.2
3012013,0.0
3012014,422.64
3012015,4.76
3012016,1006.32
3012017,572.62
3012018,292.8
3012019,190.16
3012020,60.69
3012021,3561.76
3012022,10.87
3012023,0.34
3012024,25.98
3012025,25.57
3012026,0.06
3012027,263.4
3012028,1.73
3012029,3.23
3012030,6.76
3012031,52.34
3012032,1.67
3012033,110.72
3012034,229.79
3012035,1.86
3012036,5.76
3012037,147.26
3012038,124.14
3012039,2139.04
3012040,0.04
3012041,5.43
3012042,3.39
3012043,0.08
3012044,1.55
3012045,1483.55
3012046,0.0
3012047,112.76
3012048,5.76
3012049,492.88
3012050,275.46
3012051,128.71
3012052,41.52
3012053,38.68
3012054,2232.44
3012055,3.15
3012056,0.56
3012057,25.0
3012058,19.2
3012059,0.0
3012060,147.83
3012061,0.13
3012062,0.0
3012063,3.34
3012064,27.2
3012065,1.49
3012066,94.77
3012067,122.68
3012068,0.46
3012069,4.61
3012070,117.95
3012071,26.96
3012072,591.93
3012073,9.81
3012074,2.39
3012075,0.87
3012076,0.0
3012077,2.32
3012078,1073.22
3012079,0.0
3012080,159.55
3012081,8.24
3012082,477.89
3012083,449.54
3012084,110.29
3012085,42.34
3012086,50.53
3012087,1944.55
3012088,18.62
3012089,0.11
3012090,8.67
3012091,10.6
3012092,0.19
3012093,111.31
3012094,10.35
3012095,0.2
3012096,2.39
3012097,33.82
3012098,5.18
3012099,581.57
3012100,152.71
3012101,2.62
3012102,3.57
3012103,358.33
3012104,30.38
3012105,1107.58
3012106,0.01
3012107,7.3
3012108,2.25
3012109,0.02
3012110,5.41
3012111,3166.78
3012112,0.0
3012113,688.49
3012114,13.01
3012115,945.7
3012116,1127.14
3012117,251.52
3012118,214.37
3012119,146.69
3012120,3530.53
3012121,24.33
3012122,0.77
3012123,18.9
3012124,32.36
3012125,0.0
3012126,232.01
3012127,10.01
3012128,31.64
3012129,10.03
3012130,66.07
3012131,11.24
3012132,350.32
3012133,259.79
3012134,15.01
3012135,10.27
3012136,492.99
3012137,104.45
3012138,3148.77
3012139,0.02
3012140,21.01
3012141,1.65
3012142,0.02
3012143,2.75
3012144,1508.82
3012145,0.0
3012146,217.0
3012147,4.04
3012148,270.77
3012149,432.86
3012150,117.48
3012151,81.33
3012152,55.09
3012153,1326.35
3012154,12.82
3012155,0.47
3012156,12.38
3012157,15.87
3012158,0.0
3012159,65.1
3012160,0.0
3012161,12.48
3012162,3.41
3012163,104.05
3012164,5.64
3012165,143.73
3012166,96.91
3012167,3.48
3012168,4.0
3012169,119.66
3012170,32.91
3012171,974.68
3012172,0.47
3012173,2.63
3012174,2.21
3012175,0.0
3012176,0.03
3012177,694.04
3012178,0.0
3012179,195.12
3012180,4.22
3012181,237.42
3012182,193.38
3012183,63.03
3012184,26.16
3012185,25.75
3012186,1031.63
3012187,0.29
3012188,0.46
3012189,5.82
3012190,7.58
3012191,0.04
3012192,53.16
3012193,0.0
3012194,3.34
3012195,0.23
3012196,12.42
3012197,0.06
3012198,170.79
3012199,107.93
3012200,1.84
3012201,0.8
3012202,104.25
3012203,20.85
3012204,413.08
3012205,0.23
3012206,1.45
3012207,4.82
3012208,0.09
3012209,1.47
3012210,2682.78
3012211,0.0
3012212,558.87
3012213,12.06
3012214,711.53
3012215,873.38
3012216,236.86
3012217,203.54
3012218,84.45
3012219,3210.18
3012220,21.25
3012221,1.54
3012222,15.14
3012223,22.47
3012224,0.09
3012225,195.99
3012226,5.3
3012227,29.29
3012228,6.66
3012229,69.13
3012230,3.59
3012231,236.94
3012232,196.77
3012233,8.63
3012234,7.45
3012235,333.51
3012236,69.03
3012237,2079.74
3012238,0.5
3012239,13.79
3012240,4.68
3012241,0.0
3012242,3.69
3012243,2999.6
3012244,0.0
3012245,597.68
3012246,10.36
3012247,996.98
3012248,885.34
3012249,341.61
3012250,250.18
3012251,59.02
3012252,4199.36
3012253,10.74
3012254,0.52
3012255,28.42
3012256,12.98
3012257,0.17
3012258,225.61
3012259,0.0
3012260,4.83
3012261,3.8
3012262,31.35
3012263,0.47
3012264,204.71
3012265,261.09
3012266,3.55
3012267,3.41
3012268,195.5
3012269,77.58
3012270,2871.26
3012271,1.36
3012272,4.37
3012273,5.2
3012274,0.36
3012275,3.74
3012276,2787.48
3012277,0.0
3012278,670.93
3012279,9.48
3012280,866.86
3012281,675.81
3012282,259.79
3012283,199.71
3012284,55.32
3012285,3649.36
3012286,15.06
3012287,0.64
3012288,22.31
3012289,14.07
3012290,0.0
3012291,223.86
3012292,0.0
3012293,4.68
3012294,2.16
3012295,41.84
3012296,1.59
3012297,118.34
3012298,203.21
3012299,4.38
3012300,4.06
3012301,177.2
3012302,63.16
3012303,2327.41
3012304,1.13
3012305,5.5
3012306,7.82
3012307,0.08
3012308,14.01
3012309,6369.54
3012310,0.0
3012311,1016.97
3012312,27.32
3012313,1674.61
3012314,1801.03
3012315,302.01
3012316,400.12
3012317,251.51
3012318,6633.81
3012319,59.59
3012320,2.35
3012321,52.36
3012322,47.48
3012323,0.08
3012324,433.68
3012325,32.51
3012326,44.12
3012327,23.83
3012328,145.74
3012329,21.7
3012330,592.57
3012331,436.74
3012332,14.27
3012333,20.44
3012334,977.4
3012335,211.04
3012336,6417.54
3012337,0.25
3012338,67.37
3012339,2.41
3012340,0.11
3012341,0.44
3012342,1434.7
3012343,0.0
3012344,167.7
3012345,2.09
3012346,554.08
3012347,156.03
3012348,110.22
3012349,132.52
3012350,39.43
3012351,2151.87
3012352,3.93
3012353,0.17
3012354,11.7
3012355,7.08
3012356,0.0
3012357,157.07
3012358,0.11
3012359,0.0
3012360,1.73
3012361,25.21
3012362,0.32
3012363,69.06
3012364,84.63
3012365,0.82
3012366,4.34
3012367,100.38
3012368,29.32
3012369,1178.12
3012370,0.01
3012371,2.38
3012372,4.91
3012373,0.13
3012374,0.83
3012375,3218.41
3012376,0.0
3012377,563.56
3012378,7.64
3012379,954.94
3012380,633.02
3012381,203.38
3012382,283.08
3012383,67.4
3012384,4208.39
3012385,11.46
3012386,0.3
3012387,18.66
3012388,16.98
3012389,0.0
3012390,244.35
3012391,1.11
3012392,4.64
3012393,6.41
3012394,14.03
3012395,1.03
3012396,292.0
3012397,220.38
3012398,2.4
3012399,5.79
3012400,115.77
3012401,58.33
3012402,2675.44
3012403,0.95
3012404,4.58
3012405,0.18
3012406,0.0
3012407,0.39
3012408,1060.45
3012409,0.0
3012410,98.7
3012411,2.24
3012412,425.31
3012413,150.62
3012414,91.82
3012415,146.15
3012416,18.68
3012417,1609.42
3012418,0.52
3012419,0.07
3012420,5.4
3012421,1.76
3012422,0.04
3012423,75.25
3012424,0.0
3012425,0.0
3012426,0.19
3012427,10.42
3012428,0.1
3012429,61.82
3012430,71.46
3012431,0.24
3012432,0.75
3012433,49.77
3012434,7.44
3012435,336.56
3012436,0.02
3012437,1.1
3012438,6.07
3012439,0.0
3012440,0.93
3012441,1999.21
3012442,0.0
3012443,224.72
3012444,5.28
3012445,862.13
3012446,393.9
3012447,181.98
3012448,103.35
3012449,48.11
3012450,2645.88
3012451,0.43
3012452,0.19
3012453,24.72
3012454,15.53
3012455,0.09
3012456,176.45
3012457,0.0
3012458,0.0
3012459,11.16
3012460,18.2
3012461,0.94
3012462,217.21
3012463,183.49
3012464,1.45
3012465,3.02
3012466,197.51
3012467,28.57
3012468,2056.14
3012469,0.01
3012470,0.46
3012471,2.53
3012472,0.46
3012473,1.05
3012474,2052.18
3012475,0.0
3012476,637.98
3012477,6.67
3012478,748.2
3012479,543.59
3012480,201.33
3012481,128.21
3012482,58.56
3012483,3414.85
3012484,4.9
3012485,2.09
3012486,21.6
3012487,41.33
3012488,0.05
3012489,196.89
3012490,0.76
3012491,4.61
3012492,3.58
3012493,17.43
3012494,1.85
3012495,151.3
3012496,222.17
3012497,2.53
3012498,4.17
3012499,115.66
3012500,26.82
3012501,1051.68
3012502,2.33
3012503,2.01
3012504,3.65
3012505,0.0
3012506,0.02
3012507,1299.12
3012508,0.0
3012509,91.28
3012510,1.32
3012511,389.28
3012512,148.36
3012513,85.61
3012514,145.49
3012515,27.56
3012516,1779.67
3012517,2.26
3012518,0.13
3012519,6.17
3012520,2.17
3012521,0.08
3012522,94.18
3012523,0.0
3012524,0.0
3012525,0.04
3012526,15.44
3012527,0.32
3012528,191.01
3012529,87.8
3012530,0.61
3012531,0.43
3012532,42.68
3012533,16.73
3012534,637.89
3012535,0.01
3012536,0.16
3012537,3.53
3012538,0.01
3012539,0.53
3012540,3214.22
3012541,0.0
3012542,640.94
3012543,6.0
3012544,773.09
3012545,623.68
3012546,191.51
3012547,152.7
3012548,70.24
3012549,3542.46
3012550,7.22
3012551,0.17
3012552,16.44
3012553,10.94
3012554,0.06
3012555,185.7
3012556,0.0
3012557,22.97
3012558,2.19
3012559,37.99
3012560,1.47
3012561,218.83
3012562,187.83
3012563,2.23
3012564,3.4
3012565,124.14
3012566,45.62
3012567,2553.9
3012568,0.67
3012569,0.27
3012570,3.35
3012571,0.0
3012572,4.87
3012573,2231.39
3012574,0.0
3012575,457.53
3012576,6.15
3012577,839.86
3012578,764.11
3012579,137.81
3012580,111.54
3012581,95.11
3012582,3162.29
3012583,41.08
3012584,1.06
3012585,21.72
3012586,29.8
3012587,0.12
3012588,189.65
3012589,20.08
3012590,18.6
3012591,1.13
3012592,73.0
3012593,9.14
3012594,195.3
3012595,231.2
3012596,7.92
3012597,10.09
3012598,229.88
3012599,63.38
3012600,2098.99
3012601,0.04
3012602,10.64
3012603,4.06
3012604,0.0
3012605,7.6
3012606,1640.69
3012607,0.0
3012608,374.19
3012609,10.46
3012610,720.69
3012611,702.27
3012612,124.3
3012613,73.61
3012614,93.25
3012615,2671.83
3012616,19.33
3012617,0.61
3012618,29.74
3012619,24.03
3012620,0.0
3012621,235.88
3012622,18.23
3012623,12.87
3012624,7.7
3012625,61.17
3012626,8.51
3012627,131.51
3012628,256.74
3012629,5.9
3012630,8.11
3012631,97.56
3012632,65.37
3012633,1660.53
3012634,0.93
3012635,13.16
3012636,6.53
3012637,0.29
3012638,1.57
3012639,3141.53
3012640,0.0
3012641,678.54
3012642,6.16
3012643,1245.17
3012644,631.47
3012645,193.94
3012646,305.7
3012647,62.78
3012648,4557.86
3012649,29.73
3012650,1.04
3012651,21.85
3012652,15.12
3012653,0.07
3012654,331.66
3012655,5.04
3012656,11.88
3012657,3.98
3012658,34.03
3012659,4.62
3012660,164.19
3012661,256.2
3012662,5.64
3012663,6.9
3012664,186.45
3012665,47.9
3012666,2700.05
3012667,11.5
3012668,13.63
3012669,2.39
3012670,0.0
3012671,3.44
3012672,1887.06
3012673,0.0
3012674,304.73
3012675,5.79
3012676,689.33
3012677,622.15
3012678,161.72
3012679,121.17
3012680,64.22
3012681,2853.24
3012682,16.66
3012683,0.61
3012684,12.04
3012685,7.35
3012686,0.05
3012687,181.99
3012688,15.11
3012689,14.81
3012690,0.93
3012691,50.13
3012692,5.68
3012693,293.05
3012694,193.7
3012695,4.77
3012696,6.52
3012697,332.87
3012698,45.68
3012699,1916.02
3012700,0.01
3012701,22.21
3012702,2.69
3012703,0.15
3012704,0.82
3012705,3989.4
3012706,0.0
3012707,482.47
3012708,5.77
3012709,1463.25
3012710,593.44
3012711,255.96
3012712,186.14
3012713,60.45
3012714,4792.32
3012715,7.35
3012716,1.12
3012717,22.86
3012718,20.42
3012719,0.05
3012720,339.16
3012721,0.0
3012722,0.0
3012723,7.94
3012724,26.1
3012725,1.48
3012726,128.0
3012727,275.72
3012728,2.36
3012729,9.23
3012730,155.42
3012731,52.56
3012732,2156.86
3012733,0.02
3012734,3.79
3012735,5.06
3012736,0.0
3012737,8.35
3012738,1619.93
3012739,0.0
3012740,418.99
3012741,8.56
3012742,843.7
3012743,611.45
3012744,176.05
3012745,107.87
3012746,95.0
3012747,2895.79
3012748,19.06
3012749,0.88
3012750,19.37
3012751,25.11
3012752,0.0
3012753,198.25
3012754,10.7
3012755,12.51
3012756,7.8
3012757,39.72
3012758,8.51
3012759,151.53
3012760,262.03
3012761,10.17
3012762,7.83
3012763,186.25
3012764,48.16
3012765,1736.67
3012766,0.26
3012767,6.19
3012768,2.51
3012769,0.0
3012770,3.47
3012771,1794.01
3012772,0.0
3012773,395.77
3012774,6.54
3012775,587.52
3012776,709.41
3012777,141.41
3012778,103.39
3012779,79.74
3012780,2340.55
3012781,23.93
3012782,0.59
3012783,15.78
3012784,17.43
3012785,0.0
3012786,159.71
3012787,10.82
3012788,32.12
3012789,2.91
3012790,42.76
3012791,8.02
3012792,183.33
3012793,194.2
3012794,6.99
3012795,7.38
3012796,183.9
3012797,49.37
3012798,1994.09
3012799,0.13
3012800,12.37
3012801,3.42
3012802,0.02
3012803,1.67
3012804,4326.52
3012805,0.0
3012806,586.08
3012807,11.71
3012808,1058.7
3012809,727.79
3012810,267.32
3012811,154.6
3012812,48.26
3012813,4339.49
3012814,7.45
3012815,0.03
3012816,16.48
3012817,15.04
3012818,0.03
3012819,221.17
3012820,0.0
3012821,4.94
3012822,0.48
3012823,37.39
3012824,1.01
3012825,214.13
3012826,239.45
3012827,1.96
3012828,0.95
3012829,249.2
3012830,122.93
3012831,1907.29
3012832,1.64
3012833,0.2
3012834,11.51
3012835,0.0
3012836,12.09
3012837,6682.59
3012838,0.0
3012839,1289.38
3012840,23.86
3012841,1696.63
3012842,1876.3
3012843,426.12
3012844,452.94
3012845,305.11
3012846,7515.79
3012847,67.27
3012848,2.28
3012849,108.17
3012850,92.11
3012851,0.09
3012852,494.57
3012853,22.65
3012854,20.57
3012855,38.04
3012856,194.91
3012857,21.54
3012858,640.83
3012859,422.53
3012860,28.77
3012861,29.98
3012862,854.35
3012863,271.66
3012864,6748.97
3012865,275.69
3012866,79.67
3012867,11.75
3012868,0.0
3012869,13.97
3012870,6273.69
3012871,0.0
3012872,962.15
3012873,21.24
3012874,1924.87
3012875,1795.23
3012876,539.12
3012877,277.31
3012878,209.01
3012879,8149.35
3012880,67.0
3012881,1.17
3012882,54.12
3012883,70.55
3012884,0.14
3012885,476.83
3012886,12.1
3012887,26.17
3012888,9.98
3012889,125.79
3012890,18.01
3012891,761.87
3012892,518.92
3012893,15.99
3012894,23.14
3012895,967.53
3012896,199.51
3012897,4582.23
3012898,241.17
3012899,71.45
3012900,9.09
3012901,0.0
3012902,15.95
3012903,3777.08
3012904,0.0
3012905,713.5
3012906,12.45
3012907,1561.06
3012908,1119.1
3012909,586.47
3012910,99.48
3012911,183.97
3012912,6611.51
3012913,35.46
3012914,1.69
3012915,31.24
3012916,21.9
3012917,0.12
3012918,456.38
3012919,15.39
3012920,17.45
3012921,8.38
3012922,84.38
3012923,9.52
3012924,779.29
3012925,527.5
3012926,16.67
3012927,33.25
3012928,588.68
3012929,116.32
3012930,1980.81
3012931,242.39
3012932,34.0
3012933,10.25
3012934,0.0
3012935,17.4
3012936,6051.54
3012937,0.0
3012938,964.74
3012939,18.65
3012940,1792.21
3012941,1681.35
3012942,488.15
3012943,265.47
3012944,192.13
3012945,7511.06
3012946,37.51
3012947,1.27
3012948,53.86
3012949,54.61
3012950,0.33
3012951,473.62
3012952,19.2
3012953,24.41
3012954,26.01
3012955,139.87
3012956,12.28
3012957,681.16
3012958,525.43
3012959,16.22
3012960,21.89
3012961,937.78
3012962,183.85
3012963,4212.73
3012964,194.18
3012965,59.67
3012966,8.46
3012967,0.0
3012968,15.11
3012969,2957.66
3012970,0.0
3012971,632.8
3012972,13.89
3012973,1570.49
3012974,896.56
3012975,429.31
3012976,77.91
3012977,109.87
3012978,5678.85
3012979,27.7
3012980,0.22
3012981,22.02
3012982,28.97
3012983,0.0
3012984,410.69
3012985,12.92
3012986,8.26
3012987,2.5
3012988,72.53
3012989,7.13
3012990,646.78
3012991,486.3
3012992,13.4
3012993,17.37
3012994,564.72
3012995,76.55
3012996,1392.02
3012997,268.17
3012998,18.26
3012999,7.14
3013000,0.0
3013001,13.16
3013002,5193.41
3013003,0.0
3013004,1001.95
3013005,24.62
3013006,1498.07
3013007,1808.0
3013008,349.11
3013009,401.46
3013010,264.58
3013011,6531.16
3013012,62.13
3013013,1.06
3013014,48.07
3013015,40.84
3013016,0.04
3013017,413.73
3013018,9.18
3013019,21.05
3013020,7.79
3013021,146.89
3013022,15.09
3013023,597.1
3013024,443.6
3013025,14.86
3013026,26.69
3013027,845.99
3013028,181.08
3013029,6115.9
3013030,241.52
3013031,60.83
3013032,4.65
3013033,0.11
3013034,7.06
3013035,1479.7
3013036,0.0
3013037,332.44
3013038,18.91
3013039,724.85
3013040,486.75
3013041,184.43
3013042,73.71
3013043,74.6
3013044,2400.79
3013045,16.61
3013046,0.83
3013047,21.78
3013048,19.47
3013049,0.0
3013050,168.32
3013051,10.63
3013052,5.59
3013053,10.55
3013054,35.16
3013055,7.14
3013056,209.47
3013057,215.16
3013058,2.32
3013059,6.54
3013060,220.0
3013061,47.57
3013062,1366.96
3013063,0.3
3013064,8.26
3013065,7.19
3013066,0.0
3013067,12.65
3013068,3310.79
3013069,0.0
3013070,470.35
3013071,25.95
3013072,1153.61
3013073,958.92
3013074,387.51
3013075,82.29
3013076,96.75
3013077,5140.0
3013078,49.63
3013079,0.79
3013080,51.17
3013081,28.25
3013082,0.0
3013083,321.69
3013084,8.66
3013085,4.57
3013086,2.41
3013087,88.52
3013088,8.74
3013089,493.28
3013090,413.92
3013091,9.83
3013092,17.69
3013093,331.37
3013094,73.64
3013095,1790.72
3013096,281.59
3013097,14.21
3013098,5.58
3013099,0.0
3013100,3.5
3013101,3664.76
3013102,0.0
3013103,711.33
3013104,8.38
3013105,1191.45
3013106,1329.26
3013107,205.43
3013108,297.34
3013109,189.77
3013110,4128.8
3013111,35.75
3013112,1.01
3013113,27.09
3013114,31.69
3013115,0.0
3013116,261.08
3013117,1.87
3013118,29.74
3013119,4.1
3013120,81.76
3013121,8.85
3013122,517.58
3013123,247.68
3013124,15.84
3013125,8.22
3013126,623.72
3013127,104.97
3013128,4476.57
3013129,0.71
3013130,38.57
3013131,7.09
3013132,0.0
3013133,8.21
3013134,3645.53
3013135,0.0
3013136,692.13
3013137,9.84
3013138,1180.31
3013139,996.47
3013140,310.07
3013141,170.58
3013142,246.63
3013143,4705.25
3013144,26.52
3013145,1.94
3013146,35.0
3013147,39.81
3013148,0.11
3013149,283.41
3013150,5.72
3013151,39.53
3013152,6.16
3013153,149.1
3013154,9.24
3013155,353.83
3013156,277.03
3013157,11.59
3013158,20.27
3013159,376.98
3013160,112.75
3013161,3537.22
3013162,3.89
3013163,7.35
3013164,6.62
3013165,0.0
3013166,2.62
3013167,1505.99
3013168,0.0
3013169,373.15
3013170,5.79
3013171,724.33
3013172,421.18
3013173,177.14
3013174,71.1
3013175,85.47
3013176,2382.37
3013177,12.76
3013178,0.85
3013179,25.08
3013180,23.62
3013181,0.03
3013182,152.32
3013183,3.61
3013184,9.05
3013185,4.83
3013186,41.6
3013187,4.07
3013188,182.04
3013189,182.66
3013190,4.41
3013191,4.64
3013192,143.15
3013193,51.08
3013194,1315.18
3013195,0.1
3013196,1.61
3013197,5.61
3013198,0.0
3013199,1.24
3013200,3569.38
3013201,0.0
3013202,229.89
3013203,1.99
3013204,879.45
3013205,247.6
3013206,196.14
3013207,57.47
3013208,26.74
3013209,2761.79
3013210,7.64
3013211,0.44
3013212,15.38
3013213,10.18
3013214,0.02
3013215,187.53
3013216,0.0
3013217,0.0
3013218,1.77
3013219,16.47
3013220,0.45
3013221,51.29
3013222,140.71
3013223,0.0
3013224,1.94
3013225,55.63
3013226,81.22
3013227,857.24
3013228,0.01
3013229,2.08
3013230,4.26
3013231,0.0
3013232,5.94
3013233,2751.02
3013234,0.0
3013235,504.63
3013236,10.03
3013237,1016.35
3013238,826.41
3013239,300.25
3013240,140.13
3013241,118.05
3013242,4049.3
3013243,26.89
3013244,0.57
3013245,22.21
3013246,36.03
3013247,0.0
3013248,234.41
3013249,20.2
3013250,11.0
3013251,8.72
3013252,43.92
3013253,6.67
3013254,402.2
3013255,291.14
3013256,7.58
3013257,11.05
3013258,458.94
3013259,86.61
3013260,2003.67
3013261,0.01
3013262,32.37
3013263,3.7
3013264,0.01
3013265,7.25
3013266,3576.87
3013267,0.09
3013268,644.44
3013269,13.87
3013270,984.6
3013271,1203.32
3013272,172.91
3013273,273.93
3013274,185.72
3013275,3443.67
3013276,34.05
3013277,2.09
3013278,23.97
3013279,31.36
3013280,0.23
3013281,204.64
3013282,11.4
3013283,44.72
3013284,7.19
3013285,103.63
3013286,12.91
3013287,454.79
3013288,233.57
3013289,6.1
3013290,11.69
3013291,615.41
3013292,114.49
3013293,4659.22
3013294,0.15
3013295,41.68
3013296,3.58
3013297,0.22
3013298,10.35
3013299,3461.57
3013300,0.0
3013301,750.59
3013302,17.25
3013303,999.23
3013304,1182.91
3013305,232.39
3013306,254.48
3013307,138.35
3013308,4035.48
3013309,27.71
3013310,2.01
3013311,36.48
3013312,34.48
3013313,0.0
3013314,289.27
3013315,21.93
3013316,32.15
3013317,25.37
3013318,108.86
3013319,15.88
3013320,351.72
3013321,281.74
3013322,14.03
3013323,19.77
3013324,483.28
3013325,121.43
3013326,3583.07
3013327,0.28
3013328,29.26
3013329,9.49
3013330,0.13
3013331,7.22
3013332,3044.7
3013333,0.0
3013334,466.17
3013335,11.78
3013336,1171.0
3013337,722.66
3013338,465.11
3013339,183.67
3013340,73.5
3013341,5323.94
3013342,7.7
3013343,0.96
3013344,44.92
3013345,29.48
3013346,0.0
3013347,343.36
3013348,9.99
3013349,6.49
3013350,6.23
3013351,35.83
3013352,6.64
3013353,307.92
3013354,355.43
3013355,5.68
3013356,6.18
3013357,336.39
3013358,105.91
3013359,2168.63
3013360,75.83
3013361,13.07
3013362,3.72
3013363,0.0
3013364,4.0
3013365,2249.23
3013366,0.0
3013367,335.81
3013368,10.51
3013369,652.31
3013370,762.74
3013371,138.55
3013372,140.43
3013373,132.75
3013374,2608.5
3013375,20.17
3013376,1.15
3013377,17.44
3013378,19.63
3013379,0.0
3013380,162.83
3013381,15.37
3013382,20.56
3013383,5.95
3013384,92.75
3013385,5.24
3013386,286.48
3013387,167.27
3013388,3.25
3013389,7.72
3013390,339.59
3013391,55.89
3013392,3839.64
3013393,0.01
3013394,19.94
3013395,1.01
3013396,0.0
3013397,0.92
3013398,995.0
3013399,0.0
3013400,81.52
3013401,1.67
3013402,549.77
3013403,331.56
3013404,180.09
3013405,33.63
3013406,25.62
3013407,2014.0
3013408,2.37
3013409,0.15
3013410,5.72
3013411,6.97
3013412,0.02
3013413,121.68
3013414,2.07
3013415,0.0
3013416,0.57
3013417,7.6
3013418,0.16
3013419,147.31
3013420,135.86
3013421,0.32
3013422,1.69
3013423,122.12
3013424,18.39
3013425,192.36
3013426,2.91
3013427,0.35
3013428,4.96
3013429,0.2
3013430,4.24
3013431,3879.73
3013432,0.0
3013433,311.96
3013434,10.49
3013435,1480.32
3013436,542.82
3013437,408.49
3013438,136.16
3013439,65.78
3013440,5661.13
3013441,17.98
3013442,0.26
3013443,21.91
3013444,12.32
3013445,0.08
3013446,365.2
3013447,9.04
3013448,0.44
3013449,8.37
3013450,29.72
3013451,2.12
3013452,573.18
3013453,295.59
3013454,0.66
3013455,11.6
3013456,330.04
3013457,88.59
3013458,977.17
3013459,18.1
3013460,6.67
3013461,3.77
3013462,0.0
3013463,0.12
3013464,1388.52
3013465,0.0
3013466,152.44
3013467,7.33
3013468,679.22
3013469,416.52
3013470,193.62
3013471,44.9
3013472,32.16
3013473,2280.37
3013474,4.85
3013475,0.17
3013476,8.55
3013477,14.63
3013478,0.0
3013479,147.62
3013480,5.82
3013481,0.0
3013482,7.52
3013483,25.29
3013484,0.71
3013485,145.28
3013486,145.74
3013487,0.83
3013488,4.14
3013489,120.23
3013490,13.05
3013491,284.74
3013492,10.66
3013493,1.41
3013494,3.17
3013495,0.0
3013496,3.68
3013497,1240.55
3013498,0.0
3013499,95.37
3013500,4.52
3013501,618.01
3013502,160.72
3013503,142.75
3013504,30.74
3013505,24.88
3013506,2302.08
3013507,5.94
3013508,0.05
3013509,7.14
3013510,6.35
3013511,0.0
3013512,108.55
3013513,1.8
3013514,0.0
3013515,0.91
3013516,24.91
3013517,0.38
3013518,113.95
3013519,151.61
3013520,0.35
3013521,2.72
3013522,54.37
3013523,20.17
3013524,135.18
3013525,13.31
3013526,0.52
3013527,2.11
3013528,0.0
3013529,0.81
3013530,1358.36
3013531,0.0
3013532,153.0
3013533,5.5
3013534,730.52
3013535,378.53
3013536,240.33
3013537,27.43
3013538,31.49
3013539,2401.65
3013540,3.69
3013541,0.19
3013542,7.33
3013543,14.84
3013544,0.03
3013545,154.88
3013546,0.36
3013547,0.0
3013548,1.5
3013549,11.5
3013550,0.78
3013551,141.44
3013552,229.67
3013553,0.56
3013554,2.85
3013555,52.69
3013556,82.07
3013557,286.2
3013558,7.83
3013559,3.26
3013560,2.3
3013561,0.72
3013562,1.43
3013563,1624.26
3013564,0.0
3013565,91.41
3013566,2.44
3013567,778.05
3013568,393.64
3013569,224.82
3013570,79.81
3013571,59.82
3013572,329.58
3013573,5.96
3013574,0.47
3013575,11.42
3013576,15.39
3013577,0.02
3013578,196.23
3013579,4.63
3013580,0.0
3013581,2.06
3013582,11.27
3013583,0.62
3013584,123.16
3013585,164.84
3013586,0.43
3013587,2.68
3013588,98.38
3013589,21.02
3013590,459.47
3013591,15.92
3013592,2.01
3013593,3.33
3013594,0.06
3013595,0.08
3013596,1153.28
3013597,0.0
3013598,119.93
3013599,2.19
3013600,603.98
3013601,82.62
3013602,111.87
3013603,102.58
3013604,23.18
3013605,1828.15
3013606,1.56
3013607,0.13
3013608,9.13
3013609,8.95
3013610,0.03
3013611,120.46
3013612,0.0
3013613,0.0
3013614,0.67
3013615,18.23
3013616,0.61
3013617,45.91
3013618,117.1
3013619,0.47
3013620,1.42
3013621,58.18
3013622,30.6
3013623,355.94
3013624,0.0
3013625,0.61
3013626,6.41
3013627,0.19
3013628,2.59
3013629,2357.5
3013630,0.0
3013631,282.15
3013632,4.11
3013633,805.84
3013634,912.34
3013635,358.81
3013636,128.73
3013637,71.23
3013638,3419.0
3013639,9.9
3013640,0.71
3013641,18.47
3013642,22.35
3013643,0.0
3013644,206.62
3013645,0.07
3013646,0.0
3013647,8.28
3013648,22.36
3013649,2.52
3013650,214.91
3013651,201.84
3013652,1.12
3013653,5.52
3013654,265.15
3013655,52.16
3013656,977.9
3013657,17.74
3013658,9.1
3013659,1.77
3013660,0.04
3013661,2.68
3013662,1674.97
3013663,0.0
3013664,6.35
3013665,4.77
3013666,470.72
3013667,583.27
3013668,84.68
3013669,132.72
3013670,39.56
3013671,2110.08
3013672,7.18
3013673,0.29
3013674,12.77
3013675,11.92
3013676,0.0
3013677,138.14
3013678,6.62
3013679,1.7
3013680,9.09
3013681,54.47
3013682,0.86
3013683,58.21
3013684,111.75
3013685,2.64
3013686,5.51
3013687,90.63
3013688,38.41
3013689,1062.99
3013690,37.85
3013691,7.86
3013692,4.63
3013693,0.07
3013694,2.68
3013695,2185.51
3013696,0.0
3013697,134.37
3013698,5.26
3013699,716.46
3013700,304.72
3013701,238.1
3013702,50.23
3013703,36.57
3013704,2771.2
3013705,6.86
3013706,0.73
3013707,11.1
3013708,9.4
3013709,0.03
3013710,143.44
3013711,5.21
3013712,0.0
3013713,2.01
3013714,14.63
3013715,1.72
3013716,104.43
3013717,149.82
3013718,0.59
3013719,4.05
3013720,62.93
3013721,18.66
3013722,299.11
3013723,2.78
3013724,0.49
3013725,4.89
3013726,0.0
3013727,7.66
3013728,2456.68
3013729,0.0
3013730,572.72
3013731,8.81
3013732,664.28
3013733,772.75
3013734,195.09
3013735,158.4
3013736,88.21
3013737,3346.24
3013738,28.19
3013739,0.7
3013740,13.81
3013741,21.8
3013742,0.12
3013743,207.08
3013744,18.05
3013745,14.75
3013746,4.76
3013747,62.28
3013748,8.05
3013749,380.29
3013750,229.04
3013751,6.68
3013752,6.72
3013753,410.61
3013754,102.62
3013755,2978.77
3013756,0.04
3013757,32.85
3013758,5.0
3013759,0.0
3013760,2.44
3013761,2716.56
3013762,0.0
3013763,341.36
3013764,5.11
3013765,848.88
3013766,717.49
3013767,430.07
3013768,61.75
3013769,47.03
3013770,4056.31
3013771,9.66
3013772,0.26
3013773,19.5
3013774,10.43
3013775,0.04
3013776,218.77
3013777,0.43
3013778,2.83
3013779,2.26
3013780,29.31
3013781,0.59
3013782,218.26
3013783,261.11
3013784,2.9
3013785,4.21
3013786,190.01
3013787,54.77
3013788,748.25
3013789,63.09
3013790,8.6
3013791,7.14
3013792,0.34
3013793,1.64
3013794,2277.97
3013795,0.0
3013796,360.85
3013797,4.41
3013798,940.45
3013799,626.31
3013800,225.38
3013801,184.96
3013802,58.73
3013803,3124.08
3013804,11.65
3013805,0.27
3013806,24.22
3013807,26.89
3013808,0.08
3013809,216.67
3013810,1.86
3013811,1.1
3013812,7.34
3013813,64.56
3013814,1.11
3013815,98.36
3013816,204.18
3013817,1.88
3013818,3.89
3013819,120.94
3013820,123.79
3013821,871.32
3013822,0.03
3013823,4.35
3013824,3.65
3013825,0.07
3013826,1.05
3013827,1377.56
3013828,0.0
3013829,96.36
3013830,5.45
3013831,495.01
3013832,290.55
3013833,119.79
3013834,42.98
3013835,37.91
3013836,2235.58
3013837,3.73
3013838,0.53
3013839,21.38
3013840,15.19
3013841,0.0
3013842,134.5
3013843,0.09
3013844,0.0
3013845,3.13
3013846,30.03
3013847,1.34
3013848,90.51
3013849,120.56
3013850,0.64
3013851,3.92
3013852,116.72
3013853,31.43
3013854,300.32
3013855,7.03
3013856,1.32
3013857,1.18
3013858,0.0
3013859,3.22
3013860,1096.71
3013861,0.0
3013862,268.83
3013863,8.07
3013864,504.92
3013865,468.92
3013866,125.79
3013867,48.89
3013868,55.43
3013869,1949.05
3013870,17.51
3013871,0.09
3013872,7.87
3013873,9.62
3013874,0.11
3013875,118.44
3013876,10.89
3013877,0.23
3013878,1.27
3013879,40.49
3013880,5.02
3013881,563.97
3013882,164.72
3013883,2.39
3013884,4.78
3013885,313.06
3013886,32.5
3013887,1496.18
3013888,0.01
3013889,7.0
3013890,2.21
3013891,0.01
3013892,2.19
3013893,3401.38
3013894,0.0
3013895,745.38
3013896,13.51
3013897,928.29
3013898,1287.91
3013899,269.2
3013900,237.37
3013901,175.04
3013902,3793.92
3013903,24.66
3013904,0.54
3013905,14.81
3013906,32.87
3013907,0.0
3013908,240.77
3013909,10.2
3013910,47.26
3013911,9.69
3013912,78.35
3013913,11.09
3013914,407.83
3013915,279.0
3013916,13.46
3013917,11.54
3013918,539.72
3013919,117.72
3013920,5683.11
3013921,0.01
3013922,21.52
3013923,1.52
3013924,0.02
3013925,0.95
3013926,1665.88
3013927,0.0
3013928,284.36
3013929,4.24
3013930,303.45
3013931,485.86
3013932,128.78
3013933,99.23
3013934,60.19
3013935,1547.38
3013936,13.83
3013937,0.48
3013938,10.91
3013939,8.62
3013940,0.0
3013941,81.65
3013942,0.0
3013943,26.5
3013944,3.24
3013945,118.42
3013946,5.33
3013947,194.35
3013948,96.31
3013949,3.74
3013950,2.81
3013951,144.36
3013952,37.05
3013953,2356.96
3013954,0.47
3013955,2.14
3013956,2.28
3013957,0.0
3013958,0.03
3013959,659.02
3013960,0.0
3013961,187.79
3013962,3.46
3013963,268.43
3013964,201.82
3013965,69.01
3013966,26.53
3013967,26.71
3013968,1143.73
3013969,0.27
3013970,0.54
3013971,6.21
3013972,5.29
3013973,0.04
3013974,50.51
3013975,0.01
3013976,5.28
3013977,0.14
3013978,12.91
3013979,0.06
3013980,190.04
3013981,109.74
3013982,1.63
3013983,0.54
3013984,104.31
3013985,19.71
3013986,865.55
3013987,0.24
3013988,1.33
3013989,4.6
3013990,0.1
3013991,3.06
3013992,2640.16
3013993,0.0
3013994,581.9
3013995,11.45
3013996,695.03
3013997,870.09
3013998,246.17
3013999,226.44
3014000,94.54
3014001,3199.6
3014002,21.25
3014003,1.32
3014004,17.61
3014005,25.19
3014006,0.1
3014007,190.11
3014008,4.44
3014009,29.15
3014010,6.79
3014011,89.69
3014012,3.27
3014013,250.04
3014014,197.73
3014015,8.89
3014016,9.16
3014017,341.53
3014018,75.42
3014019,3894.91
3014020,0.37
3014021,14.63
3014022,4.0
3014023,0.0
3014024,1.17
3014025,2339.04
3014026,0.0
3014027,460.45
3014028,10.43
3014029,783.03
3014030,728.72
3014031,262.22
3014032,166.88
3014033,48.59
3014034,3359.99
3014035,8.97
3014036,0.33
3014037,27.51
3014038,12.11
3014039,0.2
3014040,187.02
3014041,0.0
3014042,3.11
3014043,3.25
3014044,38.01
3014045,0.33
3014046,157.17
3014047,253.57
3014048,3.5
3014049,3.54
3014050,148.34
3014051,71.31
3014052,984.75
3014053,1.15
3014054,3.1
3014055,4.82
3014056,0.28
3014057,2.53
3014058,2417.3
3014059,0.0
3014060,510.76
3014061,9.87
3014062,739.18
3014063,675.57
3014064,207.99
3014065,141.59
3014066,49.21
3014067,3022.53
3014068,11.57
3014069,0.72
3014070,19.89
3014071,14.42
3014072,0.0
3014073,182.26
3014074,0.0
3014075,2.85
3014076,2.16
3014077,57.76
3014078,0.77
3014079,97.56
3014080,176.41
3014081,3.99
3014082,3.81
3014083,147.26
3014084,59.44
3014085,797.39
3014086,0.95
3014087,4.16
3014088,7.69
3014089,0.07
3014090,13.0
3014091,7176.26
3014092,0.0
3014093,1139.57
3014094,34.53
3014095,1624.6
3014096,2000.05
3014097,291.58
3014098,431.4
3014099,281.42
3014100,7112.2
3014101,69.15
3014102,2.46
3014103,52.54
3014104,52.24
3014105,0.13
3014106,430.16
3014107,33.99
3014108,59.84
3014109,19.01
3014110,180.38
3014111,21.93
3014112,614.12
3014113,446.43
3014114,15.32
3014115,21.95
3014116,1043.0
3014117,225.51
3014118,10142.67
3014119,0.27
3014120,74.27
3014121,1.95
3014122,0.08
3014123,0.33
3014124,1372.29
3014125,0.0
3014126,142.55
3014127,3.24
3014128,464.3
3014129,268.86
3014130,111.9
3014131,113.26
3014132,38.81
3014133,1776.93
3014134,3.44
3014135,0.19
3014136,10.18
3014137,3.34
3014138,0.0
3014139,123.98
3014140,0.13
3014141,0.0
3014142,1.41
3014143,31.41
3014144,0.18
3014145,46.21
3014146,92.28
3014147,0.94
3014148,3.05
3014149,91.06
3014150,18.56
3014151,393.11
3014152,0.01
3014153,1.29
3014154,4.66
3014155,0.1
3014156,0.79
3014157,2610.4
3014158,0.0
3014159,416.92
3014160,8.02
3014161,896.92
3014162,660.79
3014163,185.73
3014164,207.99
3014165,65.57
3014166,3788.33
3014167,11.32
3014168,0.43
3014169,17.1
3014170,17.61
3014171,0.01
3014172,218.59
3014173,0.79
3014174,2.41
3014175,6.24
3014176,13.54
3014177,0.66
3014178,279.16
3014179,204.1
3014180,2.52
3014181,5.24
3014182,89.55
3014183,63.5
3014184,870.04
3014185,0.78
3014186,3.63
3014187,0.13
3014188,0.0
3014189,0.2
3014190,877.95
3014191,0.0
3014192,88.12
3014193,1.89
3014194,442.67
3014195,160.09
3014196,78.51
3014197,147.11
3014198,20.0
3014199,1420.45
3014200,0.41
3014201,0.15
3014202,6.17
3014203,1.63
3014204,0.06
3014205,66.51
3014206,0.0
3014207,0.0
3014208,0.15
3014209,12.44
3014210,0.04
3014211,51.77
3014212,74.09
3014213,0.2
3014214,0.58
3014215,43.68
3014216,6.75
3014217,134.9
3014218,0.01
3014219,1.01
3014220,5.55
3014221,0.0
3014222,0.55
3014223,1822.27
3014224,0.0
3014225,189.83
3014226,5.68
3014227,728.68
3014228,481.91
3014229,156.95
3014230,108.39
3014231,44.66
3014232,2270.06
3014233,1.36
3014234,0.24
3014235,23.97
3014236,15.63
3014237,0.03
3014238,164.19
3014239,0.0
3014240,0.0
3014241,11.24
3014242,30.69
3014243,0.46
3014244,234.11
3014245,167.86
3014246,1.36
3014247,2.17
3014248,194.15
3014249,13.91
3014250,898.54
3014251,0.01
3014252,0.34
3014253,1.95
3014254,0.3
3014255,2.06
3014256,2023.69
3014257,0.0
3014258,596.99
3014259,6.4
3014260,737.67
3014261,631.12
3014262,201.44
3014263,95.94
3014264,59.43
3014265,3046.35
3014266,4.55
3014267,2.95
3014268,24.34
3014269,45.69
3014270,0.08
3014271,158.45
3014272,0.74
3014273,2.51
3014274,3.43
3014275,24.15
3014276,0.97
3014277,164.55
3014278,223.43
3014279,0.59
3014280,2.91
3014281,122.73
3014282,26.05
3014283,497.32
3014284,2.18
3014285,1.78
3014286,3.14
3014287,0.0
3014288,0.03
3014289,1274.07
3014290,0.0
3014291,65.04
3014292,1.63
3014293,419.53
3014294,189.36
3014295,79.06
3014296,112.41
3014297,29.81
3014298,1647.21
3014299,2.71
3014300,0.07
3014301,5.72
3014302,2.41
3014303,0.04
3014304,86.16
3014305,0.0
3014306,0.0
3014307,0.02
3014308,12.84
3014309,0.15
3014310,157.51
3014311,87.1
3014312,0.43
3014313,0.59
3014314,35.44
3014315,16.06
3014316,258.05
3014317,0.01
3014318,0.13
3014319,3.29
3014320,0.0
3014321,0.37
3014322,3078.68
3014323,0.0
3014324,451.02
3014325,6.33
3014326,747.63
3014327,622.37
3014328,179.02
3014329,94.37
3014330,69.49
3014331,3148.23
3014332,5.11
3014333,0.17
3014334,20.81
3014335,7.1
3014336,0.06
3014337,176.47
3014338,0.0
3014339,18.44
3014340,1.96
3014341,39.82
3014342,0.52
3014343,208.18
3014344,171.35
3014345,0.78
3014346,2.36
3014347,97.53
3014348,40.93
3014349,881.2
3014350,0.39
3014351,0.25
3014352,3.22
3014353,0.0
3014354,6.68
3014355,2604.0
3014356,0.0
3014357,524.48
3014358,6.74
3014359,770.77
3014360,826.63
3014361,152.36
3014362,128.64
3014363,118.47
3014364,3504.64
3014365,34.19
3014366,1.05
3014367,22.88
3014368,19.41
3014369,0.18
3014370,204.6
3014371,19.47
3014372,24.82
3014373,0.94
3014374,97.2
3014375,8.64
3014376,201.92
3014377,246.25
3014378,10.4
3014379,11.54
3014380,256.38
3014381,67.85
3014382,3704.21
3014383,0.04
3014384,10.55
3014385,4.05
3014386,0.0
3014387,7.13
3014388,1849.04
3014389,0.0
3014390,416.05
3014391,10.6
3014392,827.54
3014393,793.44
3014394,128.95
3014395,81.32
3014396,133.0
3014397,3114.88
3014398,22.48
3014399,0.86
3014400,29.38
3014401,31.32
3014402,0.0
3014403,269.62
3014404,16.34
3014405,18.51
3014406,7.62
3014407,72.76
3014408,8.62
3014409,149.26
3014410,297.46
3014411,6.04
3014412,9.13
3014413,115.25
3014414,73.51
3014415,2923.27
3014416,0.66
3014417,12.3
3014418,6.16
3014419,0.17
3014420,3.35
3014421,2887.79
3014422,0.0
3014423,608.53
3014424,6.27
3014425,1065.46
3014426,605.85
3014427,172.59
3014428,255.25
3014429,55.59
3014430,4178.6
3014431,24.4
3014432,1.12
3014433,19.74
3014434,17.83
3014435,0.08
3014436,273.26
3014437,3.86
3014438,13.89
3014439,3.27
3014440,42.72
3014441,3.66
3014442,134.72
3014443,253.4
3014444,5.51
3014445,6.86
3014446,175.27
3014447,47.09
3014448,1016.65
3014449,14.96
3014450,11.58
3014451,2.47
3014452,0.0
3014453,3.96
3014454,2001.8
3014455,0.0
3014456,302.85
3014457,5.98
3014458,732.68
3014459,683.91
3014460,167.44
3014461,120.92
3014462,69.9
3014463,2900.3
3014464,18.04
3014465,0.67
3014466,13.72
3014467,12.55
3014468,0.07
3014469,178.14
3014470,14.71
3014471,23.64
3014472,0.69
3014473,58.57
3014474,5.96
3014475,320.93
3014476,196.23
3014477,4.89
3014478,7.2
3014479,319.05
3014480,45.83
3014481,2884.02
3014482,0.01
3014483,21.46
3014484,2.5
3014485,0.11
3014486,1.03
3014487,3844.52
3014488,0.0
3014489,391.49
3014490,5.86
3014491,1318.93
3014492,730.14
3014493,233.26
3014494,153.41
3014495,56.05
3014496,4523.55
3014497,7.84
3014498,1.25
3014499,25.54
3014500,23.05
3014501,0.06
3014502,312.69
3014503,0.0
3014504,0.0
3014505,8.1
3014506,27.79
3014507,1.19
3014508,123.29
3014509,245.97
3014510,2.01
3014511,7.77
3014512,143.74
3014513,53.8
3014514,896.62
3014515,0.01
3014516,3.2
3014517,4.89
3014518,0.0
3014519,8.18
3014520,1842.33
3014521,0.0
3014522,453.71
3014523,9.29
3014524,886.67
3014525,687.01
3014526,179.84
3014527,117.32
3014528,98.38
3014529,3345.43
3014530,20.57
3014531,0.81
3014532,18.92
3014533,25.35
3014534,0.0
3014535,213.55
3014536,10.34
3014537,18.65
3014538,5.89
3014539,47.39
3014540,8.69
3014541,176.18
3014542,246.84
3014543,11.48
3014544,6.84
3014545,187.68
3014546,72.96
3014547,2726.99
3014548,0.29
3014549,4.57
3014550,2.64
3014551,0.0
3014552,4.16
3014553,1981.23
3014554,0.0
3014555,415.08
3014556,6.9
3014557,568.01
3014558,753.69
3014559,139.37
3014560,112.42
3014561,91.05
3014562,2707.65
3014563,25.72
3014564,0.52
3014565,13.58
3014566,16.63
3014567,0.0
3014568,167.88
3014569,11.77
3014570,44.09
3014571,6.3
3014572,58.94
3014573,8.35
3014574,198.12
3014575,186.97
3014576,7.01
3014577,8.4
3014578,212.59
3014579,52.06
3014580,3085.49
3014581,0.13
3014582,12.43
3014583,2.88
3014584,0.01
3014585,3.69
3014586,4138.94
3014587,0.0
3014588,495.6
3014589,11.32
3014590,1002.92
3014591,637.76
3014592,230.61
3014593,153.2
3014594,40.74
3014595,3921.0
3014596,6.87
3014597,0.06
3014598,13.83
3014599,16.99
3014600,0.04
3014601,195.76
3014602,0.0
3014603,5.55
3014604,0.47
3014605,35.63
3014606,0.67
3014607,179.04
3014608,231.0
3014609,2.0
3014610,0.6
3014611,204.15
3014612,112.54
3014613,888.18
3014614,1.19
3014615,0.14
3014616,11.87
3014617,0.0
3014618,12.67
3014619,7526.19
3014620,0.0
3014621,1421.12
3014622,30.88
3014623,2069.16
3014624,2227.06
3014625,453.78
3014626,529.58
3014627,373.07
3014628,8307.77
3014629,73.67
3014630,2.57
3014631,113.45
3014632,114.19
3014633,0.09
3014634,515.96
3014635,24.25
3014636,21.56
3014637,34.59
3014638,243.76
3014639,21.56
3014640,699.24
3014641,474.36
3014642,31.66
3014643,37.39
3014644,1006.69
3014645,293.49
3014646,12939.89
3014647,263.78
3014648,76.28
3014649,12.2
3014650,0.0
3014651,12.26
3014652,7088.56
3014653,0.0
3014654,1080.23
3014655,26.77
3014656,2009.15
3014657,1967.33
3014658,523.91
3014659,297.45
3014660,246.5
3014661,8749.84
3014662,74.48
3014663,1.12
3014664,62.86
3014665,77.58
3014666,0.14
3014667,494.06
3014668,18.19
3014669,39.38
3014670,7.04
3014671,173.28
3014672,17.21
3014673,810.4
3014674,539.91
3014675,16.59
3014676,24.92
3014677,983.97
3014678,247.91
3014679,7830.23
3014680,242.36
3014681,71.53
3014682,8.59
3014683,0.0
3014684,13.66
3014685,4046.38
3014686,0.0
3014687,779.72
3014688,13.7
3014689,1783.74
3014690,1159.24
3014691,551.45
3014692,101.22
3014693,191.27
3014694,6510.46
3014695,32.02
3014696,1.49
3014697,33.86
3014698,22.73
3014699,0.14
3014700,463.26
3014701,18.56
3014702,26.43
3014703,7.55
3014704,95.42
3014705,8.97
3014706,859.24
3014707,556.75
3014708,18.4
3014709,33.45
3014710,549.37
3014711,126.04
3014712,3035.33
3014713,264.67
3014714,36.75
3014715,10.44
3014716,0.0
3014717,17.13
3014718,6690.73
3014719,0.0
3014720,1021.54
3014721,19.63
3014722,1938.67
3014723,1905.02
3014724,499.39
3014725,297.2
3014726,211.38
3014727,8069.08
3014728,39.67
3014729,1.2
3014730,61.04
3014731,59.03
3014732,0.4
3014733,469.72
3014734,18.98
3014735,37.98
3014736,22.0
3014737,160.91
3014738,11.75
3014739,673.87
3014740,517.94
3014741,17.62
3014742,23.62
3014743,883.91
3014744,195.92
3014745,6662.06
3014746,294.95
3014747,58.35
3014748,8.54
3014749,0.0
3014750,14.7
3014751,3091.96
3014752,0.0
3014753,633.7
3014754,14.16
3014755,1543.26
3014756,886.56
3014757,442.54
3014758,80.18
3014759,126.33
3014760,5358.29
3014761,29.9
3014762,0.22
3014763,22.44
3014764,28.08
3014765,0.0
3014766,376.16
3014767,11.0
3014768,10.69
3014769,3.61
3014770,83.02
3014771,6.14
3014772,594.98
3014773,509.31
3014774,13.85
3014775,17.16
3014776,536.14
3014777,79.71
3014778,2066.0
3014779,261.32
3014780,15.93
3014781,8.11
3014782,0.0
3014783,11.41
3014784,5938.58
3014785,0.0
3014786,1222.55
3014787,23.99
3014788,1688.28
3014789,1997.74
3014790,360.99
3014791,420.68
3014792,313.12
3014793,6946.95
3014794,61.43
3014795,1.28
3014796,44.7
3014797,43.84
3014798,0.06
3014799,400.38
3014800,8.47
3014801,32.17
3014802,7.72
3014803,186.21
3014804,14.37
3014805,638.5
3014806,429.92
3014807,15.53
3014808,27.27
3014809,851.83
3014810,211.29
3014811,9740.45
3014812,212.42
3014813,75.61
3014814,4.81
3014815,0.06
3014816,2.92
3014817,1621.59
3014818,0.0
3014819,331.66
3014820,19.9
3014821,782.89
3014822,505.42
3014823,192.85
3014824,80.16
3014825,79.51
3014826,2677.38
3014827,15.97
3014828,0.6
3014829,22.33
3014830,20.54
3014831,0.0
3014832,175.95
3014833,10.04
3014834,8.03
3014835,10.14
3014836,41.99
3014837,7.54
3014838,218.31
3014839,206.05
3014840,2.04
3014841,5.33
3014842,211.17
3014843,51.98
3014844,1949.68
3014845,0.31
3014846,8.53
3014847,7.0
3014848,0.0
3014849,11.29
3014850,3361.67
3014851,0.0
3014852,542.57
3014853,29.82
3014854,1289.24
3014855,947.56
3014856,420.82
3014857,82.25
3014858,124.12
3014859,4949.48
3014860,33.42
3014861,0.58
3014862,50.34
3014863,30.21
3014864,0.0
3014865,322.2
3014866,7.67
3014867,7.76
3014868,2.34
3014869,109.51
3014870,8.53
3014871,533.99
3014872,426.96
3014873,10.82
3014874,18.89
3014875,328.74
3014876,82.27
3014877,2464.54
3014878,280.36
3014879,14.07
3014880,5.87
3014881,0.0
3014882,5.26
3014883,4434.55
3014884,0.0
3014885,855.28
3014886,7.76
3014887,1223.69
3014888,1651.74
3014889,224.84
3014890,331.4
3014891,213.1
3014892,4949.45
3014893,34.6
3014894,0.96
3014895,23.11
3014896,38.34
3014897,0.0
3014898,296.65
3014899,2.27
3014900,46.75
3014901,3.9
3014902,114.69
3014903,8.75
3014904,580.2
3014905,267.48
3014906,16.99
3014907,9.75
3014908,676.24
3014909,125.79
3014910,8130.06
3014911,0.89
3014912,43.07
3014913,7.23
3014914,0.0
3014915,5.95
3014916,4027.68
3014917,0.0
3014918,829.4
3014919,9.64
3014920,1441.2
3014921,1217.53
3014922,303.4
3014923,212.63
3014924,279.78
3014925,5129.99
3014926,29.53
3014927,2.16
3014928,33.99
3014929,37.94
3014930,0.1
3014931,299.55
3014932,5.93
3014933,53.46
3014934,6.23
3014935,179.41
3014936,8.22
3014937,406.97
3014938,305.94
3014939,11.68
3014940,21.79
3014941,436.17
3014942,130.23
3014943,7722.49
3014944,2.7
3014945,8.31
3014946,6.51
3014947,0.0
3014948,4.52
3014949,1807.53
3014950,0.0
3014951,413.12
3014952,6.21
3014953,831.99
3014954,459.73
3014955,189.94
3014956,86.26
3014957,87.38
3014958,2758.41
3014959,14.41
3014960,0.83
3014961,24.53
3014962,24.86
3014963,0.04
3014964,167.48
3014965,3.48
3014966,14.45
3014967,4.42
3014968,58.23
3014969,3.62
3014970,228.87
3014971,194.84
3014972,4.21
3014973,4.5
3014974,158.85
3014975,72.02
3014976,2754.41
3014977,0.1
3014978,0.8
3014979,5.58
3014980,0.0
3014981,0.06
3014982,2379.55
3014983,0.0
3014984,190.85
3014985,2.42
3014986,757.3
3014987,244.53
3014988,174.49
3014989,55.3
3014990,24.54
3014991,2671.8
3014992,6.81
3014993,0.41
3014994,14.16
3014995,8.23
3014996,0.05
3014997,163.6
3014998,0.0
3014999,0.0
3015000,1.59
3015001,14.38
3015002,0.28
3015003,46.43
3015004,136.39
3015005,0.01
3015006,1.3
3015007,49.0
3015008,79.21
3015009,450.23
3015010,0.01
3015011,1.23
3015012,4.03
3015013,0.0
3015014,6.2
3015015,2917.71
3015016,0.0
3015017,513.52
3015018,10.19
3015019,1119.29
3015020,837.47
3015021,277.2
3015022,161.93
3015023,122.76
3015024,4250.78
3015025,28.21
3015026,0.49
3015027,22.92
3015028,35.6
3015029,0.0
3015030,233.11
3015031,20.15
3015032,18.8
3015033,13.43
3015034,57.04
3015035,6.56
3015036,397.76
3015037,291.81
3015038,7.7
3015039,11.87
3015040,421.41
3015041,84.84
3015042,3330.05
3015043,0.01
3015044,31.57
3015045,4.31
3015046,0.0
3015047,6.83
3015048,4040.01
3015049,0.01
3015050,657.06
3015051,16.55
3015052,864.23
3015053,1339.35
3015054,174.76
3015055,288.73
3015056,203.35
3015057,3813.64
3015058,38.4
3015059,2.61
3015060,25.89
3015061,32.49
3015062,0.13
3015063,223.24
3015064,11.24
3015065,44.14
3015066,5.83
3015067,139.02
3015068,12.28
3015069,432.84
3015070,251.18
3015071,6.3
3015072,12.25
3015073,685.07
3015074,131.09
3015075,6875.77
3015076,0.06
3015077,42.51
3015078,3.56
3015079,0.18
3015080,9.86
3015081,4068.93
3015082,0.0
3015083,803.53
3015084,18.7
3015085,1158.41
3015086,1321.16
3015087,240.29
3015088,274.06
3015089,154.75
3015090,4397.17
3015091,29.68
3015092,2.11
3015093,37.06
3015094,35.55
3015095,0.0
3015096,293.52
3015097,23.68
3015098,47.67
3015099,15.5
3015100,133.15
3015101,15.09
3015102,360.23
3015103,277.7
3015104,14.3
3015105,17.91
3015106,491.79
3015107,135.65
3015108,6014.58
3015109,0.29
3015110,34.47
3015111,9.73
3015112,0.06
3015113,6.91
3015114,2540.56
3015115,0.0
3015116,405.98
3015117,12.36
3015118,1106.33
3015119,716.72
3015120,424.07
3015121,131.66
3015122,73.58
3015123,4590.11
3015124,7.39
3015125,0.82
3015126,46.98
3015127,29.18
3015128,0.0
3015129,293.35
3015130,9.59
3015131,2.38
3015132,8.11
3015133,39.22
3015134,5.2
3015135,298.41
3015136,329.88
3015137,5.82
3015138,6.32
3015139,317.73
3015140,93.16
3015141,1102.35
3015142,73.85
3015143,13.21
3015144,3.44
3015145,0.0
3015146,1.78
3015147,2032.67
3015148,0.0
3015149,288.15
3015150,11.62
3015151,637.96
3015152,656.7
3015153,125.91
3015154,118.98
3015155,133.94
3015156,2439.06
3015157,20.97
3015158,1.09
3015159,22.62
3015160,23.06
3015161,0.0
3015162,153.07
3015163,12.45
3015164,14.06
3015165,6.31
3015166,85.17
3015167,5.55
3015168,249.56
3015169,131.21
3015170,3.23
3015171,7.31
3015172,269.09
3015173,58.46
3015174,2128.21
3015175,0.02
3015176,18.33
3015177,0.81
3015178,0.0
3015179,0.78
3015180,885.7
3015181,0.0
3015182,80.14
3015183,1.35
3015184,540.77
3015185,201.76
3015186,179.09
3015187,22.94
3015188,26.88
3015189,1992.05
3015190,2.55
3015191,0.12
3015192,8.69
3015193,4.71
3015194,0.01
3015195,112.65
3015196,2.04
3015197,0.0
3015198,0.43
3015199,6.49
3015200,0.12
3015201,201.33
3015202,128.9
3015203,0.28
3015204,2.17
3015205,110.76
3015206,18.97
3015207,178.86
3015208,2.43
3015209,0.36
3015210,4.85
3015211,0.15
3015212,2.76
3015213,3676.9
3015214,0.0
3015215,451.72
3015216,11.72
3015217,1269.0
3015218,480.68
3015219,399.7
3015220,106.52
3015221,63.02
3015222,5279.03
3015223,17.57
3015224,0.31
3015225,23.19
3015226,11.85
3015227,0.06
3015228,331.48
3015229,7.8
3015230,0.83
3015231,8.0
3015232,37.82
3015233,2.0
3015234,724.56
3015235,264.21
3015236,1.79
3015237,9.84
3015238,250.13
3015239,97.68
3015240,1006.91
3015241,23.21
3015242,6.18
3015243,3.6
3015244,0.0
3015245,0.15
3015246,1291.89
3015247,0.0
3015248,143.35
3015249,8.88
3015250,658.52
3015251,358.76
3015252,178.53
3015253,49.35
3015254,32.5
3015255,2261.27
3015256,5.74
3015257,0.23
3015258,10.89
3015259,16.21
3015260,0.0
3015261,140.25
3015262,5.26
3015263,0.0
3015264,7.91
3015265,29.01
3015266,0.72
3015267,228.76
3015268,133.56
3015269,0.78
3015270,4.53
3015271,136.47
3015272,29.1
3015273,257.92
3015274,4.03
3015275,1.45
3015276,2.92
3015277,0.0
3015278,1.93
3015279,1203.0
3015280,0.0
3015281,85.38
3015282,4.91
3015283,578.87
3015284,175.95
3015285,116.61
3015286,24.93
3015287,24.23
3015288,2231.22
3015289,5.88
3015290,0.04
3015291,8.61
3015292,8.68
3015293,0.0
3015294,96.25
3015295,1.63
3015296,0.0
3015297,1.09
3015298,26.05
3015299,0.33
3015300,177.45
3015301,133.35
3015302,0.24
3015303,3.5
3015304,86.56
3015305,20.45
3015306,180.97
3015307,9.21
3015308,0.5
3015309,2.22
3015310,0.0
3015311,1.8
3015312,1215.23
3015313,0.0
3015314,152.34
3015315,5.72
3015316,763.49
3015317,275.61
3015318,209.95
3015319,27.04
3015320,36.5
3015321,2485.38
3015322,4.81
3015323,0.16
3015324,6.85
3015325,13.9
3015326,0.01
3015327,159.22
3015328,0.39
3015329,0.0
3015330,1.6
3015331,15.58
3015332,1.14
3015333,403.08
3015334,194.74
3015335,0.4
3015336,1.95
3015337,58.36
3015338,93.01
3015339,346.28
3015340,0.58
3015341,2.98
3015342,2.24
3015343,0.54
3015344,2.02
3015345,1535.67
3015346,0.0
3015347,121.66
3015348,2.4
3015349,779.51
3015350,295.51
3015351,229.89
3015352,74.52
3015353,61.27
3015354,1760.25
3015355,5.17
3015356,0.45
3015357,9.67
3015358,15.18
3015359,0.01
3015360,185.71
3015361,5.09
3015362,0.0
3015363,2.17
3015364,16.96
3015365,0.63
3015366,152.92
3015367,148.8
3015368,0.37
3015369,3.81
3015370,94.08
3015371,40.28
3015372,530.28
3015373,0.57
3015374,1.57
3015375,2.93
3015376,0.03
3015377,0.14
3015378,1134.02
3015379,0.0
3015380,112.53
3015381,3.74
3015382,538.54
3015383,173.39
3015384,118.9
3015385,101.24
3015386,22.91
3015387,1654.01
3015388,3.18
3015389,0.1
3015390,10.42
3015391,7.04
3015392,0.01
3015393,125.8
3015394,0.0
3015395,0.0
3015396,0.45
3015397,21.26
3015398,0.78
3015399,48.83
3015400,111.47
3015401,0.28
3015402,1.62
3015403,59.82
3015404,27.85
3015405,392.65
3015406,0.01
3015407,0.56
3015408,5.69
3015409,0.18
3015410,2.2
3015411,2376.75
3015412,0.0
3015413,229.4
3015414,5.0
3015415,752.49
3015416,492.1
3015417,361.34
3015418,150.39
3015419,66.16
3015420,3227.81
3015421,10.42
3015422,0.86
3015423,17.46
3015424,19.1
3015425,0.0
3015426,186.16
3015427,0.22
3015428,0.0
3015429,8.17
3015430,26.06
3015431,1.96
3015432,267.93
3015433,179.39
3015434,1.12
3015435,5.54
3015436,256.29
3015437,52.0
3015438,906.74
3015439,11.09
3015440,8.91
3015441,1.93
3015442,0.04
3015443,2.91
3015444,1608.51
3015445,0.0
3015446,5.06
3015447,6.56
3015448,419.46
3015449,456.69
3015450,83.26
3015451,120.65
3015452,42.27
3015453,2181.26
3015454,8.62
3015455,0.42
3015456,15.45
3015457,13.51
3015458,0.0
3015459,127.56
3015460,5.01
3015461,2.51
3015462,3.21
3015463,57.02
3015464,1.01
3015465,157.71
3015466,103.22
3015467,2.6
3015468,4.81
3015469,81.54
3015470,37.73
3015471,1027.84
3015472,29.56
3015473,7.82
3015474,4.5
3015475,0.07
3015476,2.27
3015477,1921.7
3015478,0.0
3015479,119.96
3015480,5.48
3015481,716.61
3015482,247.11
3015483,241.31
3015484,50.94
3015485,41.2
3015486,2598.77
3015487,7.17
3015488,0.74
3015489,14.49
3015490,9.05
3015491,0.02
3015492,124.89
3015493,4.51
3015494,0.0
3015495,1.68
3015496,20.43
3015497,1.83
3015498,137.13
3015499,140.37
3015500,0.53
3015501,4.06
3015502,176.35
3015503,20.59
3015504,373.97
3015505,0.26
3015506,2.41
3015507,4.51
3015508,0.0
3015509,3.69
3015510,2400.13
3015511,0.0
3015512,508.53
3015513,9.79
3015514,685.63
3015515,655.65
3015516,172.86
3015517,132.06
3015518,79.65
3015519,3151.31
3015520,26.83
3015521,0.64
3015522,13.64
3015523,23.9
3015524,0.08
3015525,197.17
3015526,17.14
3015527,11.4
3015528,5.49
3015529,65.43
3015530,7.55
3015531,433.35
3015532,186.22
3015533,6.59
3015534,5.2
3015535,339.46
3015536,97.45
3015537,1690.1
3015538,0.03
3015539,23.31
3015540,4.54
3015541,0.01
3015542,4.14
3015543,2822.59
3015544,0.0
3015545,332.57
3015546,5.88
3015547,922.05
3015548,506.03
3015549,422.72
3015550,65.85
3015551,49.04
3015552,4241.13
3015553,11.27
3015554,0.98
3015555,20.52
3015556,7.87
3015557,0.05
3015558,221.68
3015559,0.43
3015560,4.22
3015561,3.9
3015562,33.08
3015563,0.71
3015564,609.43
3015565,245.88
3015566,2.59
3015567,3.83
3015568,182.62
3015569,51.06
3015570,649.52
3015571,44.55
3015572,7.79
3015573,6.52
3015574,0.29
3015575,1.5
3015576,2095.61
3015577,0.0
3015578,297.54
3015579,4.93
3015580,834.96
3015581,422.04
3015582,213.66
3015583,141.73
3015584,53.49
3015585,2879.74
3015586,10.91
3015587,0.27
3015588,25.85
3015589,22.62
3015590,0.07
3015591,224.52
3015592,1.61
3015593,2.16
3015594,6.58
3015595,66.24
3015596,1.12
3015597,93.25
3015598,180.35
3015599,1.77
3015600,3.82
3015601,116.58
3015602,116.72
3015603,790.34
3015604,0.02
3015605,3.36
3015606,3.12
3015607,0.03
3015608,0.77
3015609,1441.16
3015610,0.0
3015611,91.32
3015612,6.15
3015613,504.68
3015614,260.68
3015615,121.67
3015616,42.24
3015617,44.17
3015618,2181.56
3015619,4.18
3015620,0.55
3015621,21.0
3015622,17.31
3015623,0.0
3015624,128.15
3015625,0.22
3015626,0.0
3015627,3.42
3015628,34.01
3015629,1.68
3015630,98.89
3015631,104.12
3015632,0.5
3015633,3.84
3015634,91.32
3015635,24.18
3015636,341.37
3015637,8.05
3015638,1.18
3015639,1.13
3015640,0.0
3015641,0.34
3015642,1149.74
3015643,0.0
3015644,256.81
3015645,9.4
3015646,432.05
3015647,431.25
3015648,106.28
3015649,43.84
3015650,58.45
3015651,1763.7
3015652,14.78
3015653,0.1
3015654,7.35
3015655,10.03
3015656,0.09
3015657,106.14
3015658,9.12
3015659,0.57
3015660,2.25
3015661,42.45
3015662,4.77
3015663,716.46
3015664,132.13
3015665,2.18
3015666,4.85
3015667,238.05
3015668,28.91
3015669,975.48
3015670,0.01
3015671,7.37
3015672,2.27
3015673,0.02
3015674,2.53
3015675,2927.16
3015676,0.0
3015677,657.03
3015678,16.79
3015679,854.4
3015680,1000.58
3015681,228.3
3015682,177.05
3015683,158.34
3015684,3638.45
3015685,26.13
3015686,0.5
3015687,16.39
3015688,33.24
3015689,0.0
3015690,204.19
3015691,9.73
3015692,33.97
3015693,10.21
3015694,82.06
3015695,11.66
3015696,325.79
3015697,221.62
3015698,13.36
3015699,10.42
3015700,425.3
3015701,102.36
3015702,2798.38
3015703,0.02
3015704,16.85
3015705,1.49
3015706,0.02
3015707,2.65
3015708,1522.58
3015709,0.0
3015710,265.77
3015711,4.62
3015712,310.98
3015713,425.66
3015714,123.17
3015715,85.46
3015716,63.55
3015717,1375.84
3015718,12.75
3015719,0.51
3015720,10.13
3015721,14.65
3015722,0.0
3015723,72.83
3015724,0.0
3015725,17.55
3015726,2.71
3015727,127.75
3015728,4.61
3015729,157.81
3015730,81.8
3015731,2.96
3015732,4.2
3015733,121.36
3015734,33.8
3015735,1040.23
3015736,0.06
3015737,2.5
3015738,2.11
3015739,0.0
3015740,0.89
3015741,601.73
3015742,0.0
3015743,147.66
3015744,4.76
3015745,225.5
3015746,157.94
3015747,55.77
3015748,22.44
3015749,29.23
3015750,966.49
3015751,0.29
3015752,0.46
3015753,5.67
3015754,5.2
3015755,0.05
3015756,47.46
3015757,0.0
3015758,4.17
3015759,0.16
3015760,17.7
3015761,0.08
3015762,181.5
3015763,90.82
3015764,1.2
3015765,0.6
3015766,94.44
3015767,12.81
3015768,360.61
3015769,0.06
3015770,1.02
3015771,4.28
3015772,0.05
3015773,3.05
3015774,2225.35
3015775,0.01
3015776,462.59
3015777,13.64
3015778,581.57
3015779,695.73
3015780,207.17
3015781,171.71
3015782,94.23
3015783,2768.99
3015784,18.97
3015785,1.22
3015786,14.31
3015787,22.02
3015788,0.1
3015789,158.76
3015790,3.68
3015791,27.9
3015792,5.79
3015793,80.61
3015794,3.13
3015795,214.1
3015796,140.32
3015797,8.4
3015798,6.44
3015799,241.91
3015800,66.12
3015801,1752.06
3015802,0.23
3015803,12.41
3015804,4.05
3015805,0.0
3015806,1.41
3015807,2440.27
3015808,0.0
3015809,415.99
3015810,10.63
3015811,808.35
3015812,566.55
3015813,275.1
3015814,187.37
3015815,54.14
3015816,3296.02
3015817,9.81
3015818,0.31
3015819,26.93
3015820,12.85
3015821,0.1
3015822,189.53
3015823,0.0
3015824,3.94
3015825,2.85
3015826,34.3
3015827,0.48
3015828,273.35
3015829,194.03
3015830,3.29
3015831,3.55
3015832,150.84
3015833,68.35
3015834,1048.3
3015835,1.06
3015836,2.65
3015837,4.28
3015838,0.13
3015839,1.6
3015840,2394.15
3015841,0.0
3015842,471.04
3015843,10.42
3015844,602.89
3015845,490.39
3015846,205.33
3015847,148.65
3015848,55.0
3015849,3054.28
3015850,11.56
3015851,0.66
3015852,24.14
3015853,11.55
3015854,0.0
3015855,175.43
3015856,0.0
3015857,2.38
3015858,2.84
3015859,68.28
3015860,0.87
3015861,136.21
3015862,166.0
3015863,3.85
3015864,3.3
3015865,138.44
3015866,52.88
3015867,788.42
3015868,1.13
3015869,3.44
3015870,7.14
3015871,0.04
3015872,11.03
3015873,6410.47
3015874,0.0
3015875,955.54
3015876,55.25
3015877,1444.33
3015878,1597.49
3015879,280.81
3015880,369.21
3015881,243.75
3015882,6012.92
3015883,57.39
3015884,2.16
3015885,50.23
3015886,43.28
3015887,0.12
3015888,354.22
3015889,27.57
3015890,36.29
3015891,23.0
3015892,185.42
3015893,22.86
3015894,554.1
3015895,376.29
3015896,14.06
3015897,19.01
3015898,883.11
3015899,201.29
3015900,5388.72
3015901,0.05
3015902,58.65
3015903,1.53
3015904,0.07
3015905,0.32
3015906,1330.95
3015907,0.0
3015908,138.91
3015909,3.43
3015910,489.13
3015911,210.74
3015912,102.72
3015913,113.87
3015914,41.08
3015915,1812.19
3015916,4.12
3015917,0.18
3015918,12.01
3015919,6.09
3015920,0.0
3015921,160.92
3015922,0.34
3015923,0.0
3015924,1.3
3015925,31.51
3015926,0.3
3015927,158.11
3015928,87.82
3015929,1.03
3015930,2.92
3015931,99.55
3015932,20.1
3015933,422.49
3015934,0.01
3015935,1.26
3015936,5.93
3015937,0.07
3015938,0.97
3015939,2447.99
3015940,0.0
3015941,396.99
3015942,9.18
3015943,909.93
3015944,497.73
3015945,185.06
3015946,230.38
3015947,72.51
3015948,3489.77
3015949,10.37
3015950,0.32
3015951,18.41
3015952,14.49
3015953,0.06
3015954,232.25
3015955,0.65
3015956,3.91
3015957,7.69
3015958,16.2
3015959,0.96
3015960,640.98
3015961,193.28
3015962,2.29
3015963,4.81
3015964,115.84
3015965,53.76
3015966,946.62
3015967,0.69
3015968,3.76
3015969,0.1
3015970,0.0
3015971,0.29
3015972,792.64
3015973,0.0
3015974,91.05
3015975,2.09
3015976,421.53
3015977,124.9
3015978,84.27
3015979,167.35
3015980,19.74
3015981,1534.77
3015982,0.45
3015983,0.1
3015984,6.35
3015985,2.11
3015986,0.04
3015987,68.71
3015988,0.0
3015989,0.0
3015990,0.22
3015991,11.2
3015992,0.08
3015993,112.35
3015994,64.69
3015995,0.14
3015996,0.58
3015997,46.03
3015998,7.39
3015999,151.46
3016000,0.03
3016001,0.89
3016002,5.3
3016003,0.0
3016004,0.64
3016005,1657.04
3016006,0.0
3016007,155.31
3016008,5.47
3016009,718.85
3016010,282.11
3016011,150.77
3016012,129.71
3016013,54.64
3016014,2275.86
3016015,0.42
3016016,0.25
3016017,25.21
3016018,13.61
3016019,0.05
3016020,153.38
3016021,0.0
3016022,0.0
3016023,10.75
3016024,30.58
3016025,0.67
3016026,368.42
3016027,162.48
3016028,1.1
3016029,3.09
3016030,183.14
3016031,18.54
3016032,948.89
3016033,0.01
3016034,0.21
3016035,1.57
3016036,0.24
3016037,0.83
3016038,2039.35
3016039,0.0
3016040,592.53
3016041,6.96
3016042,727.63
3016043,520.35
3016044,204.85
3016045,100.84
3016046,65.96
3016047,3390.5
3016048,4.88
3016049,2.81
3016050,20.22
3016051,45.34
3016052,0.07
3016053,169.68
3016054,0.76
3016055,3.99
3016056,3.35
3016057,27.88
3016058,1.33
3016059,223.32
3016060,223.77
3016061,2.33
3016062,5.02
3016063,112.73
3016064,23.94
3016065,559.34
3016066,1.91
3016067,2.24
3016068,3.51
3016069,0.0
3016070,0.05
3016071,1163.54
3016072,0.0
3016073,75.55
3016074,1.48
3016075,388.66
3016076,139.17
3016077,78.54
3016078,124.86
3016079,32.32
3016080,1514.46
3016081,2.18
3016082,0.06
3016083,5.38
3016084,2.14
3016085,0.06
3016086,84.58
3016087,0.0
3016088,0.0
3016089,0.03
3016090,16.39
3016091,0.28
3016092,281.01
3016093,66.34
3016094,0.29
3016095,0.43
3016096,45.17
3016097,14.12
3016098,284.77
3016099,0.01
3016100,0.12
3016101,3.31
3016102,0.0
3016103,0.37
3016104,2942.17
3016105,0.0
3016106,425.91
3016107,6.74
3016108,696.84
3016109,491.71
3016110,165.87
3016111,121.35
3016112,70.71
3016113,3009.33
3016114,5.16
3016115,0.15
3016116,15.75
3016117,9.08
3016118,0.06
3016119,160.72
3016120,0.0
3016121,22.82
3016122,1.25
3016123,34.86
3016124,0.82
3016125,405.67
3016126,173.38
3016127,2.2
3016128,2.05
3016129,109.49
3016130,32.64
3016131,980.78
3016132,0.19
3016133,0.21
3016134,3.09
3016135,0.0
3016136,4.87
3016137,2238.97
3016138,0.0
3016139,508.42
3016140,8.23
3016141,745.69
3016142,753.4
3016143,150.19
3016144,104.96
3016145,102.59
3016146,3183.99
3016147,36.71
3016148,0.84
3016149,22.62
3016150,20.57
3016151,0.15
3016152,167.05
3016153,16.89
3016154,19.55
3016155,1.16
3016156,90.0
3016157,8.16
3016158,205.77
3016159,208.87
3016160,9.65
3016161,9.9
3016162,220.83
3016163,70.47
3016164,2241.29
3016165,0.04
3016166,10.23
3016167,3.9
3016168,0.0
3016169,2.59
3016170,1669.84
3016171,0.0
3016172,360.82
3016173,11.55
3016174,710.82
3016175,574.95
3016176,114.68
3016177,61.01
3016178,89.73
3016179,2661.47
3016180,19.18
3016181,0.73
3016182,28.03
3016183,23.04
3016184,0.0
3016185,222.85
3016186,14.41
3016187,13.15
3016188,6.81
3016189,80.52
3016190,7.7
3016191,134.2
3016192,262.17
3016193,5.35
3016194,7.14
3016195,110.77
3016196,69.97
3016197,1508.76
3016198,0.5
3016199,13.75
3016200,6.42
3016201,0.14
3016202,3.55
3016203,2751.87
3016204,0.0
3016205,578.87
3016206,7.78
3016207,979.83
3016208,450.31
3016209,168.41
3016210,231.14
3016211,57.01
3016212,4497.93
3016213,25.35
3016214,0.95
3016215,20.93
3016216,18.31
3016217,0.09
3016218,263.76
3016219,3.99
3016220,10.86
3016221,4.6
3016222,51.39
3016223,3.44
3016224,225.38
3016225,238.61
3016226,5.59
3016227,6.23
3016228,204.99
3016229,44.49
3016230,1182.2
3016231,5.76
3016232,10.12
3016233,2.33
3016234,0.0
3016235,2.26
3016236,1793.88
3016237,0.0
3016238,298.47
3016239,6.82
3016240,617.15
3016241,589.53
3016242,163.12
3016243,105.0
3016244,58.69
3016245,2531.79
3016246,16.73
3016247,0.66
3016248,12.62
3016249,7.24
3016250,0.05
3016251,152.33
3016252,12.96
3016253,15.58
3016254,0.49
3016255,58.15
3016256,5.76
3016257,274.29
3016258,162.04
3016259,4.46
3016260,5.34
3016261,247.44
3016262,39.46
3016263,1489.32
3016264,0.01
3016265,16.58
3016266,2.49
3016267,0.05
3016268,0.76
3016269,3617.91
3016270,0.0
3016271,331.99
3016272,6.31
3016273,1230.67
3016274,484.35
3016275,221.14
3016276,142.15
3016277,63.84
3016278,4630.93
3016279,8.52
3016280,1.13
3016281,24.12
3016282,17.89
3016283,0.05
3016284,327.41
3016285,0.0
3016286,0.01
3016287,8.61
3016288,35.54
3016289,1.07
3016290,110.61
3016291,226.36
3016292,2.02
3016293,8.37
3016294,140.85
3016295,46.99
3016296,870.52
3016297,0.01
3016298,3.58
3016299,4.23
3016300,0.0
3016301,3.71
3016302,1677.0
3016303,0.0
3016304,369.68
3016305,10.19
3016306,807.86
3016307,560.3
3016308,168.92
3016309,93.12
3016310,123.54
3016311,2846.79
3016312,18.16
3016313,0.75
3016314,17.69
3016315,26.38
3016316,0.0
3016317,167.38
3016318,9.69
3016319,10.15
3016320,5.38
3016321,52.37
3016322,8.1
3016323,155.2
3016324,212.27
3016325,10.01
3016326,5.54
3016327,141.91
3016328,48.92
3016329,1458.45
3016330,0.08
3016331,5.13
3016332,2.43
3016333,0.0
3016334,3.98
3016335,1703.13
3016336,0.0
3016337,365.71
3016338,8.23
3016339,483.33
3016340,655.0
3016341,127.44
3016342,94.35
3016343,92.02
3016344,2580.84
3016345,23.03
3016346,0.47
3016347,14.13
3016348,16.59
3016349,0.0
3016350,144.54
3016351,10.44
3016352,32.24
3016353,3.52
3016354,61.41
3016355,7.91
3016356,199.98
3016357,145.48
3016358,6.5
3016359,6.02
3016360,182.55
3016361,42.93
3016362,1863.57
3016363,0.06
3016364,12.3
3016365,2.66
3016366,0.02
3016367,3.47
3016368,3221.55
3016369,0.0
3016370,462.46
3016371,13.14
3016372,972.29
3016373,549.06
3016374,241.71
3016375,162.01
3016376,49.34
3016377,3652.3
3016378,6.53
3016379,0.04
3016380,14.19
3016381,13.86
3016382,0.01
3016383,181.38
3016384,0.0
3016385,4.97
3016386,0.32
3016387,56.6
3016388,0.76
3016389,225.39
3016390,237.16
3016391,1.93
3016392,0.56
3016393,188.89
3016394,111.77
3016395,957.29
3016396,1.24
3016397,0.16
3016398,11.41
3016399,0.0
3016400,10.95
3016401,6741.36
3016402,0.0
3016403,1225.41
3016404,31.76
3016405,1732.38
3016406,1799.01
3016407,381.65
3016408,400.15
3016409,346.88
3016410,7198.2
3016411,63.75
3016412,2.16
3016413,111.93
3016414,87.66
3016415,0.06
3016416,445.76
3016417,20.08
3016418,22.07
3016419,32.78
3016420,298.63
3016421,21.09
3016422,625.4
3016423,374.35
3016424,28.71
3016425,33.69
3016426,867.92
3016427,294.93
3016428,6476.56
3016429,272.82
3016430,65.65
3016431,11.97
3016432,0.0
3016433,10.31
3016434,6287.58
3016435,0.0
3016436,922.52
3016437,35.48
3016438,1724.25
3016439,1585.2
3016440,503.59
3016441,235.27
3016442,218.73
3016443,7738.3
3016444,68.31
3016445,1.0
3016446,65.65
3016447,66.3
3016448,0.1
3016449,442.81
3016450,15.41
3016451,31.46
3016452,9.11
3016453,177.42
3016454,16.48
3016455,774.38
3016456,462.12
3016457,15.67
3016458,20.26
3016459,825.85
3016460,199.67
3016461,4306.54
3016462,241.29
3016463,56.45
3016464,8.32
3016465,0.0
3016466,11.64
3016467,3754.36
3016468,0.0
3016469,696.93
3016470,15.07
3016471,1537.84
3016472,1045.78
3016473,533.06
3016474,84.69
3016475,173.42
3016476,6249.06
3016477,30.82
3016478,1.43
3016479,32.91
3016480,25.26
3016481,0.12
3016482,428.37
3016483,13.81
3016484,19.32
3016485,6.77
3016486,92.99
3016487,8.41
3016488,685.06
3016489,467.13
3016490,15.15
3016491,28.03
3016492,517.14
3016493,117.3
3016494,1840.64
3016495,232.79
3016496,30.41
3016497,10.45
3016498,0.0
3016499,12.93
3016500,5799.48
3016501,0.0
3016502,913.76
3016503,22.33
3016504,1629.92
3016505,1533.7
3016506,454.67
3016507,238.0
3016508,186.37
3016509,7225.18
3016510,37.3
3016511,1.16
3016512,60.6
3016513,52.81
3016514,0.28
3016515,442.04
3016516,21.6
3016517,33.59
3016518,25.08
3016519,158.88
3016520,11.17
3016521,636.2
3016522,449.04
3016523,16.29
3016524,21.8
3016525,770.34
3016526,185.36
3016527,3990.7
3016528,253.62
3016529,53.12
3016530,8.05
3016531,0.0
3016532,11.14
3016533,3085.46
3016534,0.0
3016535,605.16
3016536,15.8
3016537,1386.45
3016538,772.61
3016539,432.46
3016540,67.05
3016541,125.99
3016542,5448.49
3016543,25.97
3016544,0.17
3016545,22.02
3016546,25.12
3016547,0.0
3016548,363.24
3016549,14.06
3016550,8.91
3016551,2.04
3016552,84.86
3016553,5.67
3016554,594.67
3016555,453.21
3016556,12.87
3016557,15.27
3016558,523.68
3016559,76.24
3016560,1281.07
3016561,260.24
3016562,14.59
3016563,7.78
3016564,0.0
3016565,8.68
3016566,5326.23
3016567,0.0
3016568,916.87
3016569,29.15
3016570,1384.76
3016571,1673.98
3016572,314.79
3016573,338.0
3016574,255.45
3016575,5683.88
3016576,57.53
3016577,1.05
3016578,44.14
3016579,43.83
3016580,0.04
3016581,334.74
3016582,8.98
3016583,25.53
3016584,8.87
3016585,221.07
3016586,13.58
3016587,596.57
3016588,349.12
3016589,14.78
3016590,26.89
3016591,676.04
3016592,185.3
3016593,5616.49
3016594,198.58
3016595,57.82
3016596,4.35
3016597,0.04
3016598,2.75
3016599,1568.78
3016600,0.0
3016601,258.95
3016602,22.95
3016603,762.31
3016604,443.84
3016605,181.48
3016606,62.5
3016607,80.96
3016608,2473.22
3016609,14.78
3016610,0.6
3016611,21.98
3016612,17.92
3016613,0.01
3016614,154.25
3016615,8.7
3016616,6.15
3016617,10.08
3016618,53.13
3016619,6.85
3016620,206.83
3016621,172.63
3016622,1.98
3016623,5.78
3016624,166.84
3016625,49.45
3016626,1162.89
3016627,0.05
3016628,9.59
3016629,6.75
3016630,0.0
3016631,8.62
3016632,3233.95
3016633,0.0
3016634,478.75
3016635,30.36
3016636,1218.01
3016637,836.53
3016638,367.37
3016639,69.59
3016640,147.13
3016641,4829.56
3016642,31.45
3016643,0.66
3016644,56.4
3016645,32.22
3016646,0.0
3016647,284.26
3016648,7.34
3016649,4.27
3016650,2.29
3016651,125.12
3016652,7.87
3016653,463.45
3016654,374.21
3016655,9.93
3016656,16.15
3016657,304.49
3016658,78.35
3016659,1684.54
3016660,224.35
3016661,13.75
3016662,4.88
3016663,0.0
3016664,3.37
3016665,3413.93
3016666,0.0
3016667,649.42
3016668,9.36
3016669,948.34
3016670,1201.03
3016671,189.18
3016672,235.16
3016673,210.19
3016674,3621.84
3016675,28.17
3016676,0.92
3016677,22.02
3016678,24.29
3016679,0.0
3016680,222.53
3016681,2.18
3016682,43.1
3016683,3.29
3016684,122.12
3016685,8.12
3016686,447.83
3016687,184.97
3016688,15.69
3016689,8.18
3016690,482.96
3016691,106.58
3016692,3843.66
3016693,0.17
3016694,30.17
3016695,6.91
3016696,0.0
3016697,3.76
3016698,3650.46
3016699,0.0
3016700,698.97
3016701,11.12
3016702,1072.15
3016703,964.7
3016704,274.39
3016705,173.11
3016706,268.33
3016707,4709.23
3016708,26.14
3016709,1.85
3016710,36.95
3016711,35.46
3016712,0.12
3016713,260.66
3016714,5.22
3016715,37.14
3016716,5.63
3016717,172.97
3016718,7.89
3016719,367.16
3016720,246.63
3016721,11.64
3016722,20.07
3016723,349.74
3016724,110.34
3016725,3857.5
3016726,2.01
3016727,7.23
3016728,6.19
3016729,0.0
3016730,3.41
3016731,1596.79
3016732,0.0
3016733,331.75
3016734,6.55
3016735,576.56
3016736,353.82
3016737,174.64
3016738,64.68
3016739,98.01
3016740,2281.63
3016741,12.82
3016742,0.9
3016743,26.03
3016744,20.55
3016745,0.02
3016746,142.85
3016747,2.95
3016748,8.32
3016749,4.03
3016750,62.58
3016751,3.35
3016752,170.23
3016753,163.34
3016754,3.45
3016755,4.01
3016756,126.99
3016757,48.94
3016758,1263.73
3016759,0.05
3016760,2.33
3016761,5.35
3016762,0.0
3016763,0.1
3016764,2540.88
3016765,0.0
3016766,146.42
3016767,2.64
3016768,697.83
3016769,197.48
3016770,165.6
3016771,51.23
3016772,26.99
3016773,2440.09
3016774,6.97
3016775,0.4
3016776,14.84
3016777,7.8
3016778,0.02
3016779,147.8
3016780,0.0
3016781,0.0
3016782,1.56
3016783,14.66
3016784,0.42
3016785,48.2
3016786,127.13
3016787,0.0
3016788,1.14
3016789,47.89
3016790,69.21
3016791,466.77
3016792,0.01
3016793,1.04
3016794,3.65
3016795,0.0
3016796,5.73
3016797,2502.75
3016798,0.0
3016799,433.74
3016800,10.99
3016801,886.61
3016802,705.56
3016803,245.68
3016804,121.47
3016805,104.76
3016806,3539.43
3016807,24.37
3016808,0.5
3016809,22.95
3016810,33.58
3016811,0.0
3016812,196.15
3016813,18.42
3016814,13.93
3016815,13.76
3016816,63.1
3016817,6.18
3016818,367.97
3016819,222.4
3016820,6.8
3016821,10.9
3016822,379.83
3016823,81.28
3016824,1778.2
3016825,0.01
3016826,22.78
3016827,3.96
3016828,0.0
3016829,4.34
3016830,3398.88
3016831,0.0
3016832,594.19
3016833,18.48
3016834,675.02
3016835,1003.83
3016836,158.24
3016837,238.8
3016838,188.32
3016839,3499.36
3016840,33.59
3016841,2.25
3016842,25.22
3016843,24.53
3016844,0.13
3016845,174.24
3016846,10.02
3016847,32.94
3016848,6.74
3016849,141.4
3016850,11.54
3016851,387.06
3016852,185.15
3016853,6.17
3016854,10.49
3016855,541.59
3016856,118.54
3016857,4210.68
3016858,0.04
3016859,31.99
3016860,3.18
3016861,0.14
3016862,8.11
3016863,3427.97
3016864,0.0
3016865,675.86
3016866,20.47
3016867,829.23
3016868,1040.94
3016869,212.63
3016870,219.75
3016871,124.87
3016872,3673.11
3016873,28.27
3016874,1.94
3016875,39.46
3016876,35.45
3016877,0.0
3016878,246.37
3016879,20.53
3016880,31.26
3016881,21.44
3016882,139.47
3016883,14.64
3016884,337.8
3016885,235.81
3016886,14.41
3016887,15.87
3016888,412.66
3016889,130.57
3016890,3181.68
3016891,0.1
3016892,28.3
3016893,9.74
3016894,0.06
3016895,6.56
3016896,2409.53
3016897,0.0
3016898,379.25
3016899,13.28
3016900,1089.87
3016901,569.79
3016902,403.11
3016903,137.04
3016904,71.12
3016905,4817.78
3016906,8.26
3016907,0.85
3016908,45.72
3016909,25.25
3016910,0.0
3016911,284.35
3016912,9.46
3016913,3.92
3016914,3.47
3016915,38.07
3016916,4.67
3016917,475.13
3016918,298.41
3016919,5.64
3016920,5.98
3016921,296.69
3016922,94.85
3016923,1105.93
3016924,62.16
3016925,12.23
3016926,3.89
3016927,0.0
3016928,1.73
3016929,1970.78
3016930,0.0
3016931,283.12
3016932,14.52
3016933,549.56
3016934,630.75
3016935,157.82
3016936,141.88
3016937,110.68
3016938,2130.73
3016939,16.12
3016940,0.81
3016941,16.83
3016942,24.65
3016943,0.0
3016944,140.84
3016945,11.99
3016946,18.74
3016947,5.91
3016948,105.01
3016949,5.85
3016950,560.26
3016951,110.7
3016952,2.92
3016953,7.75
3016954,410.53
3016955,46.85
3016956,1732.05
3016957,0.02
3016958,24.4
3016959,0.61
3016960,0.0
3016961,0.76
3016962,961.27
3016963,0.0
3016964,74.57
3016965,1.52
3016966,541.08
3016967,202.4
3016968,273.59
3016969,21.66
3016970,28.29
3016971,1909.32
3016972,3.35
3016973,0.1
3016974,6.24
3016975,4.78
3016976,0.01
3016977,116.75
3016978,1.86
3016979,0.0
3016980,0.74
3016981,14.77
3016982,0.17
3016983,128.01
3016984,127.84
3016985,0.24
3016986,2.55
3016987,126.09
3016988,20.7
3016989,196.48
3016990,9.06
3016991,0.23
3016992,4.6
3016993,0.25
3016994,4.7
3016995,4780.73
3016996,0.0
3016997,582.02
3016998,15.06
3016999,1446.57
3017000,487.16
3017001,490.75
3017002,129.59
3017003,80.69
3017004,5048.48
3017005,21.34
3017006,0.28
3017007,26.58
3017008,11.95
3017009,0.05
3017010,366.66
3017011,8.66
3017012,1.45
3017013,6.75
3017014,62.07
3017015,2.3
3017016,525.85
3017017,267.76
3017018,1.89
3017019,10.24
3017020,486.52
3017021,98.82
3017022,1168.34
3017023,23.59
3017024,6.15
3017025,3.46
3017026,0.0
3017027,0.18
3017028,1495.2
3017029,0.0
3017030,148.91
3017031,9.26
3017032,645.07
3017033,322.58
3017034,211.98
3017035,49.24
3017036,38.57
3017037,1910.38
3017038,7.86
3017039,0.19
3017040,8.58
3017041,14.43
3017042,0.0
3017043,136.11
3017044,5.38
3017045,0.0
3017046,8.1
3017047,50.03
3017048,0.96
3017049,117.81
3017050,131.1
3017051,1.0
3017052,4.36
3017053,123.68
3017054,29.08
3017055,305.38
3017056,4.09
3017057,1.52
3017058,3.11
3017059,0.0
3017060,3.27
3017061,1446.72
3017062,0.0
3017063,83.97
3017064,6.22
3017065,660.24
3017066,181.88
3017067,165.27
3017068,28.48
3017069,28.46
3017070,2464.4
3017071,11.5
3017072,0.04
3017073,7.97
3017074,8.87
3017075,0.0
3017076,115.21
3017077,1.17
3017078,0.0
3017079,1.25
3017080,51.98
3017081,0.5
3017082,143.09
3017083,132.67
3017084,0.27
3017085,4.22
3017086,79.16
3017087,20.97
3017088,169.12
3017089,6.21
3017090,0.42
3017091,2.24
3017092,0.0
3017093,2.04
3017094,1366.8
3017095,0.0
3017096,151.28
3017097,6.57
3017098,825.86
3017099,285.3
3017100,301.96
3017101,25.84
3017102,41.11
3017103,2670.68
3017104,5.12
3017105,0.14
3017106,7.56
3017107,15.97
3017108,0.02
3017109,153.91
3017110,0.31
3017111,0.0
3017112,2.15
3017113,26.05
3017114,1.5
3017115,186.65
3017116,210.66
3017117,0.61
3017118,3.84
3017119,47.86
3017120,80.7
3017121,336.79
3017122,3.77
3017123,2.98
3017124,2.38
3017125,0.56
3017126,1.9
3017127,1632.32
3017128,0.0
3017129,127.57
3017130,1.92
3017131,774.9
3017132,257.11
3017133,293.43
3017134,76.55
3017135,63.46
3017136,1966.86
3017137,7.28
3017138,0.38
3017139,9.54
3017140,12.33
3017141,0.01
3017142,180.48
3017143,4.57
3017144,0.0
3017145,1.91
3017146,25.62
3017147,0.83
3017148,116.14
3017149,143.45
3017150,0.3
3017151,2.71
3017152,109.81
3017153,36.54
3017154,516.48
3017155,2.0
3017156,0.63
3017157,2.71
3017158,0.05
3017159,0.15
3017160,1216.14
3017161,0.0
3017162,111.58
3017163,4.82
3017164,669.59
3017165,166.18
3017166,133.42
3017167,92.4
3017168,29.51
3017169,1666.25
3017170,3.24
3017171,0.1
3017172,10.8
3017173,7.03
3017174,0.01
3017175,134.11
3017176,0.0
3017177,0.0
3017178,0.93
3017179,41.83
3017180,0.92
3017181,46.95
3017182,102.78
3017183,0.46
3017184,1.68
3017185,67.52
3017186,29.22
3017187,425.38
3017188,0.01
3017189,0.61
3017190,6.23
3017191,0.21
3017192,2.65
3017193,2668.68
3017194,0.0
3017195,264.63
3017196,6.71
3017197,826.16
3017198,473.23
3017199,544.96
3017200,150.79
3017201,80.74
3017202,3486.66
3017203,12.48
3017204,0.77
3017205,18.58
3017206,18.67
3017207,0.0
3017208,208.22
3017209,0.12
3017210,0.0
3017211,5.28
3017212,52.84
3017213,2.83
3017214,196.13
3017215,189.66
3017216,0.98
3017217,5.87
3017218,301.32
3017219,53.48
3017220,1024.4
3017221,10.79
3017222,9.32
3017223,1.88
3017224,0.05
3017225,2.88
3017226,1671.77
3017227,0.0
3017228,1.17
3017229,6.48
3017230,439.76
3017231,453.64
3017232,131.39
3017233,123.77
3017234,52.95
3017235,2088.43
3017236,8.8
3017237,0.41
3017238,17.52
3017239,10.56
3017240,0.0
3017241,136.87
3017242,5.02
3017243,2.69
3017244,4.83
3017245,86.72
3017246,1.33
3017247,35.65
3017248,102.32
3017249,2.57
3017250,4.79
3017251,94.59
3017252,43.64
3017253,991.16
3017254,23.23
3017255,7.24
3017256,4.4
3017257,0.08
3017258,2.73
3017259,2433.65
3017260,0.0
3017261,119.48
3017262,5.56
3017263,793.34
3017264,260.31
3017265,273.51
3017266,51.17
3017267,42.67
3017268,2855.27
3017269,9.83
3017270,0.83
3017271,16.7
3017272,10.27
3017273,0.01
3017274,149.63
3017275,4.58
3017276,0.0
3017277,2.28
3017278,36.88
3017279,1.98
3017280,114.16
3017281,160.67
3017282,0.71
3017283,4.2
3017284,95.0
3017285,19.89
3017286,382.27
3017287,6.79
3017288,2.43
3017289,4.35
3017290,0.0
3017291,5.72
3017292,2645.35
3017293,0.0
3017294,596.3
3017295,11.53
3017296,808.48
3017297,789.54
3017298,225.09
3017299,162.11
3017300,130.17
3017301,3549.91
3017302,29.98
3017303,0.95
3017304,22.36
3017305,26.38
3017306,0.09
3017307,209.2
3017308,17.73
3017309,15.34
3017310,3.56
3017311,125.55
3017312,9.26
3017313,1279.69
3017314,212.92
3017315,6.81
3017316,7.25
3017317,570.83
3017318,102.71
3017319,2040.54
3017320,0.03
3017321,31.39
3017322,4.79
3017323,0.0
3017324,4.13
3017325,3179.42
3017326,0.0
3017327,334.42
3017328,7.23
3017329,982.15
3017330,466.94
3017331,793.09
3017332,65.42
3017333,62.44
3017334,4765.59
3017335,12.18
3017336,0.32
3017337,17.84
3017338,7.89
3017339,0.02
3017340,242.1
3017341,0.32
3017342,6.05
3017343,2.46
3017344,58.71
3017345,0.8
3017346,206.73
3017347,238.69
3017348,2.69
3017349,3.88
3017350,493.43
3017351,63.72
3017352,746.24
3017353,43.13
3017354,8.83
3017355,7.16
3017356,0.46
3017357,3.23
3017358,2487.32
3017359,0.0
3017360,318.17
3017361,6.23
3017362,1040.53
3017363,405.75
3017364,280.5
3017365,162.26
3017366,79.0
3017367,3184.38
3017368,11.03
3017369,0.34
3017370,25.41
3017371,21.06
3017372,0.06
3017373,222.97
3017374,1.55
3017375,2.77
3017376,7.09
3017377,110.29
3017378,1.38
3017379,83.19
3017380,193.09
3017381,1.64
3017382,3.59
3017383,145.6
3017384,144.22
3017385,921.53
3017386,0.01
3017387,3.27
3017388,3.56
3017389,0.04
3017390,0.79
3017391,1550.58
3017392,0.0
3017393,92.64
3017394,7.39
3017395,531.68
3017396,237.59
3017397,129.72
3017398,45.42
3017399,51.42
3017400,2178.15
3017401,4.81
3017402,0.6
3017403,23.16
3017404,13.74
3017405,0.0
3017406,142.94
3017407,0.09
3017408,0.0
3017409,4.53
3017410,76.88
3017411,1.93
3017412,82.21
3017413,104.47
3017414,0.51
3017415,3.73
3017416,156.19
3017417,30.24
3017418,332.95
3017419,17.27
3017420,0.97
3017421,1.08
3017422,0.0
3017423,2.05
3017424,1264.84
3017425,0.0
3017426,273.22
3017427,11.65
3017428,480.63
3017429,482.37
3017430,144.4
3017431,51.78
3017432,76.19
3017433,2006.48
3017434,20.21
3017435,0.08
3017436,7.35
3017437,8.71
3017438,0.08
3017439,110.76
3017440,8.9
3017441,1.17
3017442,2.09
3017443,75.76
3017444,4.82
3017445,464.3
3017446,154.44
3017447,1.9
3017448,4.69
3017449,368.27
3017450,27.91
3017451,1120.77
3017452,0.01
3017453,10.87
3017454,2.08
3017455,0.01
3017456,4.67
3017457,3527.08
3017458,0.0
3017459,779.51
3017460,18.47
3017461,953.72
3017462,1191.46
3017463,297.61
3017464,229.95
3017465,209.09
3017466,3851.83
3017467,29.1
3017468,0.44
3017469,18.19
3017470,36.77
3017471,0.0
3017472,220.2
3017473,10.26
3017474,41.75
3017475,9.84
3017476,129.14
3017477,11.69
3017478,654.99
3017479,233.62
3017480,13.64
3017481,5.99
3017482,765.41
3017483,124.65
3017484,3354.27
3017485,0.01
3017486,32.06
3017487,1.63
3017488,0.01
3017489,3.14
3017490,2139.1
3017491,0.0
3017492,314.44
3017493,6.35
3017494,393.91
3017495,653.25
3017496,189.01
3017497,151.24
3017498,114.77
3017499,1873.27
3017500,16.26
3017501,0.6
3017502,16.05
3017503,15.18
3017504,0.0
3017505,106.52
3017506,0.0
3017507,25.08
3017508,3.5
3017509,245.11
3017510,6.35
3017511,349.8
3017512,87.67
3017513,3.41
3017514,6.08
3017515,262.71
3017516,39.16
3017517,1276.22
3017518,0.05
3017519,7.26
3017520,2.54
3017521,0.0
3017522,0.04
3017523,715.1
3017524,0.0
3017525,193.78
3017526,5.71
3017527,267.23
3017528,197.11
3017529,96.94
3017530,30.84
3017531,30.89
3017532,1125.9
3017533,0.46
3017534,0.58
3017535,7.67
3017536,10.71
3017537,0.04
3017538,49.62
3017539,0.01
3017540,6.13
3017541,0.31
3017542,27.75
3017543,0.07
3017544,408.1
3017545,103.17
3017546,1.35
3017547,0.68
3017548,190.06
3017549,15.45
3017550,494.25
3017551,0.05
3017552,0.06
3017553,4.32
3017554,0.07
3017555,3.47
3017556,2719.9
3017557,0.0
3017558,524.53
3017559,17.4
3017560,702.94
3017561,832.54
3017562,304.58
3017563,220.54
3017564,159.3
3017565,3350.38
3017566,23.18
3017567,1.53
3017568,19.45
3017569,27.47
3017570,0.08
3017571,183.74
3017572,3.26
3017573,42.69
3017574,6.25
3017575,192.43
3017576,3.05
3017577,406.98
3017578,170.86
3017579,9.13
3017580,7.8
3017581,447.52
3017582,73.17
3017583,2262.85
3017584,0.18
3017585,23.08
3017586,4.19
3017587,0.0
3017588,1.66
3017589,2810.14
3017590,0.0
3017591,464.32
3017592,15.92
3017593,962.71
3017594,595.5
3017595,388.25
3017596,186.39
3017597,65.31
3017598,3824.6
3017599,12.33
3017600,0.43
3017601,22.62
3017602,13.93
3017603,0.13
3017604,192.61
3017605,0.0
3017606,5.8
3017607,3.13
3017608,82.17
3017609,0.68
3017610,169.23
3017611,231.61
3017612,3.57
3017613,3.24
3017614,221.26
3017615,68.21
3017616,1029.08
3017617,0.97
3017618,2.67
3017619,4.64
3017620,0.18
3017621,2.91
3017622,2441.58
3017623,0.0
3017624,489.23
3017625,11.33
3017626,643.61
3017627,483.6
3017628,284.27
3017629,138.75
3017630,62.43
3017631,2962.05
3017632,11.71
3017633,0.64
3017634,20.61
3017635,14.3
3017636,0.0
3017637,175.22
3017638,0.0
3017639,4.4
3017640,3.49
3017641,112.59
3017642,1.08
3017643,89.06
3017644,160.38
3017645,3.83
3017646,3.26
3017647,220.19
3017648,57.27
3017649,789.8
3017650,0.86
3017651,3.53
3017652,7.15
3017653,0.06
3017654,11.53
3017655,7842.44
3017656,0.0
3017657,1175.47
3017658,53.14
3017659,1750.81
3017660,2004.44
3017661,421.53
3017662,495.15
3017663,395.82
3017664,7549.68
3017665,75.7
3017666,2.18
3017667,62.53
3017668,51.61
3017669,0.09
3017670,461.91
3017671,34.83
3017672,62.55
3017673,27.13
3017674,318.72
3017675,26.01
3017676,1346.16
3017677,431.98
3017678,15.62
3017679,21.81
3017680,1506.12
3017681,252.9
3017682,6919.95
3017683,0.05
3017684,103.4
3017685,2.02
3017686,0.08
3017687,0.27
3017688,589.75
3017689,0.0
3017690,124.87
3017691,3.93
3017692,571.14
3017693,190.75
3017694,129.81
3017695,115.58
3017696,44.67
3017697,1835.39
3017698,4.81
3017699,0.17
3017700,16.79
3017701,6.27
3017702,0.0
3017703,120.82
3017704,0.23
3017705,0.0
3017706,1.55
3017707,63.6
3017708,0.28
3017709,40.42
3017710,87.14
3017711,0.88
3017712,2.69
3017713,89.18
3017714,18.46
3017715,397.77
3017716,0.01
3017717,1.92
3017718,5.64
3017719,0.09
3017720,1.18
3017721,3069.12
3017722,0.0
3017723,444.44
3017724,11.61
3017725,1017.49
3017726,505.26
3017727,262.34
3017728,250.28
3017729,89.01
3017730,3519.95
3017731,12.19
3017732,0.4
3017733,22.1
3017734,15.66
3017735,0.07
3017736,230.33
3017737,0.46
3017738,3.5
3017739,7.39
3017740,26.48
3017741,1.34
3017742,305.8
3017743,193.15
3017744,2.24
3017745,5.26
3017746,129.08
3017747,62.56
3017748,997.22
3017749,0.53
3017750,2.83
3017751,0.28
3017752,0.0
3017753,0.19
3017754,942.01
3017755,0.0
3017756,80.0
3017757,2.65
3017758,442.28
3017759,126.4
3017760,127.5
3017761,139.4
3017762,20.23
3017763,1424.82
3017764,0.48
3017765,0.12
3017766,9.27
3017767,2.24
3017768,0.03
3017769,69.49
3017770,0.0
3017771,0.0
3017772,0.26
3017773,46.48
3017774,0.14
3017775,44.09
3017776,61.45
3017777,0.1
3017778,0.56
3017779,59.56
3017780,4.95
3017781,166.54
3017782,0.02
3017783,0.74
3017784,6.39
3017785,0.0
3017786,1.66
3017787,1623.98
3017788,0.0
3017789,167.65
3017790,6.26
3017791,718.8
3017792,292.88
3017793,191.97
3017794,119.38
3017795,67.03
3017796,2333.11
3017797,1.38
3017798,0.17
3017799,24.81
3017800,13.98
3017801,0.04
3017802,157.23
3017803,0.0
3017804,0.0
3017805,11.2
3017806,49.05
3017807,0.79
3017808,190.0
3017809,149.68
3017810,1.0
3017811,2.76
3017812,248.08
3017813,23.34
3017814,966.11
3017815,0.01
3017816,0.28
3017817,2.17
3017818,0.31
3017819,0.88
3017820,2354.66
3017821,0.0
3017822,652.63
3017823,9.27
3017824,828.21
3017825,536.6
3017826,246.59
3017827,113.25
3017828,75.91
3017829,3580.45
3017830,6.42
3017831,2.65
3017832,26.67
3017833,43.7
3017834,0.06
3017835,201.02
3017836,0.76
3017837,5.78
3017838,3.74
3017839,44.02
3017840,1.91
3017841,159.11
3017842,226.25
3017843,2.63
3017844,5.02
3017845,155.55
3017846,27.8
3017847,555.43
3017848,1.82
3017849,2.03
3017850,2.54
3017851,0.0
3017852,0.06
3017853,1378.13
3017854,0.0
3017855,73.75
3017856,1.25
3017857,425.54
3017858,144.22
3017859,111.4
3017860,138.57
3017861,47.59
3017862,1617.82
3017863,4.13
3017864,0.05
3017865,6.25
3017866,2.38
3017867,0.06
3017868,84.9
3017869,0.0
3017870,0.0
3017871,0.07
3017872,42.76
3017873,0.32
3017874,153.9
3017875,92.81
3017876,0.16
3017877,0.21
3017878,46.6
3017879,16.09
3017880,291.08
3017881,0.01
3017882,0.05
3017883,3.4
3017884,0.0
3017885,0.49
3017886,3256.26
3017887,0.0
3017888,471.98
3017889,7.01
3017890,769.43
3017891,475.4
3017892,234.78
3017893,121.05
3017894,102.73
3017895,3155.45
3017896,7.62
3017897,0.15
3017898,14.72
3017899,8.13
3017900,0.07
3017901,190.3
3017902,0.0
3017903,37.64
3017904,1.63
3017905,76.67
3017906,0.98
3017907,196.68
3017908,180.12
3017909,2.68
3017910,2.57
3017911,129.3
3017912,41.4
3017913,976.39
3017914,0.09
3017915,0.23
3017916,3.3
3017917,0.0
3017918,4.71
3017919,2407.72
3017920,0.0
3017921,484.78
3017922,8.8
3017923,651.7
3017924,804.82
3017925,173.0
3017926,124.73
3017927,121.21
3017928,3164.24
3017929,36.78
3017930,1.04
3017931,22.33
3017932,23.05
3017933,0.11
3017934,188.76
3017935,17.66
3017936,22.28
3017937,0.71
3017938,135.97
3017939,8.63
3017940,312.5
3017941,187.24
3017942,10.03
3017943,11.35
3017944,279.65
3017945,67.7
3017946,2301.46
3017947,0.04
3017948,15.39
3017949,3.88
3017950,0.0
3017951,5.02
3017952,1993.01
3017953,0.0
3017954,366.22
3017955,13.08
3017956,787.29
3017957,747.3
3017958,175.69
3017959,79.85
3017960,112.37
3017961,3085.75
3017962,21.82
3017963,0.91
3017964,30.19
3017965,24.36
3017966,0.0
3017967,278.95
3017968,16.3
3017969,18.14
3017970,7.77
3017971,130.87
3017972,8.7
3017973,217.62
3017974,294.73
3017975,5.69
3017976,7.68
3017977,172.33
3017978,79.34
3017979,1844.64
3017980,0.4
3017981,18.71
3017982,6.57
3017983,0.18
3017984,3.34
3017985,2817.87
3017986,0.0
3017987,572.38
3017988,10.03
3017989,1057.58
3017990,499.61
3017991,186.03
3017992,257.26
3017993,66.91
3017994,4264.92
3017995,25.52
3017996,1.02
3017997,23.66
3017998,15.14
3017999,0.06
3018000,264.99
3018001,3.57
3018002,17.63
3018003,3.0
3018004,83.47
3018005,3.34
3018006,139.54
3018007,238.64
3018008,5.14
3018009,6.78
3018010,271.15
3018011,53.27
3018012,1306.13
3018013,7.35
3018014,9.72
3018015,2.42
3018016,0.0
3018017,3.97
3018018,2221.55
3018019,0.0
3018020,308.41
3018021,8.49
3018022,710.77
3018023,658.52
3018024,231.28
3018025,131.87
3018026,91.39
3018027,2959.35
3018028,20.36
3018029,0.76
3018030,16.87
3018031,11.07
3018032,0.08
3018033,174.89
3018034,13.98
3018035,25.08
3018036,0.83
3018037,137.87
3018038,7.14
3018039,548.37
3018040,170.0
3018041,4.65
3018042,6.6
3018043,459.92
3018044,49.07
3018045,1976.42
3018046,0.01
3018047,30.55
3018048,2.48
3018049,0.03
3018050,1.05
3018051,3511.04
3018052,0.0
3018053,324.41
3018054,7.11
3018055,1407.57
3018056,450.92
3018057,303.01
3018058,163.17
3018059,78.52
3018060,5001.23
3018061,8.52
3018062,1.18
3018063,20.88
3018064,16.55
3018065,0.03
3018066,293.45
3018067,0.0
3018068,0.01
3018069,6.98
3018070,58.99
3018071,1.88
3018072,113.01
3018073,262.39
3018074,2.14
3018075,8.38
3018076,209.07
3018077,50.19
3018078,869.16
3018079,0.01
3018080,3.68
3018081,4.82
3018082,0.0
3018083,3.58
3018084,2001.72
3018085,0.0
3018086,436.88
3018087,11.98
3018088,713.15
3018089,648.8
3018090,214.76
3018091,115.82
3018092,174.34
3018093,3213.81
3018094,22.32
3018095,0.83
3018096,18.06
3018097,28.33
3018098,0.0
3018099,204.59
3018100,10.12
3018101,19.59
3018102,5.33
3018103,128.39
3018104,10.04
3018105,336.31
3018106,244.4
3018107,11.61
3018108,6.79
3018109,235.85
3018110,53.65
3018111,1930.06
3018112,0.06
3018113,6.44
3018114,2.64
3018115,0.0
3018116,2.14
3018117,1892.21
3018118,0.0
3018119,403.04
3018120,8.65
3018121,536.33
3018122,780.71
3018123,170.72
3018124,127.06
3018125,120.25
3018126,2730.63
3018127,28.84
3018128,0.57
3018129,12.61
3018130,21.4
3018131,0.0
3018132,157.69
3018133,9.97
3018134,47.57
3018135,6.16
3018136,93.89
3018137,9.25
3018138,263.81
3018139,156.18
3018140,6.42
3018141,7.22
3018142,259.09
3018143,31.76
3018144,2212.13
3018145,0.05
3018146,14.98
3018147,2.65
3018148,0.01
3018149,1.39
3018150,3536.37
3018151,0.0
3018152,471.66
3018153,16.52
3018154,1126.03
3018155,543.05
3018156,273.75
3018157,161.4
3018158,58.66
3018159,4062.65
3018160,7.93
3018161,0.03
3018162,16.66
3018163,17.64
3018164,0.01
3018165,207.25
3018166,0.0
3018167,8.81
3018168,0.69
3018169,97.08
3018170,1.3
3018171,193.5
3018172,252.08
3018173,1.91
3018174,0.47
3018175,329.5
3018176,127.09
3018177,1075.99
3018178,1.15
3018179,0.15
3018180,12.09
3018181,0.0
3018182,13.15
3018183,8925.25
3018184,0.0
3018185,1596.47
3018186,30.17
3018187,2039.96
3018188,2404.59
3018189,596.22
3018190,606.16
3018191,483.96
3018192,9189.25
3018193,76.42
3018194,2.42
3018195,117.26
3018196,92.99
3018197,0.05
3018198,609.76
3018199,20.98
3018200,35.62
3018201,33.5
3018202,470.02
3018203,24.77
3018204,1471.7
3018205,470.69
3018206,31.97
3018207,37.14
3018208,1706.13
3018209,284.34
3018210,8562.71
3018211,268.93
3018212,136.04
3018213,12.47
3018214,0.0
3018215,11.68
3018216,8770.71
3018217,0.0
3018218,1246.96
3018219,36.06
3018220,2047.82
3018221,2177.31
3018222,772.93
3018223,388.72
3018224,359.43
3018225,10016.99
3018226,81.89
3018227,1.22
3018228,66.86
3018229,71.33
3018230,0.1
3018231,582.03
3018232,13.53
3018233,52.74
3018234,8.6
3018235,341.62
3018236,19.47
3018237,1845.79
3018238,541.7
3018239,16.84
3018240,25.83
3018241,1739.67
3018242,278.02
3018243,6237.77
3018244,221.69
3018245,115.53
3018246,9.07
3018247,0.0
3018248,11.69
3018249,5464.52
3018250,0.0
3018251,839.38
3018252,18.44
3018253,1809.5
3018254,1343.29
3018255,804.43
3018256,116.47
3018257,264.02
3018258,7634.6
3018259,37.6
3018260,1.56
3018261,32.51
3018262,20.93
3018263,0.08
3018264,534.39
3018265,12.57
3018266,32.79
3018267,5.6
3018268,170.77
3018269,9.11
3018270,1795.7
3018271,540.79
3018272,16.55
3018273,32.42
3018274,974.45
3018275,148.87
3018276,2409.38
3018277,222.84
3018278,48.11
3018279,11.1
3018280,0.0
3018281,13.11
3018282,8063.87
3018283,0.0
3018284,1128.5
3018285,31.12
3018286,1799.36
3018287,1898.46
3018288,739.18
3018289,338.39
3018290,273.3
3018291,8540.65
3018292,50.26
3018293,1.08
3018294,59.47
3018295,64.63
3018296,0.38
3018297,531.4
3018298,15.41
3018299,48.37
3018300,21.99
3018301,306.96
3018302,15.1
3018303,1577.85
3018304,531.9
3018305,18.3
3018306,22.34
3018307,1532.47
3018308,226.17
3018309,5144.09
3018310,245.43
3018311,83.88
3018312,8.55
3018313,0.0
3018314,11.54
3018315,4162.07
3018316,0.0
3018317,743.32
3018318,18.59
3018319,1538.48
3018320,1013.86
3018321,629.8
3018322,87.41
3018323,196.12
3018324,6614.76
3018325,38.03
3018326,0.24
3018327,28.99
3018328,24.29
3018329,0.0
3018330,477.38
3018331,15.23
3018332,13.63
3018333,3.65
3018334,159.06
3018335,6.36
3018336,1408.08
3018337,498.67
3018338,13.93
3018339,19.01
3018340,961.57
3018341,88.15
3018342,1640.35
3018343,254.72
3018344,30.69
3018345,8.58
3018346,0.0
3018347,9.58
3018348,7093.74
3018349,0.0
3018350,1238.89
3018351,34.69
3018352,1556.17
3018353,2159.5
3018354,492.73
3018355,484.61
3018356,417.23
3018357,7078.58
3018358,71.32
3018359,1.14
3018360,56.71
3018361,42.2
3018362,0.04
3018363,430.5
3018364,11.65
3018365,44.34
3018366,8.46
3018367,346.65
3018368,17.96
3018369,1489.95
3018370,425.79
3018371,15.97
3018372,28.99
3018373,1370.76
3018374,241.38
3018375,6884.2
3018376,197.16
3018377,100.37
3018378,4.47
3018379,0.06
3018380,3.41
3018381,1703.63
3018382,0.0
3018383,281.38
3018384,29.85
3018385,766.61
3018386,470.97
3018387,209.33
3018388,78.1
3018389,109.64
3018390,2603.11
3018391,18.31
3018392,0.67
3018393,24.3
3018394,19.39
3018395,0.07
3018396,167.52
3018397,8.76
3018398,9.8
3018399,10.04
3018400,81.17
3018401,7.9
3018402,296.81
3018403,185.27
3018404,2.13
3018405,5.87
3018406,282.96
3018407,51.88
3018408,1444.54
3018409,0.03
3018410,11.6
3018411,7.08
3018412,0.0
3018413,9.08
3018414,4046.19
3018415,0.0
3018416,552.73
3018417,40.62
3018418,1466.93
3018419,998.2
3018420,502.6
3018421,88.15
3018422,165.06
3018423,5835.49
3018424,39.43
3018425,0.79
3018426,59.0
3018427,33.77
3018428,0.0
3018429,384.97
3018430,10.73
3018431,7.41
3018432,2.55
3018433,182.02
3018434,8.75
3018435,793.83
3018436,425.76
3018437,10.28
3018438,16.93
3018439,504.96
3018440,84.31
3018441,2063.03
3018442,231.26
3018443,20.34
3018444,5.4
3018445,0.0
3018446,3.5
3018447,4795.48
3018448,0.0
3018449,906.85
3018450,10.13
3018451,1053.22
3018452,1610.14
3018453,298.93
3018454,396.47
3018455,334.8
3018456,4668.05
3018457,34.18
3018458,0.99
3018459,23.2
3018460,33.54
3018461,0.0
3018462,297.01
3018463,1.74
3018464,55.97
3018465,4.41
3018466,240.09
3018467,9.51
3018468,1161.14
3018469,237.82
3018470,18.91
3018471,8.53
3018472,2061.02
3018473,129.32
3018474,5434.23
3018475,0.6
3018476,62.73
3018477,7.05
3018478,0.0
3018479,4.46
3018480,4809.06
3018481,0.0
3018482,949.99
3018483,13.29
3018484,1411.43
3018485,1254.17
3018486,438.66
3018487,239.85
3018488,450.64
3018489,6144.92
3018490,33.48
3018491,2.01
3018492,42.45
3018493,34.74
3018494,0.12
3018495,345.52
3018496,5.14
3018497,57.43
3018498,5.77
3018499,301.5
3018500,9.46
3018501,878.45
3018502,300.85
3018503,12.61
3018504,22.7
3018505,668.84
3018506,151.61
3018507,5020.86
3018508,1.88
3018509,10.91
3018510,6.44
3018511,0.0
3018512,4.19
3018513,1998.7
3018514,0.0
3018515,425.08
3018516,8.08
3018517,816.13
3018518,447.35
3018519,276.41
3018520,87.14
3018521,150.21
3018522,2851.78
3018523,15.46
3018524,0.88
3018525,25.03
3018526,23.3
3018527,0.01
3018528,171.39
3018529,2.44
3018530,16.07
3018531,4.83
3018532,126.2
3018533,3.2
3018534,438.08
3018535,165.17
3018536,4.14
3018537,4.3
3018538,226.73
3018539,54.16
3018540,2017.59
3018541,0.03
3018542,3.96
3018543,5.11
3018544,0.0
3018545,0.1
3018546,3171.6
3018547,0.0
3018548,159.56
3018549,3.66
3018550,738.74
3018551,211.61
3018552,197.77
3018553,61.67
3018554,29.54
3018555,2607.95
3018556,8.03
3018557,0.45
3018558,14.93
3018559,7.56
3018560,0.03
3018561,156.12
3018562,0.0
3018563,0.0
3018564,2.06
3018565,26.89
3018566,0.53
3018567,46.31
3018568,138.17
3018569,0.01
3018570,1.46
3018571,61.86
3018572,64.19
3018573,553.96
3018574,0.01
3018575,0.7
3018576,4.1
3018577,0.0
3018578,5.61
3018579,3077.99
3018580,0.0
3018581,507.35
3018582,12.96
3018583,985.43
3018584,877.35
3018585,322.55
3018586,164.14
3018587,155.58
3018588,4079.51
3018589,28.25
3018590,0.57
3018591,20.6
3018592,34.66
3018593,0.0
3018594,237.75
3018595,18.93
3018596,20.66
3018597,7.41
3018598,127.23
3018599,7.7
3018600,617.27
3018601,232.23
3018602,7.59
3018603,11.28
3018604,617.05
3018605,101.69
3018606,2179.51
3018607,0.01
3018608,47.58
3018609,4.03
3018610,0.0
3018611,4.58
3018612,4050.13
3018613,0.01
3018614,651.71
3018615,20.54
3018616,752.88
3018617,1195.68
3018618,204.13
3018619,272.71
3018620,256.81
3018621,3395.32
3018622,35.73
3018623,2.32
3018624,24.39
3018625,24.34
3018626,0.13
3018627,202.85
3018628,10.94
3018629,47.62
3018630,6.08
3018631,251.95
3018632,14.47
3018633,673.65
3018634,184.09
3018635,5.8
3018636,13.8
3018637,742.08
3018638,138.31
3018639,4414.03
3018640,0.04
3018641,51.8
3018642,3.46
3018643,0.15
3018644,8.9
3018645,4626.76
3018646,0.0
3018647,760.47
3018648,25.95
3018649,975.23
3018650,1302.2
3018651,309.5
3018652,314.11
3018653,186.73
3018654,4385.91
3018655,37.25
3018656,2.16
3018657,40.24
3018658,30.98
3018659,0.0
3018660,321.44
3018661,21.97
3018662,40.5
3018663,16.49
3018664,209.82
3018665,17.99
3018666,728.64
3018667,277.54
3018668,14.35
3018669,17.76
3018670,826.54
3018671,142.13
3018672,3782.94
3018673,0.09
3018674,56.82
3018675,9.38
3018676,0.08
3018677,6.58
3018678,2742.64
3018679,0.0
3018680,396.91
3018681,16.39
3018682,1201.94
3018683,586.24
3018684,535.47
3018685,134.98
3018686,86.47
3018687,4820.26
3018688,9.81
3018689,0.84
3018690,53.17
3018691,25.73
3018692,0.0
3018693,296.78
3018694,9.09
3018695,4.21
3018696,5.39
3018697,58.91
3018698,5.31
3018699,265.92
3018700,303.81
3018701,5.66
3018702,6.15
3018703,441.2
3018704,102.36
3018705,1172.13
3018706,65.96
3018707,12.26
3018708,3.49
3018709,0.0
3018710,4.16
3018711,2030.41
3018712,0.0
3018713,240.95
3018714,13.39
3018715,559.18
3018716,634.22
3018717,127.33
3018718,138.68
3018719,122.95
3018720,2038.73
3018721,17.04
3018722,0.68
3018723,18.92
3018724,25.22
3018725,0.0
3018726,150.47
3018727,11.9
3018728,15.14
3018729,4.07
3018730,121.66
3018731,6.91
3018732,230.21
3018733,143.57
3018734,3.78
3018735,6.71
3018736,238.48
3018737,48.83
3018738,2068.71
3018739,0.01
3018740,21.76
3018741,1.68
3018742,0.0
3018743,1.5
3018744,1411.24
3018745,0.0
3018746,106.63
3018747,3.01
3018748,784.86
3018749,292.18
3018750,243.93
3018751,42.99
3018752,54.98
3018753,2617.41
3018754,6.75
3018755,0.14
3018756,9.78
3018757,8.37
3018758,0.02
3018759,166.48
3018760,4.58
3018761,0.0
3018762,1.04
3018763,26.07
3018764,0.39
3018765,150.66
3018766,185.27
3018767,0.48
3018768,3.68
3018769,150.85
3018770,27.8
3018771,238.77
3018772,13.15
3018773,1.03
3018774,7.29
3018775,0.31
3018776,5.91
3018777,4542.04
3018778,0.0
3018779,603.41
3018780,22.13
3018781,1614.36
3018782,561.77
3018783,449.55
3018784,164.86
3018785,112.67
3018786,5816.17
3018787,26.75
3018788,0.19
3018789,40.57
3018790,15.98
3018791,0.07
3018792,417.52
3018793,12.84
3018794,1.47
3018795,8.93
3018796,81.95
3018797,3.26
3018798,538.11
3018799,342.63
3018800,2.97
3018801,15.2
3018802,345.07
3018803,98.3
3018804,1080.72
3018805,32.82
3018806,14.92
3018807,6.08
3018808,0.0
3018809,0.32
3018810,1737.78
3018811,0.0
3018812,165.93
3018813,9.49
3018814,750.76
3018815,404.91
3018816,213.14
3018817,61.62
3018818,55.73
3018819,2565.42
3018820,10.46
3018821,0.37
3018822,16.83
3018823,20.11
3018824,0.0
3018825,178.7
3018826,7.01
3018827,0.0
3018828,9.49
3018829,71.97
3018830,0.99
3018831,135.98
3018832,180.5
3018833,1.87
3018834,6.03
3018835,136.3
3018836,32.89
3018837,360.49
3018838,6.47
3018839,2.86
3018840,4.85
3018841,0.0
3018842,4.78
3018843,1806.66
3018844,0.0
3018845,115.76
3018846,9.42
3018847,816.26
3018848,271.07
3018849,184.86
3018850,41.2
3018851,50.26
3018852,3047.23
3018853,13.15
3018854,0.01
3018855,14.57
3018856,9.81
3018857,0.0
3018858,179.44
3018859,1.92
3018860,0.0
3018861,1.54
3018862,75.34
3018863,0.65
3018864,173.73
3018865,209.72
3018866,0.49
3018867,4.82
3018868,135.82
3018869,24.79
3018870,215.94
3018871,11.3
3018872,4.09
3018873,4.45
3018874,0.0
3018875,2.02
3018876,1661.68
3018877,0.0
3018878,170.21
3018879,12.0
3018880,1092.7
3018881,429.0
3018882,237.36
3018883,40.0
3018884,76.6
3018885,3433.54
3018886,7.6
3018887,0.31
3018888,15.44
3018889,23.08
3018890,0.06
3018891,261.96
3018892,0.15
3018893,0.0
3018894,2.3
3018895,38.63
3018896,1.63
3018897,367.83
3018898,289.6
3018899,1.18
3018900,4.38
3018901,147.67
3018902,97.47
3018903,440.56
3018904,5.7
3018905,6.82
3018906,3.13
3018907,0.69
3018908,2.62
3018909,1733.85
3018910,0.0
3018911,140.0
3018912,3.07
3018913,883.27
3018914,292.57
3018915,229.23
3018916,86.92
3018917,73.52
3018918,2237.56
3018919,7.45
3018920,0.65
3018921,21.11
3018922,15.88
3018923,0.02
3018924,212.83
3018925,7.53
3018926,0.0
3018927,2.06
3018928,38.71
3018929,1.29
3018930,109.45
3018931,177.21
3018932,0.37
3018933,3.36
3018934,95.82
3018935,35.87
3018936,560.67
3018937,5.82
3018938,2.39
3018939,3.93
3018940,0.07
3018941,0.3
3018942,1360.65
3018943,0.0
3018944,138.41
3018945,7.37
3018946,794.84
3018947,229.61
3018948,143.01
3018949,128.51
3018950,61.89
3018951,1895.09
3018952,5.43
3018953,0.18
3018954,17.46
3018955,9.9
3018956,0.04
3018957,161.66
3018958,0.0
3018959,0.0
3018960,0.93
3018961,66.21
3018962,1.18
3018963,50.72
3018964,146.69
3018965,0.83
3018966,2.71
3018967,62.19
3018968,31.98
3018969,448.58
3018970,0.0
3018971,0.05
3018972,8.79
3018973,0.16
3018974,4.05
3018975,3469.53
3018976,0.0
3018977,319.58
3018978,12.4
3018979,1190.21
3018980,673.85
3018981,491.75
3018982,180.76
3018983,175.58
3018984,4410.62
3018985,16.91
3018986,1.04
3018987,36.67
3018988,28.22
3018989,0.0
3018990,293.51
3018991,0.14
3018992,0.0
3018993,12.09
3018994,85.93
3018995,3.09
3018996,200.89
3018997,290.04
3018998,1.62
3018999,8.78
3019000,401.26
3019001,64.48
3019002,1251.75
3019003,18.2
3019004,14.5
3019005,2.61
3019006,0.08
3019007,5.12
3019008,2509.64
3019009,0.0
3019010,1.25
3019011,8.25
3019012,632.73
3019013,627.33
3019014,126.23
3019015,175.06
3019016,95.37
3019017,2875.19
3019018,12.74
3019019,0.18
3019020,28.04
3019021,22.01
3019022,0.0
3019023,188.35
3019024,9.4
3019025,2.59
3019026,3.49
3019027,87.97
3019028,1.78
3019029,76.76
3019030,161.68
3019031,4.27
3019032,8.03
3019033,114.95
3019034,43.83
3019035,1291.02
3019036,36.45
3019037,20.05
3019038,7.27
3019039,0.12
3019040,4.56
3019041,3298.99
3019042,0.0
3019043,198.35
3019044,7.98
3019045,1277.5
3019046,441.88
3019047,361.48
3019048,70.13
3019049,59.51
3019050,4336.73
3019051,14.51
3019052,1.48
3019053,20.45
3019054,13.73
3019055,0.02
3019056,251.28
3019057,10.48
3019058,0.0
3019059,2.83
3019060,58.08
3019061,3.67
3019062,191.78
3019063,255.49
3019064,1.24
3019065,7.26
3019066,320.82
3019067,25.23
3019068,537.0
3019069,7.59
3019070,3.71
3019071,6.32
3019072,0.0
3019073,8.73
3019074,3329.4
3019075,0.0
3019076,650.9
3019077,17.38
3019078,863.73
3019079,863.97
3019080,246.85
3019081,182.29
3019082,145.87
3019083,3765.4
3019084,40.65
3019085,1.24
3019086,25.32
3019087,33.17
3019088,0.12
3019089,243.55
3019090,29.15
3019091,20.95
3019092,5.57
3019093,169.27
3019094,10.57
3019095,388.21
3019096,266.76
3019097,9.4
3019098,9.17
3019099,424.82
3019100,123.17
3019101,2288.17
3019102,0.04
3019103,35.96
3019104,7.9
3019105,0.0
3019106,7.18
3019107,5198.85
3019108,0.0
3019109,476.3
3019110,14.15
3019111,1546.74
3019112,782.45
3019113,691.13
3019114,126.15
3019115,136.86
3019116,5847.57
3019117,17.16
3019118,0.31
3019119,24.11
3019120,18.38
3019121,0.08
3019122,348.48
3019123,0.41
3019124,8.23
3019125,9.33
3019126,90.68
3019127,1.57
3019128,339.29
3019129,380.91
3019130,5.28
3019131,6.9
3019132,318.35
3019133,83.26
3019134,1069.38
3019135,42.49
3019136,20.83
3019137,11.98
3019138,0.43
3019139,5.58
3019140,3142.46
3019141,0.0
3019142,417.62
3019143,10.21
3019144,1423.38
3019145,605.06
3019146,332.7
3019147,238.23
3019148,136.67
3019149,4388.55
3019150,12.53
3019151,0.38
3019152,44.65
3019153,38.41
3019154,0.12
3019155,318.08
3019156,3.69
3019157,3.46
3019158,11.09
3019159,146.3
3019160,2.74
3019161,116.31
3019162,290.21
3019163,2.42
3019164,6.3
3019165,185.05
3019166,155.14
3019167,1252.42
3019168,0.03
3019169,10.54
3019170,4.79
3019171,0.07
3019172,1.18
3019173,2045.08
3019174,0.0
3019175,113.25
3019176,10.55
3019177,644.63
3019178,314.91
3019179,161.07
3019180,50.41
3019181,87.32
3019182,2494.35
3019183,7.93
3019184,0.39
3019185,30.76
3019186,19.08
3019187,0.0
3019188,186.35
3019189,0.15
3019190,0.0
3019191,5.14
3019192,99.13
3019193,2.35
3019194,94.01
3019195,145.13
3019196,1.13
3019197,5.84
3019198,130.4
3019199,23.72
3019200,409.94
3019201,24.07
3019202,0.04
3019203,0.61
3019204,0.0
3019205,0.77
3019206,1409.06
3019207,0.0
3019208,258.29
3019209,16.95
3019210,527.43
3019211,487.02
3019212,133.11
3019213,47.72
3019214,81.24
3019215,2169.65
3019216,18.47
3019217,0.11
3019218,9.91
3019219,12.08
3019220,0.2
3019221,128.49
3019222,14.7
3019223,2.11
3019224,0.9
3019225,102.82
3019226,5.71
3019227,269.54
3019228,200.16
3019229,3.19
3019230,5.28
3019231,225.75
3019232,29.07
3019233,1060.99
3019234,0.01
3019235,7.29
3019236,3.24
3019237,0.02
3019238,6.4
3019239,4014.1
3019240,0.0
3019241,785.5
3019242,24.37
3019243,1087.62
3019244,1278.33
3019245,303.28
3019246,229.56
3019247,212.34
3019248,3802.36
3019249,31.18
3019250,0.31
3019251,18.76
3019252,31.95
3019253,0.0
3019254,267.01
3019255,15.02
3019256,35.92
3019257,10.24
3019258,146.56
3019259,12.54
3019260,390.7
3019261,296.42
3019262,16.62
3019263,9.76
3019264,538.84
3019265,128.26
3019266,3362.56
3019267,0.01
3019268,27.15
3019269,2.29
3019270,0.01
3019271,1.72
3019272,2596.39
3019273,0.0
3019274,325.73
3019275,11.9
3019276,483.21
3019277,701.17
3019278,173.0
3019279,140.26
3019280,233.91
3019281,1990.57
3019282,23.01
3019283,0.75
3019284,18.35
3019285,16.97
3019286,0.0
3019287,116.48
3019288,0.0
3019289,24.14
3019290,5.09
3019291,408.28
3019292,8.64
3019293,233.4
3019294,126.4
3019295,3.66
3019296,7.2
3019297,170.69
3019298,43.81
3019299,1613.9
3019300,0.05
3019301,4.41
3019302,4.28
3019303,0.0
3019304,0.05
3019305,1007.05
3019306,0.0
3019307,217.56
3019308,9.0
3019309,334.78
3019310,272.15
3019311,86.5
3019312,32.7
3019313,35.87
3019314,1340.26
3019315,0.61
3019316,0.54
3019317,15.49
3019318,8.87
3019319,0.04
3019320,76.87
3019321,0.01
3019322,7.11
3019323,0.41
3019324,43.94
3019325,0.09
3019326,242.82
3019327,126.18
3019328,2.17
3019329,1.14
3019330,162.83
3019331,20.25
3019332,557.48
3019333,0.06
3019334,0.56
3019335,7.31
3019336,0.09
3019337,3.11
3019338,3635.91
3019339,0.0
3019340,652.27
3019341,27.14
3019342,947.22
3019343,1040.5
3019344,304.37
3019345,245.42
3019346,268.8
3019347,3858.87
3019348,29.0
3019349,2.28
3019350,23.49
3019351,31.02
3019352,0.06
3019353,234.03
3019354,9.54
3019355,52.02
3019356,8.66
3019357,345.9
3019358,5.14
3019359,308.01
3019360,256.28
3019361,12.24
3019362,11.2
3019363,386.16
3019364,94.01
3019365,2504.64
3019366,0.56
3019367,18.49
3019368,7.37
3019369,0.0
3019370,2.61
3019371,3933.34
3019372,0.0
3019373,672.02
3019374,21.64
3019375,1300.63
3019376,858.71
3019377,348.76
3019378,252.16
3019379,121.89
3019380,5238.51
3019381,14.56
3019382,0.3
3019383,37.97
3019384,16.53
3019385,0.25
3019386,287.95
3019387,0.0
3019388,6.64
3019389,5.11
3019390,114.36
3019391,1.34
3019392,199.82
3019393,315.7
3019394,5.6
3019395,6.36
3019396,261.04
3019397,82.05
3019398,1575.72
3019399,1.56
3019400,7.87
3019401,7.02
3019402,0.24
3019403,2.82
3019404,3255.25
3019405,0.0
3019406,664.73
3019407,17.77
3019408,871.57
3019409,716.34
3019410,275.69
3019411,212.98
3019412,166.77
3019413,3895.09
3019414,19.63
3019415,0.89
3019416,28.73
3019417,19.21
3019418,0.01
3019419,249.73
3019420,0.0
3019421,5.59
3019422,4.3
3019423,230.26
3019424,1.49
3019425,108.86
3019426,251.32
3019427,5.77
3019428,5.47
3019429,197.32
3019430,77.68
3019431,1168.54
3019432,1.98
3019433,9.66
3019434,11.58
3019435,0.11
3019436,17.74
3019437,8955.34
3019438,0.0
3019439,1253.94
3019440,59.92
3019441,1979.48
3019442,2231.79
3019443,382.44
3019444,534.5
3019445,457.21
3019446,8229.52
3019447,79.17
3019448,3.54
3019449,73.63
3019450,62.56
3019451,0.11
3019452,571.51
3019453,64.91
3019454,66.65
3019455,19.2
3019456,352.53
3019457,31.78
3019458,763.96
3019459,631.95
3019460,26.33
3019461,28.78
3019462,1129.58
3019463,244.34
3019464,7966.25
3019465,0.06
3019466,84.2
3019467,2.64
3019468,0.06
3019469,0.43
3019470,1292.56
3019471,0.0
3019472,161.47
3019473,4.62
3019474,570.01
3019475,259.88
3019476,126.01
3019477,125.77
3019478,71.78
3019479,1821.89
3019480,4.74
3019481,0.09
3019482,17.54
3019483,7.62
3019484,0.0
3019485,152.07
3019486,0.25
3019487,0.0
3019488,1.11
3019489,76.97
3019490,0.53
3019491,57.77
3019492,103.75
3019493,1.19
3019494,3.86
3019495,96.85
3019496,22.26
3019497,446.71
3019498,0.01
3019499,2.94
3019500,7.16
3019501,0.13
3019502,1.42
3019503,3421.21
3019504,0.0
3019505,520.25
3019506,14.13
3019507,1420.96
3019508,726.26
3019509,257.44
3019510,273.05
3019511,166.83
3019512,4595.54
3019513,15.17
3019514,0.3
3019515,26.28
3019516,22.28
3019517,0.08
3019518,289.12
3019519,1.51
3019520,4.11
3019521,9.57
3019522,31.7
3019523,2.03
3019524,334.72
3019525,252.95
3019526,3.85
3019527,8.0
3019528,127.62
3019529,82.54
3019530,1243.68
3019531,1.55
3019532,3.61
3019533,0.17
3019534,0.0
3019535,0.18
3019536,182.09
3019537,0.0
3019538,102.2
3019539,4.71
3019540,558.83
3019541,186.33
3019542,88.5
3019543,155.12
3019544,29.76
3019545,1752.03
3019546,0.72
3019547,0.14
3019548,8.35
3019549,3.28
3019550,0.05
3019551,104.9
3019552,0.0
3019553,0.0
3019554,0.57
3019555,56.36
3019556,0.19
3019557,65.57
3019558,95.13
3019559,0.16
3019560,0.54
3019561,71.13
3019562,6.73
3019563,232.09
3019564,0.01
3019565,1.46
3019566,8.52
3019567,0.0
3019568,0.97
3019569,2355.27
3019570,0.0
3019571,214.97
3019572,10.04
3019573,987.03
3019574,381.44
3019575,191.18
3019576,175.12
3019577,146.31
3019578,2960.53
3019579,1.89
3019580,0.11
3019581,42.21
3019582,21.5
3019583,0.08
3019584,266.43
3019585,0.0
3019586,0.0
3019587,13.79
3019588,95.57
3019589,1.32
3019590,287.16
3019591,227.02
3019592,1.07
3019593,4.21
3019594,193.42
3019595,29.74
3019596,1260.71
3019597,0.01
3019598,1.99
3019599,2.81
3019600,0.21
3019601,2.13
3019602,2618.78
3019603,0.0
3019604,675.76
3019605,13.27
3019606,929.62
3019607,615.29
3019608,223.63
3019609,115.96
3019610,69.32
3019611,3879.62
3019612,8.72
3019613,2.13
3019614,28.58
3019615,50.41
3019616,0.06
3019617,197.22
3019618,1.78
3019619,5.78
3019620,3.57
3019621,56.97
3019622,2.64
3019623,155.16
3019624,283.33
3019625,2.86
3019626,5.89
3019627,131.45
3019628,30.27
3019629,595.29
3019630,2.44
3019631,5.8
3019632,2.98
3019633,0.0
3019634,0.12
3019635,1670.9
3019636,0.0
3019637,88.0
3019638,2.19
3019639,520.26
3019640,217.0
3019641,100.76
3019642,178.03
3019643,91.28
3019644,1995.5
3019645,5.45
3019646,0.09
3019647,11.12
3019648,4.12
3019649,0.09
3019650,112.15
3019651,0.0
3019652,0.0
3019653,0.38
3019654,91.71
3019655,0.45
3019656,154.69
3019657,98.06
3019658,0.32
3019659,0.43
3019660,54.36
3019661,23.5
3019662,373.43
3019663,0.01
3019664,0.0
3019665,4.4
3019666,0.01
3019667,1.78
3019668,3469.83
3019669,0.0
3019670,504.34
3019671,10.23
3019672,925.07
3019673,608.23
3019674,198.26
3019675,143.53
3019676,259.2
3019677,3589.1
3019678,9.3
3019679,0.13
3019680,23.84
3019681,14.59
3019682,0.07
3019683,207.25
3019684,0.0
3019685,31.55
3019686,1.51
3019687,96.96
3019688,1.64
3019689,213.05
3019690,234.61
3019691,2.35
3019692,4.99
3019693,112.17
3019694,43.84
3019695,1216.91
3019696,0.6
3019697,4.03
3019698,3.68
3019699,0.0
3019700,6.83
3019701,2649.36
3019702,0.0
3019703,474.85
3019704,10.31
3019705,772.18
3019706,802.77
3019707,140.84
3019708,124.87
3019709,119.65
3019710,3221.41
3019711,35.17
3019712,0.87
3019713,24.72
3019714,24.83
3019715,0.13
3019716,223.54
3019717,26.33
3019718,20.33
3019719,1.25
3019720,147.19
3019721,10.45
3019722,218.52
3019723,256.72
3019724,11.23
3019725,13.07
3019726,251.69
3019727,57.05
3019728,2285.07
3019729,0.03
3019730,12.94
3019731,6.45
3019732,0.0
3019733,7.55
3019734,2894.66
3019735,0.0
3019736,475.48
3019737,15.4
3019738,1137.17
3019739,911.89
3019740,165.91
3019741,109.67
3019742,130.58
3019743,3892.81
3019744,28.84
3019745,0.97
3019746,41.13
3019747,39.98
3019748,0.0
3019749,412.48
3019750,34.05
3019751,21.69
3019752,10.4
3019753,152.53
3019754,13.17
3019755,168.29
3019756,451.32
3019757,9.71
3019758,13.9
3019759,161.64
3019760,93.94
3019761,2035.79
3019762,0.33
3019763,22.32
3019764,9.09
3019765,0.22
3019766,4.79
3019767,3540.8
3019768,0.0
3019769,635.26
3019770,12.19
3019771,1398.83
3019772,645.91
3019773,215.81
3019774,311.57
3019775,108.53
3019776,5300.66
3019777,34.99
3019778,1.6
3019779,31.12
3019780,23.78
3019781,0.12
3019782,333.37
3019783,7.6
3019784,19.15
3019785,6.28
3019786,103.31
3019787,5.95
3019788,154.83
3019789,294.05
3019790,7.29
3019791,11.82
3019792,245.75
3019793,51.13
3019794,1524.16
3019795,7.97
3019796,16.84
3019797,3.66
3019798,0.0
3019799,3.82
3019800,2801.1
3019801,0.0
3019802,380.53
3019803,12.24
3019804,858.4
3019805,780.26
3019806,235.91
3019807,148.68
3019808,127.42
3019809,3410.27
3019810,25.8
3019811,1.29
3019812,19.97
3019813,14.39
3019814,0.06
3019815,216.79
3019816,22.34
3019817,26.17
3019818,1.6
3019819,165.82
3019820,8.94
3019821,366.65
3019822,242.51
3019823,6.97
3019824,8.81
3019825,397.62
3019826,57.49
3019827,2172.4
3019828,0.02
3019829,30.82
3019830,3.93
3019831,0.03
3019832,3.17
3019833,4539.72
3019834,0.0
3019835,404.0
3019836,10.94
3019837,1934.8
3019838,630.82
3019839,276.06
3019840,186.93
3019841,111.21
3019842,6772.64
3019843,11.06
3019844,1.11
3019845,24.86
3019846,23.68
3019847,0.11
3019848,395.35
3019849,0.0
3019850,0.01
3019851,7.83
3019852,96.62
3019853,1.87
3019854,144.41
3019855,337.54
3019856,2.5
3019857,10.29
3019858,155.4
3019859,58.54
3019860,1079.85
3019861,0.01
3019862,3.75
3019863,6.19
3019864,0.0
3019865,6.82
3019866,2601.22
3019867,0.0
3019868,542.6
3019869,16.3
3019870,1025.51
3019871,783.61
3019872,236.22
3019873,145.94
3019874,236.25
3019875,3742.33
3019876,27.69
3019877,1.03
3019878,31.02
3019879,41.09
3019880,0.0
3019881,259.58
3019882,26.56
3019883,19.78
3019884,9.86
3019885,191.02
3019886,11.94
3019887,225.99
3019888,386.79
3019889,13.8
3019890,9.43
3019891,201.44
3019892,73.29
3019893,2057.3
3019894,0.07
3019895,5.98
3019896,4.27
3019897,0.0
3019898,3.92
3019899,2323.7
3019900,0.0
3019901,494.44
3019902,12.05
3019903,682.41
3019904,805.46
3019905,188.53
3019906,140.36
3019907,129.98
3019908,3062.54
3019909,33.25
3019910,0.6
3019911,19.71
3019912,29.56
3019913,0.0
3019914,205.08
3019915,21.6
3019916,53.39
3019917,2.86
3019918,107.65
3019919,10.62
3019920,228.46
3019921,235.31
3019922,7.8
3019923,11.16
3019924,232.78
3019925,50.97
3019926,2281.26
3019927,0.04
3019928,17.0
3019929,4.79
3019930,0.0
3019931,1.57
3019932,4649.2
3019933,0.0
3019934,526.39
3019935,22.0
3019936,1334.35
3019937,695.15
3019938,304.49
3019939,206.51
3019940,99.09
3019941,4898.84
3019942,10.18
3019943,0.02
3019944,20.68
3019945,21.42
3019946,0.04
3019947,225.63
3019948,0.0
3019949,11.07
3019950,0.68
3019951,144.76
3019952,1.6
3019953,189.19
3019954,306.76
3019955,2.84
3019956,1.06
3019957,205.76
3019958,116.39
3019959,1177.03
3019960,1.54
3019961,1.64
3019962,19.26
3019963,0.0
3019964,21.65
3019965,11276.99
3019966,0.0
3019967,1944.95
3019968,31.07
3019969,2468.31
3019970,2689.63
3019971,622.64
3019972,646.47
3019973,565.1
3019974,10207.57
3019975,86.17
3019976,3.16
3019977,120.43
3019978,129.52
3019979,0.14
3019980,869.54
3019981,30.42
3019982,42.17
3019983,34.64
3019984,537.29
3019985,29.64
3019986,968.23
3019987,738.52
3019988,49.55
3019989,46.03
3019990,1281.54
3019991,286.08
3019992,9755.51
3019993,306.83
3019994,109.89
3019995,18.75
3019996,0.0
3019997,17.88
3019998,9879.93
3019999,0.0
3020000,1309.57
3020001,39.13
3020002,2482.51
3020003,2544.12
3020004,850.4
3020005,425.57
3020006,470.25
3020007,11258.31
3020008,87.78
3020009,1.95
3020010,81.44
3020011,123.51
3020012,0.12
3020013,796.87
3020014,27.18
3020015,60.17
3020016,14.65
3020017,402.96
3020018,27.52
3020019,1293.15
3020020,876.97
3020021,30.82
3020022,35.42
3020023,1415.28
3020024,281.27
3020025,6818.08
3020026,298.28
3020027,100.49
3020028,14.61
3020029,0.0
3020030,19.53
3020031,7322.29
3020032,0.0
3020033,1099.5
3020034,29.15
3020035,2340.54
3020036,1758.97
3020037,1010.6
3020038,179.93
3020039,347.42
3020040,9448.1
3020041,51.91
3020042,2.52
3020043,58.02
3020044,31.63
3020045,0.16
3020046,787.22
3020047,46.64
3020048,40.74
3020049,12.15
3020050,219.52
3020051,12.83
3020052,1006.85
3020053,875.34
3020054,31.07
3020055,50.07
3020056,942.77
3020057,172.51
3020058,3185.76
3020059,339.91
3020060,61.99
3020061,17.69
3020062,0.0
3020063,23.52
3020064,9120.72
3020065,0.0
3020066,1238.07
3020067,32.78
3020068,2355.31
3020069,2377.41
3020070,759.11
3020071,382.75
3020072,325.86
3020073,9631.65
3020074,52.81
3020075,1.66
3020076,81.55
3020077,84.6
3020078,0.62
3020079,697.26
3020080,36.9
3020081,43.94
3020082,19.91
3020083,354.7
3020084,19.64
3020085,970.96
3020086,826.61
3020087,33.32
3020088,36.13
3020089,1248.91
3020090,251.94
3020091,5485.77
3020092,320.57
3020093,78.61
3020094,14.63
3020095,0.0
3020096,18.51
3020097,5647.9
3020098,0.0
3020099,945.22
3020100,25.12
3020101,2123.17
3020102,1403.8
3020103,689.53
3020104,145.41
3020105,253.12
3020106,8575.78
3020107,52.78
3020108,0.18
3020109,45.24
3020110,38.22
3020111,0.0
3020112,666.17
3020113,42.66
3020114,17.81
3020115,6.3
3020116,197.02
3020117,12.39
3020118,928.23
3020119,832.84
3020120,26.99
3020121,34.59
3020122,957.9
3020123,111.93
3020124,2210.34
3020125,314.02
3020126,27.9
3020127,9.27
3020128,0.0
3020129,15.62
3020130,7627.91
3020131,0.0
3020132,1166.82
3020133,30.94
3020134,1805.68
3020135,2185.22
3020136,464.05
3020137,464.25
3020138,465.32
3020139,7779.95
3020140,79.79
3020141,1.17
3020142,58.75
3020143,49.43
3020144,0.05
3020145,522.6
3020146,16.74
3020147,37.22
3020148,9.59
3020149,396.53
3020150,20.41
3020151,794.34
3020152,606.96
3020153,23.95
3020154,38.15
3020155,984.24
3020156,223.19
3020157,7359.35
3020158,202.91
3020159,79.41
3020160,6.47
3020161,0.08
3020162,3.83
3020163,1898.6
3020164,0.0
3020165,342.38
3020166,29.18
3020167,882.04
3020168,497.37
3020169,207.09
3020170,81.51
3020171,140.68
3020172,2783.26
3020173,23.36
3020174,0.62
3020175,22.86
3020176,21.56
3020177,0.22
3020178,187.08
3020179,13.89
3020180,11.59
3020181,11.87
3020182,101.45
3020183,9.84
3020184,231.71
3020185,215.74
3020186,3.03
3020187,7.25
3020188,229.48
3020189,55.46
3020190,1410.54
3020191,0.08
3020192,9.56
3020193,12.2
3020194,0.0
3020195,15.65
3020196,5554.72
3020197,0.0
3020198,610.25
3020199,47.45
3020200,1896.52
3020201,1254.55
3020202,529.84
3020203,136.96
3020204,194.89
3020205,7194.52
3020206,56.76
3020207,1.53
3020208,77.87
3020209,39.93
3020210,0.0
3020211,479.46
3020212,18.4
3020213,11.19
3020214,4.4
3020215,198.48
3020216,13.21
3020217,578.92
3020218,639.38
3020219,15.4
3020220,33.68
3020221,430.78
3020222,94.57
3020223,2307.45
3020224,286.0
3020225,20.98
3020226,7.58
3020227,0.0
3020228,5.84
3020229,5315.33
3020230,0.0
3020231,908.86
3020232,12.63
3020233,1401.48
3020234,1643.35
3020235,264.48
3020236,337.74
3020237,392.22
3020238,5070.14
3020239,38.75
3020240,0.92
3020241,38.36
3020242,38.15
3020243,0.0
3020244,351.25
3020245,2.99
3020246,63.98
3020247,4.68
3020248,273.5
3020249,11.97
3020250,598.79
3020251,342.6
3020252,23.57
3020253,12.53
3020254,609.05
3020255,126.24
3020256,5089.59
3020257,0.78
3020258,50.19
3020259,10.22
3020260,0.0
3020261,9.04
3020262,5232.32
3020263,0.0
3020264,973.63
3020265,15.43
3020266,1731.25
3020267,1275.22
3020268,406.69
3020269,240.29
3020270,438.84
3020271,7282.5
3020272,39.49
3020273,2.45
3020274,40.12
3020275,43.36
3020276,0.17
3020277,448.95
3020278,10.2
3020279,66.81
3020280,7.98
3020281,365.83
3020282,13.0
3020283,499.97
3020284,422.97
3020285,18.0
3020286,30.71
3020287,535.73
3020288,120.61
3020289,4783.84
3020290,2.93
3020291,11.12
3020292,9.48
3020293,0.0
3020294,5.11
3020295,2424.27
3020296,0.0
3020297,493.16
3020298,11.4
3020299,992.45
3020300,550.54
3020301,251.28
3020302,100.85
3020303,216.08
3020304,3535.4
3020305,20.53
3020306,1.22
3020307,39.39
3020308,28.78
3020309,0.03
3020310,226.14
3020311,7.8
3020312,17.97
3020313,7.6
3020314,200.56
3020315,4.17
3020316,289.52
3020317,246.49
3020318,5.91
3020319,6.47
3020320,206.66
3020321,78.26
3020322,2197.43
3020323,0.03
3020324,2.93
3020325,6.6
3020326,0.0
3020327,0.12
3020328,3026.31
3020329,0.0
3020330,213.39
3020331,5.22
3020332,1064.94
3020333,262.44
3020334,226.75
3020335,70.76
3020336,75.72
3020337,3477.06
3020338,9.85
3020339,0.51
3020340,26.07
3020341,11.5
3020342,0.03
3020343,229.63
3020344,0.0
3020345,0.0
3020346,2.72
3020347,34.96
3020348,0.74
3020349,51.21
3020350,184.62
3020351,0.01
3020352,2.11
3020353,67.5
3020354,81.66
3020355,666.13
3020356,0.01
3020357,2.01
3020358,6.23
3020359,0.0
3020360,8.98
3020361,3995.97
3020362,0.0
3020363,589.23
3020364,19.51
3020365,1273.38
3020366,1033.92
3020367,348.0
3020368,199.53
3020369,194.21
3020370,4989.71
3020371,42.0
3020372,0.97
3020373,33.07
3020374,40.79
3020375,0.0
3020376,321.43
3020377,28.67
3020378,21.79
3020379,13.83
3020380,192.83
3020381,9.72
3020382,480.95
3020383,340.03
3020384,11.37
3020385,18.5
3020386,553.01
3020387,114.95
3020388,2653.26
3020389,0.01
3020390,39.49
3020391,4.43
3020392,0.0
3020393,5.63
3020394,3972.7
3020395,0.02
3020396,610.61
3020397,25.84
3020398,809.8
3020399,1141.58
3020400,167.51
3020401,252.16
3020402,251.66
3020403,3086.2
3020404,37.49
3020405,2.06
3020406,28.86
3020407,30.1
3020408,0.12
3020409,207.73
3020410,14.92
3020411,51.86
3020412,3.38
3020413,287.31
3020414,14.25
3020415,389.19
3020416,199.81
3020417,6.48
3020418,13.9
3020419,532.25
3020420,123.45
3020421,4294.34
3020422,0.04
3020423,40.45
3020424,4.27
3020425,0.3
3020426,15.18
3020427,5315.12
3020428,0.0
3020429,850.63
3020430,26.96
3020431,1119.41
3020432,1520.66
3020433,305.8
3020434,372.88
3020435,206.13
3020436,5315.45
3020437,42.64
3020438,3.01
3020439,51.84
3020440,42.16
3020441,0.0
3020442,398.34
3020443,40.77
3020444,41.08
3020445,24.19
3020446,226.06
3020447,22.21
3020448,450.98
3020449,392.77
3020450,25.8
3020451,25.49
3020452,643.31
3020453,159.36
3020454,4497.25
3020455,0.1
3020456,40.68
3020457,12.83
3020458,0.15
3020459,10.54
3020460,3975.66
3020461,0.0
3020462,518.91
3020463,26.49
3020464,1626.19
3020465,819.14
3020466,526.31
3020467,186.44
3020468,141.55
3020469,6550.83
3020470,13.2
3020471,1.89
3020472,66.14
3020473,40.77
3020474,0.0
3020475,398.38
3020476,12.76
3020477,5.57
3020478,8.24
3020479,105.12
3020480,8.07
3020481,309.63
3020482,445.39
3020483,9.16
3020484,9.26
3020485,432.79
3020486,128.72
3020487,1507.18
3020488,72.99
3020489,20.95
3020490,1.64
3020491,0.0
3020492,3.28
3020493,1029.67
3020494,0.0
3020495,121.46
3020496,5.3
3020497,268.92
3020498,328.43
3020499,49.63
3020500,77.95
3020501,51.33
3020502,924.5
3020503,9.31
3020504,0.51
3020505,7.57
3020506,6.92
3020507,0.0
3020508,82.64
3020509,7.62
3020510,12.25
3020511,1.87
3020512,42.96
3020513,4.56
3020514,104.48
3020515,69.18
3020516,3.6
3020517,4.11
3020518,127.16
3020519,40.14
3020520,1139.08
3020521,0.01
3020522,13.01
3020523,1.74
3020524,0.0
3020525,1.28
3020526,1451.48
3020527,0.0
3020528,128.92
3020529,1.63
3020530,694.65
3020531,258.75
3020532,259.98
3020533,52.58
3020534,41.02
3020535,2624.8
3020536,4.94
3020537,0.12
3020538,8.7
3020539,7.59
3020540,0.02
3020541,169.5
3020542,5.63
3020543,0.0
3020544,0.89
3020545,7.2
3020546,0.23
3020547,162.4
3020548,184.86
3020549,0.43
3020550,3.39
3020551,205.28
3020552,24.31
3020553,247.17
3020554,5.77
3020555,0.14
3020556,6.35
3020557,0.29
3020558,6.01
3020559,4977.46
3020560,0.0
3020561,684.9
3020562,12.11
3020563,1792.04
3020564,660.92
3020565,513.09
3020566,234.52
3020567,114.34
3020568,6641.31
3020569,23.95
3020570,0.22
3020571,33.51
3020572,16.93
3020573,0.08
3020574,459.45
3020575,13.06
3020576,1.07
3020577,8.81
3020578,29.51
3020579,3.68
3020580,590.8
3020581,404.72
3020582,3.22
3020583,15.27
3020584,480.93
3020585,91.0
3020586,1241.14
3020587,34.98
3020588,14.04
3020589,5.96
3020590,0.0
3020591,0.32
3020592,1897.29
3020593,0.0
3020594,195.09
3020595,9.53
3020596,772.47
3020597,408.15
3020598,207.54
3020599,68.55
3020600,40.3
3020601,2746.0
3020602,6.42
3020603,0.33
3020604,9.0
3020605,19.55
3020606,0.0
3020607,185.0
3020608,10.21
3020609,0.0
3020610,7.03
3020611,27.03
3020612,1.21
3020613,149.39
3020614,202.25
3020615,2.02
3020616,5.91
3020617,153.77
3020618,32.78
3020619,349.46
3020620,3.84
3020621,1.79
3020622,4.29
3020623,0.0
3020624,2.28
3020625,1473.42
3020626,0.0
3020627,109.62
3020628,5.95
3020629,732.3
3020630,234.98
3020631,172.93
3020632,50.91
3020633,31.84
3020634,2337.75
3020635,4.82
3020636,0.01
3020637,10.31
3020638,9.62
3020639,0.0
3020640,143.37
3020641,2.25
3020642,0.0
3020643,1.57
3020644,15.75
3020645,0.78
3020646,109.95
3020647,170.5
3020648,0.74
3020649,4.12
3020650,93.27
3020651,24.07
3020652,197.28
3020653,10.87
3020654,0.89
3020655,4.29
3020656,0.0
3020657,2.01
3020658,1735.57
3020659,0.0
3020660,144.2
3020661,7.03
3020662,803.62
3020663,286.63
3020664,195.98
3020665,40.45
3020666,36.64
3020667,2521.96
3020668,4.91
3020669,0.24
3020670,8.79
3020671,11.72
3020672,0.09
3020673,153.53
3020674,0.57
3020675,0.0
3020676,1.77
3020677,16.9
3020678,1.7
3020679,191.65
3020680,176.98
3020681,0.69
3020682,3.64
3020683,70.12
3020684,62.19
3020685,383.09
3020686,3.64
3020687,2.45
3020688,3.11
3020689,0.1
3020690,3.46
3020691,1696.8
3020692,0.0
3020693,132.24
3020694,1.86
3020695,775.8
3020696,273.65
3020697,221.79
3020698,81.5
3020699,54.87
3020700,2051.45
3020701,4.22
3020702,0.71
3020703,9.39
3020704,15.71
3020705,0.02
3020706,202.24
3020707,7.98
3020708,0.0
3020709,1.45
3020710,14.74
3020711,0.91
3020712,99.85
3020713,165.08
3020714,0.56
3020715,3.28
3020716,93.87
3020717,29.79
3020718,514.62
3020719,8.02
3020720,1.1
3020721,4.31
3020722,0.03
3020723,1.45
3020724,1661.6
3020725,0.0
3020726,203.25
3020727,5.34
3020728,825.2
3020729,144.94
3020730,181.96
3020731,185.64
3020732,35.05
3020733,2244.76
3020734,3.2
3020735,0.24
3020736,13.59
3020737,12.05
3020738,0.04
3020739,204.15
3020740,0.0
3020741,0.0
3020742,1.03
3020743,23.24
3020744,1.16
3020745,62.55
3020746,171.32
3020747,0.71
3020748,3.1
3020749,69.7
3020750,37.94
3020751,550.52
3020752,0.0
3020753,0.59
3020754,9.69
3020755,0.16
3020756,4.64
3020757,4050.84
3020758,0.0
3020759,480.54
3020760,6.64
3020761,1304.59
3020762,860.77
3020763,548.47
3020764,240.93
3020765,131.82
3020766,5235.9
3020767,17.01
3020768,1.11
3020769,34.81
3020770,30.42
3020771,0.0
3020772,363.23
3020773,0.15
3020774,0.0
3020775,13.57
3020776,38.72
3020777,3.85
3020778,260.23
3020779,353.03
3020780,2.02
3020781,11.11
3020782,454.39
3020783,67.03
3020784,1616.8
3020785,30.0
3020786,18.28
3020787,2.34
3020788,0.08
3020789,6.46
3020790,2708.24
3020791,0.0
3020792,1.37
3020793,4.2
3020794,661.27
3020795,717.22
3020796,120.41
3020797,228.95
3020798,82.07
3020799,3076.18
3020800,15.25
3020801,0.21
3020802,18.37
3020803,21.75
3020804,0.0
3020805,262.12
3020806,12.68
3020807,2.22
3020808,7.05
3020809,44.83
3020810,2.05
3020811,91.43
3020812,184.05
3020813,4.9
3020814,8.35
3020815,134.66
3020816,43.25
3020817,1724.64
3020818,40.85
3020819,17.46
3020820,7.49
3020821,0.09
3020822,1.43
3020823,2612.41
3020824,0.0
3020825,183.64
3020826,4.77
3020827,930.27
3020828,383.71
3020829,303.62
3020830,75.21
3020831,46.44
3020832,3219.02
3020833,7.35
3020834,1.34
3020835,11.68
3020836,12.25
3020837,0.02
3020838,182.0
3020839,11.29
3020840,0.0
3020841,2.62
3020842,21.37
3020843,2.91
3020844,127.99
3020845,188.89
3020846,1.13
3020847,6.52
3020848,71.06
3020849,27.7
3020850,449.52
3020851,6.57
3020852,4.29
3020853,7.27
3020854,0.0
3020855,10.2
3020856,3805.72
3020857,0.0
3020858,694.29
3020859,9.68
3020860,880.19
3020861,948.64
3020862,232.76
3020863,228.2
3020864,115.58
3020865,4286.86
3020866,40.9
3020867,1.24
3020868,18.13
3020869,30.74
3020870,0.09
3020871,288.24
3020872,37.41
3020873,18.18
3020874,3.3
3020875,69.28
3020876,9.22
3020877,373.94
3020878,308.53
3020879,9.12
3020880,10.8
3020881,541.38
3020882,112.25
3020883,2652.87
3020884,0.04
3020885,43.65
3020886,8.61
3020887,0.0
3020888,7.81
3020889,6106.71
3020890,0.0
3020891,928.26
3020892,8.67
3020893,1756.0
3020894,1109.6
3020895,886.15
3020896,218.44
3020897,97.42
3020898,7290.23
3020899,19.68
3020900,0.54
3020901,26.96
3020902,24.85
3020903,0.05
3020904,492.7
3020905,0.28
3020906,7.95
3020907,9.61
3020908,36.45
3020909,1.47
3020910,388.88
3020911,558.56
3020912,5.47
3020913,8.33
3020914,497.27
3020915,96.9
3020916,1483.6
3020917,71.62
3020918,19.85
3020919,14.26
3020920,0.45
3020921,4.35
3020922,4123.18
3020923,0.0
3020924,783.14
3020925,5.83
3020926,1783.34
3020927,910.05
3020928,477.93
3020929,402.32
3020930,68.21
3020931,5713.47
3020932,17.58
3020933,0.4
3020934,34.27
3020935,45.7
3020936,0.1
3020937,468.4
3020938,6.71
3020939,2.7
3020940,11.54
3020941,54.65
3020942,2.86
3020943,155.2
3020944,431.77
3020945,3.12
3020946,7.73
3020947,210.54
3020948,188.86
3020949,1543.58
3020950,0.02
3020951,8.18
3020952,5.27
3020953,0.07
3020954,2.29
3020955,1971.66
3020956,0.0
3020957,117.92
3020958,7.17
3020959,666.54
3020960,360.85
3020961,175.49
3020962,52.07
3020963,45.33
3020964,2552.57
3020965,6.04
3020966,0.5
3020967,29.24
3020968,22.6
3020969,0.0
3020970,193.33
3020971,0.11
3020972,0.0
3020973,5.41
3020974,26.69
3020975,2.58
3020976,108.06
3020977,173.46
3020978,1.07
3020979,6.39
3020980,140.75
3020981,24.25
3020982,398.69
3020983,24.65
3020984,1.13
3020985,1.3
3020986,0.0
3020987,3.09
3020988,1117.07
3020989,0.0
3020990,251.45
3020991,9.78
3020992,508.59
3020993,499.26
3020994,134.75
3020995,58.07
3020996,56.93
3020997,2076.67
3020998,20.08
3020999,0.13
3021000,9.64
3021001,10.41
3021002,0.27
3021003,138.38
3021004,15.52
3021005,1.77
3021006,2.43
3021007,37.43
3021008,5.81
3021009,937.24
3021010,246.51
3021011,3.58
3021012,5.48
3021013,301.01
3021014,20.27
3021015,1136.96
3021016,0.02
3021017,8.05
3021018,3.69
3021019,0.01
3021020,6.32
3021021,3739.77
3021022,0.0
3021023,777.94
3021024,12.93
3021025,982.24
3021026,1261.14
3021027,253.91
3021028,225.75
3021029,131.32
3021030,3394.96
3021031,30.05
3021032,0.31
3021033,18.35
3021034,34.01
3021035,0.0
3021036,285.55
3021037,15.62
3021038,28.99
3021039,8.71
3021040,51.94
3021041,9.16
3021042,328.03
3021043,304.59
3021044,17.37
3021045,12.06
3021046,484.49
3021047,113.2
3021048,3283.25
3021049,0.01
3021050,19.58
3021051,2.26
3021052,0.01
3021053,3.98
3021054,2056.9
3021055,0.0
3021056,279.77
3021057,6.59
3021058,408.37
3021059,612.78
3021060,126.15
3021061,98.52
3021062,92.08
3021063,1853.35
3021064,21.89
3021065,0.62
3021066,12.62
3021067,12.88
3021068,0.0
3021069,100.04
3021070,0.0
3021071,15.05
3021072,5.18
3021073,142.07
3021074,5.76
3021075,164.43
3021076,117.7
3021077,0.58
3021078,5.22
3021079,158.7
3021080,42.41
3021081,1264.22
3021082,0.05
3021083,3.36
3021084,3.95
3021085,0.0
3021086,0.11
3021087,1212.94
3021088,0.0
3021089,271.44
3021090,5.57
3021091,358.14
3021092,317.95
3021093,111.9
3021094,44.4
3021095,38.45
3021096,1838.66
3021097,0.16
3021098,0.54
3021099,9.28
3021100,8.55
3021101,0.07
3021102,99.65
3021103,0.05
3021104,6.11
3021105,1.07
3021106,17.16
3021107,0.14
3021108,291.55
3021109,151.02
3021110,1.97
3021111,0.82
3021112,155.77
3021113,27.78
3021114,588.94
3021115,0.04
3021116,0.93
3021117,8.72
3021118,0.12
3021119,5.69
3021120,4978.76
3021121,0.02
3021122,952.12
3021123,15.17
3021124,1030.82
3021125,1401.87
3021126,382.32
3021127,331.57
3021128,173.94
3021129,5529.1
3021130,34.79
3021131,2.12
3021132,20.26
3021133,37.76
3021134,0.06
3021135,323.54
3021136,14.22
3021137,44.06
3021138,8.76
3021139,144.15
3021140,3.94
3021141,345.2
3021142,355.22
3021143,12.38
3021144,11.63
3021145,514.18
3021146,109.93
3021147,3406.93
3021148,0.57
3021149,22.4
3021150,7.1
3021151,0.0
3021152,4.71
3021153,5423.84
3021154,0.0
3021155,1008.06
3021156,13.76
3021157,1487.76
3021158,1442.29
3021159,493.32
3021160,342.47
3021161,91.87
3021162,7022.04
3021163,17.82
3021164,0.28
3021165,41.84
3021166,19.91
3021167,0.29
3021168,364.32
3021169,0.0
3021170,5.98
3021171,6.03
3021172,37.52
3021173,0.83
3021174,221.18
3021175,404.16
3021176,5.86
3021177,7.11
3021178,327.72
3021179,109.1
3021180,2069.48
3021181,3.06
3021182,5.91
3021183,7.52
3021184,0.21
3021185,2.95
3021186,4762.97
3021187,0.0
3021188,1074.07
3021189,9.57
3021190,1053.17
3021191,1161.35
3021192,399.9
3021193,296.37
3021194,74.08
3021195,5141.67
3021196,25.0
3021197,0.86
3021198,20.29
3021199,20.93
3021200,0.06
3021201,334.57
3021202,0.0
3021203,4.64
3021204,5.25
3021205,60.49
3021206,1.59
3021207,139.92
3021208,310.52
3021209,6.25
3021210,5.34
3021211,237.29
3021212,89.23
3021213,1548.47
3021214,2.68
3021215,6.58
3021216,12.83
3021217,0.12
3021218,21.53
3021219,9626.14
3021220,0.0
3021221,1365.85
3021222,34.06
3021223,2144.83
3021224,2472.13
3021225,423.83
3021226,588.04
3021227,430.14
3021228,8715.34
3021229,84.14
3021230,3.22
3021231,74.99
3021232,62.04
3021233,0.11
3021234,642.17
3021235,75.21
3021236,47.04
3021237,30.6
3021238,183.21
3021239,29.03
3021240,791.78
3021241,743.64
3021242,24.13
3021243,32.68
3021244,1268.26
3021245,235.31
3021246,8770.88
3021247,0.08
3021248,94.24
3021249,2.8
3021250,0.08
3021251,0.42
3021252,1612.74
3021253,0.0
3021254,242.04
3021255,3.3
3021256,563.97
3021257,292.39
3021258,131.0
3021259,142.84
3021260,43.58
3021261,1965.9
3021262,6.15
3021263,0.19
3021264,12.8
3021265,7.55
3021266,0.0
3021267,154.34
3021268,0.19
3021269,0.0
3021270,1.09
3021271,26.74
3021272,0.3
3021273,51.87
3021274,117.13
3021275,0.88
3021276,3.31
3021277,102.31
3021278,22.87
3021279,514.45
3021280,0.01
3021281,1.41
3021282,7.57
3021283,0.23
3021284,1.22
3021285,4599.94
3021286,0.0
3021287,660.66
3021288,8.53
3021289,1509.1
3021290,948.57
3021291,281.0
3021292,386.61
3021293,62.58
3021294,5518.97
3021295,12.07
3021296,0.27
3021297,29.48
3021298,25.89
3021299,0.08
3021300,380.36
3021301,3.82
3021302,3.26
3021303,10.34
3021304,15.63
3021305,1.74
3021306,394.14
3021307,335.28
3021308,3.87
3021309,9.17
3021310,136.29
3021311,94.95
3021312,1341.64
3021313,2.1
3021314,2.67
3021315,0.11
3021316,0.0
3021317,0.18
3021318,245.19
3021319,0.0
3021320,169.99
3021321,2.98
3021322,467.67
3021323,230.9
3021324,112.97
3021325,159.45
3021326,22.23
3021327,1689.24
3021328,1.62
3021329,0.13
3021330,10.41
3021331,2.63
3021332,0.03
3021333,108.44
3021334,0.0
3021335,0.0
3021336,0.46
3021337,17.5
3021338,0.14
3021339,60.31
3021340,97.98
3021341,0.18
3021342,0.76
3021343,60.4
3021344,7.76
3021345,231.44
3021346,0.02
3021347,0.95
3021348,9.33
3021349,0.0
3021350,1.21
3021351,2480.45
3021352,0.0
3021353,339.03
3021354,7.49
3021355,1171.27
3021356,520.94
3021357,208.52
3021358,157.84
3021359,46.55
3021360,3373.9
3021361,2.82
3021362,0.15
3021363,33.38
3021364,22.19
3021365,0.05
3021366,305.71
3021367,0.0
3021368,0.0
3021369,13.69
3021370,27.38
3021371,1.58
3021372,320.15
3021373,279.64
3021374,1.15
3021375,3.93
3021376,243.78
3021377,27.96
3021378,1297.21
3021379,0.01
3021380,0.53
3021381,3.04
3021382,0.16
3021383,1.13
3021384,2712.87
3021385,0.0
3021386,682.86
3021387,6.98
3021388,795.92
3021389,663.65
3021390,219.61
3021391,121.82
3021392,60.3
3021393,3947.76
3021394,11.09
3021395,1.86
3021396,21.25
3021397,42.51
3021398,0.05
3021399,190.96
3021400,3.52
3021401,3.13
3021402,3.81
3021403,23.25
3021404,2.04
3021405,152.52
3021406,256.57
3021407,2.89
3021408,5.95
3021409,134.46
3021410,17.29
3021411,601.93
3021412,3.45
3021413,2.41
3021414,3.47
3021415,0.0
3021416,0.1
3021417,1646.45
3021418,0.0
3021419,134.38
3021420,2.16
3021421,528.08
3021422,214.72
3021423,102.41
3021424,161.03
3021425,48.61
3021426,1992.69
3021427,6.61
3021428,0.21
3021429,7.59
3021430,5.31
3021431,0.08
3021432,113.01
3021433,0.0
3021434,0.0
3021435,0.21
3021436,31.94
3021437,0.27
3021438,185.51
3021439,113.71
3021440,0.24
3021441,0.53
3021442,51.89
3021443,21.79
3021444,381.9
3021445,0.01
3021446,0.1
3021447,4.25
3021448,0.0
3021449,0.66
3021450,4147.67
3021451,0.0
3021452,634.01
3021453,7.51
3021454,941.45
3021455,760.14
3021456,239.86
3021457,140.37
3021458,95.03
3021459,4400.46
3021460,7.41
3021461,0.12
3021462,14.48
3021463,11.85
3021464,0.04
3021465,241.05
3021466,0.0
3021467,19.61
3021468,1.3
3021469,46.02
3021470,1.16
3021471,202.24
3021472,240.67
3021473,2.37
3021474,4.46
3021475,106.53
3021476,19.52
3021477,1231.14
3021478,0.84
3021479,0.65
3021480,3.76
3021481,0.0
3021482,6.44
3021483,2253.74
3021484,0.0
3021485,446.22
3021486,6.43
3021487,734.4
3021488,671.85
3021489,130.92
3021490,111.34
3021491,83.79
3021492,2763.48
3021493,32.82
3021494,0.76
3021495,18.26
3021496,24.28
3021497,0.1
3021498,198.76
3021499,25.66
3021500,15.06
3021501,1.25
3021502,67.72
3021503,7.65
3021504,169.46
3021505,250.81
3021506,10.99
3021507,12.41
3021508,200.31
3021509,58.0
3021510,1885.07
3021511,0.02
3021512,11.48
3021513,6.88
3021514,0.0
3021515,10.35
3021516,3081.75
3021517,0.0
3021518,506.86
3021519,11.78
3021520,1164.13
3021521,858.41
3021522,152.73
3021523,120.92
3021524,92.25
3021525,3956.48
3021526,28.17
3021527,1.03
3021528,41.95
3021529,43.79
3021530,0.0
3021531,423.05
3021532,41.1
3021533,15.46
3021534,9.39
3021535,78.24
3021536,11.92
3021537,153.44
3021538,491.41
3021539,9.58
3021540,13.56
3021541,143.4
3021542,90.51
3021543,2117.47
3021544,0.43
3021545,18.41
3021546,9.66
3021547,0.26
3021548,5.36
3021549,4024.54
3021550,0.0
3021551,729.84
3021552,6.73
3021553,1597.88
3021554,693.28
3021555,210.24
3021556,301.51
3021557,70.3
3021558,5421.9
3021559,33.29
3021560,1.66
3021561,26.14
3021562,18.24
3021563,0.09
3021564,383.53
3021565,10.89
3021566,15.76
3021567,4.87
3021568,36.68
3021569,6.02
3021570,146.56
3021571,374.37
3021572,7.91
3021573,11.38
3021574,225.99
3021575,31.94
3021576,1568.15
3021577,14.24
3021578,13.07
3021579,3.85
3021580,0.0
3021581,5.03
3021582,3385.56
3021583,0.0
3021584,420.61
3021585,7.13
3021586,876.09
3021587,939.93
3021588,229.62
3021589,206.71
3021590,116.37
3021591,3858.45
3021592,27.72
3021593,1.29
3021594,17.89
3021595,16.13
3021596,0.05
3021597,258.14
3021598,28.41
3021599,22.4
3021600,1.29
3021601,69.91
3021602,6.02
3021603,366.71
3021604,310.34
3021605,8.2
3021606,11.66
3021607,502.94
3021608,57.81
3021609,2971.53
3021610,0.02
3021611,32.31
3021612,3.6
3021613,0.02
3021614,1.28
3021615,4202.25
3021616,0.0
3021617,491.94
3021618,7.64
3021619,1841.22
3021620,690.16
3021621,278.71
3021622,173.5
3021623,48.34
3021624,5567.89
3021625,7.96
3021626,0.98
3021627,26.62
3021628,21.01
3021629,0.11
3021630,379.49
3021631,0.0
3021632,0.01
3021633,7.06
3021634,25.64
3021635,1.84
3021636,147.17
3021637,351.64
3021638,2.41
3021639,9.48
3021640,157.18
3021641,55.01
3021642,1001.97
3021643,0.01
3021644,0.19
3021645,7.23
3021646,0.0
3021647,9.77
3021648,3093.38
3021649,0.0
3021650,703.43
3021651,10.41
3021652,1164.2
3021653,972.43
3021654,284.96
3021655,191.01
3021656,151.15
3021657,4476.92
3021658,27.66
3021659,1.45
3021660,30.19
3021661,43.94
3021662,0.0
3021663,348.63
3021664,32.07
3021665,19.17
3021666,8.99
3021667,53.2
3021668,12.45
3021669,246.13
3021670,431.07
3021671,15.29
3021672,10.74
3021673,243.09
3021674,85.26
3021675,2515.49
3021676,0.07
3021677,6.38
3021678,4.29
3021679,0.0
3021680,7.39
3021681,2580.04
3021682,0.0
3021683,529.37
3021684,9.84
3021685,712.7
3021686,798.15
3021687,178.2
3021688,158.98
3021689,98.44
3021690,3029.04
3021691,36.21
3021692,0.6
3021693,18.38
3021694,18.27
3021695,0.0
3021696,237.47
3021697,25.68
3021698,36.96
3021699,2.93
3021700,52.66
3021701,10.25
3021702,213.58
3021703,263.48
3021704,8.32
3021705,12.76
3021706,236.14
3021707,54.11
3021708,2463.38
3021709,0.05
3021710,20.07
3021711,4.75
3021712,0.0
3021713,4.45
3021714,5749.53
3021715,0.0
3021716,722.33
3021717,16.03
3021718,1473.22
3021719,1035.06
3021720,345.09
3021721,265.77
3021722,64.99
3021723,5865.47
3021724,10.58
3021725,0.02
3021726,17.37
3021727,20.73
3021728,0.08
3021729,313.15
3021730,0.0
3021731,9.32
3021732,0.63
3021733,36.91
3021734,1.69
3021735,217.31
3021736,370.78
3021737,3.13
3021738,2.48
3021739,292.5
3021740,167.48
3021741,1339.85
3021742,2.27
3021743,0.1
3021744,20.16
3021745,0.0
3021746,25.8
3021747,12848.78
3021748,0.0
3021749,2093.49
3021750,22.2
3021751,2717.87
3021752,3321.01
3021753,657.18
3021754,910.51
3021755,476.03
3021756,11425.97
3021757,85.48
3021758,3.81
3021759,118.37
3021760,125.97
3021761,0.16
3021762,964.11
3021763,49.0
3021764,27.13
3021765,36.94
3021766,256.69
3021767,27.49
3021768,968.69
3021769,841.89
3021770,51.43
3021771,53.7
3021772,1537.76
3021773,323.81
3021774,12116.3
3021775,337.94
3021776,128.65
3021777,21.12
3021778,0.0
3021779,21.93
3021780,11937.52
3021781,0.0
3021782,1534.64
3021783,25.25
3021784,2734.97
3021785,3088.47
3021786,951.16
3021787,545.81
3021788,419.39
3021789,12910.48
3021790,87.04
3021791,1.82
3021792,71.52
3021793,106.28
3021794,0.14
3021795,953.46
3021796,49.17
3021797,43.56
3021798,9.48
3021799,163.07
3021800,22.2
3021801,1410.42
3021802,1081.5
3021803,31.71
3021804,40.56
3021805,1718.16
3021806,300.78
3021807,8321.5
3021808,306.44
3021809,122.62
3021810,16.02
3021811,0.0
3021812,23.85
3021813,8138.33
3021814,0.0
3021815,1216.19
3021816,15.09
3021817,2734.23
3021818,2091.52
3021819,1138.21
3021820,210.8
3021821,363.88
3021822,11097.25
3021823,53.82
3021824,2.55
3021825,53.79
3021826,39.19
3021827,0.16
3021828,932.08
3021829,63.65
3021830,31.58
3021831,11.85
3021832,111.03
3021833,11.03
3021834,1142.64
3021835,1106.38
3021836,33.19
3021837,57.49
3021838,1175.87
3021839,147.49
3021840,3912.08
3021841,360.47
3021842,72.78
3021843,19.35
3021844,0.0
3021845,24.92
3021846,11197.95
3021847,0.0
3021848,1427.26
3021849,17.93
3021850,2542.26
3021851,2563.51
3021852,819.79
3021853,467.13
3021854,325.38
3021855,11374.43
3021856,52.68
3021857,1.78
3021858,76.92
3021859,86.54
3021860,0.41
3021861,839.76
3021862,56.41
3021863,31.49
3021864,21.09
3021865,157.68
3021866,17.04
3021867,1018.29
3021868,1036.09
3021869,34.02
3021870,39.32
3021871,1485.12
3021872,243.5
3021873,7033.34
3021874,325.73
3021875,89.34
3021876,16.35
3021877,0.0
3021878,22.74
3021879,7168.5
3021880,0.0
3021881,1175.86
3021882,17.26
3021883,2377.44
3021884,1673.55
3021885,896.42
3021886,210.72
3021887,252.44
3021888,9502.19
3021889,56.79
3021890,0.24
3021891,50.84
3021892,44.35
3021893,0.0
3021894,848.51
3021895,59.46
3021896,17.6
3021897,9.82
3021898,95.79
3021899,11.3
3021900,1083.04
3021901,1077.8
3021902,29.35
3021903,36.52
3021904,1176.42
3021905,122.7
3021906,2974.8
3021907,355.71
3021908,33.98
3021909,11.11
3021910,0.0
3021911,18.52
3021912,8170.81
3021913,0.0
3021914,1332.79
3021915,21.81
3021916,1951.41
3021917,2440.44
3021918,528.67
3021919,587.9
3021920,406.86
3021921,8557.11
3021922,81.32
3021923,1.0
3021924,53.82
3021925,56.92
3021926,0.07
3021927,586.79
3021928,19.45
3021929,31.79
3021930,8.96
3021931,198.07
3021932,18.1
3021933,845.32
3021934,723.1
3021935,28.38
3021936,38.47
3021937,1067.11
3021938,221.6
3021939,8563.39
3021940,224.98
3021941,83.49
3021942,7.27
3021943,0.13
3021944,4.1
3021945,2219.33
3021946,0.0
3021947,373.74
3021948,18.98
3021949,936.68
3021950,588.8
3021951,215.98
3021952,102.15
3021953,90.24
3021954,3114.16
3021955,20.19
3021956,0.55
3021957,24.19
3021958,21.93
3021959,0.19
3021960,233.71
3021961,16.4
3021962,7.15
3021963,11.97
3021964,47.47
3021965,8.6
3021966,235.66
3021967,273.08
3021968,3.2
3021969,7.94
3021970,229.75
3021971,58.88
3021972,1485.89
3021973,0.09
3021974,10.14
3021975,13.23
3021976,0.0
3021977,17.02
3021978,5799.19
3021979,0.0
3021980,641.69
3021981,29.77
3021982,1917.21
3021983,1273.03
3021984,584.56
3021985,151.42
3021986,140.66
3021987,7669.22
3021988,60.55
3021989,1.55
3021990,67.35
3021991,46.08
3021992,0.0
3021993,523.74
3021994,21.64
3021995,8.29
3021996,4.27
3021997,111.8
3021998,11.34
3021999,580.16
3022000,716.26
3022001,17.13
3022002,33.82
3022003,488.23
3022004,92.24
3022005,2428.16
3022006,321.37
3022007,23.44
3022008,8.22
3022009,0.0
3022010,7.62
3022011,6096.0
3022012,0.0
3022013,1138.12
3022014,8.07
3022015,1629.31
3022016,2047.22
3022017,309.34
3022018,439.22
3022019,287.05
3022020,6336.43
3022021,40.65
3022022,0.95
3022023,33.62
3022024,39.19
3022025,0.0
3022026,405.05
3022027,5.78
3022028,47.43
3022029,4.8
3022030,134.59
3022031,11.64
3022032,634.77
3022033,418.27
3022034,25.18
3022035,13.07
3022036,780.88
3022037,142.08
3022038,6043.12
3022039,0.81
3022040,55.5
3022041,11.83
3022042,0.0
3022043,10.26
3022044,5555.61
3022045,0.0
3022046,1098.35
3022047,10.41
3022048,1781.98
3022049,1378.35
3022050,427.77
3022051,270.24
3022052,312.29
3022053,7490.93
3022054,41.95
3022055,2.5
3022056,46.62
3022057,46.24
3022058,0.18
3022059,490.71
3022060,11.8
3022061,51.86
3022062,8.11
3022063,160.49
3022064,10.52
3022065,479.6
3022066,450.35
3022067,17.06
3022068,32.24
3022069,564.8
3022070,128.16
3022071,4790.66
3022072,4.28
3022073,12.13
3022074,10.81
3022075,0.0
3022076,5.63
3022077,2749.62
3022078,0.0
3022079,574.43
3022080,8.18
3022081,1096.73
3022082,680.47
3022083,279.27
3022084,127.58
3022085,115.48
3022086,3656.73
3022087,20.46
3022088,1.35
3022089,29.19
3022090,33.35
3022091,0.03
3022092,280.76
3022093,8.47
3022094,14.48
3022095,7.16
3022096,86.29
3022097,4.36
3022098,292.91
3022099,286.43
3022100,5.69
3022101,6.5
3022102,250.29
3022103,82.32
3022104,2338.74
3022105,0.04
3022106,3.15
3022107,7.34
3022108,0.0
3022109,0.11
3022110,4485.43
3022111,0.0
3022112,394.28
3022113,3.65
3022114,1384.34
3022115,305.76
3022116,296.8
3022117,89.28
3022118,44.56
3022119,4327.35
3022120,8.04
3022121,0.75
3022122,24.8
3022123,12.76
3022124,0.02
3022125,340.96
3022126,0.0
3022127,0.0
3022128,3.07
3022129,15.5
3022130,0.62
3022131,61.69
3022132,248.65
3022133,0.01
3022134,1.85
3022135,64.48
3022136,98.17
3022137,760.67
3022138,0.01
3022139,1.59
3022140,7.47
3022141,0.0
3022142,10.91
3022143,5022.99
3022144,0.0
3022145,617.9
3022146,12.58
3022147,1545.28
3022148,1303.66
3022149,422.81
3022150,269.55
3022151,183.79
3022152,6092.2
3022153,46.23
3022154,0.81
3022155,35.35
3022156,40.24
3022157,0.0
3022158,407.18
3022159,45.95
3022160,18.42
3022161,14.27
3022162,76.57
3022163,8.9
3022164,533.85
3022165,450.23
3022166,11.54
3022167,22.7
3022168,691.22
3022169,119.48
3022170,3405.33
3022171,0.02
3022172,54.82
3022173,4.33
3022174,0.0
3022175,5.74
3022176,4059.99
3022177,0.02
3022178,613.02
3022179,13.59
3022180,854.06
3022181,1161.19
3022182,158.9
3022183,259.76
3022184,200.0
3022185,3297.81
3022186,36.37
3022187,1.89
3022188,19.88
3022189,29.33
3022190,0.11
3022191,252.93
3022192,15.23
3022193,35.63
3022194,3.97
3022195,164.35
3022196,12.12
3022197,403.1
3022198,246.12
3022199,7.52
3022200,13.88
3022201,525.31
3022202,112.85
3022203,4423.65
3022204,0.04
3022205,39.45
3022206,4.65
3022207,0.25
3022208,16.32
3022209,5475.17
3022210,0.0
3022211,874.15
3022212,15.45
3022213,1291.39
3022214,1566.64
3022215,318.24
3022216,423.07
3022217,170.04
3022218,5507.03
3022219,44.71
3022220,3.73
3022221,45.97
3022222,44.34
3022223,0.0
3022224,426.89
3022225,44.7
3022226,36.58
3022227,23.95
3022228,110.01
3022229,18.19
3022230,430.57
3022231,450.47
3022232,28.25
3022233,25.13
3022234,685.25
3022235,181.88
3022236,5084.2
3022237,0.12
3022238,41.56
3022239,14.79
3022240,0.19
3022241,11.89
3022242,4671.06
3022243,0.0
3022244,587.72
3022245,13.2
3022246,1687.79
3022247,908.75
3022248,592.87
3022249,227.08
3022250,97.31
3022251,6872.31
3022252,11.46
3022253,1.6
3022254,61.43
3022255,48.07
3022256,0.0
3022257,435.96
3022258,17.58
3022259,4.83
3022260,8.64
3022261,36.72
3022262,7.67
3022263,359.46
3022264,504.62
3022265,8.52
3022266,10.11
3022267,489.7
3022268,120.7
3022269,1826.2
3022270,77.14
3022271,20.95
3022272,2.84
3022273,0.0
3022274,3.72
3022275,2044.69
3022276,0.0
3022277,236.26
3022278,7.84
3022279,563.69
3022280,654.78
3022281,143.59
3022282,150.57
3022283,113.76
3022284,2394.94
3022285,15.24
3022286,0.95
3022287,14.56
3022288,22.67
3022289,0.0
3022290,163.1
3022291,14.52
3022292,15.42
3022293,6.69
3022294,63.98
3022295,4.41
3022296,214.96
3022297,142.76
3022298,2.34
3022299,7.57
3022300,299.38
3022301,56.73
3022302,2393.39
3022303,0.01
3022304,17.11
3022305,0.97
3022306,0.0
3022307,0.72
3022308,1134.5
3022309,0.0
3022310,98.39
3022311,0.46
3022312,621.75
3022313,259.93
3022314,233.26
3022315,78.19
3022316,31.57
3022317,2427.23
3022318,1.4
3022319,0.09
3022320,5.87
3022321,5.53
3022322,0.01
3022323,154.54
3022324,2.03
3022325,0.0
3022326,0.87
3022327,4.72
3022328,0.07
3022329,167.55
3022330,152.71
3022331,0.45
3022332,2.18
3022333,130.51
3022334,22.6
3022335,221.6
3022336,10.92
3022337,0.28
3022338,4.05
3022339,0.43
3022340,4.68
3022341,3999.75
3022342,0.0
3022343,590.96
3022344,8.99
3022345,1534.09
3022346,593.96
3022347,481.5
3022348,270.66
3022349,65.74
3022350,5892.78
3022351,15.42
3022352,0.27
3022353,17.53
3022354,16.55
3022355,0.05
3022356,431.97
3022357,8.94
3022358,0.54
3022359,7.02
3022360,16.93
3022361,1.42
3022362,527.62
3022363,325.72
3022364,2.34
3022365,10.46
3022366,233.91
3022367,99.32
3022368,1061.39
3022369,31.08
3022370,8.24
3022371,3.8
3022372,0.0
3022373,0.23
3022374,1617.15
3022375,0.0
3022376,195.67
3022377,6.78
3022378,720.0
3022379,381.33
3022380,215.97
3022381,80.36
3022382,36.11
3022383,2646.79
3022384,3.96
3022385,0.11
3022386,7.19
3022387,14.4
3022388,0.0
3022389,173.98
3022390,5.81
3022391,0.0
3022392,8.18
3022393,15.43
3022394,0.39
3022395,140.71
3022396,166.46
3022397,1.08
3022398,4.79
3022399,153.35
3022400,30.58
3022401,311.55
3022402,3.51
3022403,1.56
3022404,3.58
3022405,0.0
3022406,3.38
3022407,1461.24
3022408,0.0
3022409,110.19
3022410,3.12
3022411,692.72
3022412,218.47
3022413,160.59
3022414,56.48
3022415,25.89
3022416,2618.82
3022417,5.09
3022418,0.02
3022419,6.37
3022420,9.37
3022421,0.0
3022422,141.19
3022423,1.01
3022424,0.0
3022425,0.86
3022426,15.94
3022427,0.22
3022428,164.19
3022429,178.02
3022430,0.2
3022431,2.77
3022432,61.56
3022433,7.86
3022434,180.06
3022435,9.84
3022436,0.63
3022437,2.53
3022438,0.0
3022439,0.66
3022440,1442.44
3022441,0.0
3022442,103.93
3022443,4.54
3022444,891.92
3022445,344.96
3022446,247.02
3022447,43.38
3022448,30.0
3022449,2735.12
3022450,2.35
3022451,0.21
3022452,7.01
3022453,17.53
3022454,0.05
3022455,202.62
3022456,0.09
3022457,0.0
3022458,1.88
3022459,10.36
3022460,0.75
3022461,231.45
3022462,244.4
3022463,0.55
3022464,3.72
3022465,51.64
3022466,91.1
3022467,351.67
3022468,5.25
3022469,2.72
3022470,2.91
3022471,0.11
3022472,2.13
3022473,1763.87
3022474,0.0
3022475,149.09
3022476,0.79
3022477,848.7
3022478,338.59
3022479,261.32
3022480,136.9
3022481,59.08
3022482,2277.83
3022483,4.22
3022484,0.48
3022485,9.42
3022486,14.93
3022487,0.01
3022488,226.43
3022489,4.18
3022490,0.0
3022491,1.43
3022492,10.24
3022493,0.24
3022494,134.97
3022495,174.9
3022496,0.36
3022497,2.52
3022498,92.2
3022499,35.68
3022500,558.67
3022501,9.2
3022502,1.7
3022503,2.88
3022504,0.11
3022505,0.17
3022506,1340.87
3022507,0.0
3022508,153.76
3022509,2.47
3022510,626.52
3022511,208.05
3022512,137.89
3022513,344.06
3022514,19.75
3022515,1965.42
3022516,2.9
3022517,0.1
3022518,9.63
3022519,10.38
3022520,0.01
3022521,147.42
3022522,0.0
3022523,0.0
3022524,0.94
3022525,10.25
3022526,0.15
3022527,53.63
3022528,122.54
3022529,0.4
3022530,2.29
3022531,58.72
3022532,38.31
3022533,478.55
3022534,0.0
3022535,0.28
3022536,6.99
3022537,0.2
3022538,2.75
3022539,2763.3
3022540,0.0
3022541,302.9
3022542,3.31
3022543,1058.7
3022544,671.54
3022545,458.99
3022546,322.42
3022547,77.49
3022548,4277.33
3022549,10.42
3022550,0.88
3022551,19.14
3022552,22.77
3022553,0.0
3022554,279.4
3022555,0.01
3022556,0.0
3022557,3.92
3022558,16.79
3022559,1.67
3022560,231.13
3022561,238.15
3022562,1.07
3022563,6.56
3022564,357.07
3022565,55.81
3022566,1166.77
3022567,24.19
3022568,11.65
3022569,1.49
3022570,0.08
3022571,1.74
3022572,1860.01
3022573,0.0
3022574,1.1
3022575,5.0
3022576,545.55
3022577,535.7
3022578,82.74
3022579,241.26
3022580,48.09
3022581,2463.62
3022582,8.94
3022583,0.25
3022584,12.74
3022585,14.82
3022586,0.0
3022587,172.81
3022588,7.09
3022589,1.4
3022590,3.78
3022591,32.38
3022592,0.48
3022593,63.48
3022594,136.52
3022595,2.53
3022596,5.57
3022597,89.94
3022598,36.66
3022599,1038.81
3022600,32.58
3022601,9.63
3022602,4.99
3022603,0.06
3022604,1.56
3022605,2234.6
3022606,0.0
3022607,168.68
3022608,3.13
3022609,882.38
3022610,355.87
3022611,282.8
3022612,92.86
3022613,45.75
3022614,3112.13
3022615,7.09
3022616,0.82
3022617,9.91
3022618,12.0
3022619,0.04
3022620,170.43
3022621,6.33
3022622,0.0
3022623,2.26
3022624,12.12
3022625,1.5
3022626,139.54
3022627,154.66
3022628,0.72
3022629,4.17
3022630,77.66
3022631,22.1
3022632,353.6
3022633,1.84
3022634,2.66
3022635,4.63
3022636,0.0
3022637,6.94
3022638,2640.87
3022639,0.0
3022640,587.96
3022641,7.61
3022642,779.84
3022643,747.29
3022644,208.17
3022645,162.78
3022646,82.26
3022647,3542.84
3022648,28.69
3022649,0.89
3022650,15.25
3022651,21.97
3022652,0.1
3022653,216.87
3022654,19.24
3022655,9.12
3022656,2.88
3022657,38.9
3022658,6.06
3022659,374.01
3022660,228.71
3022661,6.3
3022662,6.65
3022663,411.36
3022664,102.94
3022665,2127.38
3022666,0.03
3022667,33.23
3022668,4.39
3022669,0.0
3022670,2.54
3022671,3311.52
3022672,0.0
3022673,384.62
3022674,4.39
3022675,1104.73
3022676,639.32
3022677,505.67
3022678,110.55
3022679,51.91
3022680,5017.69
3022681,10.93
3022682,0.24
3022683,12.87
3022684,11.32
3022685,0.05
3022686,313.51
3022687,0.08
3022688,4.16
3022689,4.47
3022690,16.94
3022691,0.34
3022692,261.39
3022693,306.62
3022694,2.64
3022695,3.8
3022696,267.62
3022697,55.83
3022698,896.94
3022699,53.47
3022700,10.37
3022701,7.74
3022702,0.56
3022703,2.3
3022704,2950.98
3022705,0.0
3022706,405.96
3022707,3.38
3022708,1235.11
3022709,579.53
3022710,291.73
3022711,415.37
3022712,50.87
3022713,3769.62
3022714,10.04
3022715,0.33
3022716,22.4
3022717,27.74
3022718,0.08
3022719,334.15
3022720,1.77
3022721,0.92
3022722,7.02
3022723,34.64
3022724,1.38
3022725,97.56
3022726,259.72
3022727,1.74
3022728,5.3
3022729,131.9
3022730,144.43
3022731,1131.01
3022732,0.02
3022733,4.94
3022734,3.84
3022735,0.08
3022736,3.0
3022737,1745.81
3022738,0.0
3022739,90.48
3022740,4.41
3022741,604.58
3022742,310.27
3022743,141.23
3022744,64.69
3022745,37.44
3022746,2488.7
3022747,3.7
3022748,0.4
3022749,23.27
3022750,17.74
3022751,0.0
3022752,164.82
3022753,0.03
3022754,0.0
3022755,4.1
3022756,18.05
3022757,0.9
3022758,106.03
3022759,138.6
3022760,0.62
3022761,4.36
3022762,104.08
3022763,22.29
3022764,437.06
3022765,6.15
3022766,1.33
3022767,0.84
3022768,0.0
3022769,0.54
3022770,1159.31
3022771,0.0
3022772,137.09
3022773,7.38
3022774,473.57
3022775,476.35
3022776,125.56
3022777,48.41
3022778,47.68
3022779,2051.26
3022780,18.54
3022781,0.12
3022782,6.94
3022783,10.69
3022784,0.2
3022785,130.42
3022786,11.13
3022787,0.24
3022788,1.66
3022789,21.35
3022790,2.32
3022791,344.95
3022792,157.26
3022793,2.31
3022794,3.8
3022795,296.07
3022796,21.53
3022797,1156.29
3022798,0.01
3022799,6.88
3022800,2.09
3022801,0.0
3022802,4.85
3022803,3184.97
3022804,0.0
3022805,702.41
3022806,13.02
3022807,957.11
3022808,1218.93
3022809,249.38
3022810,229.79
3022811,136.63
3022812,3531.16
3022813,22.51
3022814,0.4
3022815,15.74
3022816,34.14
3022817,0.0
3022818,227.57
3022819,11.21
3022820,31.94
3022821,8.82
3022822,42.93
3022823,6.03
3022824,354.06
3022825,253.99
3022826,14.36
3022827,10.12
3022828,510.15
3022829,110.39
3022830,3572.56
3022831,0.01
3022832,20.56
3022833,1.36
3022834,0.02
3022835,1.53
3022836,1681.46
3022837,0.0
3022838,253.31
3022839,3.32
3022840,309.13
3022841,501.09
3022842,123.88
3022843,91.92
3022844,50.81
3022845,1567.21
3022846,14.92
3022847,0.28
3022848,9.0
3022849,14.81
3022850,0.0
3022851,85.72
3022852,0.0
3022853,10.34
3022854,3.34
3022855,83.23
3022856,3.45
3022857,159.15
3022858,95.23
3022859,3.15
3022860,3.87
3022861,138.0
3022862,33.98
3022863,1084.89
3022864,0.04
3022865,2.56
3022866,2.49
3022867,0.0
3022868,0.07
3022869,790.41
3022870,0.0
3022871,193.55
3022872,3.8
3022873,260.9
3022874,220.82
3022875,79.62
3022876,31.71
3022877,25.12
3022878,1104.07
3022879,0.1
3022880,0.5
3022881,6.49
3022882,5.66
3022883,0.05
3022884,60.81
3022885,0.01
3022886,4.07
3022887,0.52
3022888,6.56
3022889,0.04
3022890,207.48
3022891,99.46
3022892,1.38
3022893,0.35
3022894,112.88
3022895,20.71
3022896,444.77
3022897,0.06
3022898,0.88
3022899,4.51
3022900,0.13
3022901,3.77
3022902,3064.31
3022903,0.0
3022904,650.44
3022905,10.45
3022906,837.28
3022907,1069.89
3022908,256.41
3022909,239.9
3022910,85.59
3022911,3787.99
3022912,21.35
3022913,1.34
3022914,12.96
3022915,23.89
3022916,0.09
3022917,226.06
3022918,6.22
3022919,26.94
3022920,5.28
3022921,45.06
3022922,2.02
3022923,288.95
3022924,228.39
3022925,9.52
3022926,7.86
3022927,397.89
3022928,77.75
3022929,2731.72
3022930,0.22
3022931,15.27
3022932,4.22
3022933,0.0
3022934,1.8
3022935,3034.99
3022936,0.0
3022937,554.9
3022938,7.83
3022939,893.95
3022940,762.43
3022941,303.03
3022942,321.04
3022943,48.62
3022944,4510.65
3022945,11.66
3022946,0.37
3022947,22.6
3022948,12.61
3022949,0.25
3022950,219.0
3022951,0.0
3022952,2.27
3022953,3.65
3022954,15.82
3022955,0.13
3022956,171.16
3022957,261.9
3022958,3.65
3022959,3.2
3022960,169.28
3022961,74.4
3022962,1256.82
3022963,1.23
3022964,4.25
3022965,4.41
3022966,0.16
3022967,2.06
3022968,2533.97
3022969,0.0
3022970,585.3
3022971,6.77
3022972,739.32
3022973,640.8
3022974,239.88
3022975,386.86
3022976,47.51
3022977,3309.31
3022978,14.02
3022979,0.73
3022980,22.97
3022981,10.19
3022982,0.03
3022983,212.23
3022984,0.0
3022985,2.62
3022986,2.96
3022987,29.97
3022988,0.22
3022989,115.34
3022990,205.21
3022991,4.23
3022992,3.47
3022993,152.37
3022994,59.22
3022995,929.17
3022996,1.21
3022997,4.5
3022998,7.32
3022999,0.15
3023000,12.29
3023001,7239.21
3023002,0.0
3023003,1133.59
3023004,24.75
3023005,1761.71
3023006,1923.52
3023007,317.44
3023008,458.15
3023009,279.23
3023010,7124.25
3023011,63.42
3023012,2.62
3023013,47.6
3023014,48.02
3023015,0.07
3023016,470.17
3023017,39.22
3023018,38.62
3023019,17.98
3023020,105.75
3023021,17.88
3023022,643.71
3023023,496.92
3023024,15.59
3023025,22.28
3023026,1108.71
3023027,204.2
3023028,7766.31
3023029,0.09
3023030,78.79
3023031,1.84
3023032,0.11
3023033,0.31
3023034,1314.33
3023035,0.0
3023036,160.1
3023037,2.2
3023038,492.61
3023039,243.2
3023040,110.67
3023041,226.76
3023042,30.38
3023043,1784.56
3023044,4.21
3023045,0.16
3023046,11.11
3023047,5.34
3023048,0.0
3023049,127.4
3023050,0.08
3023051,0.0
3023052,1.27
3023053,15.7
3023054,0.1
3023055,49.45
3023056,97.11
3023057,0.84
3023058,3.03
3023059,79.92
3023060,19.49
3023061,455.73
3023062,0.01
3023063,0.73
3023064,4.79
3023065,0.11
3023066,0.8
3023067,3289.83
3023068,0.0
3023069,491.89
3023070,6.02
3023071,1000.66
3023072,613.46
3023073,199.4
3023074,427.19
3023075,55.76
3023076,3888.09
3023077,10.67
3023078,0.41
3023079,16.99
3023080,14.72
3023081,0.06
3023082,247.74
3023083,0.53
3023084,1.97
3023085,7.88
3023086,7.7
3023087,0.38
3023088,292.27
3023089,238.7
3023090,2.27
3023091,5.6
3023092,92.8
3023093,60.14
3023094,980.17
3023095,1.1
3023096,1.03
3023097,0.11
3023098,0.0
3023099,1.14
3023100,855.01
3023101,0.0
3023102,101.84
3023103,1.31
3023104,437.42
3023105,124.53
3023106,82.72
3023107,621.46
3023108,14.09
3023109,1474.67
3023110,0.12
3023111,0.18
3023112,5.76
3023113,3.19
3023114,0.03
3023115,93.75
3023116,0.0
3023117,0.0
3023118,0.07
3023119,4.91
3023120,0.02
3023121,62.28
3023122,81.03
3023123,0.15
3023124,0.53
3023125,41.27
3023126,5.69
3023127,160.0
3023128,0.02
3023129,0.71
3023130,5.49
3023131,0.0
3023132,0.4
3023133,2017.51
3023134,0.0
3023135,241.29
3023136,5.11
3023137,869.37
3023138,383.23
3023139,162.07
3023140,983.7
3023141,38.19
3023142,2707.23
3023143,0.76
3023144,0.17
3023145,25.53
3023146,17.5
3023147,0.07
3023148,191.3
3023149,0.0
3023150,0.0
3023151,10.82
3023152,16.02
3023153,0.4
3023154,215.52
3023155,196.04
3023156,1.18
3023157,2.63
3023158,149.4
3023159,25.67
3023160,1119.77
3023161,0.01
3023162,0.3
3023163,2.39
3023164,0.41
3023165,1.08
3023166,2262.14
3023167,0.0
3023168,663.81
3023169,5.59
3023170,851.7
3023171,624.16
3023172,217.0
3023173,193.82
3023174,63.74
3023175,3533.91
3023176,4.85
3023177,2.95
3023178,17.27
3023179,44.81
3023180,0.05
3023181,192.31
3023182,1.26
3023183,3.56
3023184,3.85
3023185,16.81
3023186,1.01
3023187,162.18
3023188,256.1
3023189,2.62
3023190,5.04
3023191,128.82
3023192,23.59
3023193,618.04
3023194,2.36
3023195,2.28
3023196,2.49
3023197,0.0
3023198,0.75
3023199,1417.16
3023200,0.0
3023201,89.94
3023202,0.82
3023203,435.1
3023204,169.05
3023205,89.71
3023206,258.04
3023207,23.61
3023208,1848.05
3023209,2.41
3023210,0.15
3023211,6.9
3023212,3.38
3023213,0.07
3023214,96.49
3023215,0.0
3023216,0.0
3023217,0.03
3023218,6.53
3023219,0.13
3023220,166.53
3023221,94.53
3023222,0.28
3023223,0.25
3023224,30.31
3023225,15.79
3023226,309.77
3023227,0.0
3023228,0.03
3023229,2.68
3023230,0.0
3023231,1.09
3023232,3000.33
3023233,0.0
3023234,452.64
3023235,5.65
3023236,771.75
3023237,545.76
3023238,169.31
3023239,164.74
3023240,56.25
3023241,3458.7
3023242,4.64
3023243,0.16
3023244,21.59
3023245,8.7
3023246,0.05
3023247,192.79
3023248,0.0
3023249,13.7
3023250,1.21
3023251,20.63
3023252,0.32
3023253,200.76
3023254,206.63
3023255,2.3
3023256,3.53
3023257,103.98
3023258,34.92
3023259,1027.24
3023260,0.13
3023261,0.29
3023262,3.15
3023263,0.0
3023264,5.06
3023265,2368.62
3023266,0.0
3023267,529.82
3023268,5.28
3023269,849.48
3023270,836.63
3023271,144.32
3023272,122.59
3023273,86.52
3023274,3243.73
3023275,36.29
3023276,1.05
3023277,18.54
3023278,28.81
3023279,0.12
3023280,197.38
3023281,19.58
3023282,15.34
3023283,1.58
3023284,68.21
3023285,5.73
3023286,182.0
3023287,234.18
3023288,10.11
3023289,9.34
3023290,233.8
3023291,63.73
3023292,2307.39
3023293,0.03
3023294,9.81
3023295,3.81
3023296,0.0
3023297,6.04
3023298,1993.18
3023299,0.0
3023300,428.96
3023301,9.74
3023302,882.88
3023303,685.67
3023304,139.94
3023305,81.79
3023306,88.27
3023307,3184.8
3023308,19.27
3023309,0.88
3023310,27.82
3023311,34.72
3023312,0.0
3023313,297.18
3023314,18.55
3023315,10.81
3023316,7.01
3023317,47.06
3023318,7.28
3023319,173.54
3023320,336.69
3023321,5.66
3023322,7.1
3023323,115.99
3023324,77.49
3023325,1865.4
3023326,0.09
3023327,13.73
3023328,6.64
3023329,0.22
3023330,3.66
3023331,3086.65
3023332,0.0
3023333,654.54
3023334,4.89
3023335,1234.34
3023336,608.95
3023337,188.51
3023338,1741.51
3023339,56.83
3023340,4878.84
3023341,26.39
3023342,1.18
3023343,18.43
3023344,16.32
3023345,0.1
3023346,313.99
3023347,4.27
3023348,11.11
3023349,3.91
3023350,25.79
3023351,2.4
3023352,162.48
3023353,288.56
3023354,5.54
3023355,6.82
3023356,191.85
3023357,45.27
3023358,1418.13
3023359,15.41
3023360,11.09
3023361,1.62
3023362,0.0
3023363,4.6
3023364,2229.99
3023365,0.0
3023366,358.65
3023367,4.94
3023368,691.76
3023369,686.54
3023370,163.3
3023371,132.28
3023372,64.56
3023373,3017.56
3023374,17.16
3023375,0.95
3023376,9.12
3023377,12.08
3023378,0.07
3023379,188.56
3023380,15.03
3023381,13.03
3023382,0.8
3023383,30.56
3023384,4.45
3023385,346.87
3023386,199.25
3023387,5.88
3023388,6.28
3023389,335.86
3023390,45.85
3023391,2040.65
3023392,0.01
3023393,24.66
3023394,1.9
3023395,0.03
3023396,2.19
3023397,4206.39
3023398,0.0
3023399,450.51
3023400,5.53
3023401,1493.67
3023402,646.84
3023403,262.02
3023404,264.83
3023405,48.87
3023406,5053.88
3023407,7.68
3023408,1.36
3023409,21.58
3023410,19.17
3023411,0.1
3023412,350.97
3023413,0.0
3023414,0.0
3023415,7.54
3023416,19.05
3023417,0.39
3023418,126.39
3023419,301.15
3023420,1.42
3023421,7.64
3023422,149.74
3023423,54.97
3023424,1130.71
3023425,0.01
3023426,1.78
3023427,4.46
3023428,0.0
3023429,6.36
3023430,1969.68
3023431,0.0
3023432,457.5
3023433,7.83
3023434,833.78
3023435,675.06
3023436,201.87
3023437,132.03
3023438,90.39
3023439,3245.06
3023440,21.5
3023441,0.93
3023442,16.27
3023443,31.9
3023444,0.0
3023445,206.16
3023446,11.36
3023447,10.62
3023448,5.14
3023449,31.71
3023450,7.74
3023451,176.31
3023452,259.99
3023453,11.39
3023454,8.15
3023455,182.69
3023456,55.92
3023457,2061.92
3023458,0.08
3023459,2.22
3023460,2.22
3023461,0.0
3023462,3.29
3023463,1959.67
3023464,0.0
3023465,465.74
3023466,7.18
3023467,634.32
3023468,753.28
3023469,158.08
3023470,127.04
3023471,81.57
3023472,2967.93
3023473,27.26
3023474,0.53
3023475,11.17
3023476,25.5
3023477,0.0
3023478,178.76
3023479,11.98
3023480,32.09
3023481,5.08
3023482,36.29
3023483,5.97
3023484,200.84
3023485,185.1
3023486,5.84
3023487,7.66
3023488,222.35
3023489,42.62
3023490,2359.2
3023491,0.05
3023492,13.12
3023493,2.64
3023494,0.0
3023495,1.53
3023496,4621.84
3023497,0.0
3023498,535.9
3023499,10.89
3023500,1140.88
3023501,759.78
3023502,291.83
3023503,458.49
3023504,49.18
3023505,4618.33
3023506,8.54
3023507,0.03
3023508,11.65
3023509,14.64
3023510,0.02
3023511,228.28
3023512,0.0
3023513,2.85
3023514,0.45
3023515,31.2
3023516,0.32
3023517,184.67
3023518,260.67
3023519,1.64
3023520,0.88
3023521,164.66
3023522,115.44
3023523,1100.81
3023524,1.53
3023525,0.22
3023526,12.0
3023527,0.0
3023528,14.17
3023529,7750.17
3023530,0.0
3023531,1461.86
3023532,21.09
3023533,2041.08
3023534,2131.45
3023535,468.39
3023536,559.91
3023537,309.68
3023538,8219.03
3023539,64.61
3023540,3.18
3023541,101.36
3023542,86.23
3023543,0.08
3023544,552.43
3023545,25.67
3023546,15.55
3023547,39.71
3023548,160.3
3023549,16.85
3023550,686.58
3023551,477.0
3023552,30.67
3023553,36.32
3023554,1002.0
3023555,291.54
3023556,8454.34
3023557,267.88
3023558,85.85
3023559,12.45
3023560,0.0
3023561,11.45
3023562,7714.36
3023563,0.0
3023564,1145.76
3023565,18.95
3023566,2137.86
3023567,2080.55
3023568,599.8
3023569,362.82
3023570,246.71
3023571,9065.58
3023572,65.35
3023573,1.18
3023574,47.81
3023575,71.71
3023576,0.09
3023577,538.85
3023578,16.13
3023579,25.74
3023580,11.45
3023581,100.37
3023582,14.5
3023583,900.76
3023584,555.0
3023585,16.79
3023586,25.29
3023587,1140.81
3023588,236.14
3023589,5743.03
3023590,207.61
3023591,86.1
3023592,9.39
3023593,0.0
3023594,11.88
3023595,4790.2
3023596,0.0
3023597,832.01
3023598,12.3
3023599,1825.21
3023600,1431.44
3023601,677.08
3023602,126.43
3023603,187.61
3023604,7472.61
3023605,32.46
3023606,1.55
3023607,26.78
3023608,33.73
3023609,0.09
3023610,533.13
3023611,23.78
3023612,16.81
3023613,10.26
3023614,68.65
3023615,6.92
3023616,888.22
3023617,576.79
3023618,16.67
3023619,26.07
3023620,719.12
3023621,126.9
3023622,2400.85
3023623,241.87
3023624,42.63
3023625,11.4
3023626,0.0
3023627,13.59
3023628,6631.96
3023629,0.0
3023630,1094.18
3023631,17.95
3023632,1949.62
3023633,1947.96
3023634,570.19
3023635,325.16
3023636,217.91
3023637,8560.28
3023638,39.04
3023639,1.34
3023640,44.81
3023641,61.9
3023642,0.24
3023643,540.43
3023644,19.04
3023645,24.25
3023646,22.4
3023647,109.23
3023648,10.56
3023649,737.7
3023650,551.15
3023651,18.58
3023652,24.14
3023653,1128.57
3023654,211.54
3023655,5182.23
3023656,247.62
3023657,76.06
3023658,9.1
3023659,0.0
3023660,11.26
3023661,3807.47
3023662,0.0
3023663,775.57
3023664,12.67
3023665,1778.86
3023666,1071.84
3023667,577.78
3023668,96.06
3023669,127.61
3023670,6720.27
3023671,28.67
3023672,0.14
3023673,20.86
3023674,25.13
3023675,0.0
3023676,459.99
3023677,16.9
3023678,7.11
3023679,6.52
3023680,55.19
3023681,5.53
3023682,683.77
3023683,587.51
3023684,15.15
3023685,19.18
3023686,719.35
3023687,83.39
3023688,1698.2
3023689,270.02
3023690,20.34
3023691,7.64
3023692,0.0
3023693,10.12
3023694,6214.2
3023695,0.0
3023696,1147.45
3023697,20.88
3023698,1707.99
3023699,2418.86
3023700,405.89
3023701,462.23
3023702,262.79
3023703,7370.98
3023704,63.67
3023705,1.13
3023706,43.13
3023707,48.45
3023708,0.05
3023709,464.15
3023710,12.25
3023711,26.03
3023712,8.16
3023713,127.39
3023714,13.44
3023715,735.11
3023716,505.65
3023717,16.51
3023718,29.05
3023719,995.92
3023720,212.44
3023721,7816.88
3023722,192.32
3023723,78.52
3023724,4.77
3023725,0.08
3023726,5.16
3023727,1813.16
3023728,0.0
3023729,349.02
3023730,17.67
3023731,799.62
3023732,511.08
3023733,210.58
3023734,83.04
3023735,78.71
3023736,2824.88
3023737,15.69
3023738,0.59
3023739,22.44
3023740,20.09
3023741,0.27
3023742,190.94
3023743,12.28
3023744,5.87
3023745,10.22
3023746,30.75
3023747,4.48
3023748,222.25
3023749,205.31
3023750,2.02
3023751,6.92
3023752,193.03
3023753,55.72
3023754,1395.09
3023755,0.07
3023756,9.43
3023757,7.5
3023758,0.0
3023759,9.86
3023760,3772.49
3023761,0.0
3023762,544.85
3023763,23.37
3023764,1354.17
3023765,1012.52
3023766,399.78
3023767,111.95
3023768,121.51
3023769,5965.78
3023770,45.15
3023771,0.83
3023772,43.07
3023773,22.67
3023774,0.0
3023775,352.23
3023776,13.94
3023777,4.61
3023778,2.75
3023779,74.91
3023780,7.15
3023781,497.68
3023782,469.91
3023783,10.62
3023784,17.88
3023785,369.06
3023786,76.83
3023787,2011.21
3023788,242.08
3023789,14.61
3023790,5.91
3023791,0.0
3023792,3.81
3023793,4374.95
3023794,0.0
3023795,868.63
3023796,7.81
3023797,1331.48
3023798,1428.52
3023799,221.2
3023800,312.23
3023801,202.03
3023802,4638.8
3023803,31.56
3023804,1.15
3023805,23.28
3023806,34.63
3023807,0.0
3023808,147.14
3023809,1.49
3023810,34.91
3023811,2.91
3023812,69.04
3023813,7.46
3023814,548.12
3023815,268.22
3023816,17.45
3023817,8.95
3023818,651.78
3023819,117.92
3023820,4729.3
3023821,0.16
3023822,43.36
3023823,7.05
3023824,0.0
3023825,6.9
3023826,4015.38
3023827,0.0
3023828,812.17
3023829,9.16
3023830,1343.09
3023831,1148.39
3023832,306.82
3023833,215.91
3023834,253.55
3023835,5369.29
3023836,29.19
3023837,2.87
3023838,34.47
3023839,29.4
3023840,0.14
3023841,293.74
3023842,7.17
3023843,32.13
3023844,6.12
3023845,130.46
3023846,7.17
3023847,409.37
3023848,294.78
3023849,12.79
3023850,19.85
3023851,406.97
3023852,120.18
3023853,4316.53
3023854,2.13
3023855,9.65
3023856,6.56
3023857,0.0
3023858,3.5
3023859,1858.07
3023860,0.0
3023861,404.56
3023862,5.16
3023863,792.36
3023864,447.8
3023865,191.84
3023866,80.74
3023867,69.94
3023868,2711.66
3023869,14.08
3023870,1.08
3023871,18.24
3023872,21.56
3023873,0.02
3023874,172.33
3023875,3.92
3023876,7.72
3023877,4.39
3023878,36.78
3023879,2.6
3023880,189.24
3023881,184.54
3023882,4.08
3023883,4.48
3023884,134.06
3023885,50.28
3023886,1689.14
3023887,0.02
3023888,2.45
3023889,4.4
3023890,0.0
3023891,0.15
3023892,3360.69
3023893,0.0
3023894,228.51
3023895,1.87
3023896,936.48
3023897,263.77
3023898,209.32
3023899,70.8
3023900,23.67
3023901,3094.58
3023902,7.16
3023903,0.56
3023904,14.73
3023905,8.91
3023906,0.04
3023907,203.69
3023908,0.0
3023909,0.0
3023910,2.12
3023911,8.17
3023912,0.1
3023913,52.06
3023914,167.78
3023915,0.01
3023916,1.34
3023917,47.91
3023918,88.05
3023919,560.55
3023920,0.01
3023921,0.8
3023922,4.23
3023923,0.0
3023924,6.56
3023925,3177.13
3023926,0.0
3023927,506.32
3023928,8.57
3023929,1108.4
3023930,927.92
3023931,294.09
3023932,169.96
3023933,114.29
3023934,4442.57
3023935,29.26
3023936,0.61
3023937,21.73
3023938,35.19
3023939,0.0
3023940,269.9
3023941,20.77
3023942,10.4
3023943,12.42
3023944,39.59
3023945,5.46
3023946,404.36
3023947,277.61
3023948,8.03
3023949,12.15
3023950,492.58
3023951,78.88
3023952,2386.09
3023953,0.01
3023954,37.67
3023955,3.67
3023956,0.01
3023957,2.77
3023958,3810.0
3023959,0.01
3023960,619.62
3023961,13.79
3023962,923.23
3023963,1256.0
3023964,180.88
3023965,304.63
3023966,186.72
3023967,3636.84
3023968,36.43
3023969,2.94
3023970,24.25
3023971,27.24
3023972,0.11
3023973,244.07
3023974,13.45
3023975,34.21
3023976,4.63
3023977,86.19
3023978,9.96
3023979,464.76
3023980,250.02
3023981,6.3
3023982,17.62
3023983,651.88
3023984,132.79
3023985,5700.37
3023986,0.06
3023987,42.84
3023988,3.81
3023989,0.21
3023990,10.09
3023991,3976.63
3023992,0.0
3023993,663.07
3023994,16.56
3023995,1134.8
3023996,1306.14
3023997,261.55
3023998,299.39
3023999,146.25
3024000,4407.23
3024001,32.38
3024002,2.09
3024003,35.73
3024004,38.5
3024005,0.0
3024006,331.2
3024007,25.49
3024008,27.68
3024009,21.88
3024010,75.59
3024011,12.11
3024012,382.94
3024013,300.79
3024014,14.73
3024015,19.27
3024016,535.14
3024017,133.28
3024018,3932.92
3024019,0.08
3024020,33.92
3024021,9.19
3024022,0.19
3024023,7.83
3024024,3251.67
3024025,0.0
3024026,491.87
3024027,8.99
3024028,1415.23
3024029,751.76
3024030,489.9
3024031,287.89
3024032,66.97
3024033,5444.95
3024034,8.04
3024035,0.96
3024036,44.92
3024037,27.16
3024038,0.0
3024039,362.08
3024040,10.31
3024041,3.4
3024042,5.39
3024043,25.42
3024044,3.77
3024045,326.83
3024046,361.89
3024047,5.81
3024048,6.41
3024049,351.98
3024050,98.3
3024051,1356.75
3024052,65.23
3024053,12.89
3024054,3.73
3024055,0.0
3024056,3.78
3024057,1999.73
3024058,0.0
3024059,273.57
3024060,10.22
3024061,619.54
3024062,619.85
3024063,126.61
3024064,125.87
3024065,106.52
3024066,2346.43
3024067,18.47
3024068,0.97
3024069,13.86
3024070,25.12
3024071,0.0
3024072,149.52
3024073,12.71
3024074,13.24
3024075,6.79
3024076,75.43
3024077,3.51
3024078,241.77
3024079,131.36
3024080,1.35
3024081,9.92
3024082,276.77
3024083,51.35
3024084,2205.39
3024085,0.01
3024086,15.48
3024087,1.39
3024088,0.0
3024089,0.53
3024090,1169.37
3024091,0.0
3024092,87.42
3024093,0.55
3024094,640.8
3024095,247.06
3024096,215.29
3024097,26.15
3024098,26.26
3024099,2296.22
3024100,1.88
3024101,0.16
3024102,7.14
3024103,5.66
3024104,0.01
3024105,142.57
3024106,1.97
3024107,0.0
3024108,0.49
3024109,5.71
3024110,0.09
3024111,163.6
3024112,148.19
3024113,0.2
3024114,2.28
3024115,126.71
3024116,21.76
3024117,281.35
3024118,12.74
3024119,0.4
3024120,4.84
3024121,0.28
3024122,4.69
3024123,3894.84
3024124,0.0
3024125,670.12
3024126,9.4
3024127,1565.34
3024128,588.63
3024129,464.45
3024130,216.97
3024131,68.82
3024132,6124.52
3024133,18.99
3024134,0.18
3024135,20.96
3024136,11.91
3024137,0.05
3024138,396.78
3024139,8.32
3024140,0.35
3024141,6.67
3024142,25.57
3024143,1.49
3024144,581.86
3024145,336.94
3024146,2.12
3024147,8.85
3024148,418.72
3024149,95.33
3024150,2033.62
3024151,29.28
3024152,7.18
3024153,3.48
3024154,0.0
3024155,0.22
3024156,1442.06
3024157,0.0
3024158,167.87
3024159,5.93
3024160,683.13
3024161,361.39
3024162,199.13
3024163,57.93
3024164,34.19
3024165,2376.49
3024166,4.7
3024167,0.21
3024168,7.03
3024169,16.07
3024170,0.0
3024171,157.2
3024172,5.98
3024173,0.0
3024174,7.42
3024175,21.83
3024176,0.36
3024177,166.78
3024178,165.07
3024179,0.92
3024180,4.52
3024181,161.67
3024182,34.57
3024183,417.58
3024184,9.66
3024185,1.03
3024186,3.51
3024187,0.0
3024188,2.59
3024189,1223.89
3024190,0.0
3024191,97.25
3024192,4.23
3024193,651.37
3024194,212.95
3024195,147.83
3024196,29.33
3024197,25.96
3024198,2418.29
3024199,5.17
3024200,0.02
3024201,6.55
3024202,6.98
3024203,0.0
3024204,122.35
3024205,1.66
3024206,0.0
3024207,0.78
3024208,18.51
3024209,0.17
3024210,163.75
3024211,162.03
3024212,0.3
3024213,3.6
3024214,77.74
3024215,14.15
3024216,263.06
3024217,10.07
3024218,0.69
3024219,2.43
3024220,0.0
3024221,1.83
3024222,1411.36
3024223,0.0
3024224,148.49
3024225,4.78
3024226,780.61
3024227,344.47
3024228,230.56
3024229,24.56
3024230,30.94
3024231,2766.8
3024232,2.74
3024233,0.15
3024234,6.83
3024235,15.81
3024236,0.01
3024237,170.78
3024238,0.13
3024239,0.0
3024240,1.87
3024241,14.32
3024242,0.49
3024243,195.05
3024244,225.78
3024245,0.35
3024246,3.68
3024247,54.72
3024248,88.27
3024249,487.34
3024250,0.47
3024251,2.65
3024252,1.84
3024253,0.1
3024254,2.0
3024255,1654.96
3024256,0.0
3024257,142.86
3024258,1.48
3024259,810.19
3024260,316.14
3024261,231.39
3024262,83.85
3024263,58.68
3024264,2309.21
3024265,5.28
3024266,0.45
3024267,13.96
3024268,16.28
3024269,0.02
3024270,211.37
3024271,5.1
3024272,0.0
3024273,2.08
3024274,12.57
3024275,0.22
3024276,130.81
3024277,171.78
3024278,0.39
3024279,2.29
3024280,105.24
3024281,37.95
3024282,953.4
3024283,6.17
3024284,1.15
3024285,3.14
3024286,0.08
3024287,0.28
3024288,1313.14
3024289,0.0
3024290,153.47
3024291,3.3
3024292,763.42
3024293,195.03
3024294,143.24
3024295,85.34
3024296,20.28
3024297,1902.18
3024298,2.06
3024299,0.08
3024300,7.97
3024301,8.77
3024302,0.02
3024303,138.96
3024304,0.0
3024305,0.0
3024306,0.53
3024307,17.85
3024308,0.19
3024309,55.62
3024310,114.28
3024311,0.36
3024312,2.79
3024313,64.12
3024314,34.46
3024315,795.6
3024316,0.01
3024317,0.31
3024318,6.77
3024319,0.27
3024320,2.88
3024321,2680.39
3024322,0.0
3024323,314.02
3024324,3.99
3024325,947.3
3024326,658.13
3024327,429.19
3024328,189.81
3024329,85.49
3024330,4012.51
3024331,11.44
3024332,0.83
3024333,22.23
3024334,22.92
3024335,0.0
3024336,250.22
3024337,0.01
3024338,0.0
3024339,7.13
3024340,19.18
3024341,1.32
3024342,241.5
3024343,230.62
3024344,0.76
3024345,6.32
3024346,329.47
3024347,49.05
3024348,2225.74
3024349,22.66
3024350,10.66
3024351,1.35
3024352,0.07
3024353,3.44
3024354,2003.01
3024355,0.0
3024356,1.24
3024357,5.19
3024358,534.11
3024359,561.39
3024360,126.49
3024361,170.32
3024362,42.61
3024363,2744.98
3024364,10.03
3024365,0.24
3024366,12.93
3024367,14.68
3024368,0.0
3024369,166.46
3024370,6.12
3024371,2.36
3024372,3.66
3024373,40.08
3024374,0.82
3024375,75.18
3024376,119.19
3024377,2.49
3024378,5.64
3024379,92.87
3024380,40.24
3024381,2465.22
3024382,31.2
3024383,8.28
3024384,4.12
3024385,0.08
3024386,2.76
3024387,2160.87
3024388,0.0
3024389,152.92
3024390,4.85
3024391,819.29
3024392,296.93
3024393,289.98
3024394,56.66
3024395,38.57
3024396,2898.49
3024397,5.81
3024398,0.72
3024399,12.59
3024400,11.05
3024401,0.01
3024402,160.63
3024403,5.68
3024404,0.0
3024405,2.37
3024406,13.25
3024407,1.44
3024408,138.81
3024409,155.11
3024410,0.64
3024411,4.1
3024412,81.71
3024413,24.07
3024414,468.95
3024415,10.67
3024416,1.91
3024417,3.93
3024418,0.0
3024419,4.26
3024420,2364.35
3024421,0.0
3024422,560.85
3024423,8.98
3024424,787.25
3024425,708.0
3024426,201.58
3024427,152.94
3024428,82.62
3024429,3268.97
3024430,25.15
3024431,0.87
3024432,13.06
3024433,22.86
3024434,0.08
3024435,193.05
3024436,18.84
3024437,10.17
3024438,3.06
3024439,46.9
3024440,5.75
3024441,381.13
3024442,217.53
3024443,6.11
3024444,6.59
3024445,360.0
3024446,95.47
3024447,1971.51
3024448,0.03
3024449,30.55
3024450,4.38
3024451,0.0
3024452,1.78
3024453,3154.97
3024454,0.0
3024455,372.28
3024456,4.9
3024457,936.31
3024458,613.07
3024459,541.7
3024460,73.84
3024461,50.79
3024462,4263.03
3024463,10.78
3024464,0.24
3024465,15.6
3024466,12.41
3024467,0.03
3024468,293.88
3024469,0.11
3024470,5.55
3024471,6.16
3024472,24.26
3024473,0.3
3024474,244.41
3024475,284.58
3024476,2.57
3024477,3.85
3024478,220.22
3024479,54.57
3024480,1295.91
3024481,52.34
3024482,8.55
3024483,7.52
3024484,0.48
3024485,2.34
3024486,2845.15
3024487,0.0
3024488,406.94
3024489,3.91
3024490,1066.77
3024491,572.13
3024492,296.06
3024493,227.4
3024494,58.78
3024495,3591.33
3024496,9.77
3024497,0.31
3024498,21.69
3024499,26.52
3024500,0.06
3024501,296.57
3024502,1.48
3024503,1.86
3024504,6.47
3024505,44.78
3024506,1.24
3024507,103.84
3024508,235.76
3024509,1.74
3024510,4.73
3024511,135.94
3024512,139.97
3024513,2211.71
3024514,0.01
3024515,4.43
3024516,3.2
3024517,0.04
3024518,2.54
3024519,1647.27
3024520,0.0
3024521,89.82
3024522,5.08
3024523,519.27
3024524,270.64
3024525,131.58
3024526,39.83
3024527,38.35
3024528,2211.07
3024529,3.94
3024530,0.6
3024531,28.08
3024532,19.55
3024533,0.0
3024534,150.01
3024535,0.03
3024536,0.0
3024537,4.5
3024538,24.21
3024539,1.18
3024540,59.33
3024541,122.02
3024542,0.52
3024543,4.18
3024544,113.01
3024545,18.74
3024546,547.92
3024547,9.69
3024548,1.53
3024549,0.92
3024550,0.0
3024551,2.22
3024552,1147.69
3024553,0.0
3024554,172.35
3024555,7.53
3024556,459.75
3024557,419.93
3024558,112.65
3024559,46.6
3024560,57.02
3024561,1856.82
3024562,19.02
3024563,0.08
3024564,4.78
3024565,7.64
3024566,0.13
3024567,118.31
3024568,10.53
3024569,0.33
3024570,1.99
3024571,32.24
3024572,3.18
3024573,640.39
3024574,149.6
3024575,2.22
3024576,4.03
3024577,344.29
3024578,20.88
3024579,1156.94
3024580,0.01
3024581,8.42
3024582,1.9
3024583,0.0
3024584,2.94
3024585,3126.6
3024586,0.0
3024587,654.24
3024588,14.33
3024589,927.83
3024590,1120.57
3024591,241.74
3024592,207.35
3024593,137.2
3024594,3302.15
3024595,21.69
3024596,0.6
3024597,15.55
3024598,33.71
3024599,0.0
3024600,225.33
3024601,10.12
3024602,29.92
3024603,9.22
3024604,62.55
3024605,8.03
3024606,348.1
3024607,244.23
3024608,13.46
3024609,9.76
3024610,500.62
3024611,104.51
3024612,3254.65
3024613,0.01
3024614,21.99
3024615,1.8
3024616,0.01
3024617,1.64
3024618,1487.59
3024619,0.0
3024620,144.15
3024621,3.91
3024622,267.85
3024623,426.55
3024624,114.83
3024625,80.94
3024626,53.76
3024627,1293.83
3024628,12.82
3024629,0.29
3024630,8.64
3024631,12.89
3024632,0.0
3024633,69.32
3024634,0.0
3024635,10.81
3024636,3.56
3024637,85.61
3024638,3.81
3024639,143.09
3024640,93.21
3024641,3.29
3024642,4.47
3024643,123.37
3024644,31.54
3024645,934.47
3024646,0.05
3024647,3.77
3024648,2.61
3024649,0.0
3024650,0.06
3024651,811.14
3024652,0.0
3024653,189.43
3024654,4.48
3024655,261.66
3024656,207.23
3024657,76.02
3024658,23.33
3024659,23.12
3024660,1126.33
3024661,0.06
3024662,0.47
3024663,8.39
3024664,6.68
3024665,0.04
3024666,61.9
3024667,0.0
3024668,3.08
3024669,0.34
3024670,9.1
3024671,0.04
3024672,174.31
3024673,112.83
3024674,1.23
3024675,0.38
3024676,112.07
3024677,21.89
3024678,412.14
3024679,0.06
3024680,0.91
3024681,4.43
3024682,0.09
3024683,3.31
3024684,2658.77
3024685,0.0
3024686,567.46
3024687,11.15
3024688,768.61
3024689,851.13
3024690,251.31
3024691,204.37
3024692,84.54
3024693,3378.33
3024694,17.81
3024695,1.36
3024696,14.53
3024697,23.85
3024698,0.05
3024699,192.72
3024700,4.87
3024701,26.27
3024702,4.78
3024703,60.63
3024704,1.96
3024705,246.56
3024706,219.64
3024707,8.97
3024708,6.73
3024709,346.48
3024710,73.27
3024711,2172.65
3024712,0.29
3024713,12.85
3024714,4.29
3024715,0.0
3024716,3.66
3024717,3147.53
3024718,0.0
3024719,602.09
3024720,8.98
3024721,948.77
3024722,875.99
3024723,338.03
3024724,270.7
3024725,58.64
3024726,4239.63
3024727,11.74
3024728,0.41
3024729,23.02
3024730,12.63
3024731,0.28
3024732,236.69
3024733,0.0
3024734,4.88
3024735,3.21
3024736,24.36
3024737,0.25
3024738,210.1
3024739,281.11
3024740,3.28
3024741,4.25
3024742,206.0
3024743,75.72
3024744,2942.27
3024745,1.44
3024746,3.98
3024747,4.67
3024748,0.18
3024749,2.12
3024750,2871.99
3024751,0.0
3024752,733.42
3024753,7.23
3024754,792.26
3024755,627.44
3024756,279.64
3024757,210.98
3024758,56.26
3024759,3819.81
3024760,13.25
3024761,0.62
3024762,19.39
3024763,15.76
3024764,0.02
3024765,231.42
3024766,0.0
3024767,4.67
3024768,2.78
3024769,46.49
3024770,0.48
3024771,119.01
3024772,205.62
3024773,3.94
3024774,4.05
3024775,168.49
3024776,61.03
3024777,2403.2
3024778,1.72
3024779,4.69
3024780,7.47
3024781,0.11
3024782,10.34
3024783,6477.92
3024784,0.0
3024785,1008.88
3024786,29.2
3024787,1687.37
3024788,1837.78
3024789,297.08
3024790,397.1
3024791,261.94
3024792,6889.13
3024793,59.8
3024794,2.27
3024795,47.71
3024796,45.08
3024797,0.06
3024798,440.78
3024799,34.97
3024800,44.02
3024801,23.87
3024802,130.61
3024803,16.61
3024804,606.32
3024805,445.47
3024806,15.03
3024807,20.75
3024808,1015.78
3024809,209.31
3024810,6742.99
3024811,0.08
3024812,73.59
3024813,2.13
3024814,0.09
3024815,0.35
3024816,1475.57
3024817,0.0
3024818,157.43
3024819,2.35
3024820,495.96
3024821,226.86
3024822,116.81
3024823,120.3
3024824,39.46
3024825,1982.93
3024826,2.77
3024827,0.19
3024828,11.92
3024829,6.04
3024830,0.0
3024831,147.96
3024832,0.12
3024833,0.0
3024834,1.06
3024835,18.77
3024836,0.15
3024837,69.02
3024838,104.25
3024839,0.83
3024840,2.77
3024841,100.33
3024842,20.71
3024843,1057.14
3024844,0.01
3024845,0.94
3024846,5.25
3024847,0.07
3024848,0.87
3024849,3107.6
3024850,0.0
3024851,550.33
3024852,6.38
3024853,992.81
3024854,642.08
3024855,209.36
3024856,296.63
3024857,72.06
3024858,3981.61
3024859,11.03
3024860,0.28
3024861,16.59
3024862,17.43
3024863,0.06
3024864,259.49
3024865,0.39
3024866,0.61
3024867,9.59
3024868,13.14
3024869,0.66
3024870,301.04
3024871,221.84
3024872,2.08
3024873,5.82
3024874,114.77
3024875,56.82
3024876,2597.52
3024877,1.18
3024878,2.26
3024879,0.19
3024880,0.0
3024881,0.32
3024882,902.46
3024883,0.0
3024884,93.51
3024885,1.17
3024886,395.54
3024887,140.88
3024888,86.83
3024889,153.41
3024890,17.44
3024891,1657.92
3024892,0.12
3024893,0.17
3024894,5.07
3024895,1.98
3024896,0.01
3024897,80.84
3024898,0.0
3024899,0.0
3024900,0.06
3024901,7.11
3024902,0.02
3024903,67.43
3024904,88.15
3024905,0.14
3024906,0.29
3024907,50.56
3024908,5.15
3024909,194.63
3024910,0.02
3024911,0.71
3024912,5.37
3024913,0.0
3024914,0.54
3024915,1944.31
3024916,0.0
3024917,230.41
3024918,5.43
3024919,849.51
3024920,385.44
3024921,182.87
3024922,102.21
3024923,49.15
3024924,2672.81
3024925,0.73
3024926,0.13
3024927,23.7
3024928,14.21
3024929,0.05
3024930,183.15
3024931,0.0
3024932,0.0
3024933,10.54
3024934,21.87
3024935,0.27
3024936,260.54
3024937,187.75
3024938,1.15
3024939,2.34
3024940,195.63
3024941,26.19
3024942,2231.79
3024943,0.01
3024944,0.74
3024945,2.82
3024946,0.36
3024947,1.05
3024948,2019.87
3024949,0.0
3024950,619.09
3024951,5.63
3024952,826.63
3024953,568.66
3024954,210.17
3024955,113.65
3024956,57.41
3024957,3432.46
3024958,4.52
3024959,2.72
3024960,21.22
3024961,47.17
3024962,0.08
3024963,191.16
3024964,1.74
3024965,3.92
3024966,4.08
3024967,18.12
3024968,0.92
3024969,167.32
3024970,241.11
3024971,2.39
3024972,5.21
3024973,118.85
3024974,23.83
3024975,1024.96
3024976,2.48
3024977,1.96
3024978,2.11
3024979,0.01
3024980,0.02
3024981,1298.26
3024982,0.0
3024983,83.42
3024984,1.08
3024985,400.59
3024986,148.39
3024987,86.5
3024988,111.31
3024989,26.19
3024990,1662.88
3024991,2.48
3024992,0.16
3024993,5.53
3024994,3.0
3024995,0.07
3024996,89.95
3024997,0.0
3024998,0.0
3024999,0.04
3025000,9.79
3025001,0.13
3025002,182.84
3025003,86.36
3025004,0.23
3025005,0.51
3025006,37.65
3025007,15.4
3025008,594.61
3025009,0.01
3025010,0.07
3025011,2.53
3025012,0.0
3025013,0.79
3025014,3089.15
3025015,0.0
3025016,583.68
3025017,5.71
3025018,824.17
3025019,636.24
3025020,194.38
3025021,153.67
3025022,64.83
3025023,3620.57
3025024,6.66
3025025,0.15
3025026,15.89
3025027,6.93
3025028,0.06
3025029,192.28
3025030,0.0
3025031,19.14
3025032,1.15
3025033,31.0
3025034,0.36
3025035,218.1
3025036,203.44
3025037,2.23
3025038,3.21
3025039,126.8
3025040,41.29
3025041,2562.06
3025042,0.14
3025043,0.52
3025044,3.25
3025045,0.0
3025046,3.28
3025047,2223.96
3025048,0.0
3025049,483.75
3025050,5.84
3025051,848.96
3025052,779.92
3025053,132.83
3025054,110.14
3025055,96.7
3025056,3154.0
3025057,36.74
3025058,0.99
3025059,17.1
3025060,23.01
3025061,0.08
3025062,196.73
3025063,19.05
3025064,19.2
3025065,0.79
3025066,69.68
3025067,5.37
3025068,209.63
3025069,235.34
3025070,9.45
3025071,9.97
3025072,225.36
3025073,63.98
3025074,2164.71
3025075,0.05
3025076,9.54
3025077,3.82
3025078,0.0
3025079,3.5
3025080,1681.36
3025081,0.0
3025082,377.11
3025083,9.65
3025084,817.83
3025085,690.27
3025086,125.07
3025087,72.47
3025088,86.14
3025089,3065.74
3025090,17.67
3025091,0.83
3025092,25.53
3025093,33.88
3025094,0.0
3025095,257.91
3025096,17.88
3025097,13.15
3025098,6.2
3025099,56.86
3025100,6.14
3025101,131.2
3025102,306.23
3025103,5.74
3025104,7.75
3025105,105.82
3025106,74.28
3025107,1664.35
3025108,0.09
3025109,11.95
3025110,6.58
3025111,0.11
3025112,3.88
3025113,2895.04
3025114,0.0
3025115,633.81
3025116,5.62
3025117,1159.18
3025118,622.47
3025119,193.49
3025120,321.11
3025121,62.01
3025122,4552.79
3025123,32.15
3025124,1.22
3025125,21.43
3025126,13.89
3025127,0.08
3025128,308.93
3025129,4.88
3025130,11.74
3025131,2.21
3025132,36.11
3025133,2.56
3025134,157.94
3025135,268.92
3025136,4.79
3025137,7.05
3025138,190.35
3025139,48.01
3025140,2722.77
3025141,5.64
3025142,11.56
3025143,1.89
3025144,0.0
3025145,4.24
3025146,1952.85
3025147,0.0
3025148,307.6
3025149,5.24
3025150,689.55
3025151,627.2
3025152,171.19
3025153,116.94
3025154,65.59
3025155,2751.69
3025156,17.16
3025157,0.91
3025158,14.12
3025159,12.11
3025160,0.06
3025161,178.86
3025162,14.62
3025163,13.11
3025164,0.46
3025165,41.76
3025166,3.87
3025167,320.03
3025168,204.39
3025169,4.37
3025170,5.95
3025171,323.26
3025172,45.68
3025173,1929.11
3025174,0.02
3025175,20.56
3025176,3.04
3025177,0.03
3025178,2.82
3025179,4285.12
3025180,0.0
3025181,439.25
3025182,5.39
3025183,1593.43
3025184,603.03
3025185,262.64
3025186,180.07
3025187,61.66
3025188,4831.88
3025189,8.47
3025190,1.39
3025191,22.74
3025192,30.31
3025193,0.04
3025194,355.89
3025195,0.0
3025196,0.0
3025197,7.18
3025198,24.47
3025199,1.09
3025200,130.17
3025201,298.9
3025202,0.97
3025203,8.58
3025204,147.97
3025205,49.94
3025206,2081.0
3025207,0.01
3025208,2.46
3025209,4.45
3025210,0.0
3025211,3.89
3025212,1766.55
3025213,0.0
3025214,403.34
3025215,8.21
3025216,797.22
3025217,609.88
3025218,181.25
3025219,114.21
3025220,92.06
3025221,2836.36
3025222,19.71
3025223,0.78
3025224,16.12
3025225,33.02
3025226,0.0
3025227,196.2
3025228,11.42
3025229,12.66
3025230,5.24
3025231,39.63
3025232,6.54
3025233,162.84
3025234,224.64
3025235,9.97
3025236,6.83
3025237,171.8
3025238,52.68
3025239,1731.27
3025240,0.08
3025241,7.12
3025242,2.57
3025243,0.0
3025244,4.56
3025245,1788.56
3025246,0.0
3025247,399.58
3025248,7.24
3025249,604.46
3025250,724.3
3025251,155.08
3025252,103.88
3025253,81.17
3025254,2478.66
3025255,22.43
3025256,0.5
3025257,11.61
3025258,17.65
3025259,0.0
3025260,165.17
3025261,11.4
3025262,34.29
3025263,2.32
3025264,37.64
3025265,6.3
3025266,182.14
3025267,183.17
3025268,6.33
3025269,6.9
3025270,224.31
3025271,48.44
3025272,2090.14
3025273,0.06
3025274,12.19
3025275,2.76
3025276,0.0
3025277,3.52
3025278,4437.16
3025279,0.0
3025280,528.91
3025281,11.53
3025282,1047.43
3025283,703.32
3025284,265.13
3025285,169.9
3025286,48.3
3025287,4406.3
3025288,7.89
3025289,0.04
3025290,15.86
3025291,17.74
3025292,0.02
3025293,211.61
3025294,0.0
3025295,6.26
3025296,0.34
3025297,34.1
3025298,0.47
3025299,192.67
3025300,247.5
3025301,1.7
3025302,0.71
3025303,234.85
3025304,127.48
3025305,1895.28
3025306,1.77
3025307,0.22
3025308,11.11
3025309,0.0
3025310,12.77
3025311,7124.11
3025312,0.0
3025313,1264.16
3025314,24.96
3025315,1880.84
3025316,1947.5
3025317,443.54
3025318,467.96
3025319,318.6
3025320,7629.48
3025321,62.09
3025322,2.78
3025323,107.24
3025324,91.57
3025325,0.05
3025326,509.71
3025327,23.41
3025328,17.61
3025329,34.92
3025330,190.09
3025331,13.93
3025332,628.74
3025333,428.0
3025334,25.31
3025335,32.21
3025336,903.72
3025337,288.86
3025338,7043.91
3025339,276.05
3025340,80.62
3025341,11.53
3025342,0.0
3025343,10.86
3025344,6667.49
3025345,0.0
3025346,989.02
3025347,21.75
3025348,1673.05
3025349,1807.66
3025350,567.65
3025351,293.71
3025352,211.5
3025353,8131.24
3025354,62.89
3025355,1.01
3025356,50.24
3025357,68.61
3025358,0.08
3025359,512.34
3025360,16.62
3025361,30.23
3025362,9.57
3025363,116.36
3025364,13.24
3025365,820.92
3025366,541.2
3025367,15.92
3025368,22.46
3025369,1004.3
3025370,198.4
3025371,4568.31
3025372,235.21
3025373,77.13
3025374,8.6
3025375,0.0
3025376,10.39
3025377,4427.61
3025378,0.0
3025379,733.34
3025380,11.73
3025381,1685.53
3025382,1177.66
3025383,623.41
3025384,98.51
3025385,185.75
3025386,6822.15
3025387,31.43
3025388,1.64
3025389,29.31
3025390,25.38
3025391,0.07
3025392,468.72
3025393,20.84
3025394,20.97
3025395,9.68
3025396,71.23
3025397,6.87
3025398,771.59
3025399,545.96
3025400,15.29
3025401,27.35
3025402,638.42
3025403,112.74
3025404,2062.69
3025405,233.6
3025406,36.69
3025407,10.55
3025408,0.0
3025409,11.72
3025410,6107.66
3025411,0.0
3025412,968.52
3025413,19.07
3025414,1880.22
3025415,1765.4
3025416,491.61
3025417,280.7
3025418,193.61
3025419,7858.23
3025420,36.83
3025421,1.39
3025422,44.38
3025423,58.96
3025424,0.2
3025425,502.56
3025426,20.37
3025427,23.9
3025428,15.49
3025429,133.31
3025430,9.68
3025431,656.11
3025432,535.42
3025433,16.67
3025434,23.32
3025435,988.8
3025436,205.13
3025437,4598.77
3025438,276.38
3025439,64.67
3025440,8.03
3025441,0.0
3025442,9.71
3025443,3345.71
3025444,0.0
3025445,643.35
3025446,12.95
3025447,1649.59
3025448,958.23
3025449,468.69
3025450,84.23
3025451,119.89
3025452,5786.01
3025453,24.84
3025454,0.15
3025455,20.84
3025456,29.8
3025457,0.0
3025458,411.53
3025459,16.96
3025460,8.03
3025461,4.45
3025462,63.56
3025463,5.1
3025464,627.51
3025465,525.2
3025466,12.71
3025467,15.93
3025468,616.85
3025469,76.3
3025470,1400.78
3025471,252.06
3025472,16.62
3025473,7.78
3025474,0.0
3025475,9.61
3025476,5572.29
3025477,0.0
3025478,1024.61
3025479,22.58
3025480,1594.24
3025481,2216.16
3025482,343.09
3025483,405.81
3025484,274.23
3025485,6628.37
3025486,60.66
3025487,0.83
3025488,43.39
3025489,47.49
3025490,0.06
3025491,434.05
3025492,12.94
3025493,20.46
3025494,7.46
3025495,136.37
3025496,11.46
3025497,645.12
3025498,455.82
3025499,14.45
3025500,27.04
3025501,911.34
3025502,196.14
3025503,6502.13
3025504,181.56
3025505,69.46
3025506,4.25
3025507,0.08
3025508,5.06
3025509,1693.23
3025510,0.0
3025511,325.75
3025512,18.44
3025513,785.49
3025514,488.54
3025515,200.27
3025516,75.27
3025517,66.49
3025518,2520.17
3025519,15.26
3025520,0.61
3025521,20.14
3025522,19.06
3025523,0.18
3025524,162.5
3025525,11.6
3025526,5.34
3025527,9.87
3025528,34.37
3025529,5.21
3025530,210.39
3025531,210.9
3025532,2.18
3025533,5.8
3025534,201.75
3025535,47.17
3025536,1397.31
3025537,0.07
3025538,8.79
3025539,7.23
3025540,0.0
3025541,8.05
3025542,3486.23
3025543,0.0
3025544,494.08
3025545,26.43
3025546,1297.53
3025547,966.45
3025548,388.1
3025549,81.58
3025550,112.33
3025551,5241.2
3025552,41.61
3025553,0.78
3025554,51.6
3025555,33.16
3025556,0.0
3025557,325.7
3025558,13.71
3025559,4.3
3025560,2.56
3025561,88.3
3025562,6.51
3025563,445.7
3025564,396.66
3025565,8.99
3025566,16.82
3025567,341.96
3025568,74.43
3025569,1855.4
3025570,253.82
3025571,14.65
3025572,5.34
3025573,0.0
3025574,4.81
3025575,3788.76
3025576,0.0
3025577,734.82
3025578,7.6
3025579,1230.01
3025580,1330.65
3025581,217.65
3025582,306.96
3025583,190.69
3025584,4281.44
3025585,27.0
3025586,1.06
3025587,22.94
3025588,33.39
3025589,0.0
3025590,268.37
3025591,1.4
3025592,37.21
3025593,3.66
3025594,74.5
3025595,6.67
3025596,545.37
3025597,231.64
3025598,15.57
3025599,8.68
3025600,617.58
3025601,103.23
3025602,4391.94
3025603,0.18
3025604,42.3
3025605,6.33
3025606,0.0
3025607,6.47
3025608,3868.81
3025609,0.0
3025610,704.99
3025611,9.24
3025612,1197.74
3025613,1021.82
3025614,303.13
3025615,174.69
3025616,223.89
3025617,4733.53
3025618,25.48
3025619,2.66
3025620,34.59
3025621,35.01
3025622,0.16
3025623,284.0
3025624,6.28
3025625,39.01
3025626,5.96
3025627,123.57
3025628,6.66
3025629,387.39
3025630,278.76
3025631,12.24
3025632,18.94
3025633,364.23
3025634,115.45
3025635,3666.77
3025636,1.91
3025637,9.05
3025638,6.57
3025639,0.0
3025640,2.17
3025641,1720.89
3025642,0.0
3025643,372.85
3025644,5.86
3025645,733.4
3025646,428.27
3025647,180.89
3025648,78.94
3025649,77.26
3025650,2455.4
3025651,14.06
3025652,1.13
3025653,19.02
3025654,23.99
3025655,0.01
3025656,165.1
3025657,3.03
3025658,9.23
3025659,4.49
3025660,39.98
3025661,2.45
3025662,176.63
3025663,182.38
3025664,3.89
3025665,4.37
3025666,138.26
3025667,47.08
3025668,1366.85
3025669,0.03
3025670,3.56
3025671,4.1
3025672,0.0
3025673,1.13
3025674,3062.46
3025675,0.0
3025676,237.1
3025677,2.68
3025678,924.76
3025679,244.7
3025680,210.78
3025681,49.62
3025682,27.39
3025683,3018.45
3025684,7.19
3025685,0.51
3025686,16.25
3025687,9.89
3025688,0.02
3025689,186.79
3025690,0.0
3025691,0.0
3025692,1.78
3025693,15.95
3025694,0.14
3025695,51.02
3025696,149.77
3025697,0.0
3025698,1.37
3025699,51.86
3025700,86.85
3025701,848.61
3025702,0.01
3025703,1.3
3025704,4.07
3025705,0.0
3025706,6.47
3025707,2770.78
3025708,0.0
3025709,467.19
3025710,9.67
3025711,992.23
3025712,822.89
3025713,298.4
3025714,147.83
3025715,115.84
3025716,4190.2
3025717,26.43
3025718,0.75
3025719,18.58
3025720,32.84
3025721,0.0
3025722,230.39
3025723,20.32
3025724,11.47
3025725,12.52
3025726,41.41
3025727,5.26
3025728,387.69
3025729,286.17
3025730,7.0
3025731,11.0
3025732,435.71
3025733,85.2
3025734,2036.77
3025735,0.01
3025736,33.01
3025737,4.33
3025738,0.0
3025739,3.12
3025740,3582.68
3025741,0.01
3025742,618.65
3025743,13.7
3025744,986.78
3025745,1195.18
3025746,169.38
3025747,276.9
3025748,190.89
3025749,3551.73
3025750,37.84
3025751,2.7
3025752,23.74
3025753,30.42
3025754,0.12
3025755,217.81
3025756,11.52
3025757,42.18
3025758,6.87
3025759,93.09
3025760,9.61
3025761,435.29
3025762,221.75
3025763,6.5
3025764,11.8
3025765,588.23
3025766,125.86
3025767,5047.19
3025768,0.05
3025769,39.83
3025770,3.39
3025771,0.19
3025772,7.43
3025773,3411.67
3025774,0.0
3025775,668.43
3025776,17.13
3025777,909.16
3025778,985.56
3025779,205.61
3025780,252.72
3025781,145.08
3025782,3357.59
3025783,27.87
3025784,1.95
3025785,32.7
3025786,27.73
3025787,0.0
3025788,212.68
3025789,26.66
3025790,31.89
3025791,15.6
3025792,73.14
3025793,10.58
3025794,369.25
3025795,261.85
3025796,13.77
3025797,18.76
3025798,483.44
3025799,122.8
3025800,3545.72
3025801,0.08
3025802,28.11
3025803,9.48
3025804,0.15
3025805,7.12
3025806,3086.86
3025807,0.0
3025808,453.73
3025809,9.92
3025810,1367.26
3025811,738.29
3025812,478.81
3025813,184.6
3025814,69.84
3025815,5357.7
3025816,8.15
3025817,1.0
3025818,48.9
3025819,32.66
3025820,0.0
3025821,345.71
3025822,9.83
3025823,2.95
3025824,5.66
3025825,28.97
3025826,3.57
3025827,345.15
3025828,379.55
3025829,5.3
3025830,6.42
3025831,363.43
3025832,93.82
3025833,2115.25
3025834,62.06
3025835,11.68
3025836,3.58
3025837,0.0
3025838,1.99
3025839,2208.01
3025840,0.0
3025841,328.68
3025842,8.59
3025843,663.91
3025844,734.02
3025845,100.14
3025846,146.83
3025847,133.77
3025848,2730.48
3025849,19.13
3025850,1.09
3025851,17.69
3025852,24.07
3025853,0.0
3025854,172.33
3025855,13.83
3025856,20.89
3025857,6.7
3025858,82.69
3025859,4.58
3025860,251.47
3025861,139.61
3025862,2.91
3025863,9.06
3025864,327.0
3025865,54.87
3025866,3888.33
3025867,0.01
3025868,19.22
3025869,3.02
3025870,0.01
3025871,1.52
3025872,1403.19
3025873,0.0
3025874,94.27
3025875,1.28
3025876,641.72
3025877,320.58
3025878,227.9
3025879,39.77
3025880,39.72
3025881,2654.94
3025882,3.17
3025883,0.2
3025884,16.6
3025885,8.93
3025886,0.01
3025887,165.63
3025888,3.48
3025889,0.0
3025890,1.1
3025891,10.49
3025892,0.12
3025893,158.72
3025894,168.15
3025895,0.5
3025896,2.46
3025897,133.3
3025898,21.54
3025899,231.8
3025900,1.21
3025901,1.2
3025902,4.83
3025903,0.23
3025904,5.09
3025905,3909.72
3025906,0.0
3025907,508.91
3025908,9.98
3025909,1610.87
3025910,604.62
3025911,437.65
3025912,116.38
3025913,72.74
3025914,5971.9
3025915,19.83
3025916,0.17
3025917,21.86
3025918,12.54
3025919,0.09
3025920,375.61
3025921,7.15
3025922,0.47
3025923,7.18
3025924,31.2
3025925,1.11
3025926,577.77
3025927,353.27
3025928,2.67
3025929,9.15
3025930,345.62
3025931,93.16
3025932,1072.94
3025933,29.21
3025934,7.21
3025935,3.29
3025936,0.0
3025937,0.24
3025938,1415.59
3025939,0.0
3025940,142.4
3025941,7.64
3025942,732.84
3025943,425.95
3025944,117.9
3025945,44.27
3025946,31.15
3025947,2426.7
3025948,4.5
3025949,0.21
3025950,5.75
3025951,15.08
3025952,0.0
3025953,159.11
3025954,5.24
3025955,0.0
3025956,4.0
3025957,21.76
3025958,0.32
3025959,134.4
3025960,164.38
3025961,1.0
3025962,4.14
3025963,137.87
3025964,28.71
3025965,290.41
3025966,5.68
3025967,1.43
3025968,3.61
3025969,0.0
3025970,2.05
3025971,1334.93
3025972,0.0
3025973,94.79
3025974,4.88
3025975,680.82
3025976,255.74
3025977,96.52
3025978,31.81
3025979,23.03
3025980,2791.31
3025981,5.71
3025982,0.02
3025983,6.88
3025984,5.58
3025985,0.0
3025986,117.86
3025987,0.88
3025988,0.0
3025989,0.9
3025990,21.28
3025991,0.11
3025992,118.52
3025993,167.2
3025994,0.21
3025995,3.09
3025996,53.63
3025997,20.36
3025998,157.35
3025999,0.38
3026000,0.49
3026001,2.18
3026002,0.0
3026003,1.76
3026004,1356.73
3026005,0.0
3026006,156.3
3026007,5.6
3026008,904.36
3026009,363.89
3026010,125.21
3026011,22.19
3026012,31.26
3026013,2818.67
3026014,3.16
3026015,0.21
3026016,11.18
3026017,18.2
3026018,0.04
3026019,172.4
3026020,0.18
3026021,0.0
3026022,2.05
3026023,14.27
3026024,0.53
3026025,149.82
3026026,241.6
3026027,0.39
3026028,3.84
3026029,47.25
3026030,88.25
3026031,317.92
3026032,4.88
3026033,2.75
3026034,1.95
3026035,0.14
3026036,1.65
3026037,236.77
3026038,0.0
3026039,126.85
3026040,1.8
3026041,820.33
3026042,358.07
3026043,156.17
3026044,71.31
3026045,58.05
3026046,2430.36
3026047,5.42
3026048,0.44
3026049,10.42
3026050,15.82
3026051,0.02
3026052,205.68
3026053,5.5
3026054,0.0
3026055,1.76
3026056,14.53
3026057,0.25
3026058,119.41
3026059,165.6
3026060,0.45
3026061,2.92
3026062,92.5
3026063,36.68
3026064,505.06
3026065,6.93
3026066,1.24
3026067,6.84
3026068,0.08
3026069,0.25
3026070,1400.9
3026071,0.0
3026072,153.62
3026073,4.04
3026074,927.97
3026075,189.63
3026076,142.14
3026077,109.44
3026078,37.77
3026079,2477.69
3026080,4.22
3026081,0.1
3026082,14.0
3026083,10.61
3026084,0.02
3026085,152.66
3026086,0.0
3026087,0.0
3026088,0.48
3026089,31.48
3026090,0.38
3026091,44.53
3026092,164.1
3026093,0.29
3026094,1.99
3026095,60.34
3026096,32.5
3026097,481.26
3026098,0.0
3026099,2.02
3026100,6.44
3026101,0.22
3026102,1.22
3026103,2434.19
3026104,0.0
3026105,266.54
3026106,4.36
3026107,891.6
3026108,881.72
3026109,253.94
3026110,136.03
3026111,69.75
3026112,3794.23
3026113,10.09
3026114,0.86
3026115,21.22
3026116,21.16
3026117,0.0
3026118,242.23
3026119,0.01
3026120,0.0
3026121,3.16
3026122,22.53
3026123,1.03
3026124,217.35
3026125,240.25
3026126,1.06
3026127,5.85
3026128,301.06
3026129,47.28
3026130,1095.05
3026131,19.26
3026132,8.85
3026133,1.46
3026134,0.07
3026135,3.13
3026136,1794.36
3026137,0.0
3026138,1.09
3026139,4.5
3026140,483.44
3026141,538.81
3026142,102.89
3026143,140.46
3026144,37.91
3026145,2404.49
3026146,8.92
3026147,0.23
3026148,17.73
3026149,14.57
3026150,0.0
3026151,152.07
3026152,5.98
3026153,1.34
3026154,3.74
3026155,45.64
3026156,0.76
3026157,59.27
3026158,116.4
3026159,2.9
3026160,5.01
3026161,77.84
3026162,16.29
3026163,931.71
3026164,20.56
3026165,7.11
3026166,4.31
3026167,0.07
3026168,2.9
3026169,2159.54
3026170,0.0
3026171,135.72
3026172,5.08
3026173,792.07
3026174,314.08
3026175,146.1
3026176,49.21
3026177,39.83
3026178,2872.19
3026179,6.15
3026180,0.86
3026181,10.2
3026182,10.2
3026183,0.01
3026184,158.24
3026185,4.93
3026186,0.0
3026187,1.8
3026188,15.8
3026189,1.33
3026190,110.3
3026191,157.93
3026192,0.56
3026193,3.57
3026194,69.29
3026195,20.4
3026196,333.37
3026197,11.97
3026198,2.12
3026199,4.55
3026200,0.0
3026201,4.09
3026202,2464.33
3026203,0.0
3026204,556.57
3026205,8.49
3026206,822.81
3026207,778.51
3026208,193.89
3026209,150.55
3026210,94.52
3026211,3613.01
3026212,27.36
3026213,0.77
3026214,15.03
3026215,27.49
3026216,0.11
3026217,205.95
3026218,18.81
3026219,16.02
3026220,2.9
3026221,55.96
3026222,6.2
3026223,376.5
3026224,227.68
3026225,6.51
3026226,6.73
3026227,386.5
3026228,103.45
3026229,2999.86
3026230,0.03
3026231,34.17
3026232,4.26
3026233,0.0
3026234,4.23
3026235,2912.98
3026236,0.0
3026237,350.6
3026238,5.22
3026239,935.04
3026240,733.75
3026241,321.28
3026242,58.7
3026243,45.1
3026244,4504.98
3026245,11.05
3026246,0.27
3026247,18.99
3026248,11.94
3026249,0.02
3026250,282.07
3026251,0.14
3026252,3.71
3026253,4.33
3026254,27.83
3026255,0.31
3026256,214.5
3026257,296.58
3026258,2.46
3026259,3.97
3026260,200.89
3026261,56.56
3026262,742.16
3026263,74.36
3026264,8.25
3026265,7.54
3026266,0.27
3026267,1.97
3026268,2499.57
3026269,0.0
3026270,345.68
3026271,4.09
3026272,1020.23
3026273,614.34
3026274,186.89
3026275,163.86
3026276,53.23
3026277,3426.45
3026278,10.94
3026279,0.37
3026280,23.05
3026281,22.9
3026282,0.1
3026283,239.75
3026284,1.36
3026285,0.8
3026286,6.46
3026287,65.08
3026288,0.86
3026289,89.62
3026290,230.1
3026291,2.15
3026292,4.58
3026293,117.91
3026294,139.41
3026295,960.37
3026296,0.01
3026297,3.71
3026298,3.9
3026299,0.03
3026300,1.07
3026301,1489.96
3026302,0.0
3026303,92.54
3026304,5.69
3026305,543.23
3026306,321.58
3026307,105.68
3026308,38.98
3026309,34.7
3026310,2365.22
3026311,3.72
3026312,0.64
3026313,25.93
3026314,18.4
3026315,0.0
3026316,152.74
3026317,0.06
3026318,0.0
3026319,4.53
3026320,28.2
3026321,0.99
3026322,88.46
3026323,136.74
3026324,0.65
3026325,3.73
3026326,110.08
3026327,21.61
3026328,329.56
3026329,10.03
3026330,0.54
3026331,0.83
3026332,0.0
3026333,0.58
3026334,1193.72
3026335,0.0
3026336,212.14
3026337,7.68
3026338,484.82
3026339,438.88
3026340,125.74
3026341,46.83
3026342,50.12
3026343,2157.02
3026344,21.47
3026345,0.15
3026346,6.52
3026347,8.16
3026348,0.08
3026349,117.28
3026350,10.52
3026351,0.86
3026352,1.28
3026353,37.01
3026354,2.62
3026355,567.5
3026356,163.43
3026357,2.22
3026358,3.64
3026359,297.78
3026360,29.51
3026361,1471.91
3026362,0.01
3026363,6.99
3026364,2.46
3026365,0.0
3026366,3.35
3026367,3448.36
3026368,0.0
3026369,743.57
3026370,14.42
3026371,966.59
3026372,1303.86
3026373,207.87
3026374,234.95
3026375,161.15
3026376,3962.04
3026377,25.03
3026378,0.57
3026379,15.27
3026380,35.17
3026381,0.0
3026382,260.01
3026383,10.37
3026384,48.96
3026385,8.75
3026386,68.18
3026387,8.44
3026388,394.44
3026389,287.58
3026390,15.36
3026391,10.13
3026392,543.05
3026393,112.55
3026394,5917.71
3026395,0.01
3026396,20.72
3026397,1.65
3026398,0.0
3026399,3.01
3026400,1684.49
3026401,0.0
3026402,251.72
3026403,4.22
3026404,304.46
3026405,484.88
3026406,131.79
3026407,94.99
3026408,57.05
3026409,1865.74
3026410,14.86
3026411,0.4
3026412,9.02
3026413,16.17
3026414,0.0
3026415,90.8
3026416,0.0
3026417,26.66
3026418,3.03
3026419,104.8
3026420,3.24
3026421,187.94
3026422,103.72
3026423,3.81
3026424,4.24
3026425,138.29
3026426,36.52
3026427,1991.51
3026428,0.05
3026429,3.23
3026430,2.54
3026431,0.0
3026432,0.1
3026433,821.64
3026434,0.0
3026435,180.46
3026436,5.48
3026437,287.37
3026438,234.79
3026439,59.49
3026440,24.8
3026441,27.12
3026442,1248.45
3026443,0.06
3026444,0.57
3026445,6.43
3026446,6.93
3026447,0.06
3026448,64.67
3026449,0.01
3026450,5.16
3026451,0.24
3026452,13.75
3026453,0.04
3026454,209.65
3026455,127.38
3026456,1.42
3026457,0.38
3026458,107.18
3026459,19.63
3026460,961.91
3026461,0.06
3026462,0.87
3026463,3.96
3026464,0.08
3026465,3.7
3026466,2775.72
3026467,0.0
3026468,592.51
3026469,10.52
3026470,795.75
3026471,901.1
3026472,254.04
3026473,235.45
3026474,95.08
3026475,3724.88
3026476,18.12
3026477,1.45
3026478,17.31
3026479,23.68
3026480,0.08
3026481,207.39
3026482,4.13
3026483,36.64
3026484,4.83
3026485,75.64
3026486,1.58
3026487,262.73
3026488,221.96
3026489,9.37
3026490,8.86
3026491,354.04
3026492,80.55
3026493,3898.0
3026494,0.18
3026495,15.59
3026496,4.16
3026497,0.0
3026498,3.41
3026499,2702.27
3026500,0.0
3026501,512.25
3026502,8.88
3026503,891.66
3026504,747.98
3026505,187.85
3026506,198.81
3026507,50.97
3026508,4132.47
3026509,9.83
3026510,0.37
3026511,26.52
3026512,13.68
3026513,0.31
3026514,230.19
3026515,0.0
3026516,3.02
3026517,3.16
3026518,32.06
3026519,0.12
3026520,186.16
3026521,279.07
3026522,3.68
3026523,3.45
3026524,164.6
3026525,71.03
3026526,1164.18
3026527,1.19
3026528,2.91
3026529,4.45
3026530,0.19
3026531,1.62
3026532,2736.39
3026533,0.0
3026534,531.26
3026535,8.69
3026536,768.14
3026537,724.23
3026538,181.22
3026539,143.94
3026540,47.69
3026541,3336.04
3026542,12.0
3026543,0.66
3026544,17.77
3026545,17.15
3026546,0.03
3026547,197.46
3026548,0.0
3026549,2.68
3026550,2.74
3026551,55.21
3026552,0.43
3026553,97.17
3026554,209.16
3026555,4.37
3026556,3.07
3026557,135.74
3026558,58.31
3026559,936.39
3026560,1.16
3026561,3.8
3026562,7.45
3026563,0.13
3026564,10.56
3026565,7132.44
3026566,0.0
3026567,1175.23
3026568,35.57
3026569,1796.45
3026570,2020.0
3026571,214.66
3026572,452.1
3026573,296.99
3026574,7263.67
3026575,64.42
3026576,2.43
3026577,49.81
3026578,50.22
3026579,0.08
3026580,455.07
3026581,37.84
3026582,64.2
3026583,29.53
3026584,157.15
3026585,18.62
3026586,627.21
3026587,454.53
3026588,16.49
3026589,20.14
3026590,1014.41
3026591,199.79
3026592,10294.78
3026593,0.06
3026594,73.54
3026595,1.65
3026596,0.05
3026597,0.25
3026598,1450.51
3026599,0.0
3026600,140.53
3026601,2.12
3026602,546.06
3026603,278.7
3026604,89.07
3026605,104.31
3026606,35.19
3026607,2086.45
3026608,2.38
3026609,0.25
3026610,10.62
3026611,6.24
3026612,0.0
3026613,140.66
3026614,0.16
3026615,0.0
3026616,1.0
3026617,27.29
3026618,0.11
3026619,47.33
3026620,104.92
3026621,0.89
3026622,1.96
3026623,83.35
3026624,20.06
3026625,429.92
3026626,0.01
3026627,0.9
3026628,5.22
3026629,0.06
3026630,1.01
3026631,2917.66
3026632,0.0
3026633,440.99
3026634,6.38
3026635,973.57
3026636,712.0
3026637,123.8
3026638,207.29
3026639,65.57
3026640,3957.86
3026641,10.53
3026642,0.76
3026643,18.87
3026644,17.8
3026645,0.06
3026646,244.46
3026647,0.51
3026648,1.31
3026649,7.39
3026650,12.29
3026651,0.61
3026652,278.78
3026653,230.16
3026654,2.44
3026655,5.24
3026656,88.14
3026657,65.8
3026658,895.76
3026659,1.17
3026660,3.6
3026661,0.19
3026662,0.0
3026663,0.16
3026664,848.09
3026665,0.0
3026666,85.75
3026667,1.95
3026668,417.7
3026669,163.74
3026670,65.23
3026671,131.34
3026672,18.78
3026673,1660.88
3026674,0.22
3026675,0.16
3026676,6.38
3026677,1.84
3026678,0.02
3026679,87.24
3026680,0.0
3026681,0.0
3026682,0.03
3026683,9.11
3026684,0.01
3026685,52.33
3026686,116.17
3026687,0.05
3026688,0.27
3026689,39.02
3026690,4.08
3026691,123.51
3026692,0.02
3026693,0.72
3026694,5.21
3026695,0.0
3026696,0.55
3026697,1870.27
3026698,0.0
3026699,194.01
3026700,5.58
3026701,824.24
3026702,466.72
3026703,148.77
3026704,86.31
3026705,44.06
3026706,2633.28
3026707,0.93
3026708,0.15
3026709,25.4
3026710,13.75
3026711,0.02
3026712,171.97
3026713,0.0
3026714,0.0
3026715,10.99
3026716,33.14
3026717,0.56
3026718,232.94
3026719,197.26
3026720,1.42
3026721,2.63
3026722,195.69
3026723,24.64
3026724,1064.13
3026725,0.01
3026726,0.24
3026727,2.6
3026728,0.25
3026729,0.86
3026730,2096.59
3026731,0.0
3026732,587.29
3026733,6.21
3026734,786.64
3026735,683.62
3026736,127.79
3026737,99.67
3026738,64.05
3026739,3216.7
3026740,4.32
3026741,2.88
3026742,26.85
3026743,48.02
3026744,0.06
3026745,192.62
3026746,1.42
3026747,2.66
3026748,3.59
3026749,23.19
3026750,1.45
3026751,154.86
3026752,248.83
3026753,2.42
3026754,4.39
3026755,118.98
3026756,23.47
3026757,567.98
3026758,2.28
3026759,1.81
3026760,2.5
3026761,0.0
3026762,0.04
3026763,1230.31
3026764,0.0
3026765,77.54
3026766,1.22
3026767,437.67
3026768,166.86
3026769,59.49
3026770,120.76
3026771,28.11
3026772,1718.17
3026773,2.52
3026774,0.17
3026775,6.05
3026776,4.03
3026777,0.04
3026778,90.86
3026779,0.0
3026780,0.0
3026781,0.02
3026782,12.67
3026783,0.12
3026784,156.9
3026785,110.7
3026786,0.28
3026787,0.34
3026788,27.46
3026789,13.27
3026790,281.2
3026791,0.0
3026792,0.03
3026793,5.63
3026794,0.0
3026795,1.65
3026796,3881.86
3026797,0.0
3026798,506.34
3026799,12.22
3026800,1156.53
3026801,621.49
3026802,202.0
3026803,106.9
3026804,81.96
3026805,4266.65
3026806,8.69
3026807,0.17
3026808,27.74
3026809,14.11
3026810,0.04
3026811,240.73
3026812,0.0
3026813,26.88
3026814,2.44
3026815,44.47
3026816,0.33
3026817,219.8
3026818,279.16
3026819,3.39
3026820,5.5
3026821,94.31
3026822,42.1
3026823,1189.18
3026824,0.09
3026825,0.28
3026826,2.77
3026827,0.0
3026828,5.04
3026829,2540.82
3026830,0.0
3026831,513.35
3026832,6.7
3026833,873.91
3026834,844.92
3026835,148.66
3026836,126.35
3026837,114.64
3026838,3647.62
3026839,39.97
3026840,1.13
3026841,19.73
3026842,20.4
3026843,0.11
3026844,223.89
3026845,18.95
3026846,21.81
3026847,0.92
3026848,96.0
3026849,6.68
3026850,210.62
3026851,242.56
3026852,12.14
3026853,10.39
3026854,238.85
3026855,64.41
3026856,3594.37
3026857,0.04
3026858,9.82
3026859,3.95
3026860,0.0
3026861,5.35
3026862,1913.85
3026863,0.0
3026864,419.72
3026865,9.74
3026866,894.09
3026867,791.0
3026868,133.55
3026869,79.68
3026870,124.19
3026871,3388.8
3026872,21.28
3026873,0.91
3026874,26.45
3026875,35.77
3026876,0.0
3026877,289.12
3026878,15.94
3026879,21.98
3026880,6.93
3026881,69.5
3026882,6.86
3026883,159.73
3026884,351.6
3026885,6.17
3026886,7.75
3026887,113.04
3026888,74.79
3026889,2920.36
3026890,0.09
3026891,13.38
3026892,6.75
3026893,0.18
3026894,3.32
3026895,2798.01
3026896,0.0
3026897,589.17
3026898,6.24
3026899,1109.81
3026900,636.32
3026901,161.03
3026902,226.45
3026903,56.57
3026904,4581.13
3026905,24.08
3026906,1.24
3026907,17.72
3026908,13.46
3026909,0.08
3026910,276.62
3026911,3.61
3026912,10.62
3026913,2.05
3026914,41.15
3026915,1.83
3026916,141.97
3026917,268.39
3026918,5.07
3026919,6.59
3026920,176.13
3026921,50.41
3026922,1195.94
3026923,9.98
3026924,10.47
3026925,1.97
3026926,0.0
3026927,2.34
3026928,2015.48
3026929,0.0
3026930,298.05
3026931,5.73
3026932,725.65
3026933,674.28
3026934,176.61
3026935,126.15
3026936,68.08
3026937,3049.62
3026938,14.69
3026939,0.98
3026940,8.75
3026941,11.6
3026942,0.12
3026943,178.36
3026944,14.69
3026945,22.2
3026946,0.4
3026947,53.12
3026948,4.0
3026949,317.19
3026950,209.02
3026951,5.33
3026952,6.5
3026953,317.42
3026954,53.82
3026955,2939.51
3026956,0.02
3026957,19.52
3026958,2.13
3026959,0.0
3026960,2.25
3026961,4064.91
3026962,0.0
3026963,375.81
3026964,8.31
3026965,1608.72
3026966,787.55
3026967,151.23
3026968,145.7
3026969,49.84
3026970,4841.64
3026971,6.5
3026972,1.43
3026973,24.13
3026974,25.22
3026975,0.06
3026976,337.38
3026977,0.0
3026978,0.0
3026979,6.67
3026980,26.11
3026981,1.3
3026982,125.21
3026983,310.74
3026984,1.94
3026985,7.52
3026986,136.89
3026987,51.76
3026988,972.14
3026989,0.01
3026990,2.29
3026991,4.72
3026992,0.0
3026993,4.19
3026994,1891.26
3026995,0.0
3026996,429.16
3026997,9.66
3026998,859.43
3026999,671.88
3027000,194.89
3027001,118.6
3027002,110.1
3027003,3697.79
3027004,21.06
3027005,0.86
3027006,16.18
3027007,31.7
3027008,0.0
3027009,206.91
3027010,10.96
3027011,17.88
3027012,5.04
3027013,50.0
3027014,7.63
3027015,165.03
3027016,260.14
3027017,11.0
3027018,7.16
3027019,172.89
3027020,64.1
3027021,2709.74
3027022,0.06
3027023,5.18
3027024,2.52
3027025,0.0
3027026,3.86
3027027,1973.08
3027028,0.0
3027029,431.97
3027030,7.6
3027031,600.14
3027032,743.26
3027033,149.97
3027034,113.05
3027035,95.87
3027036,3023.5
3027037,26.45
3027038,0.71
3027039,10.63
3027040,16.38
3027041,0.0
3027042,177.69
3027043,11.09
3027044,47.17
3027045,4.04
3027046,55.13
3027047,6.51
3027048,188.34
3027049,195.23
3027050,6.77
3027051,7.28
3027052,235.51
3027053,49.78
3027054,3118.76
3027055,0.06
3027056,12.39
3027057,2.26
3027058,0.0
3027059,3.46
3027060,3964.46
3027061,0.0
3027062,491.7
3027063,12.08
3027064,1040.38
3027065,740.93
3027066,226.11
3027067,156.01
3027068,42.01
3027069,4393.59
3027070,7.27
3027071,0.07
3027072,11.61
3027073,17.53
3027074,0.04
3027075,202.28
3027076,0.0
3027077,3.45
3027078,0.36
3027079,39.39
3027080,0.72
3027081,173.62
3027082,258.0
3027083,1.95
3027084,0.51
3027085,205.49
3027086,120.29
3027087,891.01
3027088,1.75
3027089,0.16
3027090,11.89
3027091,0.0
3027092,13.62
3027093,8257.68
3027094,0.0
3027095,1413.92
3027096,26.6
3027097,2167.24
3027098,2326.31
3027099,432.22
3027100,533.59
3027101,382.66
3027102,8562.21
3027103,69.42
3027104,3.06
3027105,107.12
3027106,110.6
3027107,0.04
3027108,551.28
3027109,22.27
3027110,24.64
3027111,33.66
3027112,236.71
3027113,15.4
3027114,711.36
3027115,480.55
3027116,31.27
3027117,36.72
3027118,1046.47
3027119,302.94
3027120,12912.55
3027121,274.71
3027122,80.0
3027123,11.65
3027124,0.0
3027125,9.62
3027126,7331.82
3027127,0.0
3027128,1096.55
3027129,24.23
3027130,2008.38
3027131,1954.19
3027132,581.43
3027133,310.05
3027134,271.07
3027135,9198.86
3027136,72.28
3027137,1.06
3027138,58.17
3027139,73.33
3027140,0.1
3027141,526.59
3027142,13.73
3027143,39.3
3027144,11.77
3027145,162.61
3027146,13.06
3027147,799.59
3027148,595.94
3027149,17.7
3027150,24.65
3027151,1033.17
3027152,233.03
3027153,7750.05
3027154,233.21
3027155,82.38
3027156,8.78
3027157,0.0
3027158,10.82
3027159,4679.89
3027160,0.0
3027161,785.87
3027162,12.98
3027163,1831.37
3027164,1203.86
3027165,606.49
3027166,103.14
3027167,197.5
3027168,7253.74
3027169,31.83
3027170,1.56
3027171,32.88
3027172,25.79
3027173,0.07
3027174,529.84
3027175,20.82
3027176,27.0
3027177,9.06
3027178,81.71
3027179,7.35
3027180,852.17
3027181,634.09
3027182,16.7
3027183,29.67
3027184,591.78
3027185,133.3
3027186,3163.16
3027187,225.71
3027188,36.97
3027189,11.41
3027190,0.0
3027191,11.4
3027192,6765.7
3027193,0.0
3027194,1011.88
3027195,18.86
3027196,2048.59
3027197,1955.89
3027198,510.7
3027199,297.23
3027200,216.31
3027201,8604.5
3027202,39.22
3027203,1.4
3027204,41.88
3027205,60.3
3027206,0.24
3027207,519.24
3027208,17.62
3027209,32.72
3027210,14.93
3027211,152.3
3027212,10.29
3027213,661.81
3027214,604.62
3027215,17.73
3027216,25.17
3027217,952.45
3027218,206.26
3027219,6800.24
3027220,262.84
3027221,61.12
3027222,8.44
3027223,0.0
3027224,10.02
3027225,3630.9
3027226,0.0
3027227,668.6
3027228,13.02
3027229,1734.14
3027230,1023.9
3027231,486.32
3027232,82.32
3027233,135.34
3027234,6021.4
3027235,29.51
3027236,0.14
3027237,21.93
3027238,33.94
3027239,0.0
3027240,420.32
3027241,15.69
3027242,13.06
3027243,4.78
3027244,82.57
3027245,4.66
3027246,596.89
3027247,599.13
3027248,14.1
3027249,15.32
3027250,564.1
3027251,80.39
3027252,2217.89
3027253,246.35
3027254,17.31
3027255,8.1
3027256,0.0
3027257,9.59
3027258,6254.19
3027259,0.0
3027260,1129.93
3027261,25.18
3027262,1715.09
3027263,2377.66
3027264,358.45
3027265,434.67
3027266,328.9
3027267,7170.39
3027268,62.13
3027269,0.98
3027270,38.71
3027271,52.33
3027272,0.08
3027273,414.97
3027274,12.71
3027275,35.01
3027276,5.95
3027277,181.68
3027278,12.47
3027279,648.77
3027280,443.25
3027281,15.94
3027282,28.04
3027283,857.55
3027284,217.02
3027285,9904.0
3027286,176.72
3027287,70.0
3027288,4.2
3027289,0.07
3027290,4.76
3027291,1740.65
3027292,0.0
3027293,322.57
3027294,18.38
3027295,831.64
3027296,536.64
3027297,219.97
3027298,81.11
3027299,76.47
3027300,3019.77
3027301,17.08
3027302,0.56
3027303,25.44
3027304,21.06
3027305,0.28
3027306,173.64
3027307,11.03
3027308,8.17
3027309,10.36
3027310,41.24
3027311,5.58
3027312,214.3
3027313,235.28
3027314,2.39
3027315,6.86
3027316,192.02
3027317,53.14
3027318,1970.65
3027319,0.05
3027320,7.77
3027321,7.1
3027322,0.0
3027323,7.56
3027324,3732.09
3027325,0.0
3027326,529.14
3027327,29.8
3027328,1418.8
3027329,949.29
3027330,399.35
3027331,87.06
3027332,127.13
3027333,5486.94
3027334,40.01
3027335,0.67
3027336,49.39
3027337,37.3
3027338,0.0
3027339,326.95
3027340,10.65
3027341,8.13
3027342,2.39
3027343,99.23
3027344,6.78
3027345,511.45
3027346,449.01
3027347,9.46
3027348,16.57
3027349,327.65
3027350,79.44
3027351,2475.4
3027352,263.12
3027353,15.53
3027354,5.9
3027355,0.0
3027356,5.47
3027357,4296.48
3027358,0.0
3027359,885.64
3027360,7.87
3027361,1396.23
3027362,1665.56
3027363,234.61
3027364,343.21
3027365,233.3
3027366,5153.82
3027367,28.18
3027368,1.17
3027369,24.87
3027370,37.3
3027371,0.0
3027372,315.22
3027373,1.16
3027374,55.57
3027375,4.17
3027376,104.34
3027377,7.17
3027378,606.14
3027379,275.84
3027380,18.09
3027381,8.66
3027382,726.24
3027383,116.26
3027384,8302.18
3027385,0.12
3027386,40.35
3027387,6.9
3027388,0.0
3027389,4.4
3027390,4336.45
3027391,0.0
3027392,859.09
3027393,8.6
3027394,1464.94
3027395,1174.75
3027396,309.72
3027397,216.77
3027398,282.81
3027399,5580.01
3027400,29.64
3027401,2.69
3027402,31.28
3027403,34.23
3027404,0.13
3027405,298.71
3027406,5.53
3027407,53.29
3027408,6.23
3027409,170.88
3027410,7.35
3027411,412.06
3027412,331.71
3027413,12.49
3027414,21.55
3027415,437.74
3027416,119.93
3027417,7619.6
3027418,1.96
3027419,8.46
3027420,6.77
3027421,0.0
3027422,4.33
3027423,1910.49
3027424,0.0
3027425,433.11
3027426,6.57
3027427,898.13
3027428,462.49
3027429,194.85
3027430,89.69
3027431,89.2
3027432,3102.82
3027433,14.39
3027434,1.22
3027435,21.62
3027436,26.62
3027437,0.01
3027438,185.37
3027439,2.96
3027440,14.93
3027441,4.16
3027442,59.05
3027443,1.44
3027444,215.99
3027445,211.99
3027446,4.25
3027447,4.41
3027448,146.69
3027449,82.02
3027450,2737.25
3027451,0.05
3027452,3.39
3027453,4.7
3027454,0.0
3027455,0.25
3027456,2514.91
3027457,0.0
3027458,205.24
3027459,2.68
3027460,864.52
3027461,188.67
3027462,130.83
3027463,56.78
3027464,26.23
3027465,2589.05
3027466,6.1
3027467,0.51
3027468,13.59
3027469,8.18
3027470,0.02
3027471,172.26
3027472,0.0
3027473,0.0
3027474,1.52
3027475,15.02
3027476,0.09
3027477,31.36
3027478,148.71
3027479,0.0
3027480,0.86
3027481,43.38
3027482,80.6
3027483,495.77
3027484,0.02
3027485,0.61
3027486,3.97
3027487,0.0
3027488,4.86
3027489,2969.01
3027490,0.0
3027491,474.73
3027492,9.25
3027493,1081.97
3027494,847.0
3027495,278.23
3027496,159.2
3027497,120.03
3027498,4365.23
3027499,27.68
3027500,0.67
3027501,18.41
3027502,41.2
3027503,0.0
3027504,232.32
3027505,20.34
3027506,17.29
3027507,8.67
3027508,55.25
3027509,5.36
3027510,401.71
3027511,296.31
3027512,6.77
3027513,11.69
3027514,415.59
3027515,83.98
3027516,3538.98
3027517,0.01
3027518,36.21
3027519,3.65
3027520,0.0
3027521,3.04
3027522,3986.85
3027523,0.01
3027524,638.58
3027525,15.0
3027526,1000.2
3027527,1308.29
3027528,180.65
3027529,299.26
3027530,203.54
3027531,3930.15
3027532,48.61
3027533,3.14
3027534,25.58
3027535,29.42
3027536,0.11
3027537,223.87
3027538,11.89
3027539,47.28
3027540,5.61
3027541,129.74
3027542,9.28
3027543,445.52
3027544,231.71
3027545,2.94
3027546,11.85
3027547,612.31
3027548,134.28
3027549,7120.4
3027550,0.04
3027551,42.79
3027552,3.24
3027553,0.18
3027554,9.05
3027555,4210.47
3027556,0.0
3027557,794.02
3027558,18.69
3027559,1153.46
3027560,1367.5
3027561,248.08
3027562,288.14
3027563,157.34
3027564,4600.36
3027565,32.37
3027566,2.37
3027567,36.34
3027568,35.79
3027569,0.0
3027570,321.4
3027571,26.14
3027572,48.5
3027573,20.28
3027574,112.13
3027575,13.04
3027576,372.1
3027577,311.76
3027578,15.51
3027579,18.25
3027580,526.92
3027581,143.75
3027582,6181.74
3027583,0.06
3027584,39.01
3027585,8.97
3027586,0.11
3027587,7.23
3027588,2940.82
3027589,0.0
3027590,395.85
3027591,10.86
3027592,1360.88
3027593,731.62
3027594,291.85
3027595,140.74
3027596,72.76
3027597,5208.67
3027598,6.91
3027599,0.8
3027600,45.65
3027601,29.44
3027602,0.0
3027603,369.2
3027604,9.13
3027605,2.65
3027606,6.33
3027607,33.7
3027608,3.53
3027609,294.69
3027610,380.23
3027611,5.98
3027612,6.75
3027613,336.05
3027614,93.39
3027615,1091.27
3027616,61.95
3027617,12.57
3027618,3.87
3027619,0.0
3027620,4.02
3027621,2036.45
3027622,0.0
3027623,328.69
3027624,10.27
3027625,633.67
3027626,569.92
3027627,129.27
3027628,121.34
3027629,119.75
3027630,2419.34
3027631,19.13
3027632,1.02
3027633,15.85
3027634,25.73
3027635,0.0
3027636,156.58
3027637,11.83
3027638,10.75
3027639,4.7
3027640,65.79
3027641,4.63
3027642,262.88
3027643,136.23
3027644,3.17
3027645,8.84
3027646,252.74
3027647,52.34
3027648,2114.95
3027649,0.01
3027650,17.92
3027651,0.56
3027652,0.0
3027653,0.46
3027654,935.1
3027655,0.0
3027656,82.25
3027657,1.08
3027658,640.8
3027659,237.47
3027660,244.59
3027661,32.31
3027662,28.16
3027663,2445.39
3027664,1.97
3027665,0.13
3027666,6.42
3027667,7.34
3027668,0.01
3027669,134.57
3027670,0.77
3027671,0.0
3027672,0.35
3027673,5.64
3027674,0.07
3027675,236.04
3027676,162.97
3027677,0.23
3027678,1.58
3027679,121.72
3027680,21.64
3027681,203.16
3027682,6.17
3027683,0.46
3027684,4.24
3027685,0.07
3027686,5.56
3027687,4081.74
3027688,0.0
3027689,590.16
3027690,11.47
3027691,1507.75
3027692,569.59
3027693,483.92
3027694,97.24
3027695,80.54
3027696,6187.47
3027697,17.7
3027698,0.17
3027699,22.26
3027700,12.06
3027701,0.09
3027702,435.81
3027703,9.11
3027704,0.57
3027705,8.19
3027706,31.61
3027707,1.4
3027708,906.31
3027709,368.58
3027710,2.76
3027711,12.11
3027712,276.29
3027713,97.32
3027714,1146.5
3027715,34.59
3027716,6.87
3027717,3.44
3027718,0.0
3027719,0.31
3027720,1414.61
3027721,0.0
3027722,149.76
3027723,8.31
3027724,758.43
3027725,340.23
3027726,199.92
3027727,46.61
3027728,33.81
3027729,2455.3
3027730,4.64
3027731,0.21
3027732,8.49
3027733,14.17
3027734,0.0
3027735,167.04
3027736,4.28
3027737,0.0
3027738,4.12
3027739,24.97
3027740,0.34
3027741,223.41
3027742,173.08
3027743,0.91
3027744,4.55
3027745,130.35
3027746,13.26
3027747,294.06
3027748,0.46
3027749,1.83
3027750,4.14
3027751,0.0
3027752,2.22
3027753,1285.85
3027754,0.0
3027755,98.63
3027756,5.6
3027757,801.27
3027758,200.88
3027759,118.61
3027760,26.69
3027761,23.06
3027762,2731.76
3027763,6.76
3027764,0.02
3027765,7.95
3027766,4.56
3027767,0.0
3027768,140.95
3027769,1.67
3027770,0.0
3027771,0.84
3027772,22.27
3027773,0.13
3027774,194.92
3027775,156.19
3027776,0.25
3027777,3.64
3027778,79.25
3027779,22.16
3027780,177.43
3027781,13.89
3027782,0.62
3027783,2.11
3027784,0.0
3027785,1.58
3027786,1257.88
3027787,0.0
3027788,154.26
3027789,5.94
3027790,849.75
3027791,313.86
3027792,220.08
3027793,20.84
3027794,32.21
3027795,2795.88
3027796,3.24
3027797,0.11
3027798,10.9
3027799,19.04
3027800,0.01
3027801,196.15
3027802,1.24
3027803,0.0
3027804,2.05
3027805,15.75
3027806,0.89
3027807,362.39
3027808,229.34
3027809,0.26
3027810,4.2
3027811,56.37
3027812,96.65
3027813,346.11
3027814,6.07
3027815,2.78
3027816,2.07
3027817,0.16
3027818,3.03
3027819,1228.01
3027820,0.0
3027821,135.54
3027822,1.6
3027823,856.15
3027824,298.37
3027825,243.22
3027826,74.86
3027827,61.21
3027828,2442.31
3027829,5.13
3027830,0.4
3027831,12.71
3027832,16.41
3027833,0.0
3027834,226.12
3027835,3.95
3027836,0.0
3027837,2.53
3027838,15.58
3027839,0.31
3027840,158.52
3027841,179.76
3027842,0.55
3027843,3.31
3027844,103.99
3027845,21.4
3027846,537.49
3027847,11.71
3027848,1.41
3027849,3.03
3027850,0.09
3027851,1.48
3027852,567.23
3027853,0.0
3027854,131.86
3027855,3.52
3027856,763.73
3027857,192.42
3027858,149.68
3027859,100.99
3027860,24.39
3027861,1992.7
3027862,2.88
3027863,0.09
3027864,8.63
3027865,9.65
3027866,0.0
3027867,126.84
3027868,0.0
3027869,0.0
3027870,0.47
3027871,12.38
3027872,0.2
3027873,53.26
3027874,124.8
3027875,0.26
3027876,1.44
3027877,66.7
3027878,30.34
3027879,403.24
3027880,0.01
3027881,0.55
3027882,6.52
3027883,0.18
3027884,2.35
3027885,2484.74
3027886,0.0
3027887,251.51
3027888,5.18
3027889,878.7
3027890,557.33
3027891,403.65
3027892,140.81
3027893,88.64
3027894,3817.19
3027895,10.19
3027896,0.77
3027897,18.95
3027898,20.88
3027899,0.0
3027900,262.23
3027901,0.02
3027902,0.0
3027903,8.26
3027904,22.18
3027905,1.79
3027906,327.66
3027907,237.69
3027908,1.1
3027909,5.76
3027910,295.76
3027911,55.08
3027912,1049.38
3027913,19.26
3027914,9.06
3027915,1.91
3027916,0.06
3027917,3.37
3027918,1628.56
3027919,0.0
3027920,1.11
3027921,5.0
3027922,522.09
3027923,483.19
3027924,104.55
3027925,129.57
3027926,51.19
3027927,2042.47
3027928,9.02
3027929,0.29
3027930,13.41
3027931,14.07
3027932,0.0
3027933,170.5
3027934,5.58
3027935,1.78
3027936,3.87
3027937,44.42
3027938,0.84
3027939,161.51
3027940,123.7
3027941,3.54
3027942,4.84
3027943,80.17
3027944,35.99
3027945,1010.46
3027946,29.04
3027947,7.45
3027948,4.58
3027949,0.07
3027950,1.31
3027951,1992.35
3027952,0.0
3027953,136.45
3027954,4.56
3027955,795.18
3027956,273.58
3027957,240.45
3027958,53.5
3027959,37.31
3027960,2864.33
3027961,6.67
3027962,0.83
3027963,13.44
3027964,7.8
3027965,0.02
3027966,174.74
3027967,4.81
3027968,0.0
3027969,2.07
3027970,25.12
3027971,1.32
3027972,137.31
3027973,167.3
3027974,0.72
3027975,4.41
3027976,174.51
3027977,19.74
3027978,355.19
3027979,5.65
3027980,1.96
3027981,4.78
3027982,0.0
3027983,6.05
3027984,2313.39
3027985,0.0
3027986,549.78
3027987,10.72
3027988,777.29
3027989,669.75
3027990,194.29
3027991,131.97
3027992,82.93
3027993,3379.14
3027994,24.07
3027995,0.72
3027996,12.91
3027997,20.54
3027998,0.11
3027999,228.53
3028000,21.19
3028001,9.4
3028002,7.64
3028003,55.2
3028004,6.17
3028005,385.51
3028006,223.39
3028007,6.25
3028008,5.49
3028009,331.48
3028010,103.11
3028011,1766.91
3028012,0.01
3028013,29.3
3028014,4.03
3028015,0.0
3028016,5.28
3028017,3488.04
3028018,0.0
3028019,346.55
3028020,6.23
3028021,1067.42
3028022,599.43
3028023,494.54
3028024,69.93
3028025,53.43
3028026,4874.74
3028027,11.57
3028028,0.27
3028029,14.91
3028030,10.08
3028031,0.02
3028032,343.55
3028033,0.4
3028034,3.14
3028035,4.71
3028036,26.2
3028037,0.38
3028038,711.82
3028039,320.3
3028040,2.49
3028041,4.33
3028042,213.48
3028043,51.92
3028044,724.57
3028045,86.48
3028046,8.31
3028047,8.31
3028048,0.22
3028049,3.22
3028050,2415.36
3028051,0.0
3028052,326.96
3028053,4.66
3028054,1078.8
3028055,462.63
3028056,246.63
3028057,152.64
3028058,61.94
3028059,3320.31
3028060,10.34
3028061,0.32
3028062,25.43
3028063,23.05
3028064,0.04
3028065,306.71
3028066,1.15
3028067,0.91
3028068,7.22
3028069,56.66
3028070,0.81
3028071,102.07
3028072,245.59
3028073,2.78
3028074,4.52
3028075,114.2
3028076,138.48
3028077,857.15
3028078,0.02
3028079,2.76
3028080,3.98
3028081,0.02
3028082,0.81
3028083,1561.41
3028084,0.0
3028085,89.74
3028086,6.07
3028087,578.15
3028088,277.49
3028089,125.64
3028090,43.81
3028091,39.68
3028092,2546.49
3028093,3.38
3028094,0.4
3028095,26.61
3028096,20.82
3028097,0.0
3028098,166.77
3028099,0.08
3028100,0.0
3028101,6.16
3028102,33.25
3028103,1.18
3028104,111.29
3028105,136.16
3028106,0.73
3028107,3.86
3028108,100.69
3028109,18.15
3028110,384.3
3028111,10.32
3028112,1.02
3028113,1.2
3028114,0.0
3028115,0.54
3028116,1172.21
3028117,0.0
3028118,201.45
3028119,9.37
3028120,476.31
3028121,419.89
3028122,115.97
3028123,43.33
3028124,56.23
3028125,1992.31
3028126,22.63
3028127,0.1
3028128,8.13
3028129,8.73
3028130,0.04
3028131,119.93
3028132,10.56
3028133,0.36
3028134,2.72
3028135,37.59
3028136,2.64
3028137,735.65
3028138,157.21
3028139,2.44
3028140,4.37
3028141,230.57
3028142,30.47
3028143,962.12
3028144,0.01
3028145,6.52
3028146,2.68
3028147,0.0
3028148,4.96
3028149,3240.97
3028150,0.0
3028151,678.71
3028152,18.44
3028153,849.3
3028154,1025.64
3028155,266.01
3028156,193.83
3028157,157.4
3028158,3876.81
3028159,23.47
3028160,0.41
3028161,15.46
3028162,36.06
3028163,0.0
3028164,263.53
3028165,10.15
3028166,33.44
3028167,11.51
3028168,56.23
3028169,7.91
3028170,345.48
3028171,265.49
3028172,14.02
3028173,9.93
3028174,470.35
3028175,106.72
3028176,2881.34
3028177,0.01
3028178,17.74
3028179,1.89
3028180,0.01
3028181,1.68
3028182,1693.12
3028183,0.0
3028184,213.97
3028185,4.48
3028186,305.33
3028187,415.27
3028188,109.92
3028189,88.37
3028190,59.64
3028191,1498.31
3028192,12.59
3028193,0.44
3028194,10.2
3028195,17.5
3028196,0.0
3028197,77.11
3028198,0.0
3028199,14.3
3028200,3.93
3028201,92.76
3028202,2.94
3028203,151.45
3028204,102.44
3028205,3.57
3028206,4.68
3028207,108.78
3028208,33.63
3028209,930.92
3028210,0.04
3028211,2.17
3028212,2.62
3028213,0.0
3028214,1.7
3028215,778.05
3028216,0.0
3028217,166.36
3028218,5.28
3028219,263.53
3028220,172.19
3028221,65.96
3028222,20.23
3028223,28.44
3028224,1185.95
3028225,0.17
3028226,0.47
3028227,9.43
3028228,11.78
3028229,0.1
3028230,65.73
3028231,0.01
3028232,4.0
3028233,0.21
3028234,14.09
3028235,0.06
3028236,202.17
3028237,131.3
3028238,1.4
3028239,0.52
3028240,102.27
3028241,13.07
3028242,420.4
3028243,0.05
3028244,0.77
3028245,4.33
3028246,0.04
3028247,1.54
3028248,2409.95
3028249,0.0
3028250,508.86
3028251,12.77
3028252,699.67
3028253,785.48
3028254,237.66
3028255,176.97
3028256,94.23
3028257,3108.72
3028258,16.21
3028259,1.25
3028260,13.18
3028261,21.91
3028262,0.05
3028263,198.97
3028264,3.47
3028265,28.31
3028266,4.55
3028267,67.97
3028268,2.03
3028269,236.81
3028270,187.91
3028271,8.45
3028272,6.15
3028273,284.37
3028274,70.1
3028275,1933.46
3028276,0.11
3028277,13.6
3028278,4.3
3028279,0.0
3028280,1.39
3028281,2779.38
3028282,0.0
3028283,510.37
3028284,10.27
3028285,1062.57
3028286,712.79
3028287,330.15
3028288,212.46
3028289,55.4
3028290,4199.79
3028291,11.05
3028292,0.44
3028293,27.28
3028294,13.32
3028295,0.18
3028296,279.97
3028297,0.0
3028298,3.78
3028299,2.97
3028300,35.51
3028301,0.14
3028302,392.39
3028303,316.91
3028304,3.45
3028305,3.6
3028306,179.36
3028307,73.85
3028308,1210.81
3028309,1.35
3028310,2.34
3028311,4.25
3028312,0.13
3028313,1.92
3028314,2937.98
3028315,0.0
3028316,549.48
3028317,10.42
3028318,845.45
3028319,608.33
3028320,269.98
3028321,148.68
3028322,53.52
3028323,3372.77
3028324,12.32
3028325,0.66
3028326,18.82
3028327,15.3
3028328,0.03
3028329,250.88
3028330,0.0
3028331,3.01
3028332,4.36
3028333,61.79
3028334,0.55
3028335,185.91
3028336,206.79
3028337,4.64
3028338,4.09
3028339,141.38
3028340,56.83
3028341,975.12
3028342,1.33
3028343,3.51
3028344,7.82
3028345,0.1
3028346,10.17
3028347,6781.82
3028348,0.0
3028349,972.32
3028350,46.48
3028351,1575.23
3028352,1545.0
3028353,300.55
3028354,371.43
3028355,281.21
3028356,6903.07
3028357,59.94
3028358,2.1
3028359,50.05
3028360,43.84
3028361,0.1
3028362,424.25
3028363,34.42
3028364,37.4
3028365,24.08
3028366,139.47
3028367,17.61
3028368,619.41
3028369,395.48
3028370,16.08
3028371,20.38
3028372,941.43
3028373,206.64
3028374,5786.2
3028375,0.05
3028376,68.2
3028377,2.13
3028378,0.04
3028379,0.3
3028380,1557.77
3028381,0.0
3028382,150.26
3028383,2.94
3028384,638.65
3028385,235.64
3028386,116.0
3028387,121.39
3028388,39.41
3028389,2163.98
3028390,3.47
3028391,0.17
3028392,12.39
3028393,4.48
3028394,0.0
3028395,175.15
3028396,0.23
3028397,0.0
3028398,1.14
3028399,30.57
3028400,0.17
3028401,175.12
3028402,128.83
3028403,1.0
3028404,3.13
3028405,99.98
3028406,16.72
3028407,455.43
3028408,0.01
3028409,1.11
3028410,6.24
3028411,0.04
3028412,0.74
3028413,2966.42
3028414,0.0
3028415,445.4
3028416,7.09
3028417,1086.01
3028418,560.83
3028419,204.25
3028420,238.29
3028421,74.6
3028422,4005.51
3028423,10.85
3028424,0.62
3028425,19.5
3028426,17.39
3028427,0.02
3028428,287.99
3028429,0.58
3028430,1.51
3028431,9.63
3028432,11.36
3028433,0.64
3028434,684.8
3028435,250.95
3028436,2.49
3028437,5.39
3028438,120.14
3028439,56.55
3028440,990.08
3028441,0.92
3028442,2.03
3028443,0.21
3028444,0.0
3028445,0.28
3028446,853.21
3028447,0.0
3028448,96.58
3028449,2.05
3028450,588.77
3028451,146.88
3028452,97.43
3028453,168.12
3028454,19.32
3028455,1827.44
3028456,0.28
3028457,0.11
3028458,6.36
3028459,2.9
3028460,0.01
3028461,95.05
3028462,0.0
3028463,0.0
3028464,0.04
3028465,12.25
3028466,0.03
3028467,112.92
3028468,118.44
3028469,0.14
3028470,0.52
3028471,50.7
3028472,5.33
3028473,164.17
3028474,0.02
3028475,0.42
3028476,8.35
3028477,0.0
3028478,1.56
3028479,2382.7
3028480,0.0
3028481,219.7
3028482,12.56
3028483,1021.21
3028484,356.4
3028485,218.76
3028486,127.85
3028487,66.36
3028488,3359.54
3028489,1.51
3028490,0.13
3028491,44.73
3028492,23.46
3028493,0.03
3028494,227.6
3028495,0.0
3028496,0.0
3028497,19.89
3028498,34.05
3028499,0.49
3028500,357.94
3028501,259.39
3028502,1.84
3028503,4.15
3028504,190.67
3028505,22.13
3028506,1319.79
3028507,0.01
3028508,2.29
3028509,1.83
3028510,0.25
3028511,0.86
3028512,2265.43
3028513,0.0
3028514,621.24
3028515,7.07
3028516,923.96
3028517,569.87
3028518,242.36
3028519,106.91
3028520,67.87
3028521,3433.41
3028522,4.41
3028523,2.58
3028524,17.23
3028525,49.41
3028526,0.05
3028527,225.64
3028528,1.36
3028529,3.42
3028530,3.3
3028531,25.41
3028532,1.36
3028533,276.93
3028534,250.99
3028535,0.86
3028536,3.92
3028537,129.02
3028538,27.26
3028539,583.23
3028540,2.92
3028541,2.37
3028542,2.86
3028543,0.01
3028544,2.09
3028545,1429.17
3028546,0.0
3028547,77.36
3028548,1.83
3028549,480.03
3028550,162.58
3028551,97.28
3028552,151.72
3028553,30.04
3028554,1993.87
3028555,1.63
3028556,0.11
3028557,8.81
3028558,4.53
3028559,0.02
3028560,131.33
3028561,0.0
3028562,0.0
3028563,0.03
3028564,11.13
3028565,0.18
3028566,333.43
3028567,122.67
3028568,0.25
3028569,0.38
3028570,62.0
3028571,16.14
3028572,329.22
3028573,0.01
3028574,0.09
3028575,2.96
3028576,0.0
3028577,0.58
3028578,3239.44
3028579,0.0
3028580,442.29
3028581,5.22
3028582,732.32
3028583,523.35
3028584,183.37
3028585,127.57
3028586,72.93
3028587,3345.88
3028588,5.48
3028589,0.13
3028590,18.1
3028591,7.2
3028592,0.06
3028593,191.21
3028594,0.0
3028595,21.94
3028596,1.16
3028597,34.53
3028598,0.38
3028599,353.58
3028600,208.71
3028601,2.13
3028602,1.83
3028603,106.92
3028604,40.9
3028605,1081.46
3028606,0.15
3028607,0.26
3028608,2.95
3028609,0.0
3028610,5.27
3028611,2370.5
3028612,0.0
3028613,482.19
3028614,8.06
3028615,796.22
3028616,715.59
3028617,133.52
3028618,105.03
3028619,98.18
3028620,3361.72
3028621,42.14
3028622,0.92
3028623,18.62
3028624,22.6
3028625,0.03
3028626,216.48
3028627,20.1
3028628,12.74
3028629,0.81
3028630,72.39
3028631,6.29
3028632,212.51
3028633,234.68
3028634,9.91
3028635,11.89
3028636,207.05
3028637,60.33
3028638,2163.98
3028639,0.02
3028640,9.65
3028641,4.09
3028642,0.0
3028643,5.02
3028644,1850.65
3028645,0.0
3028646,367.33
3028647,9.75
3028648,791.88
3028649,612.37
3028650,121.83
3028651,58.94
3028652,89.24
3028653,2904.17
3028654,18.78
3028655,0.79
3028656,24.42
3028657,39.37
3028658,0.0
3028659,259.84
3028660,17.98
3028661,12.23
3028662,5.93
3028663,54.78
3028664,6.55
3028665,139.62
3028666,320.77
3028667,5.25
3028668,6.94
3028669,100.08
3028670,74.93
3028671,1580.05
3028672,0.09
3028673,13.26
3028674,7.87
3028675,0.1
3028676,3.48
3028677,2776.17
3028678,0.0
3028679,616.46
3028680,7.73
3028681,1174.21
3028682,526.84
3028683,177.23
3028684,229.83
3028685,65.75
3028686,4628.8
3028687,25.08
3028688,1.16
3028689,18.45
3028690,16.92
3028691,0.05
3028692,305.49
3028693,4.28
3028694,10.3
3028695,5.82
3028696,41.61
3028697,2.13
3028698,294.94
3028699,270.02
3028700,4.81
3028701,6.17
3028702,199.38
3028703,30.47
3028704,1274.26
3028705,7.18
3028706,10.6
3028707,2.37
3028708,0.01
3028709,4.04
3028710,1859.14
3028711,0.0
3028712,254.05
3028713,6.81
3028714,654.54
3028715,594.36
3028716,166.17
3028717,106.72
3028718,66.58
3028719,2782.25
3028720,15.31
3028721,0.9
3028722,8.97
3028723,11.76
3028724,0.04
3028725,174.89
3028726,16.84
3028727,11.53
3028728,0.52
3028729,50.64
3028730,4.47
3028731,262.21
3028732,174.38
3028733,4.85
3028734,5.96
3028735,249.25
3028736,40.74
3028737,1569.46
3028738,0.01
3028739,18.04
3028740,2.16
3028741,0.0
3028742,2.04
3028743,3978.17
3028744,0.0
3028745,364.94
3028746,5.87
3028747,1456.89
3028748,514.11
3028749,235.2
3028750,133.97
3028751,58.26
3028752,4889.67
3028753,8.97
3028754,0.95
3028755,23.92
3028756,25.27
3028757,0.01
3028758,421.18
3028759,0.0
3028760,0.0
3028761,10.39
3028762,30.52
3028763,1.09
3028764,174.86
3028765,301.49
3028766,2.31
3028767,9.18
3028768,134.25
3028769,48.53
3028770,951.14
3028771,0.01
3028772,2.97
3028773,4.23
3028774,0.0
3028775,4.18
3028776,1710.25
3028777,0.0
3028778,342.05
3028779,10.02
3028780,837.81
3028781,583.08
3028782,183.07
3028783,89.85
3028784,123.01
3028785,3047.96
3028786,18.71
3028787,0.76
3028788,15.25
3028789,27.6
3028790,0.0
3028791,202.45
3028792,10.92
3028793,11.88
3028794,4.36
3028795,50.93
3028796,6.68
3028797,164.09
3028798,238.64
3028799,10.08
3028800,6.32
3028801,139.65
3028802,49.51
3028803,1537.97
3028804,0.05
3028805,4.89
3028806,2.52
3028807,0.0
3028808,2.36
3028809,1704.34
3028810,0.0
3028811,405.44
3028812,6.63
3028813,521.73
3028814,658.89
3028815,149.03
3028816,96.94
3028817,88.75
3028818,3008.03
3028819,23.44
3028820,0.46
3028821,12.18
3028822,13.36
3028823,0.0
3028824,158.71
3028825,10.37
3028826,34.58
3028827,6.62
3028828,48.45
3028829,6.82
3028830,210.75
3028831,179.33
3028832,5.8
3028833,6.51
3028834,194.14
3028835,45.24
3028836,1911.72
3028837,0.02
3028838,13.47
3028839,2.42
3028840,0.01
3028841,1.41
3028842,3699.14
3028843,0.0
3028844,501.16
3028845,12.97
3028846,1099.13
3028847,596.97
3028848,271.87
3028849,171.86
3028850,48.44
3028851,4243.08
3028852,6.75
3028853,0.01
3028854,16.11
3028855,13.0
3028856,0.01
3028857,247.1
3028858,0.0
3028859,3.33
3028860,0.45
3028861,42.05
3028862,0.67
3028863,264.22
3028864,294.8
3028865,2.31
3028866,0.63
3028867,200.47
3028868,118.34
3028869,1030.88
3028870,0.97
3028871,0.17
3028872,12.53
3028873,0.0
3028874,12.7
3028875,7532.11
3028876,0.0
3028877,1345.46
3028878,33.13
3028879,1849.15
3028880,1820.49
3028881,445.65
3028882,404.07
3028883,359.4
3028884,7910.41
3028885,60.29
3028886,2.64
3028887,114.28
3028888,87.55
3028889,0.04
3028890,570.65
3028891,18.29
3028892,21.56
3028893,30.61
3028894,215.9
3028895,14.52
3028896,680.12
3028897,415.61
3028898,28.71
3028899,35.1
3028900,899.99
3028901,291.64
3028902,6799.52
3028903,263.28
3028904,72.8
3028905,11.99
3028906,0.0
3028907,9.61
3028908,7086.44
3028909,0.0
3028910,955.48
3028911,29.75
3028912,1864.12
3028913,1677.45
3028914,574.33
3028915,251.98
3028916,236.91
3028917,8331.26
3028918,64.08
3028919,0.91
3028920,60.55
3028921,68.4
3028922,0.05
3028923,580.9
3028924,14.68
3028925,31.48
3028926,11.62
3028927,141.65
3028928,12.5
3028929,837.9
3028930,534.84
3028931,15.82
3028932,22.81
3028933,867.21
3028934,199.36
3028935,4469.43
3028936,246.28
3028937,68.82
3028938,9.11
3028939,0.0
3028940,10.83
3028941,4169.53
3028942,0.0
3028943,720.64
3028944,14.6
3028945,1816.43
3028946,1039.64
3028947,663.09
3028948,92.57
3028949,196.69
3028950,7179.8
3028951,28.65
3028952,1.43
3028953,28.67
3028954,32.1
3028955,0.09
3028956,583.6
3028957,20.22
3028958,17.79
3028959,9.01
3028960,69.26
3028961,6.65
3028962,797.36
3028963,604.39
3028964,18.35
3028965,30.51
3028966,586.88
3028967,124.1
3028968,1950.43
3028969,216.25
3028970,38.81
3028971,11.69
3028972,0.0
3028973,11.25
3028974,6413.9
3028975,0.0
3028976,913.94
3028977,20.67
3028978,1838.98
3028979,1628.9
3028980,517.56
3028981,242.99
3028982,200.47
3028983,8267.09
3028984,39.02
3028985,1.2
3028986,41.93
3028987,57.49
3028988,0.2
3028989,586.31
3028990,19.28
3028991,26.95
3028992,12.86
3028993,124.74
3028994,9.76
3028995,679.66
3028996,626.96
3028997,17.57
3028998,24.1
3028999,970.53
3029000,185.67
3029001,4154.92
3029002,263.49
3029003,60.72
3029004,8.62
3029005,0.0
3029006,9.9
3029007,3494.73
3029008,0.0
3029009,681.95
3029010,13.42
3029011,1636.18
3029012,925.78
3029013,514.37
3029014,68.86
3029015,128.93
3029016,6211.11
3029017,27.8
3029018,0.11
3029019,23.08
3029020,33.87
3029021,0.0
3029022,478.83
3029023,16.59
3029024,7.88
3029025,3.36
3029026,59.61
3029027,4.33
3029028,655.65
3029029,607.47
3029030,14.14
3029031,17.66
3029032,571.91
3029033,81.74
3029034,1374.55
3029035,260.37
3029036,15.8
3029037,8.86
3029038,0.0
3029039,9.33
3029040,5544.64
3029041,0.0
3029042,921.49
3029043,26.82
3029044,1529.01
3029045,1882.82
3029046,347.61
3029047,344.03
3029048,305.69
3029049,6494.4
3029050,57.58
3029051,0.88
3029052,48.27
3029053,42.86
3029054,0.02
3029055,377.52
3029056,10.2
3029057,25.12
3029058,5.0
3029059,145.67
3029060,11.44
3029061,646.01
3029062,414.05
3029063,14.85
3029064,29.37
3029065,765.36
3029066,191.38
3029067,5717.13
3029068,181.74
3029069,67.05
3029070,4.74
3029071,0.04
3029072,3.41
3029073,1654.52
3029074,0.0
3029075,262.27
3029076,20.8
3029077,795.67
3029078,486.53
3029079,187.14
3029080,63.08
3029081,78.3
3029082,2743.56
3029083,15.84
3029084,0.53
3029085,17.36
3029086,20.8
3029087,0.18
3029088,69.21
3029089,9.12
3029090,6.42
3029091,12.92
3029092,41.34
3029093,5.39
3029094,226.38
3029095,217.82
3029096,2.48
3029097,6.16
3029098,171.75
3029099,50.0
3029100,1237.86
3029101,0.05
3029102,7.71
3029103,7.31
3029104,0.0
3029105,6.45
3029106,3468.86
3029107,0.0
3029108,524.49
3029109,31.63
3029110,1322.87
3029111,867.35
3029112,418.46
3029113,76.38
3029114,134.32
3029115,5522.99
3029116,37.76
3029117,0.72
3029118,45.21
3029119,40.38
3029120,0.0
3029121,349.23
3029122,8.97
3029123,5.74
3029124,2.44
3029125,87.05
3029126,6.24
3029127,436.14
3029128,410.36
3029129,9.04
3029130,16.2
3029131,324.61
3029132,77.61
3029133,1716.84
3029134,232.72
3029135,14.86
3029136,6.35
3029137,0.0
3029138,3.9
3029139,3671.55
3029140,0.0
3029141,692.84
3029142,8.96
3029143,1035.03
3029144,1269.27
3029145,204.15
3029146,251.09
3029147,207.04
3029148,4265.17
3029149,25.83
3029150,1.06
3029151,22.42
3029152,32.7
3029153,0.0
3029154,280.58
3029155,1.28
3029156,43.94
3029157,3.34
3029158,89.85
3029159,6.63
3029160,486.44
3029161,247.78
3029162,17.05
3029163,7.34
3029164,538.59
3029165,111.91
3029166,4165.61
3029167,0.19
3029168,35.51
3029169,7.2
3029170,0.0
3029171,4.52
3029172,3889.67
3029173,0.0
3029174,725.75
3029175,9.03
3029176,1214.3
3029177,958.23
3029178,307.79
3029179,171.11
3029180,272.25
3029181,4963.15
3029182,26.45
3029183,2.6
3029184,32.68
3029185,28.77
3029186,0.07
3029187,314.32
3029188,5.37
3029189,35.5
3029190,6.6
3029191,134.85
3029192,6.56
3029193,394.72
3029194,313.81
3029195,12.14
3029196,21.29
3029197,357.45
3029198,118.63
3029199,3883.74
3029200,1.89
3029201,8.48
3029202,7.19
3029203,0.0
3029204,2.32
3029205,1699.98
3029206,0.0
3029207,391.17
3029208,6.75
3029209,723.27
3029210,354.76
3029211,185.07
3029212,72.13
3029213,82.38
3029214,2778.31
3029215,13.75
3029216,1.15
3029217,21.44
3029218,23.24
3029219,0.02
3029220,144.02
3029221,1.86
3029222,8.41
3029223,3.85
3029224,54.5
3029225,1.22
3029226,185.39
3029227,197.52
3029228,4.25
3029229,4.84
3029230,121.35
3029231,45.94
3029232,1315.72
3029233,0.05
3029234,1.38
3029235,5.43
3029236,0.0
3029237,0.35
3029238,2561.63
3029239,0.0
3029240,176.21
3029241,2.93
3029242,901.95
3029243,197.9
3029244,186.63
3029245,46.39
3029246,33.4
3029247,2599.02
3029248,7.39
3029249,0.4
3029250,15.25
3029251,10.31
3029252,0.01
3029253,186.94
3029254,0.0
3029255,0.0
3029256,1.65
3029257,12.29
3029258,0.15
3029259,46.77
3029260,149.02
3029261,0.0
3029262,1.57
3029263,52.42
3029264,73.03
3029265,480.2
3029266,0.01
3029267,0.87
3029268,3.26
3029269,0.0
3029270,5.08
3029271,2655.47
3029272,0.0
3029273,423.46
3029274,10.52
3029275,974.49
3029276,705.74
3029277,264.34
3029278,127.0
3029279,112.83
3029280,4090.12
3029281,23.69
3029282,0.7
3029283,15.05
3029284,39.68
3029285,0.0
3029286,247.54
3029287,22.09
3029288,11.95
3029289,6.42
3029290,56.05
3029291,5.24
3029292,371.78
3029293,262.98
3029294,6.42
3029295,11.72
3029296,376.71
3029297,79.86
3029298,1847.75
3029299,0.01
3029300,25.35
3029301,3.45
3029302,0.01
3029303,4.5
3029304,3458.44
3029305,0.0
3029306,540.33
3029307,16.02
3029308,848.89
3029309,1014.12
3029310,159.57
3029311,246.66
3029312,186.07
3029313,3746.7
3029314,36.25
3029315,1.87
3029316,21.65
3029317,32.81
3029318,0.18
3029319,103.79
3029320,10.47
3029321,29.78
3029322,3.38
3029323,108.39
3029324,8.29
3029325,414.16
3029326,199.43
3029327,5.45
3029328,11.43
3029329,511.49
3029330,125.55
3029331,4368.63
3029332,0.03
3029333,33.14
3029334,2.71
3029335,0.19
3029336,8.75
3029337,3595.96
3029338,0.0
3029339,695.51
3029340,21.33
3029341,912.61
3029342,1034.26
3029343,220.09
3029344,233.47
3029345,141.64
3029346,3857.23
3029347,28.69
3029348,1.55
3029349,33.96
3029350,35.8
3029351,0.0
3029352,286.78
3029353,24.82
3029354,29.53
3029355,19.61
3029356,108.79
3029357,11.4
3029358,382.77
3029359,250.85
3029360,15.03
3029361,18.69
3029362,421.4
3029363,128.9
3029364,3128.03
3029365,0.06
3029366,30.99
3029367,9.47
3029368,0.08
3029369,6.77
3029370,3101.01
3029371,0.0
3029372,412.7
3029373,11.21
3029374,1448.25
3029375,722.48
3029376,541.42
3029377,129.14
3029378,81.82
3029379,5695.24
3029380,8.95
3029381,0.87
3029382,49.4
3029383,28.78
3029384,0.0
3029385,424.69
3029386,10.2
3029387,4.22
3029388,4.69
3029389,30.44
3029390,3.24
3029391,515.79
3029392,401.53
3029393,5.01
3029394,6.92
3029395,328.25
3029396,96.7
3029397,1207.44
3029398,73.94
3029399,14.75
