id,sales
3000888,3.461944661098924
3000889,1.7631277378678922e-05
3000890,5.143403803151552
3000891,2303.2067976040576
3000892,1.8720905033727133e-07
3000893,378.9686150490812
3000894,9.714499174417368
3000895,727.0248828054446
3000896,834.5639184608792
3000897,142.1513266822072
3000898,152.2866735363332
3000899,140.19783556952444
3000900,2931.985924141205
3000901,20.426312904213436
3000902,1.2112428415832681
3000903,31.702374314759428
3000904,31.276796937507225
3000905,0.0013026501027670373
3000906,181.0153122548477
3000907,15.284952469734554
3000908,25.79637787107789
3000909,11.584898225577763
3000910,106.06757329890225
3000911,5.609692704623796
3000912,276.16226781122447
3000913,194.93877492508665
3000914,3.5511265474863953
3000915,9.827792103683198
3000916,299.719994242487
3000917,56.23975208527203
3000918,3973.732098047971
3000919,0.2664203936202514
3000920,23.970942691106675
3000921,1.1163227745037045
3000922,1.7631277378678922e-05
3000923,3.9116537213720055
3000924,1272.873091612324
3000925,3.913421868994198e-08
3000926,95.9015399052734
3000927,2.467307171368871
3000928,651.3651572180801
3000929,412.76276456954906
3000930,230.67512939316617
3000931,30.7985690309862
3000932,30.308388896734403
3000933,2666.9803171124154
3000934,2.1787903770946215
3000935,0.31708316598103065
3000936,10.850232384816268
3000937,10.950924812715265
3000938,0.010875754778358516
3000939,155.24690173863743
3000940,2.4108672333247267
3000941,1.6597671803293185e-05
3000942,2.512431254552458
3000943,16.190551979849253
3000944,0.26922961017860775
3000945,163.78189065181576
3000946,173.94305797242356
3000947,0.36726966174717407
3000948,2.6369658222233543
3000949,125.79262096918336
3000950,22.077703076689197
3000951,282.6097310909028
3000952,38.28073677394084
3000953,0.7742191601140829
3000954,5.339809560607516
3000955,0.21031700311305915
3000956,5.653599850673562
3000957,4130.155204769569
3000958,3.913421868994198e-08
3000959,690.9143224922873
3000960,10.955010194703368
3000961,1787.3452424727943
3000962,663.6428379590168
3000963,452.3730842975395
3000964,149.78076719712527
3000965,67.10166081947374
3000966,6900.4517187175325
3000967,17.84793474524702
3000968,0.3616645171906673
3000969,24.760390168220045
3000970,17.97620856504354
3000971,0.012498302309967946
3000972,441.1417993540784
3000973,8.221577427431365
3000974,3.930850521340663
3000975,9.395727468882782
3000976,33.25035000678559
3000977,2.4331619274959277
3000978,679.1682927926097
3000979,374.28967125910765
3000980,1.7709927770417595
3000981,12.962870815888534
3000982,391.0502812215874
3000983,97.87723769521459
3000984,1317.5888186632305
3000985,32.31680234580008
3000986,5.872624934063036
3000987,4.31613706755146
3000988,1.1232715077555674e-05
3000989,2.977608980234144
3000990,1493.8604223796356
3000991,3.913421868994198e-08
3000992,182.21191678937575
3000993,7.999083882072025
3000994,832.8363900240605
3000995,483.580062537915
3000996,189.50257556194217
3000997,39.35979379484459
3000998,35.33854320779267
3000999,2674.226085414188
3001000,4.890051693023953
3001001,0.1623386052810296
3001002,15.41325599713401
3001003,21.87688516596679
3001004,0.00044173276379911355
3001005,148.54134357247392
3001006,6.290586485005044
3001007,1.6420317630371988e-05
3001008,12.949514186118357
3001009,31.294770583707724
3001010,1.4077899586346265
3001011,136.054855991966
3001012,175.45551918819677
3001013,0.9731197877453506
3001014,4.8606929126285205
3001015,139.8392077094014
3001016,34.24897674157418
3001017,405.5073313569462
3001018,13.552545185942583
3001019,2.130056197632606
3001020,3.4286021469390837
3001021,1.837088434974322e-05
3001022,3.98906385333849
3001023,1397.1227312327378
3001024,3.913421868994198e-08
3001025,102.4525233088284
3001026,4.266288288511477
3001027,627.3436501412829
3001028,313.7277425717288
3001029,140.26919333939796
3001030,28.577869197661414
3001031,25.826377938625043
3001032,2856.947171886285
3001033,6.698527401229055
3001034,0.024513768322455623
3001035,13.875750796873485
3001036,11.010909906491621
3001037,0.004403089095027647
3001038,122.99045837222305
3001039,0.5880224220487168
3001040,1.6420317630371988e-05
3001041,2.855356210170866
3001042,33.59835901081522
3001043,0.5327383669530884
3001044,119.79453168794991
3001045,184.87947140724017
3001046,0.261325653741569
3001047,3.7558873942506303
3001048,59.69939406509603
3001049,21.138503990825896
3001050,225.767509566393
3001051,11.199499083375965
3001052,0.8052224213708028
3001053,2.704752832817618
3001054,1.837088434974322e-05
3001055,3.4887877088155554
3001056,1562.5447341774377
3001057,3.913421868994198e-08
3001058,161.0827040961988
3001059,5.512514777739586
3001060,916.8237801646183
3001061,449.4775042444271
3001062,243.5433277279665
3001063,30.87774275377718
3001064,34.76537225702183
3001065,3031.966116230647
3001066,4.469494184289987
3001067,0.1779547856724
3001068,8.98273326517704
3001069,17.47550363835746
3001070,0.011442803250373813
3001071,175.34643973718127
3001072,0.41807200289467417
3001073,1.6420317630371988e-05
3001074,3.516074817622314
3001075,20.512275558690533
3001076,1.8355566272202808
3001077,156.93226804695664
3001078,266.21340765210414
3001079,0.6007849065700276
3001080,4.82860440841149
3001081,53.734230399141914
3001082,82.66964519854382
3001083,372.1940361000631
3001084,12.644478195459717
3001085,3.3631873483381005
3001086,2.4088696306120636
3001087,0.396094725144589
3001088,4.3242574784449594
3001089,1733.5841190718115
3001090,3.913421868994198e-08
3001091,142.87434640088995
3001092,2.6567811751657047
3001093,820.9215365261629
3001094,396.3766929588079
3001095,242.11368020959458
3001096,84.32165758140953
3001097,58.77686944419735
3001098,2809.5743432175136
3001099,5.435353985846877
3001100,0.6247106556492473
3001101,13.982325977147875
3001102,20.197966417143814
3001103,0.008010807792820691
3001104,199.47372654791357
3001105,6.9826037205548355
3001106,1.6420317630371988e-05
3001107,9.029848630594522
3001108,19.04660299836737
3001109,1.1155174767185436
3001110,131.08202346252122
3001111,188.91485666467318
3001112,0.523255050922076
3001113,4.42362961746867
3001114,105.31600090997705
3001115,39.854987114946255
3001116,637.4463382907161
3001117,13.021490539989568
3001118,3.9583763077810517
3001119,3.341447677917239
3001120,0.06919712213358865
3001121,1.3515519356729027
3001122,1345.726373288654
3001123,3.913421868994198e-08
3001124,144.63713014323608
3001125,2.5180734738117327
3001126,860.9047831313641
3001127,271.87161112617105
3001128,145.38488883244085
3001129,97.07737568370554
3001130,25.72561575600081
3001131,2174.3532606624094
3001132,3.4289203587885884
3001133,0.09419040157093755
3001134,12.026586391645182
3001135,11.400243827067536
3001136,0.004890760655634693
3001137,152.35058701039222
3001138,4.4761859296452267e-07
3001139,1.6597671803293185e-05
3001140,3.038017212203769
3001141,35.135661659361084
3001142,0.8738117939936763
3001143,51.72465554624231
3001144,137.40322730827677
3001145,0.6223656364574448
3001146,2.1958930051955656
3001147,65.00086466611917
3001148,31.638378925251907
3001149,455.8407626570366
3001150,0.37241371667759887
3001151,0.5414539988065197
3001152,6.400987131048036
3001153,0.27821440374183554
3001154,3.17816455160044
3001155,2586.879836015482
3001156,3.913421868994198e-08
3001157,307.2794070764168
3001158,4.17429670535558
3001159,987.4970307322793
3001160,1022.3091953695989
3001161,424.7161242866926
3001162,148.44895698832926
3001163,88.26661344264929
3001164,4126.352138700631
3001165,10.551416565644466
3001166,0.7094327113361955
3001167,28.39747301673298
3001168,26.47055804239736
3001169,0.000505061535218167
3001170,242.71521933440673
3001171,0.00909661443757733
3001172,1.6597671803293185e-05
3001173,8.549449376816698
3001174,37.733180758957175
3001175,3.3277303012854196
3001176,240.80997786802814
3001177,239.71662809259624
3001178,1.4648542464962173
3001179,5.733612823362782
3001180,282.2904174665425
3001181,33.67133860752095
3001182,1337.602477526218
3001183,62.4543836155195
3001184,9.469337725134071
3001185,2.3149486153552403
3001186,0.059925057957890236
3001187,4.378913297395921
3001188,1837.7774863143902
3001189,3.913421868994198e-08
3001190,445.6771363228722
3001191,5.924084358653759
3001192,537.4156067365137
3001193,527.1341441241342
3001194,177.9605698643457
3001195,134.3515083561869
3001196,41.441411112226774
3001197,2465.034234681882
3001198,9.640256470947053
3001199,0.5884081037388881
3001200,22.93594223494924
3001201,21.548998565412568
3001202,0.000557572878772043
3001203,156.1642823073923
3001204,6.615099221711177
3001205,2.8528745944878633
3001206,7.898089949012697
3001207,59.58372640698449
3001208,2.342935537938121
3001209,44.59222097979153
3001210,112.93273994739148
3001211,2.9757783469353893
3001212,5.602059016926869
3001213,103.31975427747209
3001214,52.45651306777311
3001215,1295.202326585957
3001216,39.74635865432445
3001217,8.568317531685118
3001218,5.206000318528678
3001219,0.1568537958632201
3001220,3.7639099888800778
3001221,2427.5176616267872
3001222,3.913421868994198e-08
3001223,144.15400043986475
3001224,5.114477022092258
3001225,803.4862647076709
3001226,336.2974768145661
3001227,246.19013386472852
3001228,45.89451727700695
3001229,37.58584158412947
3001230,3114.2106443739576
3001231,7.05908628575533
3001232,0.8146896823332415
3001233,13.836189853047706
3001234,17.642661110251026
3001235,0.019958488496602863
3001236,159.0614440018892
3001237,5.25378830605779
3001238,1.6420317630371988e-05
3001239,8.739199706020448
3001240,31.264822405039002
3001241,2.886689032064304
3001242,115.2254266754027
3001243,181.2059286522056
3001244,0.7445515556005058
3001245,3.8939903390778254
3001246,76.22404504649565
3001247,23.97383096878097
3001248,428.71456088659545
3001249,14.804152808049158
3001250,3.470163711950953
3001251,5.436501949734401
3001252,7.75194951026663e-06
3001253,7.812407244519899
3001254,2459.0742004115455
3001255,3.913421868994198e-08
3001256,597.7525534646918
3001257,9.815665626326087
3001258,784.5844763141006
3001259,821.4458816338457
3001260,213.96338564598247
3001261,154.66775389142236
3001262,87.04864042505707
3001263,3803.415686002553
3001264,28.975417492731733
3001265,0.9384182413613656
3001266,20.006857028239516
3001267,41.80749379741943
3001268,0.0027407310752623902
3001269,222.89918758796514
3001270,19.566427990144028
3001271,19.670486384543146
3001272,10.05488581101501
3001273,66.74837633767179
3001274,9.797397291186424
3001275,403.26632619126303
3001276,249.87023714472122
3001277,7.606912206000893
3001278,6.379998504019762
3001279,412.5521923845227
3001280,115.57876385981376
3001281,3159.9290943973892
3001282,0.43319205335747224
3001283,34.01679693392257
3001284,5.6249583564796035
3001285,0.014229103685191808
3001286,4.832036999476117
3001287,3318.435506811454
3001288,3.913421868994198e-08
3001289,406.7384147143891
3001290,5.117507059338535
3001291,979.1119055937447
3001292,771.4639265802253
3001293,495.3300774842971
3001294,68.4403565217983
3001295,52.27021925503778
3001296,4356.726053372472
3001297,10.16765449017392
3001298,0.24690618706210318
3001299,21.862642288790184
3001300,12.736060085648
3001301,0.0032393358439393206
3001302,262.0723140110008
3001303,0.6495988837753585
3001304,9.715548588922413
3001305,8.66155802508071
3001306,40.05538929517328
3001307,1.6827453097133052
3001308,243.26753651557522
3001309,319.3050803475373
3001310,2.9885742203623606
3001311,4.59518834225057
3001312,213.08100924337816
3001313,57.246585503809825
3001314,945.8646846330728
3001315,106.42805633272808
3001316,8.383223558247227
3001317,7.466011542378292
3001318,0.3204047212692707
3001319,3.8838649978776636
3001320,2743.880980502858
3001321,3.913421868994198e-08
3001322,374.13470101474667
3001323,4.77148602599292
3001324,976.6754779351963
3001325,631.8577496651809
3001326,256.0171778470274
3001327,192.4025111108979
3001328,62.02663775238377
3001329,3520.981963694593
3001330,11.71791424358624
3001331,0.40862818530675843
3001332,29.794646075606124
3001333,28.582045740724574
3001334,0.004801450675691804
3001335,252.8490193897267
3001336,2.106124058037439
3001337,4.027917226050397
3001338,9.552068363369266
3001339,76.53688335040623
3001340,1.95155838471793
3001341,109.87235328131634
3001342,231.74479166859933
3001343,1.8811275754566321
3001344,5.872816712617007
3001345,139.8989112815447
3001346,133.69594914460558
3001347,1193.6790454147435
3001348,0.26301201953491904
3001349,2.937408116705507
3001350,3.6317361129021664
3001351,0.022290471932146488
3001352,3.3843995105962628
3001353,1776.0554963577183
3001354,3.913421868994198e-08
3001355,108.26069568931817
3001356,5.35588113780725
3001357,669.5368537068924
3001358,334.4131139937885
3001359,136.91192604683553
3001360,41.97498784244241
3001361,37.55750724765111
3001362,2522.8248423698574
3001363,5.436230792005459
3001364,0.5592436032680377
3001365,29.931872153246108
3001366,23.75502546816392
3001367,0.001498275522306355
3001368,139.467231726359
3001369,0.3877333281202997
3001370,1.6420317630371988e-05
3001371,5.68704735640249
3001372,53.05321037537717
3001373,3.1843678296676248
3001374,93.14014358644063
3001375,142.84313728436248
3001376,0.6559063436258793
3001377,3.882044089958114
3001378,125.13155612571146
3001379,29.999665507612683
3001380,419.58417867854763
3001381,13.882228602016598
3001382,1.382211556961911
3001383,1.4694421174065675
3001384,1.4741517831744546e-05
3001385,3.277328559244221
3001386,1377.0618978931352
3001387,5.950517133450641e-06
3001388,273.83954863302586
3001389,9.045979553526376
3001390,540.6857017065022
3001391,522.7823338415872
3001392,141.89885936961875
3001393,47.16044624164476
3001394,53.49106128575708
3001395,2259.570987898738
3001396,21.586989055618144
3001397,0.32920252054020305
3001398,13.01902390534298
3001399,16.414318323309715
3001400,0.022405928925174987
3001401,132.93278413780985
3001402,11.393151975222226
3001403,1.2497046939011938
3001404,3.3775494863363944
3001405,46.856373600686716
3001406,5.374439173540465
3001407,651.7336630949857
3001408,167.10583401941346
3001409,2.781040824366576
3001410,4.347171874991368
3001411,314.65326568834655
3001412,29.715750666931626
3001413,1567.0891607542396
3001414,0.3821010899905585
3001415,5.5430943727392075
3001416,2.159635274536472
3001417,0.01673219188614395
3001418,4.201733838683452
3001419,3424.5820353102827
3001420,3.606776917979608e-08
3001421,770.3983660754277
3001422,12.857307294354602
3001423,1150.2042316380812
3001424,1303.201209735514
3001425,283.9923798780397
3001426,257.65094605115564
3001427,181.70363250757302
3001428,4210.008932804374
3001429,27.776062664244133
3001430,0.715188636214127
3001431,19.117760974067625
3001432,41.14264927932033
3001433,0.0008122547505828646
3001434,267.0102564426529
3001435,9.244704334167956
3001436,45.693369476716896
3001437,13.987273061295557
3001438,84.21799795833498
3001439,12.689600308799681
3001440,414.6962078899409
3001441,291.4601125677714
3001442,14.570459079761303
3001443,9.176242317922997
3001444,552.9121637286306
3001445,111.50623530795502
3001446,5841.201237962924
3001447,0.253267051184107
3001448,22.745334828637528
3001449,1.7748682334481483
3001450,0.008572605721161645
3001451,4.324278631248395
3001452,1971.5749905169569
3001453,5.206758034648841e-08
3001454,344.97921617090253
3001455,4.765238680698969
3001456,381.71219779213254
3001457,545.8935130939248
3001458,152.26323128284676
3001459,114.00456684261798
3001460,70.73857409091107
3001461,1924.363527099053
3001462,14.08764685902072
3001463,0.4748827115801766
3001464,20.460210614259815
3001465,18.95833556498649
3001466,0.0002697755435949297
3001467,100.90065865867528
3001468,4.4761859296452267e-07
3001469,38.10195552709076
3001470,9.84310354225321
3001471,139.82809778721457
3001472,8.821534108373417
3001473,217.7346660163861
3001474,118.94015522514412
3001475,4.245072113201607
3001476,3.8606565507816035
3001477,170.82702891984468
3001478,36.93087191341351
3001479,2567.369082262604
3001480,4.979685894347924
3001481,2.9123494530478093
3001482,2.8078665449853037
3001483,1.837088434974322e-05
3001484,1.0335590396101935
3001485,797.1437828172967
3001486,3.913421868994198e-08
3001487,186.60854395377578
3001488,5.046152349817991
3001489,301.3607166062917
3001490,257.9271705178048
3001491,79.62422701312245
3001492,28.22875437282574
3001493,27.251459178673528
3001494,1458.759700012032
3001495,1.6283122429910606
3001496,0.4820825634076143
3001497,9.868078100670084
3001498,11.102098301174761
3001499,0.027543061205291215
3001500,82.38418045751783
3001501,0.0033147464014332464
3001502,7.761985455900333
3001503,0.2795585771536341
3001504,16.308967283000538
3001505,0.08464477841353002
3001506,225.14590626564456
3001507,147.44967704594538
3001508,1.8766422438894357
3001509,0.6458685648119424
3001510,121.62517906547289
3001511,20.99833789560188
3001512,916.6179507795073
3001513,4.306684834425365
3001514,1.8580782137312624
3001515,5.2183867587375
3001516,0.07724635121689537
3001517,3.8868496384369635
3001518,2813.7491548684493
3001519,9.00805745798785e-05
3001520,644.8075198470984
3001521,11.479516833123938
3001522,918.5288320860159
3001523,943.3119630817388
3001524,274.1840058040052
3001525,248.31112085282928
3001526,105.01496060405113
3001527,3719.2955180176364
3001528,26.186384378788897
3001529,1.8542983234543464
3001530,21.681435681332328
3001531,34.72523099413157
3001532,0.003355642321361248
3001533,219.54249934942345
3001534,5.173440957866352
3001535,32.1380686656116
3001536,11.67013054045561
3001537,84.33710831578175
3001538,4.0307774562870256
3001539,277.40263193571434
3001540,243.79237351091226
3001541,9.241239351776898
3001542,8.42837346765222
3001543,353.38162979752195
3001544,77.49510756969916
3001545,3900.1210348037853
3001546,8.553723665927452
3001547,17.92519588636407
3001548,4.569737781947431
3001549,6.770671573939344e-06
3001550,4.31969849773458
3001551,2833.363297745409
3001552,3.913421868994198e-08
3001553,541.8451529837538
3001554,12.161966347580957
3001555,910.0524536757542
3001556,826.7949188091198
3001557,299.8014202191614
3001558,196.14148340154165
3001559,53.13780754230975
3001560,4655.169563948587
3001561,11.210027527469116
3001562,0.4068513531408319
3001563,33.59265431395651
3001564,19.742750293323162
3001565,0.46111464585953044
3001566,251.58331664567135
3001567,4.4761859296452267e-07
3001568,9.127872069577277
3001569,7.554303018727129
3001570,39.125930437623786
3001571,0.7994687171733225
3001572,191.56320704631398
3001573,303.61737793207374
3001574,3.802354013950887
3001575,3.2769793811141894
3001576,165.138184759644
3001577,69.8006907038001
3001578,1299.7382398856623
3001579,9.315548980754205
3001580,2.7884886214199542
3001581,4.605726766374294
3001582,0.3437248188955216
3001583,4.257457226157375
3001584,2900.045254290872
3001585,3.913421868994198e-08
3001586,596.5186870841517
3001587,9.081839495155464
3001588,815.5373146913918
3001589,753.7211638716143
3001590,245.51907347744702
3001591,149.88555078951495
3001592,53.25240798436263
3001593,3759.208734552878
3001594,12.977346187618178
3001595,0.7402712737944362
3001596,25.707509243287603
3001597,19.310676104923694
3001598,0.0015083943514653299
3001599,209.16006313425092
3001600,4.4761859296452267e-07
3001601,7.106076790480101
3001602,7.218498544987666
3001603,63.87485120280206
3001604,1.203354250644953
3001605,106.16381012833473
3001606,229.13002737561274
3001607,4.0637256432129085
3001608,3.5410725798987457
3001609,145.74962283121747
3001610,63.716381054265575
3001611,1136.3056108367357
3001612,9.746759472646874
3001613,4.0375075840187025
3001614,8.246523994409994
3001615,0.009945530561523128
3001616,13.001603655985779
3001617,7652.10723575359
3001618,3.539323565349683e-08
3001619,1252.5265379800805
3001620,31.52910421907307
3001621,1809.073223674876
3001622,2119.781825917527
3001623,318.01840674106217
3001624,467.70273078237625
3001625,313.60927423234676
3001626,7621.029666074419
3001627,72.1149328828079
3001628,2.4036034937269246
3001629,61.93930972419571
3001630,49.554517072174505
3001631,0.012485381210347231
3001632,452.49728444678186
3001633,38.52076818268132
3001634,75.25382805435781
3001635,30.439561186748612
3001636,183.9355348973752
3001637,27.52546308728193
3001638,688.3329246113193
3001639,489.030941825434
3001640,14.530103930607355
3001641,21.67291348860234
3001642,1070.5336774491163
3001643,222.51986124691186
3001644,10401.644088974715
3001645,3.855057517013729
3001646,73.46870226033171
3001647,1.8024068490600715
3001648,0.14010509712507752
3001649,2.172143062453954
3001650,1534.3994103497312
3001651,3.913421868994198e-08
3001652,147.6202385135013
3001653,3.5127979371905655
3001654,624.1452915377287
3001655,332.2403882581879
3001656,119.37696003950025
3001657,113.5054658179589
3001658,42.626922979164206
3001659,2337.751823991473
3001660,4.055513702038924
3001661,0.23865023596782559
3001662,11.590631138664241
3001663,8.908296752342258
3001664,0.001319972484876231
3001665,174.66903377084913
3001666,0.16847005873874926
3001667,3.2704479483925055e-05
3001668,4.8686780023495
3001669,47.330249564277615
3001670,0.3702104595811405
3001671,50.27490920840323
3001672,113.85906643462506
3001673,1.6140550943558836
3001674,3.56044294527133
3001675,93.83733938969102
3001676,19.16157381505349
3001677,609.8314261112635
3001678,0.4951287208269246
3001679,3.157278496565631
3001680,6.428260155714006
3001681,0.024627614092039635
3001682,3.473157084536387
3001683,3064.0483166372433
3001684,3.913421868994198e-08
3001685,493.4043505310913
3001686,8.486128177373356
3001687,953.7383449378077
3001688,752.2858539991535
3001689,206.07634889593834
3001690,219.5286302384472
3001691,68.06059126953744
3001692,4305.0492037793865
3001693,10.960506415414292
3001694,0.3244767383954058
3001695,20.18578042723167
3001696,20.296130750583803
3001697,0.0015474432212040667
3001698,245.01456572189173
3001699,0.6837787634948905
3001700,6.8052101003780425
3001701,10.768756537806631
3001702,22.895282940853875
3001703,0.834930703821132
3001704,300.30251829689405
3001705,228.16615748891417
3001706,3.17488098146598
3001707,4.8922060890939925
3001708,102.69933681320062
3001709,64.04239139485061
3001710,1154.8337304124443
3001711,6.084344596008201
3001712,4.117139568413974
3001713,0.8215932509656975
3001714,1.837088434974322e-05
3001715,3.304171820903912
3001716,1160.7024147212746
3001717,3.913421868994198e-08
3001718,110.39001048994707
3001719,2.76131847748261
3001720,592.8868891003403
3001721,234.28112594986598
3001722,106.93552038618296
3001723,142.72703796205963
3001724,19.894670259797863
3001725,2015.080705879175
3001726,1.3308397546522863
3001727,0.16906973454348406
3001728,7.690283132707592
3001729,5.864737314602343
3001730,0.026327887306286244
3001731,106.49625252208256
3001732,4.4761859296452267e-07
3001733,3.2704479483925055e-05
3001734,1.040632891677928
3001735,25.63311815850224
3001736,0.06290738390555814
3001737,58.4449296286479
3001738,153.7287791402497
3001739,0.24582608252747554
3001740,0.849549902459402
3001741,43.399174997513384
3001742,12.104176060125392
3001743,137.31353155625735
3001744,0.2662970388218358
3001745,1.0666364730374034
3001746,5.420023578015736
3001747,1.837088434974322e-05
3001748,3.5326241599292034
3001749,2147.630268285484
3001750,3.913421868994198e-08
3001751,203.45233973269768
3001752,5.671461953805138
3001753,918.0331396819918
3001754,537.8114763705585
3001755,176.57905765792634
3001756,100.2309104663263
3001757,46.22022633857237
3001758,2803.751333959798
3001759,2.056226801058062
3001760,0.2455345099769357
3001761,32.42530015229825
3001762,18.584987393857222
3001763,0.005568731523766086
3001764,183.55142876684315
3001765,4.4761859296452267e-07
3001766,1.6420317630371988e-05
3001767,13.729775254963492
3001768,40.871086601478105
3001769,1.0791603340246774
3001770,265.1319713389373
3001771,190.6197625265177
3001772,1.6937147838300681
3001773,2.9005639810285926
3001774,202.8446500063532
3001775,30.617604380884032
3001776,1231.452871517121
3001777,0.4102720193878644
3001778,0.1973143570815959
3001779,2.6077288129630807
3001780,0.13969645524890303
3001781,3.0667402665477597
3001782,2248.0600751976626
3001783,3.913421868994198e-08
3001784,658.106722447339
3001785,7.2165629172938806
3001786,802.9674070007359
3001787,764.9831015965365
3001788,207.87649706182717
3001789,95.98159415654658
3001790,66.42289032105592
3001791,3629.014746523993
3001792,5.279790125886996
3001793,2.485111679320667
3001794,32.015947303584895
3001795,45.40028096711247
3001796,0.009425543306987713
3001797,207.445010802922
3001798,1.0553326238255953
3001799,7.016047598829833
3001800,10.150398039502708
3001801,24.346098345064902
3001802,2.232663333354833
3001803,166.4403771758224
3001804,284.45603589097163
3001805,3.030422944260261
3001806,5.385167263275959
3001807,139.5140823595906
3001808,29.37703884158377
3001809,729.2623001969216
3001810,14.037791405065345
3001811,2.450537328987059
3001812,3.444149432017767
3001813,6.589937295512381e-06
3001814,1.0407228285563261
3001815,1279.0753169937843
3001816,3.913421868994198e-08
3001817,97.88874660445106
3001818,1.318743625962708
3001819,434.2967219134441
3001820,256.8237366265053
3001821,90.25151079943501
3001822,132.72576095850562
3001823,35.846539130500915
3001824,1837.3725133403111
3001825,2.4225332997500866
3001826,0.0802070098703137
3001827,10.960839728266079
3001828,5.984890244974568
3001829,0.02996349710448832
3001830,99.47710894505123
3001831,4.4761859296452267e-07
3001832,1.6597671803293185e-05
3001833,0.11446318434603918
3001834,27.323557455238905
3001835,0.4370026683469041
3001836,163.92969956273743
3001837,119.52354888385507
3001838,0.5720253061387567
3001839,0.5740672211872824
3001840,27.45284258282883
3001841,16.46731766870926
3001842,376.27617724127623
3001843,0.455096513971108
3001844,0.579226915146556
3001845,3.6687520792333257
3001846,5.405825102973019e-05
3001847,2.5402049621560576
3001848,3478.010675613094
3001849,3.913421868994198e-08
3001850,483.69403972644807
3001851,7.142280410377182
3001852,786.9032820105645
3001853,673.2391583912373
3001854,181.8082504711309
3001855,93.6129926273558
3001856,61.79306011403347
3001857,3723.432519840981
3001858,6.045771201914562
3001859,0.3547439290785374
3001860,27.228410925319164
3001861,11.121925305022335
3001862,0.007451663649923703
3001863,211.88400590285752
3001864,4.4761859296452267e-07
3001865,29.453192803226642
3001866,7.474145245796922
3001867,58.1190071718118
3001868,0.8792694108945297
3001869,211.51569126924556
3001870,217.33795712379933
3001871,2.391327975181943
3001872,3.0422487005656826
3001873,107.41584349318123
3001874,48.70450418799108
3001875,1205.3837490612668
3001876,7.266914492006526
3001877,0.3572057870350048
3001878,3.451470228963849
3001879,1.7631277378678922e-05
3001880,8.083624142771038
3001881,2817.142212601845
3001882,2.503121515972218e-08
3001883,531.0365735816807
3001884,5.253833357449255
3001885,975.4003726301547
3001886,915.3702050350907
3001887,158.46592545558693
3001888,123.74459308973002
3001889,123.02537544346356
3001890,4061.190292009599
3001891,41.38134771222999
3001892,1.1999259081841847
3001893,32.632795580932125
3001894,32.13541692853704
3001895,0.00913475730093602
3001896,237.69869949319633
3001897,19.873557776763352
3001898,29.8163398098815
3001899,2.399827012767763
3001900,89.57733609970141
3001901,11.26977364027096
3001902,231.48310913290243
3001903,275.02004962650597
3001904,12.044672202657523
3001905,12.482831430265865
3001906,256.78844397521175
3001907,74.01115182687563
3001908,3810.1271755717535
3001909,0.19808187220655524
3001910,10.786031202625118
3001911,4.384017252896965
3001912,1.837088434974322e-05
3001913,7.1388382360471905
3001914,1730.2405395614767
3001915,3.610775826541411e-07
3001916,455.1074398181866
3001917,11.246210028123123
3001918,901.2666638481593
3001919,875.9077641856763
3001920,135.5156621343438
3001921,80.65959424129794
3001922,131.03911187840112
3001923,3493.2581241940375
3001924,23.2328890640131
3001925,0.5800307074277444
3001926,35.06362869652139
3001927,34.407629792033504
3001928,0.00029981959758309856
3001929,280.0751620325972
3001930,17.86892761705935
3001931,22.862427031388272
3001932,14.51417069859751
3001933,69.42349732734345
3001934,10.450482581202323
3001935,182.71136812190122
3001936,360.39587254563935
3001937,6.486899230616627
3001938,8.963450887836906
3001939,126.10816514139121
3001940,71.43252598626529
3001941,3140.087128819299
3001942,56.907065021984145
3001943,13.151848961050874
3001944,6.207531431947715
3001945,0.1437060909525523
3001946,4.459031384893905
3001947,3078.7777841453985
3001948,3.913421868994198e-08
3001949,633.3286166906983
3001950,5.356306187653047
3001951,1131.3357009727652
3001952,648.1783396213428
3001953,174.4659669150189
3001954,248.31677345993353
3001955,57.84975220189368
3001956,4900.888558982688
3001957,26.06991413159065
3001958,1.1025340563459534
3001959,28.661509073271755
3001960,19.219864884132537
3001961,0.023097587468474602
3001962,320.5752357953252
3001963,4.387978194960188
3001964,22.527508868736078
3001965,8.695492257985475
3001966,49.197178266974305
3001967,5.146645919518201
3001968,148.00489111438912
3001969,282.65887293208493
3001970,5.78586256413713
3001971,6.187701522136815
3001972,185.9425956722279
3001973,55.20419156693381
3001974,1579.5819850655937
3001975,16.25703196060586
3001976,11.426829827225804
3001977,2.685747908779229
3001978,0.0002783154075456237
3001979,5.511201569190158
3001980,2083.7781526019803
3001981,5.400981741730735e-06
3001982,322.98934898165595
3001983,6.132676669950778
3001984,732.0259564554682
3001985,685.4803246938135
3001986,175.3341789387366
3001987,124.77591724539035
3001988,71.73764697033519
3001989,3136.964338145234
3001990,19.443964025107434
3001991,0.8439112223833222
3001992,15.349155386941721
3001993,14.437501240801993
3001994,0.033295756198862055
3001995,187.4464242836278
3001996,16.35746648931034
3001997,25.670683460763733
3001998,2.3955637451673746
3001999,65.92785148561131
3002000,7.367348652776777
3002001,319.90533370789444
3002002,229.39861031022747
3002003,5.547540490582333
3002004,6.972496162179409
3002005,341.6661773618106
3002006,51.95581250372004
3002007,3047.812211388434
3002008,0.5321623479665131
3002009,19.816443135421345
3002010,3.139545766540918
3002011,0.16491030147961716
3002012,2.9730560298728395
3002013,5331.595406671668
3002014,3.913421868994198e-08
3002015,431.8680630849068
3002016,7.602929102109421
3002017,1880.5061809266524
3002018,867.7277194380731
3002019,261.9277338006987
3002020,153.9271118402777
3002021,59.63378677911799
3002022,5356.70130786447
3002023,8.813254450822496
3002024,1.502130610376445
3002025,30.62575253368729
3002026,27.18280124550572
3002027,0.01939124534977642
3002028,315.30221615116926
3002029,4.4761859296452267e-07
3002030,0.05905084511533393
3002031,10.50256941905392
3002032,29.077779306671143
3002033,2.1206748612502886
3002034,134.00671418200452
3002035,303.2837161269989
3002036,2.9778163352210516
3002037,8.205635070951256
3002038,152.03069254027199
3002039,55.181170479588
3002040,1134.4183107676872
3002041,0.8331501108109007
3002042,3.754398751494372
3002043,5.3918297641407005
3002044,0.00021638830051705284
3002045,9.217460868653541
3002046,2009.6769894364456
3002047,4.784705678534161e-08
3002048,462.13906634819733
3002049,9.275974541129868
3002050,917.270142377063
3002051,717.6028569792581
3002052,195.40827683425246
3002053,120.0723193680617
3002054,109.01380753390382
3002055,3932.224719812044
3002056,17.85666249389922
3002057,0.9500383328965021
3002058,25.343537486904435
3002059,35.77635886403545
3002060,0.0002529163320065506
3002061,218.50444781727887
3002062,11.946395810091325
3002063,23.505484934264267
3002064,10.802306879949422
3002065,54.227049371476085
3002066,9.694463416298078
3002067,189.3846070941413
3002068,289.6356076971483
3002069,12.133023860920375
3002070,7.836653872743768
3002071,184.7794408167281
3002072,68.80970104981397
3002073,2735.070818835111
3002074,5.266976429243509
3002075,6.568510383574242
3002076,2.459995138156476
3002077,1.7631277378678922e-05
3002078,5.544951672372728
3002079,1799.8755498688731
3002080,3.913421868994198e-08
3002081,441.1699741346777
3002082,7.431721907363932
3002083,660.6766200841995
3002084,792.0238514355606
3002085,153.3294184890585
3002086,114.11335591542445
3002087,103.87553360278868
3002088,3127.2769147465733
3002089,27.678858472538263
3002090,0.7198489095315741
3002091,25.63836557597895
3002092,32.03823056485765
3002093,0.0031026905831272947
3002094,190.4253694365407
3002095,11.894815985781337
3002096,35.07664065572471
3002097,13.000826997294626
3002098,57.072599274996406
3002099,9.509414945608084
3002100,216.16249651430903
3002101,210.27118224165758
3002102,7.873895477817552
3002103,8.30827167167346
3002104,216.6092854030459
3002105,52.73326953410236
3002106,3245.3718973151176
3002107,3.988914038954616
3002108,12.306566698959408
3002109,3.497892422857737
3002110,0.005541822138039858
3002111,4.6482748410402275
3002112,4597.039419876498
3002113,3.913421868994198e-08
3002114,521.9376702106222
3002115,11.290418326604923
3002116,1010.4279375307152
3002117,753.732121975369
3002118,254.68598677851173
3002119,131.97322886848204
3002120,46.216674985511695
3002121,4330.206139352815
3002122,9.460857152495622
3002123,0.03426999544770432
3002124,17.650356928540365
3002125,23.428151232257928
3002126,0.0509741568779779
3002127,204.40980888070666
3002128,4.4761859296452267e-07
3002129,12.849719058375706
3002130,1.2403757252542238
3002131,53.99457933445286
3002132,1.1628410410696053
3002133,189.65094745882791
3002134,273.5160079579507
3002135,2.256020436757767
3002136,1.253173490990645
3002137,214.6014946652401
3002138,118.02695841854991
3002139,1211.7383734284726
3002140,12.670658287073463
3002141,0.17109635011779029
3002142,12.43152024103545
3002143,1.7631277378678922e-05
3002144,13.346983787536255
3002145,7863.557273877059
3002146,1.3073528216239012e-07
3002147,1402.6856955233864
3002148,30.14987912299249
3002149,2174.1219234568807
3002150,2296.3905614349314
3002151,464.812066255634
3002152,556.6161266215876
3002153,381.0157143981093
3002154,8556.781084026701
3002155,76.04334297391641
3002156,3.619130140361535
3002157,120.02879272379468
3002158,132.25758162869866
3002159,0.002905435957206993
3002160,537.8894106090336
3002161,24.740498742421185
3002162,29.220514313480944
3002163,42.460310411735485
3002164,273.92444912584915
3002165,22.391336845678453
3002166,769.5787078123636
3002167,490.46287449189566
3002168,30.64111239106654
3002169,35.237654034684546
3002170,1032.642432599146
3002171,309.3626030944053
3002172,13082.282512949483
3002173,279.44791081054314
3002174,79.15702865187626
3002175,12.41767838235304
3002176,1.7631277378678922e-05
3002177,12.33221787397076
3002178,7669.582423181655
3002179,1.3529430195091317e-07
3002180,1182.2485882327908
3002181,26.30100185502221
3002182,2221.653270830891
3002183,2121.376235243935
3002184,621.3873632589776
3002185,343.1395739540901
3002186,271.56580972811554
3002187,9590.476328714423
3002188,79.88713729742096
3002189,1.1726257428222333
3002190,82.21631139564602
3002191,89.90737486036618
3002192,0.47435798584017064
3002193,537.5929927509558
3002194,18.978795050748463
3002195,39.338584705840695
3002196,15.070987970487637
3002197,182.80224271969965
3002198,20.164701070190173
3002199,835.3676582693126
3002200,640.0411655444717
3002201,18.53093644617183
3002202,25.974373349652605
3002203,1095.0895248189302
3002204,246.23533538791645
3002205,8209.469491798214
3002206,286.74017974198057
3002207,72.0207436392482
3002208,9.179534852580534
3002209,1.7631277378678922e-05
3002210,15.884198443383536
3002211,4671.920009393619
3002212,0.00011990718509717965
3002213,832.05055930254
3002214,13.048891655882784
3002215,1814.4107723687557
3002216,1265.1507815514956
3002217,627.6357173469768
3002218,106.2207563897311
3002219,208.97637010764808
3002220,7687.753026091725
3002221,34.77893146850887
3002222,1.7952939787177349
3002223,45.56849762172245
3002224,28.78439284305707
3002225,0.26340656369133514
3002226,488.724024859363
3002227,17.52099380278716
3002228,28.082915569497672
3002229,14.68289206635197
3002230,91.71954448263392
3002231,12.724888084301357
3002232,921.4706557345748
3002233,646.6559747889269
3002234,17.357187048233502
3002235,35.287006573472546
3002236,566.3652447146997
3002237,130.33225193401253
3002238,3379.697850502903
3002239,245.94452245853412
3002240,39.88745643971144
3002241,9.211942510291175
3002242,1.7631277378678922e-05
3002243,19.115267758550054
3002244,6977.8789244838135
3002245,9.329037172290639e-07
3002246,1060.031788490347
3002247,20.742047244346118
3002248,1993.787974103259
3002249,2036.6800035253564
3002250,545.47742499575
3002251,312.4445134409446
3002252,231.15002005281406
3002253,9076.91346978455
3002254,40.18219796759818
3002255,1.1042394451021043
3002256,85.83035948940179
3002257,62.09926125750234
3002258,0.31537348812005933
3002259,511.70910490201675
3002260,25.75035772180479
3002261,31.91681951107945
3002262,20.432665434749158
3002263,180.72969948819502
3002264,15.838657583272132
3002265,731.3028256023289
3002266,629.8078205075399
3002267,18.115274081609673
3002268,29.71900819317473
3002269,910.0772922557234
3002270,205.31121746761173
3002271,6961.25366850722
3002272,276.8742461947697
3002273,60.000205553894425
3002274,8.70341186877846
3002275,1.7631277378678922e-05
3002276,16.854045417552562
3002277,3385.2903376674517
3002278,1.0626257863961309e-07
3002279,685.5064436245435
3002280,14.46784595517335
3002281,1550.3824881598807
3002282,977.8637262001331
3002283,480.8918454925674
3002284,85.07108087195317
3002285,140.76830937555468
3002286,6094.6360561972315
3002287,30.636892820139014
3002288,0.32044606268713766
3002289,28.505624028358113
3002290,30.962756481783458
3002291,0.0014645364461588837
3002292,400.2728070154424
3002293,19.811796499348873
3002294,16.285068847509823
3002295,3.05454188061676
3002296,85.3474060794037
3002297,6.4242850864928425
3002298,637.192885540482
3002299,610.1939794903572
3002300,13.509988458142448
3002301,20.57717862761482
3002302,607.0045139711598
3002303,80.25755754300245
3002304,2251.2006044795053
3002305,267.1640173040833
3002306,18.265752367060557
3002307,9.612653175504153
3002308,1.7631277378678922e-05
3002309,12.799459728776373
3002310,6193.83394776523
3002311,5.934181455437584e-08
3002312,1194.769600955461
3002313,25.016817284243846
3002314,1764.5881493152085
3002315,2208.7821467808462
3002316,371.9126456910084
3002317,440.9229447522054
3002318,317.5973052149515
3002319,7749.559452319106
3002320,64.67482833433209
3002321,1.3486912232922035
3002322,53.93718357516353
3002323,57.68808853887294
3002324,0.18333274499563518
3002325,420.7808918261801
3002326,9.751305483674832
3002327,35.68627368401337
3002328,10.872018155765478
3002329,201.76366142054675
3002330,17.43111414758419
3002331,676.0525744870486
3002332,493.8621435326235
3002333,15.919225852515135
3002334,27.46751162418472
3002335,900.9725172906394
3002336,217.27782213073786
3002337,9951.856597129276
3002338,203.2937889119217
3002339,66.40780964971668
3002340,4.895825623912734
3002341,0.05520695911375373
3002342,6.663880842634635
3002343,1915.6048310131703
3002344,2.781457853726401e-08
3002345,343.40154811115593
3002346,20.869273040705096
3002347,816.9152990178137
3002348,564.3238482413102
3002349,204.80028711342914
3002350,78.69163538072914
3002351,78.39519153505941
3002352,3065.5475224989973
3002353,20.29200237410812
3002354,0.7171473499744587
3002355,29.173870112567275
3002356,32.07989329857084
3002357,0.0008846566092578995
3002358,179.3066135659512
3002359,12.478822099744033
3002360,11.475628835611571
3002361,11.340831699872577
3002362,47.02950081688067
3002363,9.419954145823569
3002364,223.02530241075598
3002365,219.9903922536275
3002366,2.520262440255222
3002367,7.240336858667745
3002368,212.28204814443706
3002369,49.69158568395582
3002370,2063.9161575154644
3002371,5.504618470458108
3002372,9.233124948654451
3002373,7.28099493351557
3002374,1.4741517831744546e-05
3002375,12.841737792387299
3002376,3831.0231823078157
3002377,8.531178972048331e-06
3002378,534.5920288351628
3002379,29.54314516887872
3002380,1359.6322424200378
3002381,1043.2047619885884
3002382,444.41492991167667
3002383,87.61254980563028
3002384,134.96904514179576
3002385,5782.481106703422
3002386,55.40336570442864
3002387,0.7889885877413646
3002388,64.41187124961546
3002389,41.65151653601894
3002390,0.000517439597029594
3002391,323.8757675093656
3002392,10.055251782742262
3002393,9.624932651674232
3002394,7.940440655824316
3002395,114.71267456521205
3002396,10.033023568393235
3002397,582.9139917694679
3002398,464.8889607473603
3002399,10.2195300739821
3002400,20.0437437893903
3002401,357.24041100516695
3002402,80.69718486614529
3002403,2660.4292109562116
3002404,268.08775589315405
3002405,15.759566568496025
3002406,6.115462615507696
3002407,1.837088434974322e-05
3002408,6.550434554387416
3002409,4283.561673956555
3002410,1.0842810136288655e-07
3002411,931.1001714017341
3002412,9.094671343085205
3002413,1470.0187288131322
3002414,1768.205589875363
3002415,234.1264422117728
3002416,367.4030378174674
3002417,229.51210323752494
3002418,5372.668029441925
3002419,44.96046867366941
3002420,0.9639003716688567
3002421,28.492744795665494
3002422,45.44637946413591
3002423,0.0002584421036444712
3002424,301.57250892280956
3002425,2.199025898806093
3002426,57.99362384565057
3002427,9.63491713520678
3002428,121.41100260119403
3002429,12.013847891825487
3002430,621.024214524986
3002431,293.48984466100507
3002432,17.50919948484813
3002433,9.790332246363798
3002434,831.244954154682
3002435,116.46239610334727
3002436,8479.266204528785
3002437,5.168650636920245
3002438,43.592667691600106
3002439,7.988275714818754
3002440,1.837088434974322e-05
3002441,8.303203453362682
3002442,4135.311788943281
3002443,3.913421868994198e-08
3002444,877.6689869562114
3002445,11.472666115166106
3002446,1530.2473326235645
3002447,1202.2250687937822
3002448,327.67240220060603
3002449,220.2118993990499
3002450,274.3602155174614
3002451,5754.028109723737
3002452,28.54584857031348
3002453,2.402443849449263
3002454,50.43627882918368
3002455,46.09773832699276
3002456,0.0056936387151636045
3002457,317.72869872332484
3002458,6.78864708460382
3002459,52.16000271613231
3002460,8.797211472925905
3002461,175.59614997753695
3002462,11.382600239798663
3002463,432.78516013627194
3002464,334.0167565523291
3002465,13.240111420073045
3002466,26.193555237947763
3002467,461.97871901761204
3002468,124.59794829315256
3002469,7868.446201940897
3002470,35.80216341094885
3002471,7.466798464368709
3002472,6.955211747272224
3002473,0.0009862875774276554
3002474,4.247613657066998
3002475,1957.353766965455
3002476,4.691148547594441e-08
3002477,441.649129591788
3002478,5.930395932508628
3002479,981.2079481079323
3002480,500.9207913832973
3002481,202.16250842135386
3002482,88.45266011143806
3002483,100.10933860555707
3002484,3164.9852096701925
3002485,13.797025549276904
3002486,0.9819319880852205
3002487,28.694819740898367
3002488,26.28182611212595
3002489,0.011734099758161752
3002490,201.55468554899699
3002491,4.5879600640175315
3002492,15.203731110022451
3002493,11.384627576224089
3002494,61.504906979860735
3002495,4.572610154353425
3002496,234.94789921115793
3002497,221.95019820740907
3002498,4.499139039141413
3002499,5.063445804031223
3002500,156.02920839355178
3002501,86.9707365479848
3002502,2845.1924417069486
3002503,2.010479553687444
3002504,3.400544277848399
3002505,5.80518756569212
3002506,1.837088434974322e-05
3002507,0.9969755420686195
3002508,2920.8784979223233
3002509,3.913421868994198e-08
3002510,217.8435899806263
3002511,3.333003382845569
3002512,965.8538103358594
3002513,294.47285193423085
3002514,178.145239549805
3002515,58.43333184134199
3002516,24.101230680883926
3002517,3263.407855928714
3002518,9.849413763125405
3002519,0.3764330315051635
3002520,20.207571772594473
3002521,10.662683045857143
3002522,0.016175292637021596
3002523,179.3830203845504
3002524,4.4761859296452267e-07
3002525,1.6420317630371988e-05
3002526,6.539510540322025
3002527,45.33741212867998
3002528,0.6964038223219406
3002529,48.72507372859209
3002530,163.07690934943813
3002531,0.004714359790333737
3002532,1.3791030240072366
3002533,48.8701378014676
3002534,81.6379859790645
3002535,667.1183248008866
3002536,0.2202774695168177
3002537,1.0733288712267648
3002538,4.942700817577392
3002539,0.0022456747471294625
3002540,6.826872956321043
3002541,3051.1261182709136
3002542,3.913421868994198e-08
3002543,539.6372020121908
3002544,9.961604256412096
3002545,1143.1006078528524
3002546,909.9444149912499
3002547,311.9833744407879
3002548,170.34630799966786
3002549,136.44199280939776
3002550,4646.770678410415
3002551,30.211249702680345
3002552,0.5607525375490785
3002553,23.765302883800008
3002554,45.806676191797
3002555,8.497738505765366e-05
3002556,259.36684730191763
3002557,20.118774705492118
3002558,22.286424599601947
3002559,10.950766957932267
3002560,66.81274405010508
3002561,6.2772686577020265
3002562,422.00681810280713
3002563,309.21045475758376
3002564,8.299670156939623
3002565,12.608279204194773
3002566,446.3793643933493
3002567,90.81084557963858
3002568,3615.8730910268187
3002569,0.32061545462741475
3002570,38.49882523134669
3002571,4.352591380927769
3002572,0.07462184111903528
3002573,7.456670316479264
3002574,4322.561851627034
3002575,0.0002150490512476604
3002576,699.0765786928417
3002577,15.823655937778339
3002578,1158.8213284149654
3002579,1431.724558004862
3002580,180.5854128313047
3002581,298.0735461055639
3002582,213.85120577993445
3002583,4207.670042002184
3002584,37.67904065623315
3002585,2.263716250852505
3002586,30.944018460531943
3002587,38.70616788486459
3002588,0.49112662740214263
3002589,246.70604853477644
3002590,12.845184229140147
3002591,38.74586299760879
3002592,9.869464552230257
3002593,145.8317688753066
3002594,19.481257725684223
3002595,475.0079370205828
3002596,270.1024657399267
3002597,6.543517878409207
3002598,12.074349012586145
3002599,669.7955824907444
3002600,143.2875138905298
3002601,6960.150378187925
3002602,0.8119720335316037
3002603,47.711604558585066
3002604,3.3570486469001994
3002605,0.3345053425282373
3002606,10.481542527586507
3002607,4396.548728231769
3002608,2.1423188097408895e-07
3002609,847.9034258261596
3002610,18.88669023227792
3002611,1256.8360423738368
3002612,1482.5442914845703
3002613,267.2464466818611
3002614,306.3734162548423
3002615,163.70216165061393
3002616,4809.077025672429
3002617,32.04994181341868
3002618,2.4235648866817088
3002619,42.206851157607865
3002620,49.37375141988726
3002621,0.0003103645643335294
3002622,347.923897615796
3002623,28.128846598576658
3002624,50.00151394331233
3002625,32.00855749570686
3002626,147.29294047483836
3002627,17.641550950118745
3002628,411.6645155220895
3002629,334.55535340857847
3002630,14.574183647249848
3002631,19.046670977512875
3002632,527.3981598562303
3002633,149.0874135831622
3002634,6335.073029702285
3002635,6.839820430384481
3002636,35.645674425525044
3002637,10.323008054008607
3002638,0.08759344484846848
3002639,9.389311057543512
3002640,2920.916279218403
3002641,3.913421868994198e-08
3002642,434.6554998105002
3002643,12.785529498864422
3002644,1310.0748960352673
3002645,758.0302728980548
3002646,454.03040756812527
3002647,164.90057908343977
3002648,92.47904463457506
3002649,5563.125477266516
3002650,8.086788532085231
3002651,0.9963598156485416
3002652,49.66665540978676
3002653,42.479555295447774
3002654,0.00019814514882277048
3002655,356.1222165861884
3002656,6.770880596484723
3002657,8.703529677994416
3002658,9.998714160601924
3002659,47.35877855186806
3002660,6.963087663741635
3002661,326.5831377327866
3002662,411.6114890502587
3002663,5.951873292633444
3002664,6.050511843715973
3002665,319.0026300623703
3002666,108.64402735764175
3002667,1409.0023406848497
3002668,169.04230692648179
3002669,14.846264993611761
3002670,3.397764706606709
3002671,1.5986688425242094e-05
3002672,3.5925966714490905
3002673,90.05594846840295
3002674,4.53535507309651e-06
3002675,0.36122328666908
3002676,11.504717524307251
3002677,15.07084713665924
3002678,0.9765167423417535
3002679,1.420295490920505
3002680,0.790374318390197
3002681,10.879924918734227
3002682,229.03281561736082
3002683,16.632797696146916
3002684,1.042960842789262
3002685,14.4840144766818
3002686,21.909040502669463
3002687,0.0012046973828955345
3002688,11.395735706245054
3002689,8.690234275419092
3002690,12.42771674950291
3002691,3.0559043496778444
3002692,38.33000043981764
3002693,5.359334114600645
3002694,0.18571785654882017
3002695,59.38676825716572
3002696,3.7276604749610094
3002697,7.195613890742808
3002698,7.393725466267247
3002699,4.437597139145977
3002700,0.3353780159006892
3002701,0.002573763033111954
3002702,22.549943933268068
3002703,1.1540606670599196
3002704,1.5986688425242094e-05
3002705,2.6311761912755545
3002706,10.052928059248744
3002707,4.497222911871045e-08
3002708,2.339175162712378
3002709,2.023106310908662
3002710,108.86272819980358
3002711,10.738509150121756
3002712,1.4263290985193235
3002713,3.798677529391185
3002714,1.5995826130453337
3002715,390.22096183668924
3002716,2.733156374681474
3002717,0.3110887211399077
3002718,3.7455889978898953
3002719,4.177243410092884
3002720,0.007384478062501167
3002721,2.87305889842639
3002722,3.5504184138224537
3002723,3.9460554836671356e-05
3002724,0.5633364796514545
3002725,7.048661415940779
3002726,0.3820200816284592
3002727,10.010286153815349
3002728,12.79447054640199
3002729,0.35337630421092625
3002730,2.618835629548758
3002731,1.641079917956514
3002732,1.0065146645293965
3002733,1.454751571042086
3002734,0.3024864921058707
3002735,0.9212727153382205
3002736,5.656300996651739
3002737,0.14865649198820008
3002738,4.035234460875531
3002739,329.7940054647229
3002740,4.497222911871045e-08
3002741,0.5451676373758253
3002742,10.932848247871032
3002743,401.53176542669445
3002744,1.0807641731108155
3002745,336.25540225756663
3002746,3.595360012895464
3002747,1.4435874166789868
3002748,4753.926900109818
3002749,17.98287031445404
3002750,0.38779214401784823
3002751,17.45495134535055
3002752,13.648404807895387
3002753,0.016674041723749648
3002754,24.778183930732396
3002755,6.537969354548635
3002756,2.3428310510519035
3002757,7.456944454777129
3002758,17.4008098786527
3002759,2.2479441746680813
3002760,6.063016082949365
3002761,33.35374244550267
3002762,1.529940502033527
3002763,12.324438334809114
3002764,2.627223085540451
3002765,7.0795047112533895
3002766,0.10986593292581533
3002767,9.429840655889933
3002768,4.280044922111041
3002769,4.020536376628583
3002770,8.344287454131077e-06
3002771,0.1098159855480288
3002772,255.01252916977603
3002773,4.497222911871045e-08
3002774,3.18711647668778
3002775,8.88226753053059
3002776,123.85290433216305
3002777,1.0102908044458005
3002778,1.7329184642641688
3002779,1.6752439655055955
3002780,0.48921531471212654
3002781,784.5818782730823
3002782,5.36807857444181
3002783,0.1961802894591597
3002784,4.785440500698761
3002785,16.82708959483757
3002786,0.0005487943250801755
3002787,5.69267180912719
3002788,5.095146346056504
3002789,3.90388949017792e-05
3002790,6.753433206450178
3002791,19.97882915562512
3002792,1.3160641843083418
3002793,19.301424231451715
3002794,4.419565696176785
3002795,0.8085761256132049
3002796,5.071347950346747
3002797,3.452801450069564
3002798,1.187170121071477
3002799,1.164239810000132
3002800,2.0595438746259167
3002801,2.9868265159315275
3002802,3.311413297089494
3002803,1.6657306657786753e-05
3002804,1.8280277408758085
3002805,61.06019112101688
3002806,4.497222911871045e-08
3002807,4.148116155374208
3002808,5.371608047067494
3002809,92.29524324810441
3002810,9.814751759998375
3002811,0.728626850062112
3002812,6.537801114801293
3002813,0.5438897891711783
3002814,143.99124623164576
3002815,6.206172720914894
3002816,0.024451110566317526
3002817,8.508910821223656
3002818,5.560115191825532
3002819,0.001809054592292527
3002820,1.69673500667719
3002821,0.5392736967564593
3002822,3.90388949017792e-05
3002823,0.722966745928071
3002824,9.532247793616408
3002825,0.6687770133084978
3002826,101.40416214038807
3002827,5.955548359106864
3002828,0.15758825273833288
3002829,3.660939423696228
3002830,0.4600188603873947
3002831,0.8522858013391247
3002832,1.6698883090391456
3002833,1.260392278290166
3002834,1.2086919296727068
3002835,1.7705963677257115
3002836,1.6657306657786753e-05
3002837,2.1347475329232006
3002838,78.51925575594272
3002839,4.497222911871045e-08
3002840,5.5687518820112345
3002841,5.216541038479078
3002842,124.8294968978456
3002843,0.6008226914690123
3002844,2.877876313523252
3002845,2.713354218954808
3002846,1.3559332476453112
3002847,407.4519174378407
3002848,2.3682407708009316
3002849,0.09547940997571659
3002850,3.1816150394382037
3002851,12.527739688960082
3002852,0.00916743875865206
3002853,8.079165644211145
3002854,0.28935656771152274
3002855,3.90388949017792e-05
3002856,1.4346090090652774
3002857,10.755806615329977
3002858,1.8815152184554709
3002859,225.3622119300047
3002860,20.561078792836632
3002861,0.5021880724491745
3002862,3.61177898990445
3002863,0.3805043906834571
3002864,7.148190208438258
3002865,2.2026762429196705
3002866,3.9578240342691817
3002867,3.5195575589507593
3002868,2.195078824830186
3002869,0.5139947990669008
3002870,3.3799711187757118
3002871,106.20970439151039
3002872,4.497222911871045e-08
3002873,4.392911275831666
3002874,3.2031652120869074
3002875,187.82681443938242
3002876,0.6039450595366287
3002877,15.220215826015174
3002878,0.6633678963094404
3002879,1.4454931187343278
3002880,747.2543998211836
3002881,3.3189313653252164
3002882,1.3764418726469385
3002883,5.901990315253374
3002884,10.275831452165054
3002885,0.0020468767829385556
3002886,10.103016899220185
3002887,5.22834898849753
3002888,3.90388949017792e-05
3002889,2.57454666563195
3002890,9.898929130426923
3002891,0.9188090487606085
3002892,44.11905760076532
3002893,14.228544059811183
3002894,0.48910995094084536
3002895,3.9888602272742633
3002896,0.47870874434738464
3002897,1.6513945197819329
3002898,0.08677721125053708
3002899,4.309270747022686
3002900,3.1436698871982705
3002901,3.0186586655964938
3002902,0.10030274662048418
3002903,0.13385619588100264
3002904,94.85996396845417
3002905,4.497222911871045e-08
3002906,6.798815642783288
3002907,3.4176570629224874
3002908,68.07546064190083
3002909,19.60896419239578
3002910,1.5054014359910715
3002911,1.0302998780434556
3002912,0.8649979875225902
3002913,211.7453592021231
3002914,4.017227824253153
3002915,0.10092068905401727
3002916,5.697593894289694
3002917,8.28939173645335
3002918,0.0018464204963603837
3002919,3.838430211164396
3002920,7.393752632737377e-07
3002921,3.9460554836671356e-05
3002922,1.063148994274766
3002923,10.66535688778638
3002924,0.8010953482896739
3002925,3.386378912910247
3002926,6.620347522744631
3002927,0.482907574500856
3002928,1.3984349419118962
3002929,0.41320694797231444
3002930,1.5034693331162658
3002931,1.4978414015781765
3002932,0.00042665035409651203
3002933,0.5136617675301488
3002934,6.131728901967595
3002935,0.1947569047706709
3002936,2.34856343815444
3002937,146.23816842552202
3002938,4.497222911871045e-08
3002939,0.24350268245680115
3002940,4.4691287634887304
3002941,185.42301296164834
3002942,1.0945000682384953
3002943,3.8323587661562026
3002944,1.1952009049353933
3002945,0.8214054695030211
3002946,1187.0077883961703
3002947,12.361696243245685
3002948,0.6813834568837384
3002949,14.050534260677793
3002950,16.86340192940045
3002951,0.0003970758176723227
3002952,13.544033435055152
3002953,0.03720269085994168
3002954,3.9460554836671356e-05
3002955,2.6790959304156714
3002956,16.82998160347765
3002957,2.9307778230393664
3002958,2.799931770455242
3002959,11.933038933436578
3002960,1.419303949208094
3002961,6.036995868692348
3002962,11.970249894319599
3002963,2.9189196158471185
3002964,0.10331800428779454
3002965,2.5111520879379774
3002966,8.263124332597913
3002967,2.2366022849526868
3002968,0.07197674412238861
3002969,3.3479143727025686
3002970,10.98640938542268
3002971,4.497222911871045e-08
3002972,0.2306786580606305
3002973,6.798355911257831
3002974,30.83347353722519
3002975,0.9420457423908573
3002976,3.718634967257979
3002977,0.978239948763741
3002978,1.3707426808605823
3002979,91.10717107753472
3002980,9.413980933692319
3002981,0.571117688207825
3002982,12.220224181436517
3002983,12.165290238215054
3002984,0.00032563870585107144
3002985,2.2238698505777577
3002986,4.710610122709996
3002987,1.3586628714623832
3002988,6.135898901187899
3002989,17.678545923731242
3002990,1.759484310150559
3002991,0.39762963143202557
3002992,3.4615076406918974
3002993,2.8101686924224913
3002994,4.398530279408123
3002995,1.0394944319987538
3002996,0.688452611092179
3002997,0.0891371911057971
3002998,16.165180408459694
3002999,7.361189387653388
3003000,5.164933568343404
3003001,0.19961448685063854
3003002,2.453481246596212
3003003,46.393102744083095
3003004,4.497222911871045e-08
3003005,3.3998288948677984
3003006,5.251818247791818
3003007,105.58297025673095
3003008,21.539667483385944
3003009,1.9385842186917706
3003010,3.760544085765414
3003011,0.7470505518918326
3003012,569.3150598996722
3003013,9.228291913620437
3003014,0.7559319594233448
3003015,6.130240138655955
3003016,6.519356736925969
3003017,0.02103937347849093
3003018,1.319053563758646
3003019,4.000046350153216
3003020,3.90388949017792e-05
3003021,2.6427890261241096
3003022,12.178799568124544
3003023,2.08239926801286
3003024,16.302120266033548
3003025,5.898089553417656
3003026,0.6166847479060202
3003027,5.211448003306801
3003028,1.5347836294815074
3003029,0.7514612014409364
3003030,1.4921394801348822
3003031,5.785241909820628
3003032,3.0897762719842783
3003033,5.185517806371431
3003034,1.203092453189906e-05
3003035,7.217001520724879
3003036,69.33942981459064
3003037,4.497222911871045e-08
3003038,0.6172098616815092
3003039,10.084744070568801
3003040,15.167983360805227
3003041,1.0984876885649062
3003042,1.154119891167265
3003043,0.7594576504423468
3003044,1.5757973865133903
3003045,376.22707051902285
3003046,25.136878156188562
3003047,0.8889650227294313
3003048,13.335088784690019
3003049,18.73111004499428
3003050,0.003069270795076681
3003051,5.777022148061665
3003052,16.872063348781182
3003053,12.594065065547506
3003054,4.361041321252661
3003055,46.664055834799186
3003056,8.49445094575862
3003057,0.25737210240803504
3003058,11.852744993798556
3003059,6.224249736191609
3003060,5.347028744461079
3003061,4.6514463845649825
3003062,11.558658778632132
3003063,0.3628737871085608
3003064,0.007762216575155503
3003065,24.130171342879954
3003066,5.072807783839327
3003067,0.13578668117899775
3003068,3.876941151134776
3003069,186.59404677680996
3003070,4.497222911871045e-08
3003071,0.24436592201384522
3003072,6.138084997305743
3003073,295.80141795913397
3003074,1.0797675772058222
3003075,168.75579046996626
3003076,2.6192837932946116
3003077,3.777605873185582
3003078,3715.0455618218575
3003079,9.45823323699541
3003080,0.3834790951596391
3003081,8.551494516162325
3003082,9.602135336276794
3003083,0.004640110244669972
3003084,20.114075766593007
3003085,0.8513167116136862
3003086,4.8292389429562155
3003087,3.2410965579369706
3003088,18.46544891837272
3003089,1.3465743581106535
3003090,7.478784060973039
3003091,32.190756401225805
3003092,2.5131813737433633
3003093,3.9914594200025535
3003094,1.3607121042753094
3003095,2.2465629871959267
3003096,0.09578301719861505
3003097,17.68602786327906
3003098,7.683146287061406
3003099,7.709894415105986
3003100,0.36679606049210944
3003101,1.7174001257123914
3003102,74.99753747070048
3003103,4.497222911871045e-08
3003104,0.22725524444226974
3003105,5.5767138795390805
3003106,217.18271718947435
3003107,1.0109079565084231
3003108,4.019143065156447
3003109,1.5472320074492467
3003110,2.6787476383004005
3003111,1464.9067617515345
3003112,9.860343954475049
3003113,0.4114633859670028
3003114,24.788219507232906
3003115,20.760686239162037
3003116,0.003683583299883597
3003117,23.98817978453166
3003118,2.326983461205393
3003119,2.6225715071551217
3003120,6.092416669206219
3003121,28.48445438767598
3003122,1.692073731999737
3003123,1.2260035665825053
3003124,23.026628413141957
3003125,1.7588773047009767
3003126,4.669538356567708
3003127,1.2656526352997035
3003128,9.645838026100263
3003129,0.06541038443673178
3003130,0.0021799931231252867
3003131,3.0540750729853463
3003132,3.390247068252095
3003133,0.012302321379090838
3003134,1.1181170463017305
3003135,297.04510851003096
3003136,4.497222911871045e-08
3003137,2.487948793314465
3003138,6.001529039540861
3003139,100.89049359544906
3003140,22.209325571840065
3003141,1.8767739019307055
3003142,5.902294200780182
3003143,0.9863673464324535
3003144,1460.615044091803
3003145,4.5488531382037305
3003146,0.4203493546513272
3003147,30.257970508697763
3003148,13.418176702149097
3003149,0.0016197148260150545
3003150,5.5640746927383935
3003151,0.5571479115972185
3003152,3.90388949017792e-05
3003153,2.486025118858572
3003154,22.74428999304593
3003155,2.688582680137063
3003156,2.0918041490803785
3003157,4.980093596954472
3003158,0.8595414420586122
3003159,3.406422051001517
3003160,0.721502924195451
3003161,1.1936457353620487
3003162,1.3926960231245116
3003163,7.385440700195872
3003164,1.0361706522656748
3003165,1.3985813661906707
3003166,1.382702822701292e-05
3003167,2.203664046808149
3003168,50.18566319783958
3003169,2.0601581738234003e-06
3003170,0.6460747524845138
3003171,10.100273348462943
3003172,7.731542070561307
3003173,0.9610605776073504
3003174,1.1919221328724288
3003175,2.1912830065618367
3003176,1.1194075168604005
3003177,204.90812877760155
3003178,18.110097944910002
3003179,0.24262813186836962
3003180,5.2575575656164295
3003181,9.54117648426507
3003182,0.016238209584702967
3003183,1.6074089861121308
3003184,9.110407727144496
3003185,0.8327913252704985
3003186,1.9669011623193982
3003187,34.840289602240794
3003188,4.20364198707502
3003189,0.28554542914579867
3003190,22.64509728984822
3003191,2.7824506598739362
3003192,4.195298966738517
3003193,4.168721649506946
3003194,1.2781713696695218
3003195,0.1929080688138471
3003196,0.018865707267491694
3003197,5.013913920935455
3003198,2.4444282850263126
3003199,0.017669824695638593
3003200,2.096070174535159
3003201,5.043272704566411
3003202,4.075729981247454e-08
3003203,0.2062690378645342
3003204,14.155568706745143
3003205,1.6594951345089373
3003206,0.3113475058933515
3003207,1.0192356353976992
3003208,1.194054611092092
3003209,27.253446908060933
3003210,50.3098984134025
3003211,21.125249982427523
3003212,0.6871857275992849
3003213,13.783100010604892
3003214,15.893564775627821
3003215,0.001545645593593098
3003216,3.1007814309480253
3003217,5.443476083031747
3003218,27.15468262222305
3003219,9.125859945128145
3003220,36.17381376641289
3003221,10.151346935246659
3003222,0.4367731818244367
3003223,4.196328455504651
3003224,13.004198807435783
3003225,8.024189588804235
3003226,5.0580940830036205
3003227,8.880686456499898
3003228,0.13491015997500222
3003229,0.008352928342819201
3003230,18.304653363926
3003231,1.6760944935742659
3003232,0.005549519234336481
3003233,1.063463600254796
3003234,11.554025804030228
3003235,5.607575970395258e-08
3003236,0.2362747827190128
3003237,5.197246647988429
3003238,9.715956098730148
3003239,0.6060070817191661
3003240,0.6426386882271211
3003241,1.6038057301580073
3003242,4.124979852935295
3003243,60.729786779779694
3003244,10.767461192283115
3003245,0.5243784154835214
3003246,9.100190990091958
3003247,11.012920019644787
3003248,0.0005164552653492305
3003249,0.623393320263578
3003250,7.393752632737377e-07
3003251,14.296159014400192
3003252,2.695548599423416
3003253,47.30632422003213
3003254,6.1985855942949755
3003255,0.3395768174639152
3003256,3.0759634418817137
3003257,3.4013083980962397
3003258,5.46977223394594
3003259,0.6964712791365508
3003260,0.6875063208925308
3003261,0.10772946497862013
3003262,0.16958929313024704
3003263,2.6617009290847933
3003264,2.695204767270163
3003265,1.6657306657786753e-05
3003266,0.013827958143270355
3003267,12.310298140359253
3003268,4.497222911871045e-08
3003269,7.478897765453298
3003270,5.630866516251696
3003271,6.852292927026746
3003272,7.105362999679897
3003273,1.0429807461764466
3003274,2.251659440238726
3003275,0.7745945891221826
3003276,51.07818114934461
3003277,1.4071334155204682
3003278,0.39100125499855326
3003279,5.916018271627662
3003280,3.0559827622550717
3003281,0.028823437069144472
3003282,1.1281611629716621
3003283,0.011574865802636036
3003284,3.9417704513280714
3003285,0.20016410265119178
3003286,10.999269743438747
3003287,0.12115897011977299
3003288,0.3640868817310785
3003289,4.065035463550068
3003290,1.806362048056583
3003291,0.5823914567235101
3003292,0.1814291904374509
3003293,0.4327065703928666
3003294,1.4570996391259186
3003295,0.05976232971687823
3003296,1.8890559910680913
3003297,4.7153317591210095
3003298,0.09640607937426403
3003299,2.855342426287666
3003300,100.22504113332499
3003301,0.00020365702340772413
3003302,0.5960150621012146
3003303,13.307988024829847
3003304,15.195317873241274
3003305,1.1464174264831584
3003306,5.708149509136591
3003307,1.186271687564798
3003308,10.172922922005709
3003309,644.3139968560225
3003310,19.10433676909413
3003311,1.6030038764236365
3003312,16.704809905754722
3003313,25.35004213884463
3003314,0.0030319495428959274
3003315,2.0967560228755695
3003316,3.6436931995798494
3003317,23.54946000174972
3003318,6.880593839237169
3003319,46.959283279323486
3003320,4.059618503231326
3003321,0.4526313712397655
3003322,12.99714251849198
3003323,7.886918957010534
3003324,5.654757070695017
3003325,3.557191905616302
3003326,6.48227756226207
3003327,0.13316582003861602
3003328,0.292776355109031
3003329,11.804549105540133
3003330,4.49845089349635
3003331,4.490352537774759e-06
3003332,3.3542813502996878
3003333,308.53123729244044
3003334,4.497222911871045e-08
3003335,0.6554092346196911
3003336,10.194262894076562
3003337,297.9412949309109
3003338,1.0537769199229845
3003339,21.009866104097586
3003340,1.1113330715066554
3003341,1.7510364638040252
3003342,1547.7034686652655
3003343,9.75696867420661
3003344,0.4156281614162514
3003345,27.142521346949216
3003346,11.370503548675815
3003347,0.38447048031279213
3003348,19.6796248118876
3003349,7.393752632737377e-07
3003350,4.536935953875391
3003351,3.584761839564695
3003352,17.68501851487224
3003353,0.8214538421350196
3003354,5.402505106523416
3003355,11.012692225257636
3003356,3.1974324466152253
3003357,2.6269121149055876
3003358,1.8377660060852703
3003359,5.43805667765074
3003360,0.13860507424222182
3003361,0.5216465421725591
3003362,1.912136018739324
3003363,4.84943013869672
3003364,0.3259809656010516
3003365,3.098481104191829
3003366,125.0468353186215
3003367,4.497222911871045e-08
3003368,0.6357121800339709
3003369,9.868278589862062
3003370,143.46445530651255
3003371,0.9597914413565614
3003372,1.4579448632099536
3003373,0.9541150203637565
3003374,1.7021663036718955
3003375,744.2037862580125
3003376,11.151009079270331
3003377,0.7285744597844357
3003378,16.800221722132274
3003379,11.322363260998998
3003380,0.0015833210740560347
3003381,18.124959280710694
3003382,7.393752632737377e-07
3003383,3.1732894236079074
3003384,2.101398092149574
3003385,41.00422318668935
3003386,1.1950153515256656
3003387,0.6926013229885916
3003388,14.559223022381307
3003389,3.5750930337758833
3003390,3.344627046115965
3003391,1.223119053203651
3003392,3.5695173136916347
3003393,0.06028572572982692
3003394,0.45639093937312936
3003395,3.486547681779344
3003396,8.05101662559163
3003397,0.015509507675016954
3003398,10.994940110517952
3003399,212.21915566976648
3003400,3.5766144018580465e-08
3003401,0.7114110549577776
3003402,41.50356720052592
3003403,31.596572777672126
3003404,1.3449939191797495
3003405,8.709260571344158
3003406,1.5873689008246468
3003407,54.5343195724706
3003408,2136.9245232487615
3003409,50.31443664212985
3003410,2.0992832960615035
3003411,51.11468458723833
3003412,37.14121515392093
3003413,0.007447661937485394
3003414,25.781442986104704
3003415,28.715362315573618
3003416,26.591474012582356
3003417,16.423233882741947
3003418,96.37391605522046
3003419,15.581033259741531
3003420,0.5364501355032849
3003421,52.24938866644022
3003422,13.081670258694134
3003423,21.561473583114743
3003424,6.650047620805778
3003425,18.38387462040272
3003426,0.22133153378170736
3003427,0.22326385762153866
3003428,61.39011402174411
3003429,2.0857110308399083
3003430,0.08917630422448677
3003431,0.217663807134799
3003432,114.01658943360646
3003433,4.497222911871045e-08
3003434,8.219180001769512
3003435,3.7148551852517264
3003436,43.28213335959847
3003437,266.14022049108905
3003438,1.9582891015155701
3003439,1.083539408683414
3003440,0.7343590115290286
3003441,201.97938829900792
3003442,4.159260571172474
3003443,0.20702724087253374
3003444,8.302002095979546
3003445,8.056558814237446
3003446,0.0018099795564750843
3003447,9.011464792938995
3003448,0.2684280236297428
3003449,7.775495487648341e-05
3003450,1.5305612688394374
3003451,16.092316703371644
3003452,0.4685821053595794
3003453,0.40414445099689
3003454,5.8271873212686565
3003455,1.1155433751114117
3003456,4.40266857008475
3003457,1.661791208524893
3003458,0.6963152874393839
3003459,0.05302036272948754
3003460,0.001914011965443901
3003461,3.028408329815063
3003462,6.227286404499009
3003463,0.03027854585579563
3003464,0.604362878981748
3003465,81.83973343487807
3003466,4.497222911871045e-08
3003467,0.3856997578189511
3003468,9.055133671719776
3003469,257.0301230560541
3003470,1.0037784141121837
3003471,2.929386492426876
3003472,1.5400928385083634
3003473,1.3957354985634347
3003474,1037.2784666508906
3003475,9.83233361359583
3003476,0.1642610227205052
3003477,12.249760865188186
3003478,12.692488221375879
3003479,0.0013874956104272188
3003480,25.81651595189206
3003481,0.8839688791834373
3003482,3.7035206531330616
3003483,7.364145621019256
3003484,9.695539931033007
3003485,0.9947103170844386
3003486,6.869376976771534
3003487,14.698774640160908
3003488,3.2276116174058114
3003489,4.264470197124098
3003490,0.3507073682657448
3003491,3.714037735100349
3003492,0.0669622743195939
3003493,0.3641329205680778
3003494,3.83706859715802
3003495,0.6638454031642385
3003496,1.6657306657786753e-05
3003497,0.2275707922030292
3003498,18.47987335984444
3003499,4.497222911871045e-08
3003500,3.3429986280496675
3003501,2.448527776554057
3003502,12.431153392500171
3003503,6.736701659284441
3003504,0.9005308576397549
3003505,1.8933960238354304
3003506,1.4859336832891727
3003507,61.55412479558862
3003508,1.4071672171482525
3003509,0.1786239737118387
3003510,4.49439095165181
3003511,2.6933604992821016
3003512,0.0349743432419859
3003513,1.2059671494924196
3003514,7.393752632737377e-07
3003515,7.775495487648341e-05
3003516,0.6793741605299852
3003517,7.494176883730311
3003518,0.06738242289958876
3003519,1.4178075518474305
3003520,3.4418226906621032
3003521,0.21069730313718513
3003522,0.6303476496393972
3003523,0.29543601177502116
3003524,0.25015482866890937
3003525,0.6363440220520299
3003526,0.00012223240035006544
3003527,1.0259489479723092
3003528,5.549167048067276
3003529,1.6657306657786753e-05
3003530,2.2983064982097265
3003531,297.4735521193014
3003532,4.497222911871045e-08
3003533,1.8401409174315784
3003534,5.669167791811238
3003535,17.073510252655797
3003536,292.9876286656457
3003537,2.2528451926209057
3003538,0.8984990524979327
3003539,0.49459751163293797
3003540,190.09825654269224
3003541,2.0764505990637896
3003542,0.23938313905472627
3003543,23.579250440497038
3003544,10.497566492128641
3003545,0.00852835417718464
3003546,2.844394426683587
3003547,7.393752632737377e-07
3003548,3.90388949017792e-05
3003549,11.186678110958313
3003550,15.960264600079412
3003551,0.9129688086829344
3003552,1.1264524497334774
3003553,13.695394672073723
3003554,1.5430590656700012
3003555,3.319737820866933
3003556,3.876869819941175
3003557,0.6341760545384414
3003558,0.07660734204870101
3003559,0.0009033135335774538
3003560,0.19217304176801533
3003561,2.3315159646088186
3003562,0.16488322690271112
3003563,1.8632297984679433
3003564,73.11389653239385
3003565,4.497222911871045e-08
3003566,0.7287706478577564
3003567,8.090140420565657
3003568,130.28680997835374
3003569,1.0746971277659838
3003570,3.0345387798162924
3003571,0.9341357414141349
3003572,1.636209107690491
3003573,1331.9757368557398
3003574,5.276121308681267
3003575,2.442043393270305
3003576,22.347540911772516
3003577,30.48919141189539
3003578,0.006696358829852265
3003579,15.558189412790195
3003580,0.6700537009755544
3003581,5.135683506764774
3003582,2.711233264726103
3003583,13.603777517298257
3003584,2.229428023864698
3003585,4.635059496208967
3003586,47.624432660113506
3003587,2.8350559186438464
3003588,4.878777936314909
3003589,0.2686000266439654
3003590,0.7942779327408376
3003591,0.09082774379527946
3003592,1.922491891331554
3003593,2.4326498517787907
3003594,3.5676345374669363
3003595,1.1587590478350029e-05
3003596,0.004047754771678373
3003597,105.79232793413222
3003598,4.497222911871045e-08
3003599,1.9234082854364098
3003600,1.7352931467131656
3003601,27.956259016113474
3003602,6.958360149093767
3003603,1.054032397371438
3003604,1.1482572386188903
3003605,0.42660743382390326
3003606,175.14201920191599
3003607,2.204963182179389
3003608,0.12558094611783488
3003609,5.986631696463334
3003610,1.662249449916282
3003611,0.04518754533275977
3003612,4.279457351691131
3003613,7.393752632737377e-07
3003614,3.9460554836671356e-05
3003615,0.1529390093778822
3003616,19.653084864679403
3003617,0.3620025284670433
3003618,3.62129434846019
3003619,2.4792422556076565
3003620,0.686829378949621
3003621,0.5685592445890981
3003622,0.22498139234982922
3003623,1.1406360030178104
3003624,1.7991574798759813
3003625,0.004540277980816957
3003626,0.23293660751622192
3003627,3.4557878671947324
3003628,3.698606551540905e-05
3003629,1.6695020005632655
3003630,84.10450614628513
3003631,4.497222911871045e-08
3003632,0.6012046605363991
3003633,8.015870732630768
3003634,167.87584030288434
3003635,1.0715395982498226
3003636,2.0925676829051567
3003637,0.7868708105810831
3003638,1.0329715636435672
3003639,677.3091104294783
3003640,6.7136026673002585
3003641,0.1785423889643397
3003642,16.836340669630268
3003643,7.501934762612709
3003644,0.00787643801501566
3003645,15.69328246971606
3003646,7.393752632737377e-07
3003647,27.881076900726946
3003648,1.8506213211799962
3003649,27.39947352287039
3003650,0.9912727005525307
3003651,5.579372057087501
3003652,14.40281041045806
3003653,2.2863192775257573
3003654,2.7617010731983265
3003655,0.8855724307157824
3003656,1.854040850129192
3003657,0.08644274357244146
3003658,0.2725381092488606
3003659,0.35239703564539826
3003660,3.0938380672876438
3003661,1.5986688425242094e-05
3003662,6.640710993868615
3003663,66.78155028356318
3003664,2.715004520415555e-08
3003665,0.5988441256994772
3003666,7.058647333059603
3003667,19.18101289083899
3003668,1.1689961397248696
3003669,5.653522217195697
3003670,0.7898737418651922
3003671,6.767998395866336
3003672,374.0750496469077
3003673,32.3993507150741
3003674,1.1644171217250021
3003675,26.5119658064489
3003676,23.240234501090253
3003677,0.011164466727150569
3003678,16.772609606088107
3003679,17.23461005574706
3003680,16.04124225114432
3003681,0.5639879101240761
3003682,37.389366018658755
3003683,8.778956079533238
3003684,0.4464937394543393
3003685,20.301546124380202
3003686,9.784146765438855
3003687,10.046815082569342
3003688,4.243706654786729
3003689,6.822524347073032
3003690,0.3781054001614946
3003691,0.0025083820860655904
3003692,9.353094481798879
3003693,4.417723202297445
3003694,1.6657306657786753e-05
3003695,6.102797354277403
3003696,32.99798728906
3003697,1.3600702323749505e-07
3003698,0.4500110119888898
3003699,11.176171405578307
3003700,15.6667255343726
3003701,1.0573776369555161
3003702,0.7921130904322051
3003703,1.8098750924670326
3003704,2.4590332287237433
3003705,310.64152016604095
3003706,17.554482420946393
3003707,0.6022251698525686
3003708,28.98636867895403
3003709,15.22259554749376
3003710,0.0004937977133032634
3003711,10.582242023753892
3003712,14.943671081266926
3003713,13.659978208109617
3003714,7.685793034536277
3003715,31.84337360007183
3003716,8.491027639000109
3003717,0.3248299136003323
3003718,17.577639277975997
3003719,4.950583012318969
3003720,7.268981468541424
3003721,0.38599904032142646
3003722,7.0484065278946595
3003723,0.11802385111230407
3003724,0.2676633989321093
3003725,14.380946387956238
3003726,6.945761650504113
3003727,0.1915850765613246
3003728,3.4169384070602082
3003729,101.92726138782706
3003730,4.497222911871045e-08
3003731,0.6334851571842166
3003732,6.68571104153438
3003733,343.40633471947666
3003734,0.9301186478521811
3003735,2.710187617322497
3003736,2.0236120917288254
3003737,1.0340612062034193
3003738,3851.171463609114
3003739,24.44308984729719
3003740,1.0960575754990343
3003741,19.91466887065018
3003742,10.598016186300415
3003743,0.01879830601702617
3003744,21.157820324109547
3003745,4.050950044580144
3003746,11.495319612101197
3003747,2.971172511973989
3003748,26.72760084616818
3003749,4.249536950680644
3003750,2.024265795596086
3003751,49.35666648135243
3003752,5.689100213555655
3003753,6.675519421014854
3003754,4.179057915224241
3003755,3.4744619709949784
3003756,0.10789756406185592
3003757,7.129949785498135
3003758,10.833670388446528
3003759,2.939768780896391
3003760,0.0009074356549592746
3003761,4.740611120180463
3003762,74.34729595181766
3003763,1.8367635800479806e-05
3003764,0.4130977468159799
3003765,6.917199927739294
3003766,15.071463174130823
3003767,1.0445755502919292
3003768,4.407980330708673
3003769,0.6624448221413217
3003770,0.862389485604357
3003771,434.3778400962747
3003772,19.64512171672347
3003773,0.6386253516538087
3003774,6.727631413854244
3003775,5.833733754929351
3003776,0.04741298347049379
3003777,5.89089855341555
3003778,12.476555498374593
3003779,11.920261008825761
3003780,0.6480223469590188
3003781,26.379118695279015
3003782,5.9623892337899775
3003783,0.48138486074162196
3003784,11.504934034508647
3003785,5.288850737329203
3003786,5.317862677898683
3003787,4.211326544064841
3003788,3.9905830527746726
3003789,0.14520862906554524
3003790,0.03014488270025694
3003791,17.748400560533597
3003792,2.6464296170222403
3003793,0.0629396059105089
3003794,2.6318301533975195
3003795,68.42179875455616
3003796,4.497222911871045e-08
3003797,0.3698699963182036
3003798,6.660800140292135
3003799,359.06240475310193
3003800,1.0552305212373876
3003801,1.8232860412768201
3003802,1.1097259827824624
3003803,1.9025213608115978
3003804,3969.775233583751
3003805,6.271311015678562
3003806,1.3170677466772263
3003807,21.82709427166933
3003808,13.89839279684872
3003809,0.023488791581863802
3003810,32.923922992483064
3003811,7.393752632737377e-07
3003812,0.06216338473828277
3003813,7.2810839201694595
3003814,16.294924169976337
3003815,1.8808566423711817
3003816,5.0353082240321605
3003817,51.65244971252885
3003818,2.779711682054283
3003819,8.253031141362962
3003820,0.6380862556119308
3003821,2.6068630296475344
3003822,0.0951260774525528
3003823,0.00023203333895026202
3003824,3.4873903801410226
3003825,4.413483563199757
3003826,0.0008184206249070498
3003827,6.635337044854186
3003828,71.45242879495655
3003829,6.233794300912391e-08
3003830,0.6152179145742247
3003831,10.800848121058111
3003832,16.286627556805453
3003833,1.0828519932688587
3003834,1.4673140041279553
3003835,0.6537898718098603
3003836,17.935703804653443
3003837,354.6458434194148
3003838,20.84274224013163
3003839,0.7949924558446929
3003840,19.399569863580314
3003841,16.723415690821614
3003842,0.0001671008264084712
3003843,2.2060347568758574
3003844,8.700550322584032
3003845,10.14870410206366
3003846,5.14590562306193
3003847,29.213354416745833
3003848,8.331869381486612
3003849,0.3812231147995488
3003850,15.671250412303944
3003851,11.909077888533924
3003852,4.748875370446086
3003853,1.6849829935475493
3003854,2.0887486289867585
3003855,0.36029675037903724
3003856,0.18440663504012525
3003857,4.1295935850632555
3003858,2.475859422940972
3003859,1.5986688425242094e-05
3003860,2.15320593029596
3003861,3.5272955552631284
3003862,4.497222911871045e-08
3003863,0.10909680969237026
3003864,7.936774900353449
3003865,0.6437887581093248
3003866,0.269936976176997
3003867,0.6215290195992939
3003868,0.7444440756065981
3003869,5.135882118048605
3003870,1.7823785181557588
3003871,22.234917030588935
3003872,0.6041812821342747
3003873,15.921012072073745
3003874,11.325050189326205
3003875,0.002941497803255601
3003876,1.0061221747382711
3003877,9.268028300355706
3003878,24.972194052205392
3003879,2.3301779078709597
3003880,19.60018978780704
3003881,7.468920638917581
3003882,0.4257931895510861
3003883,0.6899421492484836
3003884,6.110169616225274
3003885,6.189904760482567
3003886,3.3539704060483277
3003887,1.921840245096532
3003888,0.1124158903477324
3003889,0.08552148410853236
3003890,9.9095844736608
3003891,3.55561750574866
3003892,0.005811218846521219
3003893,3.8096648830566338
3003894,65.18169586923756
3003895,4.497222911871045e-08
3003896,0.3998931235963588
3003897,12.240560030608052
3003898,263.04251276989953
3003899,1.1021641947284093
3003900,3.3165071215055333
3003901,1.2061994006915087
3003902,4.771521400564999
3003903,877.4600464075828
3003904,8.190581270539683
3003905,0.012677167912092368
3003906,8.424563391719424
3003907,10.44972081449023
3003908,0.014720173882972828
3003909,15.247649379037464
3003910,7.393752632737377e-07
3003911,4.995978846670255
3003912,0.4658407685695342
3003913,19.368410631560124
3003914,1.2157559683591659
3003915,1.6058485601520875
3003916,36.29755263376704
3003917,2.4168689009340696
3003918,1.0962315387013126
3003919,1.7819330287509776
3003920,3.1225176199248508
3003921,0.0906041988241162
3003922,1.026867089971278
3003923,0.29987738038351724
3003924,12.223653319123086
3003925,1.5986688425242094e-05
3003926,10.319106274420047
3003927,218.44198585385246
3003928,1.252914207148378e-07
3003929,0.8315870240318366
3003930,30.203533063385716
3003931,28.91879165435447
3003932,1.6144134052970875
3003933,10.195198086987943
3003934,2.367485563231833
3003935,37.71003848203674
3003936,2621.9903746207824
3003937,53.2889854351739
3003938,2.8570321457128602
3003939,92.06265092450552
3003940,57.61590165234779
3003941,0.001227741966529376
3003942,42.30681228782201
3003943,23.486043569386915
3003944,18.96031073513361
3003945,42.75054673939985
3003946,89.22033188991527
3003947,15.33068841356916
3003948,0.5619605123259208
3003949,38.958978235819
3003950,20.100179469824575
3003951,29.62831955956057
3003952,6.444271429361113
3003953,23.048465450047054
3003954,0.45996487131962244
3003955,24.96991647249837
3003956,59.45093670422004
3003957,12.066463833080487
3003958,1.5986688425242094e-05
3003959,10.318655565505031
3003960,213.8526972121505
3003961,1.916097282832732e-06
3003962,0.7202381561373821
3003963,30.281605401604402
3003964,31.926303733822913
3003965,1.357105272688364
3003966,77.60753063908234
3003967,1.1333556814622605
3003968,80.04628327463348
3003969,2802.071357704368
3003970,54.975332849078676
3003971,1.0039116186284325
3003972,51.45462696243402
3003973,51.61784768238575
3003974,0.3838009754444059
3003975,41.777444572831754
3003976,17.02126085577056
3003977,26.592065572102065
3003978,6.007987615016618
3003979,83.92432620321226
3003980,12.464461989531726
3003981,2.325855694907843
3003982,63.00903010975167
3003983,14.064487198667464
3003984,20.457416344027482
3003985,6.423421963546602
3003986,18.041260082511084
3003987,0.435632260778477
3003988,20.85960313677184
3003989,54.39942368099966
3003990,9.467409425429672
3003991,1.5986688425242094e-05
3003992,12.342084099209112
3003993,162.39087443192298
3003994,3.232122919705802e-05
3003995,0.6016998047962354
3003996,15.058817595084001
3003997,30.489470390558132
3003998,1.3730645980432743
3003999,236.6071622946248
3004000,0.645145642486697
3004001,41.91864794696202
3004002,2303.8439797887813
3004003,29.590033118465765
3004004,1.6494372743955616
3004005,51.141450537146326
3004006,14.349658756365532
3004007,0.2750108046152707
3004008,62.681799458484264
3004009,19.48480610931213
3004010,18.092750367730012
3004011,7.921513046596038
3004012,43.19535391316348
3004013,9.724370135396288
3004014,0.5763638641146333
3004015,100.83912246339315
3004016,13.059130845589518
3004017,26.406140127168097
3004018,6.00422004336478
3004019,8.766958470247275
3004020,0.2634418181694178
3004021,19.69392505413222
3004022,32.913523622208885
3004023,11.78474972235128
3004024,1.5986688425242094e-05
3004025,14.250320540677134
3004026,216.21172444317267
3004027,1.0100564858164958e-06
3004028,0.8050755672645378
3004029,21.806271508979655
3004030,31.155893382853204
3004031,1.4167362166935982
3004032,74.52469447987629
3004033,1.287351377501015
3004034,41.59820673256875
3004035,2771.3050133896436
3004036,33.89183160538603
3004037,0.9588306828860775
3004038,57.40712181658723
3004039,43.41007096474216
3004040,0.37558261198033605
3004041,42.63227570551487
3004042,20.721029108202558
3004043,23.67040751348123
3004044,9.88492294960878
3004045,57.90028872022727
3004046,11.545584155685546
3004047,0.5784170977765241
3004048,63.69620508951112
3004049,13.97504388032115
3004050,18.82528140988618
3004051,4.56220143858035
3004052,17.026117919303786
3004053,0.213005949924966
3004054,21.86987116135113
3004055,47.230071612254456
3004056,8.78759948038746
3004057,1.5986688425242094e-05
3004058,12.992774001158255
3004059,95.54354633193674
3004060,9.32577776672179e-08
3004061,0.4611170205693439
3004062,14.91784462380093
3004063,32.24209955953939
3004064,0.8646746700298938
3004065,364.5743989504908
3004066,4.6577962101197
3004067,28.464860180636645
3004068,2039.0003613302322
3004069,29.73540841242131
3004070,0.2244404784684955
3004071,26.627497908373265
3004072,11.505039848247574
3004073,0.0004717876828631921
3004074,25.456449643730323
3004075,10.833895880257424
3004076,8.705004329758903
3004077,3.0324077858965697
3004078,34.11018800356034
3004079,5.654712652250353
3004080,0.565266779291889
3004081,99.6337591701247
3004082,12.639263972014886
3004083,14.381244272251603
3004084,3.195094758755546
3004085,4.603089625561465
3004086,0.2528942019588894
3004087,21.888701002385204
3004088,15.6682916784498
3004089,9.535908251140697
3004090,1.5986688425242094e-05
3004091,8.705487963988029
3004092,325.23277830845865
3004093,1.6924156602798765e-07
3004094,0.8011539651075585
3004095,27.244679175167388
3004096,31.449868801153052
3004097,1.3172780130960116
3004098,2.0527584430913888
3004099,1.545989301395814
3004100,55.58467439910279
3004101,2039.4873022336183
3004102,47.613256811212885
3004103,1.0947305456937262
3004104,47.42410452879328
3004105,40.66559371616722
3004106,0.21955314076409108
3004107,25.271749852709746
3004108,12.569576501144754
3004109,20.58301421076607
3004110,6.567780494729199
3004111,89.1743151428722
3004112,11.65265559961729
3004113,0.5522913357674658
3004114,33.97085445263583
3004115,12.369299771088068
3004116,24.406769061667717
3004117,6.651523210051869
3004118,12.050522049429446
3004119,0.4378977983021875
3004120,20.813552590337533
3004121,58.29122483643521
3004122,4.630893971723489
3004123,0.1386995757746252
3004124,5.977043260731428
3004125,73.365458841267
3004126,2.854151719215141e-08
3004127,0.5911276517456899
3004128,22.50335492162149
3004129,19.175391780651992
3004130,1.0160999289114356
3004131,1.3291362941037828
3004132,1.925583828069979
3004133,3.292068983035604
3004134,407.4702522238593
3004135,18.585929106356982
3004136,0.6167066463540004
3004137,19.792127675750024
3004138,18.525338911234492
3004139,0.0009733679114485334
3004140,8.75115250140874
3004141,8.916427404151715
3004142,5.780259013527338
3004143,9.678234289940956
3004144,18.43854671800974
3004145,8.659245954752363
3004146,0.4326454407815745
3004147,19.144186632162565
3004148,2.4289252992457846
3004149,5.712303735562262
3004150,2.818881528405688
3004151,4.339205392751944
3004152,0.11567762277200264
3004153,0.07765575094791011
3004154,8.0146557394383
3004155,7.2953498041815275
3004156,1.382702822701292e-05
3004157,9.9278852537278
3004158,142.21025460061009
3004159,9.985715055282499e-06
3004160,0.5171172347240157
3004161,30.85873868910672
3004162,29.376283917042883
3004163,1.2825294097087752
3004164,60.64414466725865
3004165,2.3730660752917294
3004166,34.37439789569723
3004167,1930.6678920977115
3004168,40.00811655884853
3004169,0.6791898145830585
3004170,52.60731899347101
3004171,18.558676282438885
3004172,7.992539492385395e-05
3004173,8.436165097014541
3004174,7.594465672323776
3004175,5.391908258791343
3004176,2.5319201247462972
3004177,51.22719046829465
3004178,8.165906892816471
3004179,0.49907448915225844
3004180,73.88361008815158
3004181,10.464490966410171
3004182,16.526667748521458
3004183,3.880841372814634
3004184,7.322121064848506
3004185,0.1462807430083735
3004186,22.43857534724989
3004187,14.479678956744372
3004188,5.938043303848306
3004189,1.6657306657786753e-05
3004190,4.592529032451983
3004191,151.1952821825523
3004192,1.1776529279667781e-07
3004193,0.756086610295836
3004194,9.370761817845702
3004195,23.341356931158263
3004196,1.3559929410058678
3004197,1.3126779094533154
3004198,0.9741710697168613
3004199,54.51161392185315
3004200,1207.1137799926107
3004201,29.166846770100335
3004202,0.8896677664621037
3004203,20.81355128848829
3004204,29.655082663784054
3004205,0.00026060261931258426
3004206,2.710863154872208
3004207,2.0312363091053025
3004208,36.30560869840148
3004209,3.733230253070805
3004210,55.99176510809989
3004211,9.675418555132076
3004212,0.5313458370852344
3004213,12.699666127236782
3004214,13.481923541524163
3004215,7.913518185776952
3004216,5.717680147641389
3004217,7.375303785125484
3004218,0.4265658457963815
3004219,0.30001613845382413
3004220,29.167754103123166
3004221,8.02849380108825
3004222,1.6657306657786753e-05
3004223,3.415569471370739
3004224,157.94481192435978
3004225,4.57899091987782e-08
3004226,0.7578911609968507
3004227,11.242572421101169
3004228,29.49164160227623
3004229,1.2170091647293197
3004230,8.561281066740552
3004231,1.1048668734192937
3004232,80.99135893093165
3004233,1751.7410435360202
3004234,23.8772116974471
3004235,2.1885726922219413
3004236,39.123364007738886
3004237,30.40346182457534
3004238,0.0031745761426756197
3004239,19.723787182021372
3004240,5.649039778211741
3004241,32.4130045416384
3004242,7.6310121019005415
3004243,83.54849605222915
3004244,10.490692914444676
3004245,0.5099071452944498
3004246,32.87106390191033
3004247,10.922313161046965
3004248,18.62226737287243
3004249,3.8206878815218532
3004250,12.322550809724575
3004251,0.21065127758608862
3004252,1.207910613212253
3004253,7.289501721549008
3004254,7.163208004852342
3004255,1.2991745483355675e-06
3004256,1.6693908342178
3004257,69.42921548962252
3004258,5.5292069803155e-08
3004259,0.6134750352773203
3004260,6.843368627536049
3004261,15.669605066496818
3004262,1.0037855206715969
3004263,1.5079059814678826
3004264,0.5009132753992199
3004265,6.94477809954444
3004266,231.3053488997334
3004267,12.43448514161062
3004268,0.9599654708475712
3004269,21.37461359365808
3004270,15.67066749049367
3004271,0.00919312011406971
3004272,4.133018557684208
3004273,3.6511544293597824
3004274,8.577191488404896
3004275,4.671806074792143
3004276,29.701938378813583
3004277,4.485072933029307
3004278,0.3692128572117267
3004279,22.282439868628362
3004280,4.046656564147035
3004281,3.908504191074138
3004282,1.521122274373341
3004283,3.3519425957894726
3004284,0.11434744956315553
3004285,0.07768256517577997
3004286,2.8261032355333358
3004287,5.89981174120576
3004288,1.6657306657786753e-05
3004289,0.09125161532959156
3004290,305.917255917818
3004291,4.497222911871045e-08
3004292,1.8502845796153216
3004293,3.5313493601121833
3004294,186.91130984361084
3004295,7.734165395624641
3004296,1.3792594622325784
3004297,0.9804573555117646
3004298,1.3847586638718268
3004299,713.5067680178678
3004300,8.804441530136895
3004301,0.32062257104414016
3004302,18.233531618226404
3004303,8.282888876441408
3004304,0.012736219699398279
3004305,5.441753228127065
3004306,7.393752632737377e-07
3004307,3.90388949017792e-05
3004308,1.4456551129139514
3004309,11.945346902950924
3004310,0.8152929669610905
3004311,3.20878482725257
3004312,21.228952413268782
3004313,0.005081053171653533
3004314,1.3713917616153541
3004315,0.5242154951651973
3004316,8.123395958306741
3004317,0.08427074513769359
3004318,0.00031782491664261514
3004319,1.074984400215229
3004320,4.138280560119458
3004321,0.0018353909875873536
3004322,5.68672518757034
3004323,123.3109623177958
3004324,4.497222911871045e-08
3004325,0.7540911065519763
3004326,10.820868704599675
3004327,22.49645667198462
3004328,1.1586573950897727
3004329,3.987488465027942
3004330,0.5251037681200752
3004331,5.644510039032561
3004332,1479.1016591361551
3004333,25.43607457315534
3004334,0.5933049119482126
3004335,20.374935565985464
3004336,25.32847825487173
3004337,6.922191620177313e-05
3004338,13.063470645544717
3004339,15.348785675736332
3004340,13.226084423218131
3004341,11.668140942630464
3004342,25.903823935478655
3004343,5.938763096470958
3004344,0.4882109507744197
3004345,26.586832851672707
3004346,6.802781474628255
3004347,11.370441020514345
3004348,3.897782647234292
3004349,10.49153666725133
3004350,0.1456666215333219
3004351,0.016888804158117724
3004352,20.82093184063445
3004353,3.9131863008521433
3004354,0.034129008760494496
3004355,2.270292771179379
3004356,7.200029819601271
3004357,2.84773837053907e-05
3004358,0.16103828361472927
3004359,15.417617001033253
3004360,1.4128648667438004
3004361,0.3148845555943844
3004362,0.8263522019688949
3004363,1.2670958251299484
3004364,38.65810557334184
3004365,21.09076801022687
3004366,28.56323741591208
3004367,1.9557901146545307
3004368,26.746636646060985
3004369,11.013232723607748
3004370,0.495356486263523
3004371,2.7629088654813407
3004372,9.014887630488246
3004373,26.30909827225942
3004374,6.040699989282135
3004375,54.37910038557315
3004376,11.004200265798513
3004377,0.5065822047655066
3004378,2.025899481566549
3004379,5.264147952612318
3004380,9.689726862258789
3004381,5.428721210776445
3004382,9.403407400396933
3004383,0.20132454157324806
3004384,0.09075685668705222
3004385,26.34743924225277
3004386,2.9611573713012795
3004387,0.15692763216812036
3004388,6.139459283554399
3004389,6.868455902200466
3004390,6.914957882702948e-07
3004391,0.2091674434661339
3004392,21.51648209506606
3004393,1.6047635034585017
3004394,0.31618188386869117
3004395,1.014062056541939
3004396,1.2806249026487064
3004397,21.553093473198643
3004398,77.67285570988855
3004399,28.844431976574544
3004400,2.225659486984201
3004401,32.726581281535154
3004402,16.199670403820257
3004403,0.0003578904769275255
3004404,3.2548665765078404
3004405,22.536608582641637
3004406,22.420686677658736
3004407,18.7854727138476
3004408,59.01957675161777
3004409,11.446941203399819
3004410,0.5142453568960517
3004411,3.1617060070165954
3004412,12.130355644887432
3004413,18.34464610745106
3004414,4.93919842895488
3004415,13.854510692674792
3004416,0.11201464909336527
3004417,0.20061070570815392
3004418,28.115227628524167
3004419,9.917787159846107
3004420,0.13134913978889445
3004421,6.437206767085748
3004422,110.43467277429228
3004423,4.497222911871045e-08
3004424,0.3643129010492637
3004425,12.194650212803301
3004426,391.15164044328526
3004427,1.1386777559488444
3004428,169.11073269455306
3004429,0.8133779535819994
3004430,7.460688091670788
3004431,4004.922497605765
3004432,8.192419323443588
3004433,0.9674388846815366
3004434,45.594704846128
3004435,23.39718201830866
3004436,0.0005968676703673001
3004437,20.36090414328712
3004438,7.382331307437736
3004439,4.458595293059864
3004440,6.255197647204817
3004441,18.69798354429977
3004442,4.0475414022443665
3004443,6.355119733541546
3004444,69.83497721278543
3004445,5.605937600347788
3004446,5.878565363218802
3004447,3.5045808524140702
3004448,4.764507710456124
3004449,0.10853392951503717
3004450,19.295917724639647
3004451,12.708251286486847
3004452,4.1924450148518035
3004453,1.7394955296685686e-05
3004454,3.609132627829015
3004455,30.505395107333836
3004456,3.859781297156745e-06
3004457,0.3240123035960797
3004458,13.498369947955778
3004459,8.367856464188351
3004460,0.5042338824853746
3004461,4.462417815065351
3004462,0.4284341945541659
3004463,0.41144243970938904
3004464,196.7579903000506
3004465,13.643567829627381
3004466,1.0429889591585084
3004467,5.765129454168657
3004468,15.909921294380137
3004469,0.0014940012843335628
3004470,5.394858902193502
3004471,7.0630399124629815
3004472,19.971061546407302
3004473,2.6086918095787883
3004474,16.940615493234535
3004475,5.186593900520181
3004476,3.0444078587058594
3004477,5.258090918422408
3004478,3.132862292730026
3004479,11.423948563325007
3004480,1.8039936864554025
3004481,1.7585193137487667
3004482,0.24276505787087835
3004483,0.0009424393939644581
3004484,24.814713305472594
3004485,1.533263239982698
3004486,1.7394955296685686e-05
3004487,0.7022734738722911
3004488,7.149987893784621
3004489,4.713203557669843e-08
3004490,1.8163101500537582
3004491,2.9004390990010145
3004492,117.09955542951933
3004493,8.096210908219872
3004494,5.018764862176986
3004495,4.027999585536243
3004496,0.9229521181656871
3004497,109.61015608999806
3004498,3.105572005643131
3004499,0.25201619011288745
3004500,1.7382505647774225
3004501,4.493895915385888
3004502,0.00968843265185999
3004503,4.707712516619029
3004504,1.8211741534402262
3004505,4.9616253714354234e-05
3004506,0.47359180451019045
3004507,13.772052868824536
3004508,0.34054382831783137
3004509,0.32521610919903554
3004510,11.133580642122935
3004511,0.4630023861473508
3004512,2.623251028398865
3004513,1.9279274517247909
3004514,1.173642058548205
3004515,0.6524333218588575
3004516,4.308262117467078
3004517,0.8255213996249028
3004518,5.6903245040338915
3004519,0.18176213654151926
3004520,4.38441447289093
3004521,555.480517126759
3004522,4.713203557669843e-08
3004523,0.4245815833310891
3004524,12.147072491554635
3004525,1282.3531431528857
3004526,0.5338993115081198
3004527,116.89524272463669
3004528,1.0200075582086974
3004529,1.3170567208446062
3004530,196.4447831245322
3004531,19.550381765904213
3004532,0.45983411544680086
3004533,19.8580361443136
3004534,9.294204557274494
3004535,0.012832220169168348
3004536,16.510856687977856
3004537,5.101177515897769
3004538,1.7229204890979477
3004539,6.006806751321966
3004540,23.48416636291013
3004541,2.5110881832729963
3004542,0.4393227031883998
3004543,20.471112694053474
3004544,1.7430583424978507
3004545,13.926911332234402
3004546,1.0657390269997358
3004547,8.645587424273955
3004548,0.06267261007008683
3004549,6.231036590962552
3004550,3.2690208453591856
3004551,4.494103687839257
3004552,1.0733049942338939e-05
3004553,1.6687599280624397
3004554,47.552124217308155
3004555,4.713203557669843e-08
3004556,3.0364502682184487
3004557,8.455137769086466
3004558,302.2791989448916
3004559,0.46734098666460255
3004560,8.58146582842138
3004561,2.5866220003675853
3004562,0.4964534372158241
3004563,81.93006248431789
3004564,2.9742142027457623
3004565,0.2443808281062528
3004566,1.9244251336986502
3004567,13.02146434562392
3004568,0.0006417404305612707
3004569,5.511465901896892
3004570,3.6860867649931035
3004571,4.908607132103385e-05
3004572,2.7467555416425067
3004573,33.001083179984285
3004574,1.5129593902374479
3004575,0.15523395636673312
3004576,12.300127189933063
3004577,0.6225196738603189
3004578,4.711235348183717
3004579,4.058513131388691
3004580,1.446967097197491
3004581,0.5000918391558242
3004582,5.414638066192856
3004583,2.3391883519326706
3004584,3.68392931473209
3004585,1.7394955296685686e-05
3004586,2.0895578437375626
3004587,28.016917255804156
3004588,4.713203557669843e-08
3004589,2.416627954258903
3004590,5.767051957905267
3004591,117.61168038356755
3004592,7.5805782271319435
3004593,3.5644811927344255
3004594,4.416829331261819
3004595,0.8663039723250282
3004596,193.1163703861343
3004597,9.953217917392745
3004598,0.047532651633824655
3004599,2.306818542756347
3004600,7.683814948424625
3004601,0.002902622136312393
3004602,1.3087625075819875
3004603,0.43838383208102405
3004604,4.908607132103385e-05
3004605,0.8539850001176806
3004606,16.352922048532417
3004607,0.7687013889446204
3004608,2.1351249040145412
3004609,5.389341516780754
3004610,0.22735774850743662
3004611,3.7066710971890933
3004612,0.7713880231769482
3004613,0.4917626357631036
3004614,0.6679916833811012
3004615,2.093071242053317
3004616,1.8339744559432936
3004617,2.3661590702238082
3004618,1.7394955296685686e-05
3004619,2.2232716299308453
3004620,28.49090643637409
3004621,4.713203557669843e-08
3004622,5.020369369964586
3004623,6.755905981763078
3004624,411.0896656694161
3004625,0.4056787656901175
3004626,5.803283328958766
3004627,2.6917592698921657
3004628,0.414029991874352
3004629,369.1547264832548
3004630,3.3163973225466927
3004631,0.09687612735650881
3004632,1.4303728229357697
3004633,14.056268925658694
3004634,0.009821050250587255
3004635,4.812320594104246
3004636,0.22548891049631226
3004637,4.908607132103385e-05
3004638,1.2802771791069827
3004639,21.111726003868807
3004640,2.1572627322666644
3004641,11.114650712682291
3004642,29.28048907901997
3004643,0.5952962041432459
3004644,3.6825000389348554
3004645,0.5744077950472846
3004646,5.9524710251619535
3004647,1.4366815789774974
3004648,0.09930348141864037
3004649,3.2054124219078273
3004650,2.649106453319025
3004651,0.9681473931370449
3004652,1.1879046261494408
3004653,93.03993325802848
3004654,4.713203557669843e-08
3004655,3.8986000681063957
3004656,4.247630841070025
3004657,270.22865196813206
3004658,0.39459230211115026
3004659,25.66989808902819
3004660,4.189095637335357
3004661,0.5697671087922318
3004662,259.5605259240998
3004663,1.9063379454026956
3004664,0.6729499418889872
3004665,6.362228807426852
3004666,8.097732577982175
3004667,0.005696466590946109
3004668,7.61891829899584
3004669,4.303618278173174
3004670,4.908607132103385e-05
3004671,1.6582499333353893
3004672,13.324396733861626
3004673,1.5699342632843054
3004674,2.115057693280618
3004675,7.877202164157403
3004676,0.4429071520320431
3004677,3.743471517541645
3004678,0.2676510895310966
3004679,1.6349421480668527
3004680,0.08853796624905107
3004681,4.945558978351828
3004682,2.395123205483284
3004683,3.3271839441733118
3004684,0.07694047455880827
3004685,0.1909510623015796
3004686,17.50483258889608
3004687,4.713203557669843e-08
3004688,3.7530272906434123
3004689,4.506538090483864
3004690,211.27622209653111
3004691,7.736812024565065
3004692,3.2737947913174654
3004693,0.6824802388997417
3004694,0.31124508613059537
3004695,56.05082062206867
3004696,2.314091961422203
3004697,0.08777929327454441
3004698,7.562141349725814
3004699,7.6238664688248114
3004700,0.001775905307663315
3004701,3.279909782618135
3004702,5.028201206909966e-07
3004703,4.9616253714354234e-05
3004704,0.758968820595407
3004705,26.998433625833258
3004706,1.0671323985238652
3004707,1.4384989935011743
3004708,1.0025099143133178
3004709,0.685181066456466
3004710,1.4037093644932988
3004711,0.7236710124937579
3004712,1.0307070128652693
3004713,0.7691768858996386
3004714,0.0001469549954821265
3004715,0.6338105616817996
3004716,6.4271399005223255
3004717,0.13423888066164344
3004718,2.4803947135251003
3004719,73.54115024623854
3004720,4.713203557669843e-08
3004721,0.28778253642708496
3004722,6.169791682712199
3004723,471.01683385509534
3004724,0.5417554262905662
3004725,159.56090838821174
3004726,0.6736761250350171
3004727,2.0381813113283602
3004728,180.08983277168244
3004729,12.40308941711514
3004730,0.7201043148984203
3004731,22.30071763069367
3004732,13.899192440431365
3004733,0.00045239472943477805
3004734,13.266464147964783
3004735,0.031096284651671455
3004736,4.9616253714354234e-05
3004737,3.02878380526291
3004738,25.299774784538425
3004739,3.5056286613048173
3004740,0.35060992958493237
3004741,11.071306898599076
3004742,1.520664688986192
3004743,5.851497300194756
3004744,1.5623204282267804
3004745,3.092951059493511
3004746,0.06406474055995649
3004747,7.077707298338655
3004748,7.447979000410899
3004749,2.247448848658543
3004750,0.0739596012661249
3004751,2.837532804567526
3004752,7.592393648931392
3004753,4.713203557669843e-08
3004754,0.1263955800146728
3004755,7.975904150311523
3004756,80.95298750199161
3004757,0.31648084275788674
3004758,1.2208141260946648
3004759,0.19649306224011304
3004760,0.27217917318002655
3004761,61.709344228765566
3004762,8.046370717574746
3004763,0.6458626476245035
3004764,8.134933490895417
3004765,4.102975676946648
3004766,0.0004052159128858034
3004767,2.1890054722629446
3004768,2.9103751811823972
3004769,1.92046737062569
3004770,3.272279589952485
3004771,14.599622659001545
3004772,2.3195672998870243
3004773,0.030013499076270052
3004774,2.087385790827465
3004775,2.545647601447647
3004776,4.235944343074121
3004777,0.5279636924661839
3004778,1.2067833877943828
3004779,0.033627788026092266
3004780,9.53829254891579
3004781,7.060504947427743
3004782,5.3569624440124
3004783,0.1857986954248898
3004784,0.958438952578003
3004785,23.454696507066526
3004786,4.713203557669843e-08
3004787,3.1652938706564915
3004788,6.561826417597052
3004789,327.9745048117268
3004790,9.034712983745258
3004791,4.998197821226685
3004792,2.772984223051812
3004793,0.5907326554090881
3004794,766.5484278526717
3004795,7.124002406993049
3004796,0.8871893728326841
3004797,1.6801345746310064
3004798,8.460132271567106
3004799,0.02251872681709617
3004800,2.3340745216080108
3004801,3.4135098823480696
3004802,4.908607132103385e-05
3004803,1.8597785514725615
3004804,14.364450930572966
3004805,2.7004734887687536
3004806,1.6372440095725582
3004807,9.345864955614022
3004808,0.8186913809205033
3004809,4.046296820796052
3004810,1.5909632641851787
3004811,0.584283204439839
3004812,0.8434229603032762
3004813,0.06990939442194768
3004814,2.810616082375609
3004815,5.6282383459336645
3004816,6.4440139475681985e-06
3004817,6.515864441179256
3004818,32.431655074093214
3004819,4.713203557669843e-08
3004820,0.668228448608855
3004821,13.044560197274928
3004822,22.135203722644256
3004823,0.5124832501040816
3004824,18.061319058895563
3004825,0.4751048176724574
3004826,3.3277914674678453
3004827,258.1121496074048
3004828,26.275270211816103
3004829,0.997929809840775
3004830,30.6144434304546
3004831,22.286171944502584
3004832,0.0033397160449630814
3004833,23.83118742851979
3004834,16.51402609035618
3004835,16.84065484382886
3004836,6.526720722043917
3004837,26.489897598751263
3004838,6.259718039828715
3004839,6.121364832317338
3004840,24.792610483088406
3004841,6.66337130744897
3004842,5.9101269157604905
3004843,3.8720996882816037
3004844,11.471939369737035
3004845,0.3113105185917256
3004846,0.003704183660162564
3004847,34.44263028809938
3004848,5.312575225933454
3004849,0.16610629379782277
3004850,3.5805637041403022
3004851,166.53752558878324
3004852,4.713203557669843e-08
3004853,0.2289966065541917
3004854,7.339818949779832
3004855,931.3502746666087
3004856,0.5326548342840607
3004857,59.79673310048314
3004858,4.036904440357205
3004859,2.303928152286764
3004860,991.5734803011844
3004861,9.14666872665608
3004862,0.34592761181867815
3004863,8.344086094782382
3004864,6.3773556774727425
3004865,0.002096294487942836
3004866,12.0793326825518
3004867,0.9462683351517974
3004868,5.478856909484642
3004869,1.580392023321813
3004870,19.987742543543344
3004871,1.2339489983651637
3004872,0.1770414609475601
3004873,19.152864626139557
3004874,2.932276355399429
3004875,3.327741562769912
3004876,0.6940309845419224
3004877,4.608916036498271
3004878,0.03973276586315416
3004879,14.177660225971827
3004880,8.858093752164116
3004881,8.556600470452784
3004882,0.3650520463356127
3004883,2.0048092802875424
3004884,81.18424542624759
3004885,4.713203557669843e-08
3004886,0.15035173982280065
3004887,6.13572620936823
3004888,782.6716464561616
3004889,0.7396734343089196
3004890,4.044825358024177
3004891,0.6949947129941666
3004892,1.4537538984075253
3004893,636.0753198839217
3004894,9.802062716641132
3004895,0.36683217747914576
3004896,16.30233931837931
3004897,24.31104654468546
3004898,0.005506955739405148
3004899,16.365549918097305
3004900,1.194354858426517
3004901,2.641636936232795
3004902,6.10814116678892
3004903,16.09224441405155
3004904,2.2245260461857983
3004905,0.1415458213726236
3004906,13.613038086741147
3004907,1.7199573108136903
3004908,3.9608005579743724
3004909,0.5971778969326786
3004910,14.018670851611883
3004911,0.03965041545381642
3004912,0.002283020485649902
3004913,2.4283298219279423
3004914,3.5927298898155007
3004915,0.010873802641892815
3004916,1.6504569257743924
3004917,94.96069712392173
3004918,4.713203557669843e-08
3004919,2.4832964725235653
3004920,6.675988226170376
3004921,142.3205794119219
3004922,63.46284284100014
3004923,5.709769945721528
3004924,0.6359712121768932
3004925,0.42798216658713234
3004926,137.04070735306593
3004927,5.503294784109078
3004928,0.5644876593640571
3004929,6.428161503388022
3004930,15.458487688938089
3004931,0.0015749322426110875
3004932,7.603458976358419
3004933,0.38985143134781947
3004934,4.908607132103385e-05
3004935,2.171121681677534
3004936,25.759630218982213
3004937,2.4251167568163425
3004938,1.909076581408204
3004939,2.921649468829389
3004940,0.8161187078780379
3004941,3.6655332560070644
3004942,2.8619094718801446
3004943,1.446926600046684
3004944,0.6096192534706141
3004945,7.225439446671224
3004946,1.2064239637355083
3004947,1.620191252318704
3004948,1.4439340510662532e-05
3004949,2.279819111446687
3004950,14.52312593389821
3004951,2.0702350121342997e-06
3004952,0.5600929428536281
3004953,11.702030488091786
3004954,9.330449174094955
3004955,0.7401547861657772
3004956,11.527985912803162
3004957,4.4318663296223
3004958,1.2137802087195788
3004959,69.11361729921731
3004960,15.330141529083097
3004961,0.1101958092829328
3004962,2.1905292434638173
3004963,9.735448811206181
3004964,0.016673076196527987
3004965,2.2417656640388564
3004966,6.497946893150933
3004967,1.3983257617369567
3004968,3.534770658748213
3004969,28.751203678616886
3004970,4.922851447069082
3004971,5.150765729063694
3004972,12.92900835288094
3004973,2.4646225755568403
3004974,4.1081896830203375
3004975,2.5848380160184563
3004976,1.6467021896930727
3004977,0.15309528865482575
3004978,0.004725163125974229
3004979,9.361817769600933
3004980,2.361081296265357
3004981,0.012586837358189744
3004982,2.2108684203759714
3004983,79.85436659790027
3004984,4.140402778976465e-08
3004985,0.7921679129358542
3004986,15.22980995164982
3004987,34.85550953211449
3004988,0.61968096702133
3004989,18.52077528062492
3004990,0.5185650250370386
3004991,30.997489788922476
3004992,1580.2882435122153
3004993,24.784069697323677
3004994,0.8043813208729119
3004995,16.38672363349825
3004996,33.98623537002527
3004997,0.0009633793054087763
3004998,4.188002981510097
3004999,4.977118035732119
3005000,35.747612788428455
3005001,6.961076750876961
3005002,24.717098555777795
3005003,11.46216445910347
3005004,4.152637089976017
3005005,38.93873873092887
3005006,11.410216389430007
3005007,7.802238901196791
3005008,4.019231591379174
3005009,7.707499937332086
3005010,0.3387136465835878
3005011,0.0018049084323919226
3005012,33.053742961132265
3005013,1.8331398854928564
3005014,0.0048699105914005525
3005015,4.364881904406039
3005016,8.133659586603466
3005017,5.207432266806437e-08
3005018,0.2291676822900507
3005019,7.5854201869195785
3005020,29.10815394604585
3005021,0.3885176143261322
3005022,2.453407738558777
3005023,0.7190867068122684
3005024,1.611514038652771
3005025,79.20873228580344
3005026,12.97235593336087
3005027,0.6518262459576629
3005028,3.3047799938649187
3005029,10.932431638982884
3005030,0.00044311002784389253
3005031,1.2196419125091527
3005032,5.028201206909966e-07
3005033,21.456899339150482
3005034,2.0447620584216986
3005035,18.7845312153379
3005036,6.891321081526578
3005037,2.819102403252536
3005038,4.667422436353496
3005039,3.5604884707343256
3005040,3.5405080027848177
3005041,0.5860398511047313
3005042,0.9912534553998695
3005043,0.08500702175851597
3005044,0.12823620060661894
3005045,5.87643137096108
3005046,3.07321249383698
3005047,1.7394955296685686e-05
3005048,0.7047175142559177
3005049,4.614419625794114
3005050,4.713203557669843e-08
3005051,0.8727002004042834
3005052,5.070098252888703
3005053,9.09017623765808
3005054,9.630477455485341
3005055,1.2767388112263875
3005056,3.314689126002409
3005057,0.4693831856886952
3005058,27.00601521184586
3005059,1.05712064539853
3005060,0.49048782340631636
3005061,2.2020126578518817
3005062,3.3444449688723643
3005063,0.02126063980683779
3005064,0.8544149556578636
3005065,0.006377042066553041
3005066,7.173940913561034
3005067,0.3115184679262625
3005068,19.83817486269093
3005069,0.09431722570399245
3005070,3.354703839400021
3005071,2.114164731954165
3005072,1.8030374611289093
3005073,0.5672198844890178
3005074,0.32874891937571554
3005075,0.6460676028579806
3005076,0.5523349833304112
3005077,0.0701382981986063
3005078,2.9005892630622436
3005079,5.1324863963363985
3005080,0.06598299097792767
3005081,2.986893477504477
3005082,145.0384528050835
3005083,0.0001479033791177111
3005084,0.5685782875136663
3005085,16.302781013599873
3005086,30.88161693526133
3005087,0.5930771635863515
3005088,4.894740282121459
3005089,0.5075710105794924
3005090,5.779387528073635
3005091,586.825947427125
3005092,21.53570564752674
3005093,1.7410144224904196
3005094,25.1633735881087
3005095,21.476938368598095
3005096,0.0036119125786724304
3005097,9.388082664900658
3005098,2.61839514284234
3005099,35.65819533254059
3005100,6.301316322970664
3005101,24.6472332724629
3005102,4.484366532215441
3005103,4.387732385859371
3005104,15.269564696024728
3005105,8.233714565590196
3005106,5.955007411026357
3005107,2.7718258273540446
3005108,4.175212868971216
3005109,0.11087268160477864
3005110,0.18825884989492914
3005111,21.323962058179653
3005112,4.6695726403585684
3005113,6.103535475870295e-06
3005114,1.0561008974051644
3005115,73.7282723736861
3005116,4.713203557669843e-08
3005117,0.741531725184538
3005118,14.525928685946075
3005119,915.4064875469849
3005120,0.5687499206678152
3005121,110.85381663302125
3005122,0.5114774206423409
3005123,1.4056144959059254
3005124,2064.8852492894584
3005125,11.241071524875327
3005126,0.44807258797920824
3005127,31.715851227744064
3005128,16.02398584867163
3005129,0.38496631586048996
3005130,17.717525044367605
3005131,5.028201206909966e-07
3005132,5.073412911168261
3005133,2.0843000126755675
3005134,19.955993205458288
3005135,1.3611021398650596
3005136,0.22965622409942
3005137,9.62845881147542
3005138,3.411329380368579
3005139,3.24319914236505
3005140,0.5345463246232984
3005141,8.880530606599502
3005142,0.08535647224494744
3005143,0.41375809455652296
3005144,2.004806135704865
3005145,4.994291172768524
3005146,0.2913141831580426
3005147,3.2105767546666453
3005148,86.2362881296569
3005149,4.713203557669843e-08
3005150,0.6736336262968678
3005151,11.745259095406883
3005152,613.361473215436
3005153,0.7356392410192046
3005154,4.081704514477575
3005155,0.7524647829963589
3005156,1.4429809217535605
3005157,1033.7259524824572
3005158,11.597881610112468
3005159,0.86648541467534
3005160,22.054997364634968
3005161,13.014305901486804
3005162,0.001845149163304618
3005163,12.545150990954012
3005164,5.028201206909966e-07
3005165,4.542753553758765
3005166,2.0952224105200923
3005167,18.268130236248314
3005168,1.6419487463122306
3005169,0.10707344852753518
3005170,6.748800135840013
3005171,3.4158685701664866
3005172,3.682574309340619
3005173,0.7490396811644429
3005174,3.2120695675937148
3005175,0.05780516326756799
3005176,0.235985920031268
3005177,2.81577036062368
3005178,8.438587469011246
3005179,0.017332418457317204
3005180,12.386268054905656
3005181,138.01219186602694
3005182,3.267557610912498e-08
3005183,0.8430669842706915
3005184,40.599140236508596
3005185,48.54177436754372
3005186,0.6651362058315909
3005187,108.88980216518291
3005188,0.6928243153950662
3005189,11.362117320688544
3005190,657.9380006387187
3005191,70.16246130138424
3005192,2.034011718685638
3005193,66.32290835865938
3005194,37.827440275186824
3005195,0.009929900799131745
3005196,34.710949065763245
3005197,34.77234146817858
3005198,52.44564802578289
3005199,20.234641323319423
3005200,22.540986198007236
3005201,12.955414656927175
3005202,6.312105485514234
3005203,53.07010065179201
3005204,15.599958946763817
3005205,27.50584235177154
3005206,1.4368337492393422
3005207,14.013540125830234
3005208,0.371124645618967
3005209,0.17240461954266306
3005210,98.60071370206424
3005211,2.286412682216006
3005212,0.059169327238265415
3005213,0.20054772936730547
3005214,59.709428258424424
3005215,4.713203557669843e-08
3005216,10.240768372481549
3005217,4.603071555687806
3005218,9.116811627356437
3005219,11.130446738913166
3005220,8.56788135706175
3005221,0.6666273188430116
3005222,0.8855439530368339
3005223,114.60338600138049
3005224,4.033210085333147
3005225,0.14013520136211863
3005226,1.5377303238126796
3005227,4.1794314906218855
3005228,0.0020558427921034154
3005229,4.647236441041557
3005230,0.24667711294902012
3005231,9.77667089199241e-05
3005232,1.433385050020378
3005233,21.01555083849074
3005234,0.5686841376018532
3005235,0.045932247532928155
3005236,1.8001649684916075
3005237,1.2355495874787077
3005238,3.5078009892317783
3005239,1.1238726058031991
3005240,1.0155579327045714
3005241,0.03376736987447421
3005242,0.001040064170377801
3005243,2.4915349412955767
3005244,6.434172640752279
3005245,0.025794203697266486
3005246,0.8153879173001499
3005247,75.74066470271161
3005248,4.713203557669843e-08
3005249,0.5742490900689744
3005250,9.753488244009567
3005251,740.5633723331097
3005252,0.519843009964611
3005253,6.297752482287681
3005254,0.567408316855616
3005255,2.172498416678602
3005256,1880.344980457588
3005257,10.041905233210553
3005258,0.26624114817995365
3005259,11.730717843108826
3005260,12.423869427154935
3005261,0.0011042210147384755
3005262,34.67922660485965
3005263,0.5375224213926697
3005264,3.2697360493197976
3005265,6.102110280260292
3005266,14.458219965157653
3005267,1.5315970249175062
3005268,0.3991390482023306
3005269,16.0023202406494
3005270,3.1117653707614705
3005271,4.3100506838536266
3005272,0.4182048798848476
3005273,6.758434575488232
3005274,0.05314362392293935
3005275,0.19707993778734972
3005276,3.7829822133833724
3005277,0.827342628787286
3005278,1.7394955296685686e-05
3005279,0.22657502097631674
3005280,10.915825602729742
3005281,4.713203557669843e-08
3005282,2.162738735609209
3005283,3.758980579673271
3005284,56.260132258445196
3005285,2.448909941304352
3005286,6.280706546807606
3005287,0.6409392683708471
3005288,0.723535443672053
3005289,30.432045720093125
3005290,1.2664231115742552
3005291,0.1764449767102369
3005292,2.432404564365369
3005293,3.2709571647409588
3005294,0.029319920817865296
3005295,1.8060623942282124
3005296,5.028201206909966e-07
3005297,9.77667089199241e-05
3005298,0.6093034319115018
3005299,34.509921875649354
3005300,0.07695503689254617
3005301,0.1432649319415007
3005302,1.6837952516440344
3005303,0.3003275447962803
3005304,0.6206515167018324
3005305,0.600229194983112
3005306,0.24268873655360573
3005307,0.3961000964908681
3005308,3.603221803454539e-05
3005309,0.7686648344171991
3005310,6.136317253088738
3005311,1.7394955296685686e-05
3005312,0.7063258105492852
3005313,71.87924983960905
3005314,4.713203557669843e-08
3005315,3.338367295073866
3005316,6.849298215129372
3005317,38.84473556072561
3005318,0.6166626782547562
3005319,2.207735338625822
3005320,0.5438154250160209
3005321,1.1826276792817765
3005322,374.75221041014146
3005323,1.9372988758524277
3005324,0.1889950797817781
3005325,31.36961856963261
3005326,10.508741611240024
3005327,0.007404236169695558
3005328,2.184231921977145
3005329,5.028201206909966e-07
3005330,4.908607132103385e-05
3005331,8.161598456003814
3005332,13.537418204356094
3005333,1.4622076642575446
3005334,0.37432312494182496
3005335,8.074385970590134
3005336,1.4972674050182204
3005337,2.801863277894884
3005338,1.5143941221575687
3005339,0.6837957695917894
3005340,0.04954018228437183
3005341,0.00037165132158928084
3005342,0.16755984280046057
3005343,2.7771228832790853
3005344,0.24112647961888797
3005345,2.1106657824500172
3005346,52.815727298293396
3005347,4.713203557669843e-08
3005348,0.7450227918018489
3005349,10.04141052889379
3005350,372.4475960056305
3005351,0.531019968791241
3005352,16.084821376372712
3005353,0.4101815657422334
3005354,1.243475403688172
3005355,488.36646661395804
3005356,5.5117702667041195
3005357,2.1979197024667885
3005358,4.4978462045032375
3005359,31.314045206092686
3005360,0.007366950870326615
3005361,21.09424992629779
3005362,0.5795654260299536
3005363,5.971113760654794
3005364,1.989803077343096
3005365,21.81605563586925
3005366,2.4135916214210784
3005367,0.34422168793989055
3005368,35.38187820210339
3005369,2.6127052605777483
3005370,5.023803243184254
3005371,0.3358813724360629
3005372,1.5256945359579002
3005373,0.06240329868133165
3005374,1.3424504721011914
3005375,1.5581653677630865
3005376,3.2098069059775107
3005377,9.287485911405658e-06
3005378,0.00799746599467408
3005379,50.902142633267204
3005380,4.713203557669843e-08
3005381,1.5407163014453864
3005382,2.9087300435790024
3005383,167.6114035244298
3005384,2.3892388348940794
3005385,2.105073324263678
3005386,0.4300924975878669
3005387,1.7840309527187281
3005388,136.92551701664925
3005389,2.475030565614907
3005390,0.1728111535863361
3005391,1.647252289349278
3005392,1.5496491142090574
3005393,0.05163627494830677
3005394,1.6150866597591895
3005395,5.028201206909966e-07
3005396,4.9616253714354234e-05
3005397,0.09750536780614436
3005398,15.699738495368546
3005399,0.48729691731732633
3005400,0.25060452145861967
3005401,0.9798205479970155
3005402,0.5203100329095376
3005403,0.5692872886061369
3005404,0.4844962391971242
3005405,1.3310339702160627
3005406,0.6449944388117846
3005407,0.0024545574247476984
3005408,0.31237787703413283
3005409,3.9117696116871623
3005410,4.827318880555006e-05
3005411,0.21562520688363507
3005412,40.80983300103983
3005413,4.713203557669843e-08
3005414,0.3984319707447271
3005415,8.502771063908261
3005416,515.6793012930177
3005417,0.7717439601893865
3005418,2.975963901467302
3005419,0.6074899283761006
3005420,3.8210848150336263
3005421,1110.1182929387055
3005422,3.798345396529928
3005423,0.22282943590371995
3005424,13.780756009394342
3005425,7.420245953428616
3005426,0.014038817125017368
3005427,17.25197219999235
3005428,5.028201206909966e-07
3005429,29.58050177428349
3005430,1.4656651610891211
3005431,23.390771647825765
3005432,1.0535418846516997
3005433,0.3340111625946815
3005434,13.052216819207656
3005435,2.683535999205455
3005436,3.1790343074017122
3005437,0.5047561706379923
3005438,3.215002246471028
3005439,0.06680402347058256
3005440,0.17323376067196683
3005441,0.4595729126482552
3005442,3.2607475821993757
3005443,1.7394955296685686e-05
3005444,7.046901258862607
3005445,18.956273545173875
3005446,2.5598245661828023e-08
3005447,0.6158781655073337
3005448,7.76077263288335
3005449,22.218021571647512
3005450,0.5603561095940939
3005451,8.753115061249966
3005452,0.28303666496740165
3005453,2.5405955885006812
3005454,465.070301842353
3005455,32.30623958666619
3005456,1.2783203587417225
3005457,5.296060689604449
3005458,17.507352034871783
3005459,0.007588407762727537
3005460,21.179389500664062
3005461,16.46740828375288
3005462,20.141486551989807
3005463,0.6700791553751106
3005464,17.970136209046004
3005465,8.159173154198509
3005466,3.1945888590262688
3005467,25.30055561677463
3005468,9.860747311591
3005469,10.20159647214426
3005470,2.0024933972198555
3005471,3.9263520419127516
3005472,0.3157708110744341
3005473,0.0010614318540854194
3005474,10.439386834834743
3005475,4.231526395085731
3005476,1.7394955296685686e-05
3005477,7.396213602082536
3005478,66.93446263097479
3005479,1.3948119049099517e-07
3005480,0.49528844832488694
3005481,13.1367184245244
3005482,22.55457135271385
3005483,0.5502482012224549
3005484,3.4891314239721973
3005485,0.6026787257552766
3005486,2.0997491072148415
3005487,388.085251207601
3005488,27.94528793396223
3005489,0.7156190220493145
3005490,27.92917252979506
3005491,23.08424719382121
3005492,0.00039849356542973817
3005493,17.851112997077724
3005494,13.141318619393637
3005495,16.943028874386975
3005496,5.810108874159331
3005497,19.48785152684346
3005498,11.414653892737674
3005499,2.904409967114613
3005500,12.374840149246802
3005501,6.62353015181065
3005502,6.707524876028922
3005503,0.9412162339909494
3005504,5.5901228423957425
3005505,0.08742180967645506
3005506,0.24344403780795104
3005507,15.01483249965442
3005508,7.3127001290822955
3005509,0.20443463152145258
3005510,1.1798797778702195
3005511,73.32321487782328
3005512,4.713203557669843e-08
3005513,0.6862861105924979
3005514,7.764395618265637
3005515,1015.012223639713
3005516,0.4785371890090005
3005517,3.7506639613415476
3005518,1.2631434525781746
3005519,0.34696664566293106
3005520,1967.5642525573348
3005521,20.535344585135334
3005522,1.1813861744615461
3005523,5.493249546038763
3005524,9.278364770860549
3005525,0.023994560684248656
3005526,14.17061737519093
3005527,2.949950857114436
3005528,15.40654054112451
3005529,8.150647423358242
3005530,14.53727111841305
3005531,4.90396912413076
3005532,0.24636230992960595
3005533,30.563242007462843
3005534,5.355719126828317
3005535,6.766078945659922
3005536,0.7621999746013925
3005537,7.907270698751467
3005538,0.07722084542010897
3005539,2.595295222562519
3005540,10.116299068625384
3005541,2.9066913820989777
3005542,0.0009013349437315166
3005543,3.8107436563083747
3005544,20.96827644725867
3005545,1.6786495930568535e-05
3005546,0.46091592910595236
3005547,8.670995163553243
3005548,22.81787072392928
3005549,0.41955071611472483
3005550,10.024393126662334
3005551,0.41939516321808
3005552,2.1782258077334147
3005553,486.8951250016967
3005554,20.49206419736563
3005555,0.6551014663550888
3005556,20.688931256402178
3005557,8.896954861095015
3005558,0.038706095470332456
3005559,18.984919522260178
3005560,13.903685549050774
3005561,22.596143306936444
3005562,0.6722412230755478
3005563,17.764745122574627
3005564,6.5966427319049785
3005565,5.03360791808226
3005566,23.968184556885944
3005567,4.936997067455724
3005568,5.812995241074352
3005569,3.423323896903555
3005570,4.052177494473797
3005571,0.31676757023272734
3005572,0.038146310596701274
3005573,29.739678896842005
3005574,3.113534365884519
3005575,0.0250257786561727
3005576,2.3856313436446004
3005577,70.16463087277066
3005578,4.713203557669843e-08
3005579,0.3785431482879948
3005580,7.139692480618345
3005581,981.2529673670814
3005582,0.7754672640962375
3005583,2.9489175537653667
3005584,0.6782133872177598
3005585,1.656285203058056
3005586,3629.0622426538503
3005587,6.339825356210239
3005588,1.35232287563865
3005589,4.296517155745504
3005590,19.46492222896663
3005591,0.01530246312810011
3005592,31.414308655610277
3005593,5.028201206909966e-07
3005594,0.05710700718937323
3005595,5.633823222734422
3005596,20.581855476984625
3005597,1.4354008560878768
3005598,0.40511181992797046
3005599,34.26316871700032
3005600,3.0518242772205313
3005601,7.6916795970477105
3005602,0.9831324757289401
3005603,2.5524793774744627
3005604,0.04243202840893373
3005605,9.154682213094346e-05
3005606,3.5544125546716097
3005607,5.254439722415502
3005608,0.0006858789218318493
3005609,8.401790809839794
3005610,43.74199410202015
3005611,5.660252097910448e-08
3005612,0.6453787520963961
3005613,12.203440974141376
3005614,57.189212962318564
3005615,0.5488991306170071
3005616,1.307354854246051
3005617,0.6253477127623099
3005618,5.601990332863418
3005619,599.3235138967857
3005620,22.19183679505607
3005621,1.0182505583817913
3005622,4.382256766447916
3005623,14.563550593965648
3005624,0.00018688080505726665
3005625,4.728071191348077
3005626,10.103022189935414
3005627,17.51883851744279
3005628,5.063787525301519
3005629,18.838281719978216
3005630,7.147567570330727
3005631,4.08006251363387
3005632,9.196979979721222
3005633,10.7277788352549
3005634,5.262157272798848
3005635,1.0689153158590379
3005636,2.2113263168011033
3005637,0.2961930468269546
3005638,0.11922028947940838
3005639,6.799239504605145
3005640,2.5375059804425435
3005641,1.7394955296685686e-05
3005642,4.0279522521783635
3005643,35.12211329898214
3005644,4.713203557669843e-08
3005645,0.4797372034574797
3005646,9.360830506199248
3005647,20.056078479865125
3005648,0.39839003007068824
3005649,1.161511675109562
3005650,0.41124573031985423
3005651,2.4112756760789353
3005652,360.64187595937165
3005653,23.05761818556731
3005654,0.7722757569811923
3005655,24.139590894449018
3005656,12.703293734122697
3005657,0.002424843532011863
3005658,2.3726798525043
3005659,9.270992801456803
3005660,34.06416491945504
3005661,2.288952614643747
3005662,17.9705823775785
3005663,8.938003751424556
3005664,3.72730165003727
3005665,6.830253178318756
3005666,6.205777327694046
3005667,6.868455139596812
3005668,1.432027841705333
3005669,1.7855189808042773
3005670,0.10294363280871774
3005671,0.059901372996304256
3005672,14.807215160030564
3005673,4.400225475403896
3005674,0.005180439348464474
3005675,1.7994254073676421
3005676,130.1405325267097
3005677,4.713203557669843e-08
3005678,0.4826243422260842
3005679,14.193945311645656
3005680,815.9953717624102
3005681,0.5541876072152041
3005682,16.57210842816073
3005683,0.45353030530692434
3005684,2.042399479918524
3005685,633.555571396131
3005686,8.539886563919376
3005687,0.019347298166013927
3005688,2.7493435089011644
3005689,12.334776467518324
3005690,0.011703322728777214
3005691,29.45105912905122
3005692,5.028201206909966e-07
3005693,6.758327973076238
3005694,0.4434730976494456
3005695,17.21848403738017
3005696,2.0304057007005265
3005697,0.25521848476215725
3005698,22.6523539732526
3005699,2.1929165425251997
3005700,1.279723048853421
3005701,0.7595895053322619
3005702,7.585549165606538
3005703,0.0352414832958401
3005704,0.3480836842462731
3005705,0.38207017281979105
3005706,13.985091486922554
3005707,1.7394955296685686e-05
3005708,13.294527384018753
3005709,260.3352519938571
3005710,1.2142680583355488e-07
3005711,0.9906916383004457
3005712,27.343358857491936
3005713,1085.6602487198732
3005714,0.7732271366360411
3005715,131.51763023892968
3005716,0.7149049270118786
3005717,16.79313051599171
3005718,3286.5241242936395
3005719,63.886494153003774
3005720,2.751445026503128
3005721,90.00259083684995
3005722,46.466212183714205
3005723,0.0020542960854406235
3005724,61.26896612388249
3005725,20.306634734720674
3005726,29.124539138076507
3005727,32.56528348914255
3005728,23.002647120649215
3005729,12.336200333826211
3005730,6.46139869956459
3005731,38.07531888980648
3005732,22.531928163244746
3005733,37.422412784518684
3005734,4.240581924387981
3005735,16.576922651688154
3005736,0.39953411473100525
3005737,17.80457118770167
3005738,125.14826941560135
3005739,14.179521613479062
3005740,1.7394955296685686e-05
3005741,12.771799420148335
3005742,211.20593915693013
3005743,1.9674567335655036e-06
3005744,0.8755896645142917
3005745,28.641713965297704
3005746,94.67937226234949
3005747,0.6668132798569112
3005748,163.1407707145358
3005749,0.6126521391818439
3005750,16.15768279188673
3005751,3555.2194103965485
3005752,72.48105973139332
3005753,1.1601198294333184
3005754,72.59593006572615
3005755,50.57267358843638
3005756,0.40932490926832327
3005757,40.7573813008629
3005758,15.50824522917259
3005759,43.07483040315215
3005760,9.176118157012123
3005761,23.776571164839567
3005762,11.351062028240117
3005763,7.250826150944871
3005764,40.970346485748344
3005765,16.427363982297482
3005766,29.26269684566872
3005767,5.251224402284177
3005768,20.960651309293205
3005769,0.38546136631454353
3005770,16.312138313804553
3005771,114.08095819867414
3005772,10.010329006134741
3005773,1.7394955296685686e-05
3005774,14.514860328465222
3005775,116.43370424198008
3005776,3.0612833134833554e-05
3005777,0.5458943634889395
3005778,13.970082582324983
3005779,57.32091745680033
3005780,0.6748766294750735
3005781,106.71899778185725
3005782,0.6421975637828196
3005783,13.871711609128207
3005784,2897.011104018044
3005785,39.837957241180696
3005786,1.7149776574665716
3005787,34.42042539065124
3005788,15.51583679847885
3005789,0.3028555487109978
3005790,55.14449810393021
3005791,12.215550463548729
3005792,31.50350987671544
3005793,7.752065571202202
3005794,21.76443603698453
3005795,7.338653508626269
3005796,6.819622850569797
3005797,38.59366268257943
3005798,14.440991218460237
3005799,38.84721383306627
3005800,4.270677786726289
3005801,10.989873813001976
3005802,0.2294996885332529
3005803,16.165440970915952
3005804,47.5143565715431
3005805,13.052827903717105
3005806,1.7394955296685686e-05
3005807,15.7530492616804
3005808,244.0160878010389
3005809,8.897399470922229e-07
3005810,0.8423438108190892
3005811,25.873243879816634
3005812,90.39972218648246
3005813,0.6946733198719559
3005814,154.14352468722117
3005815,0.5622382914203994
3005816,10.283578821615166
3005817,3290.7320973039127
3005818,49.848936511691825
3005819,0.9043348245618905
3005820,10.865902947156796
3005821,42.045468161977766
3005822,0.40063397678050716
3005823,54.86275829245059
3005824,20.814387605089163
3005825,39.96464481911228
3005826,18.55809687961499
3005827,18.14245139364066
3005828,10.712875575828107
3005829,6.861686208079672
3005830,37.95302668485646
3005831,14.727361411995743
3005832,21.812326369886417
3005833,3.264339220163244
3005834,18.3671250324335
3005835,0.3513189987417071
3005836,15.831190000703918
3005837,81.56201261293482
3005838,9.925816112056918
3005839,1.7394955296685686e-05
3005840,12.581141667400512
3005841,46.95901694582976
3005842,2.6835655493456946e-07
3005843,0.4774528466919506
3005844,17.420559080905413
3005845,58.16300732314332
3005846,0.45346603268189256
3005847,147.74254478535795
3005848,0.6263502995340916
3005849,12.101161641329295
3005850,1320.0507809931414
3005851,38.79893080305022
3005852,0.2788106611320908
3005853,34.457435864258464
3005854,16.29077035528453
3005855,0.0005471534128191926
3005856,33.80933269345684
3005857,15.065627641107302
3005858,12.409220465636352
3005859,2.0979264482427076
3005860,21.27646861932683
3005861,6.359745575952594
3005862,6.367955804264707
3005863,69.97479330295735
3005864,13.64105591363341
3005865,18.16571426857062
3005866,2.373329739611407
3005867,5.714933721408001
3005868,0.07741509247110955
3005869,18.85237774641522
3005870,26.546587137228837
3005871,10.38039519554222
3005872,1.7394955296685686e-05
3005873,9.90385764708322
3005874,434.31597962493686
3005875,1.7536949674000947e-07
3005876,0.9855164056646715
3005877,31.593289518387937
3005878,45.25895117697643
3005879,0.6574487929303289
3005880,117.37099722462912
3005881,0.6855901826231217
3005882,48.700027979854866
3005883,349.2721069339649
3005884,60.69871091267624
3005885,1.108931978456034
3005886,6.115444305568078
3005887,32.73701172303552
3005888,0.0003989870013346953
3005889,52.74367818756949
3005890,8.488131325594148
3005891,41.304420288751004
3005892,6.894822249803403
3005893,24.549640686403535
3005894,9.845916318208026
3005895,6.41458551325627
3005896,50.8120067624582
3005897,13.764614972368136
3005898,32.38718711724111
3005899,4.8216770474832416
3005900,13.83305022378453
3005901,0.3717746453961311
3005902,16.071472932055876
3005903,107.55069398971042
3005904,5.067817066939066
3005905,0.10325612686959657
3005906,5.279389161399623
3005907,46.885799377864274
3005908,2.657729566232951e-08
3005909,0.5069336404294839
3005910,24.74633234577633
3005911,26.36965604868171
3005912,0.7649817609690674
3005913,15.693300773415464
3005914,2.038931022702385
3005915,5.980095490622417
3005916,405.34055657383703
3005917,17.76826495195631
3005918,0.68081478501136
3005919,19.10323361176906
3005920,16.559893712383722
3005921,0.0012221050404429127
3005922,12.681341348475238
3005923,8.299684451234162
3005924,9.602351175335391
3005925,7.242921752083274
3005926,23.96558945058892
3005927,8.85551749747419
3005928,3.8710088420626882
3005929,20.00671858319732
3005930,2.6334295769619747
3005931,5.659035807542074
3005932,1.2250981079580707
3005933,4.663029667838419
3005934,0.07036077791194931
3005935,0.07919399974949337
3005936,9.480176882737378
3005937,7.742280195342289
3005938,1.4439340510662532e-05
3005939,12.745741844948148
3005940,113.53153757664212
3005941,9.956973920032631e-06
3005942,0.5459742624519168
3005943,35.70368646014668
3005944,51.30502050541328
3005945,0.628544207082324
3005946,109.21315770528082
3005947,0.5319284138475374
3005948,5.954736677129992
3005949,2378.1134367274312
3005950,50.18766121734863
3005951,0.7838369706697049
3005952,69.40720927250773
3005953,31.577343365767177
3005954,0.00018690447124114243
3005955,12.001266255816557
3005956,7.2253559425281875
3005957,7.492647192500103
3005958,2.273301247012804
3005959,21.956259327348768
3005960,6.955345809899693
3005961,5.140766390286531
3005962,48.99758596373711
3005963,11.170820216327012
3005964,19.805746038498864
3005965,2.3894655632960258
3005966,4.805492995167629
3005967,0.31140648898845236
3005968,16.26540471167845
3005969,21.64608457899913
3005970,6.106809274080462
3005971,1.7394955296685686e-05
3005972,4.887941623926083
3005973,175.2858055591288
3005974,1.3378005034818935e-07
3005975,0.9072681010559305
3005976,10.214883470647159
3005977,47.36073788889921
3005978,0.6668673855009503
3005979,101.35248264136632
3005980,0.48453292184534313
3005981,52.508619946094434
3005982,1007.8666638985379
3005983,44.04874662042754
3005984,0.930986382842397
3005985,6.813719735119101
3005986,34.934512975044576
3005987,0.0007357409807407788
3005988,43.352503904582846
3005989,1.4788210808891549
3005990,43.725313182841944
3005991,2.5800251350829795
3005992,24.136062831644374
3005993,8.540995018433359
3005994,6.205711978501616
3005995,36.253885544130206
3005996,16.986626153832837
3005997,7.926085679396702
3005998,9.050408169078649
3005999,6.021194119568109
3006000,0.379244669767326
3006001,0.28710802251999673
3006002,69.53873068243445
3006003,9.201644926412548
3006004,1.7394955296685686e-05
3006005,8.677885986007505
3006006,174.8929368027549
3006007,4.798898501909224e-08
3006008,0.9545807048480409
3006009,10.228493215864596
3006010,45.004317135028145
3006011,0.6162207440406389
3006012,110.84292399577724
3006013,0.5754532008386831
3006014,57.249792219889265
3006015,2533.0516366899733
3006016,28.51116577605301
3006017,2.225950666549441
3006018,56.14959557007339
3006019,36.048385236309905
3006020,0.0049451616121491335
3006021,46.830173098200234
3006022,5.153379659323223
3006023,48.617826351371285
3006024,5.647135110775301
3006025,25.492513348796763
3006026,7.4435203535006735
3006027,5.51790854124939
3006028,42.890750569212685
3006029,13.56939048621738
3006030,22.237390332052794
3006031,3.1538359642183313
3006032,16.165736835136634
3006033,0.1814366299361854
3006034,0.7926397685648465
3006035,8.298802493451948
3006036,7.166469730747859
3006037,2.3074550691053814e-06
3006038,2.40827563147513
3006039,15.585898387334579
3006040,4.454355342031874e-08
3006041,0.6894819758122136
3006042,7.309284059020782
3006043,29.806724286972326
3006044,0.7752943517369594
3006045,4.3734064178773195
3006046,0.4829728520328084
3006047,3.652337417911558
3006048,241.1951969134239
3006049,13.788954558852351
3006050,0.9991258497043417
3006051,5.848254224887316
3006052,11.968801987094606
3006053,0.010080572850919477
3006054,10.228442980305866
3006055,2.8445959781896937
3006056,13.800387716596019
3006057,3.1334971898128514
3006058,19.94108605645305
3006059,4.6056412439237695
3006060,3.6293532199749694
3006061,42.097516406763994
3006062,4.152512010856382
3006063,3.8082941428059836
3006064,0.8882208966959286
3006065,5.648368681249447
3006066,0.09170310247173752
3006067,0.12026964550295906
3006068,2.9471299029749045
3006069,6.613756932991019
3006070,1.7394955296685686e-05
3006071,0.09109234393158082
3006072,114.83354235507939
3006073,4.713203557669843e-08
3006074,3.505522855913049
3006075,3.9148044165042166
3006076,259.24678853186924
3006077,8.605473743505236
3006078,2.4736730408488983
3006079,0.6013845134517815
3006080,0.28936462981833205
3006081,435.13871283640106
3006082,8.35636731958463
3006083,0.3368792980955481
3006084,8.541723591599004
3006085,6.567457540880512
3006086,0.028127634966827707
3006087,14.805958487581554
3006088,5.028201206909966e-07
3006089,4.908607132103385e-05
3006090,1.4774856961116745
3006091,24.64461252428083
3006092,0.9879122019410949
3006093,1.41275564031662
3006094,16.19582926701838
3006095,0.01042153376894112
3006096,2.0704488267853995
3006097,1.4200188481705698
3006098,5.683527266951432
3006099,0.06792222750783193
3006100,0.0003092508320344538
3006101,0.7035961895229219
3006102,4.794059606266007
3006103,0.0028516395997530857
3006104,4.911739317954804
3006105,129.37437868647172
3006106,4.713203557669843e-08
3006107,0.6210792410807372
3006108,12.85517954586832
3006109,37.29866725835775
3006110,0.5938644219931208
3006111,4.289134141213505
3006112,0.46863827625797927
3006113,5.624265978327517
3006114,492.391483537954
3006115,35.50359144068904
3006116,0.6898375317545459
3006117,21.66220912322296
3006118,34.936705677868176
3006119,7.539022217611832e-05
3006120,33.42625119339154
3006121,17.45738471072921
3006122,18.65841751147034
3006123,9.025998582229315
3006124,29.882057896270076
3006125,8.210547287269211
3006126,5.029422564830855
3006127,32.35702013744584
3006128,7.518157140751914
3006129,11.971639713766418
3006130,3.100131867066431
3006131,11.472048569044185
3006132,0.12249138705334715
3006133,0.004233106041955269
3006134,43.747809945828436
3006135,4.372059952505258
3006136,0.0328209855898831
3006137,6.006645365221788
3006138,136.68198810372957
3006139,0.00024763092053188025
3006140,0.769951554521348
3006141,17.94479945338058
3006142,27.754017030048743
3006143,0.6099385989158654
3006144,17.24315095334269
3006145,0.540588075007597
3006146,29.448726369137333
3006147,870.2433011673974
3006148,32.63239469319698
3006149,1.9535050181487368
3006150,26.16955578184904
3006151,26.218523337994156
3006152,0.3674679589940453
3006153,15.942725883531224
3006154,9.467461060496063
3006155,38.711367291025645
3006156,5.0203584579191
3006157,25.470459870316926
3006158,10.048531468801485
3006159,5.00294532325066
3006160,25.43950649883302
3006161,4.644247299158111
3006162,12.808408772297616
3006163,3.858495207493119
3006164,10.107005963897251
3006165,0.18025140653392877
3006166,0.06521744566898571
3006167,51.16565900618125
3006168,3.636423772509195
3006169,0.16005458533873257
3006170,8.932681809286303
3006171,151.63742197041282
3006172,4.907935486025692e-07
3006173,0.9021222350437603
3006174,21.736126298247672
3006175,30.984324675513584
3006176,0.6238609342525312
3006177,4.678841152716919
3006178,0.5519440871436485
3006179,7.93800316549097
3006180,456.0959119105839
3006181,38.13771658256886
3006182,2.497054156573591
3006183,6.10942282313061
3006184,28.237460184162657
3006185,0.00044047131305311485
3006186,28.968246855249042
3006187,21.345955241406056
3006188,27.797642070468903
3006189,18.54705281335932
3006190,25.653243954784024
3006191,14.045914054590119
3006192,5.5364342871869
3006193,45.48418600535915
3006194,12.610807258542623
3006195,22.832237748840036
3006196,4.143310122886404
3006197,12.535680755499293
3006198,0.27498735205921343
3006199,0.16414564417512376
3006200,56.964469547120785
3006201,10.034976078906642
3006202,0.09024176252277337
3006203,6.324537299548678
3006204,124.35955253988469
3006205,4.713203557669843e-08
3006206,0.3861947058814822
3006207,15.673664874477552
3006208,1114.1245316561724
3006209,0.5695076706659858
3006210,139.14011993266493
3006211,0.2665569966857139
3006212,2.630162803670513
3006213,294.47495588462147
3006214,9.73099888858406
3006215,0.9542367746734252
3006216,51.55526082159506
3006217,23.01349187521553
3006218,0.00036399159448888095
3006219,15.144226251690846
3006220,4.368355865828657
3006221,4.522664067104502
3006222,5.828691163956639
3006223,21.229257575909262
3006224,5.108400957724549
3006225,1.338871549640649
3006226,26.17965737447075
3006227,5.157653313898113
3006228,5.931141674665505
3006229,1.44481296498449
3006230,6.582190499542133
3006231,0.06882394294677566
3006232,14.955845593463566
3006233,11.657375083865839
3006234,4.300829064829585
3006235,1.390643021602388e-05
3006236,4.5772906898569845
3006237,12.900894366431443
3006238,1.8558310889816445e-06
3006239,0.36867097148326444
3006240,12.042698086059467
3006241,11.316882132293806
3006242,0.5524558094203802
3006243,1.8750196622634037
3006244,0.4705307414563284
3006245,2.277580910802683
3006246,157.18720527291066
3006247,12.20237562530583
3006248,0.9248247721459742
3006249,21.913583859031057
3006250,9.2974211140822
3006251,0.0012215791374722278
3006252,18.31629556135582
3006253,11.597618804053075
3006254,13.527114886272056
3006255,2.859922760873654
3006256,17.53375208172401
3006257,7.443616317073674
3006258,0.12674209328602598
3006259,28.85271402020086
3006260,3.8190072631058154
3006261,8.11384130162751
3006262,0.31973345446922946
3006263,3.427257284319972
3006264,0.2511887797921173
3006265,0.0004973227916646232
3006266,17.248924101908592
3006267,1.2311211817195222
3006268,1.390643021602388e-05
3006269,1.966312348661957
3006270,18.155538801952165
3006271,4.224285477390259e-08
3006272,1.3690872041567137
3006273,4.153215355733388
3006274,245.0769498859095
3006275,0.42797719511084803
3006276,0.8074873487352988
3006277,5.336697969465877
3006278,0.7100698810546711
3006279,339.25569733154384
3006280,4.640350211484
3006281,0.3553204273540102
3006282,7.183345570779645
3006283,8.76815229566119
3006284,0.003512846607390342
3006285,10.729119049897312
3006286,7.175789784751031
3006287,7.357645439688949e-05
3006288,0.730692341243969
3006289,14.947059917138096
3006290,0.7683429021726212
3006291,0.5170094621034835
3006292,6.572142253997134
3006293,0.9718507675623622
3006294,3.814454316379021
3006295,0.5101887232904948
3006296,0.7229522270516819
3006297,0.67249150516321
3006298,5.744555404389407
3006299,0.25706264023728415
3006300,7.017129716030469
3006301,0.32020924569964265
3006302,5.0544626450903
3006303,107.26403463688315
3006304,4.224285477390259e-08
3006305,0.36869798689133887
3006306,18.99370559218231
3006307,1296.3729786707781
3006308,0.6092810104058771
3006309,102.32596285960182
3006310,1.0177606417727851
3006311,5.0851195287752455
3006312,2558.9208166280655
3006313,24.182178236868005
3006314,0.3995748304686844
3006315,20.697100750397492
3006316,12.419185995506231
3006317,0.020411939325245095
3006318,24.21849532761851
3006319,9.904489632254156
3006320,1.5718585873326516
3006321,7.726838720469772
3006322,39.307526468484866
3006323,4.14191620580166
3006324,0.42906745294857523
3006325,22.019493739377914
3006326,2.4297468849526154
3006327,14.91234617892029
3006328,0.4159945878486125
3006329,5.125496794752775
3006330,0.06242135286076856
3006331,13.38875247030219
3006332,11.653163316802626
3006333,6.870579708986572
3006334,7.820417469605544e-06
3006335,0.13250814161136798
3006336,45.75078673737786
3006337,4.224285477390259e-08
3006338,3.7004287846920247
3006339,8.542403643728855
3006340,255.62067265530212
3006341,0.8333115678657
3006342,2.8020458795552035
3006343,0.8307286855250019
3006344,0.5894163794480191
3006345,697.2680072061615
3006346,8.244990653762208
3006347,0.17875677471517498
3006348,16.80327422430754
3006349,20.407335707684535
3006350,0.0009496373602431665
3006351,10.61649600746576
3006352,7.676918704986635
3006353,7.279023213965048e-05
3006354,6.481670540373184
3006355,24.98029757950324
3006356,1.7419747701800838
3006357,0.16395031632051507
3006358,10.556079187505263
3006359,1.2255732049020451
3006360,6.407744139822818
3006361,0.6945122913040441
3006362,2.4905990521243817
3006363,0.4837448111893085
3006364,2.2207647275642435
3006365,3.4706411953096636
3006366,5.0323719004285445
3006367,1.4489784022487116e-05
3006368,4.331573236739736
3006369,28.02922457190823
3006370,4.224285477390259e-08
3006371,3.0854683136802565
3006372,7.746017294246651
3006373,346.6176069970078
3006374,0.4446618634552117
3006375,0.6582719987387754
3006376,4.499211760176437
3006377,0.7268509026886194
3006378,952.7378981182053
3006379,11.192066879002798
3006380,0.02463585084355837
3006381,3.428020358111409
3006382,10.439036796878494
3006383,0.002494161456663398
3006384,5.401971073620816
3006385,1.9137489727273667
3006386,7.279023213965048e-05
3006387,1.9184290114587352
3006388,24.743963601175984
3006389,0.718677205698458
3006390,4.925289045899525
3006391,14.195094787151435
3006392,0.3241171670617524
3006393,4.988822282646403
3006394,0.36613532368749
3006395,0.36514742941347345
3006396,0.6982644305468371
3006397,4.604093138714862
3006398,2.49923533457627
3006399,5.019241949223701
3006400,1.4489784022487116e-05
3006401,2.2602207721651433
3006402,50.56457318611777
3006403,4.224285477390259e-08
3006404,0.3600723174099064
3006405,9.425526851013462
3006406,1050.496073476736
3006407,0.4711164722692455
3006408,1.4024949077450513
3006409,4.111889354485697
3006410,1.8546969745718433
3006411,1585.5228267417597
3006412,3.3313575754457165
3006413,0.20102763198532123
3006414,1.9245947223704507
3006415,17.727346186277924
3006416,0.019212362397846405
3006417,15.315806274977554
3006418,0.6015082663632254
3006419,7.279023213965048e-05
3006420,1.3284307418054158
3006421,8.319604270363776
3006422,3.6162408919640074
3006423,18.717219231110352
3006424,50.961326966650404
3006425,1.0939542935155466
3006426,4.477661820633724
3006427,0.3580302633668168
3006428,5.37513287290985
3006429,1.4099261180995741
3006430,3.340151252681664
3006431,8.903549334045126
3006432,3.547511050451407
3006433,1.4242988196260893
3006434,2.0080780247183654
3006435,12.724490368655083
3006436,4.224285477390259e-08
3006437,1.547624069318132
3006438,4.809972735473313
3006439,382.2723405306317
3006440,0.4404871550249131
3006441,3.1766260602126226
3006442,0.9260472534241913
3006443,2.2630643247676976
3006444,663.1488108602896
3006445,1.881989999564898
3006446,0.4835512177275264
3006447,7.163889147335477
3006448,15.83633731464357
3006449,0.007913463074997342
3006450,15.963663288163538
3006451,6.391206524203693
3006452,7.279023213965048e-05
3006453,4.312037542143005
3006454,11.388919256256578
3006455,2.2247898625139646
3006456,1.3072846472161335
3006457,10.968593482613443
3006458,0.580042515977482
3006459,4.354025326996938
3006460,0.39297698002658576
3006461,1.0672937034468812
3006462,0.07363813058026582
3006463,4.566974533995716
3006464,3.033854027643783
3006465,4.134005927614053
3006466,0.07618936635303619
3006467,0.2754324062342938
3006468,92.61047675916717
3006469,4.224285477390259e-08
3006470,4.8595895641174875
3006471,7.20661973837648
3006472,349.1300765515478
3006473,10.53204389597161
3006474,0.6338980060360172
3006475,0.7046068870264058
3006476,1.566693258214028
3006477,348.668477618683
3006478,3.302862009284184
3006479,0.13038448457938917
3006480,2.1190571565659426
3006481,9.88174834345076
3006482,0.0065357133764226555
3006483,5.314468966048955
3006484,6.370052473876561e-07
3006485,7.357645439688949e-05
3006486,1.6979054152751143
3006487,26.355830995624338
3006488,1.8866777163457913
3006489,1.3791598906998712
3006490,7.185445919331273
3006491,1.127129855557723
3006492,2.4165048725503278
3006493,0.24529236083335684
3006494,1.0232562805501706
3006495,0.7981429160026166
3006496,5.3703455561099204e-05
3006497,0.036122115258949754
3006498,9.31987621282176
3006499,0.17373931733008108
3006500,3.660259672799155
3006501,138.30753342426223
3006502,4.224285477390259e-08
3006503,0.253904882628443
3006504,8.420168504619701
3006505,789.0378597344887
3006506,0.6354159869000526
3006507,82.49540218493517
3006508,0.5812911777110448
3006509,9.610756722994523
3006510,2049.744443156068
3006511,15.806922747520808
3006512,1.3260235349758815
3006513,35.975764121651494
3006514,24.702175559498286
3006515,0.0005891584957397419
3006516,24.878667969606948
3006517,0.04662479040577844
3006518,7.357645439688949e-05
3006519,7.088214861829432
3006520,23.786264788530175
3006521,4.10270981496189
3006522,0.3985405812926989
3006523,22.88300138493165
3006524,2.70014917195609
3006525,7.388807210736756
3006526,1.2875048870637058
3006527,2.6819506773228015
3006528,0.06313232823461139
3006529,12.885238007299796
3006530,16.459357172393258
3006531,3.938034629073005
3006532,0.1399289613190562
3006533,6.223675757127119
3006534,11.74495532223926
3006535,4.224285477390259e-08
3006536,0.1014450945658861
3006537,9.051619376545654
3006538,231.08721767813083
3006539,0.5475842058074475
3006540,0.9551644807165041
3006541,0.3905679867946645
3006542,0.8661753315833545
3006543,145.87752508959719
3006544,10.43069739588864
3006545,0.9860792840945461
3006546,2.495786518040876
3006547,17.427919788347904
3006548,0.0010054198409863132
3006549,5.81801845010863
3006550,8.65105690333686
3006551,1.7878939847608795
3006552,7.996775117195943
3006553,19.732385331847226
3006554,3.0994132108080246
3006555,0.05191598910504452
3006556,3.1432310105504944
3006557,3.931668055591004
3006558,6.652679094459418
3006559,0.3300464224341593
3006560,0.6042336832543431
3006561,0.04495530779909219
3006562,14.589242253578838
3006563,18.996490773300792
3006564,7.5753516559118195
3006565,0.2201309987420788
3006566,3.9133554518157614
3006567,92.99370451346284
3006568,4.224285477390259e-08
3006569,3.9418425845522655
3006570,9.314686815266887
3006571,762.0037869091615
3006572,0.7390629205037403
3006573,46.36974079907643
3006574,4.533328723650208
3006575,1.1297570497819498
3006576,5325.356127210662
3006577,11.44188804280373
3006578,1.7655710551410773
3006579,6.606495094499417
3006580,12.427519769924963
3006581,0.06604661013425282
3006582,4.560236065894975
3006583,9.323583953755975
3006584,7.279023213965048e-05
3006585,3.8518618358420427
3006586,25.84345551324019
3006587,3.6211610847219076
3006588,7.05722896655287
3006589,13.341869858387563
3006590,1.1776470845398916
3006591,6.555921320629732
3006592,1.0690881611939098
3006593,0.5753431785951255
3006594,0.8368481677849965
3006595,7.728109176953262
3006596,4.02886550050629
3006597,7.438791955714807
3006598,1.0742198296325101e-05
3006599,6.635047896207746
3006600,77.5236888794835
3006601,4.224285477390259e-08
3006602,0.5013812911436457
3006603,16.39352134167818
3006604,23.546221363761145
3006605,0.5568187990641489
3006606,2.240988049509818
3006607,0.4945087391759048
3006608,2.2383479478326542
3006609,773.9008753008939
3006610,27.848486538968714
3006611,1.513480302314206
3006612,25.34275788507133
3006613,19.35410395392665
3006614,0.004373992317713116
3006615,40.76435894660117
3006616,27.66359917175717
3006617,19.511221099598973
3006618,4.724127054384339
3006619,24.097586539844222
3006620,8.85342390102229
3006621,0.21197325529029382
3006622,36.87462551572029
3006623,8.57562933567593
3006624,6.899463947820539
3006625,0.8007532993467261
3006626,11.636943182538541
3006627,0.3229524037314938
3006628,0.0023287328467859105
3006629,30.03390194560441
3006630,9.664553357582173
3006631,0.3631755383631894
3006632,5.604421500217596
3006633,261.4020272875371
3006634,4.224285477390259e-08
3006635,0.22064557060821405
3006636,12.277516005585687
3006637,1125.4715785771664
3006638,0.6578618671512357
3006639,48.07054226070077
3006640,0.49389776332488716
3006641,5.9037149695981865
3006642,2612.575602120805
3006643,12.590398307884467
3006644,0.6132635577508694
3006645,11.275447033674043
3006646,13.262577416326703
3006647,0.004998517765941042
3006648,24.39064922429964
3006649,1.258266238706869
3006650,6.1459472709944905
3006651,3.208474850683185
3006652,22.467008857165563
3006653,2.3659355403810687
3006654,0.20705532765370105
3006655,23.77033113170903
3006656,5.455420471743831
3006657,5.605203545525219
3006658,0.4657284907150144
3006659,2.3872625644385086
3006660,0.03126172070769835
3006661,17.57538062998276
3006662,19.135521594875986
3006663,14.073972294364626
3006664,0.4244873892981085
3006665,5.172215330804806
3006666,89.29000532350652
3006667,4.224285477390259e-08
3006668,0.20443264436621503
3006669,9.577855152641444
3006670,1105.9506051090395
3006671,0.6050742082483558
3006672,5.167417385947699
3006673,0.8571470684242753
3006674,5.648893544035508
3006675,2288.2653003180812
3006676,12.3926594885108
3006677,0.24252283999029994
3006678,22.99576232992892
3006679,32.74528686978059
3006680,0.009593967175226634
3006681,36.177067631354745
3006682,6.174024846640597
3006683,4.092147720331968
3006684,10.184715920006285
3006685,11.077507653118724
3006686,2.944145357705877
3006687,0.17007457254664887
3006688,21.8239759805821
3006689,2.794964034385556
3006690,5.708808643929115
3006691,0.31061404558328204
3006692,7.985253656213273
3006693,0.041549851175065954
3006694,0.0035002272388202746
3006695,8.450319052763165
3006696,5.249286058009451
3006697,0.02189901225018776
3006698,2.1731838093721905
3006699,34.985518812222786
3006700,4.224285477390259e-08
3006701,4.432241073622134
3006702,9.191057436959959
3006703,159.7348229410458
3006704,0.4544727073850088
3006705,1.0180231995582012
3006706,5.6460962250579385
3006707,5.549507799297561
3006708,600.7513883605542
3006709,4.298713685833864
3006710,0.5619867655650879
3006711,29.992747480376636
3006712,18.881201647891366
3006713,0.0027160053243750425
3006714,15.506770395781544
3006715,0.8313486229695504
3006716,7.279023213965048e-05
3006717,4.837716870510002
3006718,45.39044827019513
3006719,3.1268893869346384
3006720,2.0024973670970945
3006721,6.400505528013488
3006722,1.0329361105668189
3006723,5.705853154347302
3006724,0.39398475602352634
3006725,1.6277295293580378
3006726,0.8793233217492926
3006727,8.557318577197996
3006728,4.198729130421677
3006729,1.5683229145934838
3006730,1.1627175228331713e-05
3006731,3.6145963641698544
3006732,10.77711153780414
3006733,1.902228829686647e-06
3006734,0.4616059420244799
3006735,14.920375482303575
3006736,10.50059880558256
3006737,0.8178694869628844
3006738,1.1606865242094402
3006739,2.3888793463165263
3006740,0.5093423930171517
3006741,181.56219727422734
3006742,13.58852514211945
3006743,0.1371472248265766
3006744,2.3269441264326094
3006745,13.560322576113025
3006746,0.04934529747944252
3006747,11.714929029501807
3006748,12.510905906896289
3006749,2.013082742056733
3006750,2.151550552273716
3006751,33.38878144833754
3006752,5.953171609147524
3006753,0.213595175926689
3006754,14.716179267223293
3006755,4.065880527193924
3006756,4.900051783600704
3006757,0.49170825566873205
3006758,1.0661460669777862
3006759,0.13674021258774643
3006760,0.0047907598037806335
3006761,5.358812584301565
3006762,3.0310696415430796
3006763,0.0177145148514377
3006764,4.655763460994208
3006765,94.57651908947433
3006766,4.0879581916584995e-08
3006767,0.5498455555444739
3006768,17.401633438563877
3006769,42.766070287390626
3006770,0.683403430408283
3006771,17.580032596615563
3006772,0.5348444899245299
3006773,4.71147138530864
3006774,2026.0941915474573
3006775,26.160289662112323
3006776,0.9126239855029814
3006777,15.651949286349256
3006778,33.26136998547579
3006779,0.0013734545638348665
3006780,22.03920632697238
3006781,11.031712156076944
3006782,33.9360434880669
3006783,6.973611650981133
3006784,22.820835976914516
3006785,10.031304574494932
3006786,0.3281032221505852
3006787,61.72663617906523
3006788,17.256775037336457
3006789,8.24257517976941
3006790,0.8402993260575483
3006791,7.2425671004528756
3006792,0.3416240032440743
3006793,0.0021282186684629858
3006794,21.889316984609593
3006795,3.041336631864145
3006796,0.005435469400099507
3006797,3.3835507912736116
3006798,8.490474857478446
3006799,3.97490037912027e-08
3006800,0.2016308279079567
3006801,10.30123627006756
3006802,24.063593346499193
3006803,0.41173192865290875
3006804,0.3677468567631671
3006805,0.7406002659485373
3006806,2.0392233700875884
3006807,140.49279973576904
3006808,11.503870961888275
3006809,0.9225624613340144
3006810,2.5236910136930244
3006811,9.996136895287462
3006812,0.00011384725183621832
3006813,1.2688425510458061
3006814,6.370052473876561e-07
3006815,23.747324450854194
3006816,3.5739560163755506
3006817,18.701723770212944
3006818,7.280269941412446
3006819,0.2127998951817829
3006820,5.660885931053524
3006821,5.126831213294065
3006822,4.58224351416141
3006823,0.10827195750941751
3006824,0.7952238953609735
3006825,0.06742841993787582
3006826,0.3501492888335749
3006827,3.346044615861952
3006828,3.708336963922103
3006829,1.4489784022487116e-05
3006830,1.1248379838169982
3006831,10.193548431152434
3006832,4.224285477390259e-08
3006833,0.6765288015614165
3006834,6.996788633431451
3006835,9.364760651522891
3006836,0.47292474580022564
3006837,0.28270292023259347
3006838,2.166056883808071
3006839,0.2429666855852014
3006840,37.8927726885208
3006841,1.569308128189528
3006842,0.5112752245852472
3006843,2.4287764417319013
3006844,4.376176674744781
3006845,0.002691579942372648
3006846,1.1601112776323177
3006847,0.004558558583423309
3006848,6.3126270981526345
3006849,0.5641209995260912
3006850,23.560191410301915
3006851,0.071296110174332
3006852,0.33918721854811235
3006853,2.4240605498379186
3006854,3.2031659254078275
3006855,2.1477599729092334
3006856,0.08620855161014061
3006857,0.5573350182869454
3006858,0.7321006914139071
3006859,0.08058437464482493
3006860,1.7715569266060645
3006861,8.749558110283186
3006862,0.09740372683375464
3006863,4.479566534952584
3006864,140.92652569044657
3006865,0.0001570147185788032
3006866,0.4952398062953291
3006867,22.110002194582705
3006868,24.390002740677172
3006869,0.6636961086834255
3006870,4.780557004551104
3006871,0.5421152953519364
3006872,5.629333186451704
3006873,945.4967461371753
3006874,21.102858750331126
3006875,2.697719780059302
3006876,4.572158503821022
3006877,25.46120965644867
3006878,0.005899547631536525
3006879,16.736648439811816
3006880,9.342556435124687
3006881,38.75682026111532
3006882,9.39927824937981
3006883,25.935948882736447
3006884,6.56554140710314
3006885,0.3467010442694356
3006886,35.43345552832005
3006887,11.859812435208141
3006888,8.519865197993633
3006889,0.6686903040707086
3006890,6.599964775720674
3006891,0.1172309025926933
3006892,0.702063355543119
3006893,14.51588759505141
3006894,6.998653100254681
3006895,5.841095123189112e-06
3006896,5.115851037857363
3006897,126.62014281837399
3006898,4.224285477390259e-08
3006899,0.6166437885857986
3006900,20.019382278508612
3006901,1309.3770006427726
3006902,0.6791360563283533
3006903,132.38826522936537
3006904,0.43728612446008847
3006905,4.554114364766266
3006906,3363.8820492280506
3006907,14.030988223387238
3006908,0.634561269023788
3006909,9.995657402804675
3006910,19.461593017014756
3006911,0.2813431819792276
3006912,38.158792355172295
3006913,6.370052473876561e-07
3006914,6.92673498985205
3006915,4.565389398502048
3006916,29.583042880946245
3006917,1.4817861028654327
3006918,0.3522729985096857
3006919,9.96184205909127
3006920,6.257851166256541
3006921,5.3314356186570535
3006922,0.22333344210650619
3006923,5.248788830373345
3006924,0.11975517004580316
3006925,1.08815348931867
3006926,9.266135860802638
3006927,7.791064206645424
3006928,0.5154109856368727
3006929,2.378589830808538
3006930,126.4132128327434
3006931,4.224285477390259e-08
3006932,0.6188489189297739
3006933,14.674996016215179
3006934,741.7124527022601
3006935,0.6379573544058075
3006936,1.0102257285926182
3006937,0.6182204721231664
3006938,13.370656692485076
3006939,935.4699988569967
3006940,13.993044019804477
3006941,1.4404130360083942
3006942,27.687007551628483
3006943,23.91289711898611
3006944,0.0031957915092790156
3006945,35.3768739361099
3006946,6.370052473876561e-07
3006947,6.598599397320439
3006948,4.898332277393286
3006949,20.160103105441003
3006950,2.691259376494923
3006951,0.14242644495719076
3006952,9.068477677591932
3006953,5.376983476451802
3006954,6.264916296273601
3006955,0.2805145950282768
3006956,2.9707192134863303
3006957,0.0638237902244855
3006958,1.0954718638498053
3006959,8.051673726905427
3006960,13.28952188632352
3006961,0.022656888169234
3006962,17.878761984130954
3006963,218.04700353830788
3006964,3.022055825667545e-08
3006965,0.6209054403244199
3006966,47.49435136339088
3006967,56.16852772989774
3006968,0.744217380937186
3006969,5.7195920457684535
3006970,0.721853294589592
3006971,12.266378820867216
3006972,3182.4228509540494
3006973,57.30411677721503
3006974,2.5205849702644083
3006975,55.82483813848123
3006976,54.07725482705805
3006977,0.025595282269587148
3006978,40.6557963464797
3006979,50.80847895646237
3006980,51.34316970333824
3006981,25.79845314091497
3006982,22.816023346579833
3006983,12.373078828174503
3006984,0.45688520878049405
3006985,84.67842128287278
3006986,21.064046453040863
3006987,30.91484700849046
3006988,0.2045555336556815
3006989,12.939290214272352
3006990,0.14990953742189084
3006991,0.32428609652285995
3006992,64.10985059591867
3006993,2.938249028688486
3006994,0.12244047655742747
3006995,0.30328752209192217
3006996,72.15118293965753
3006997,4.224285477390259e-08
3006998,5.4784015512565825
3006999,5.649082815728492
3007000,64.36496056177283
3007001,0.6743262228566873
3007002,1.0524354591184462
3007003,0.5754692725500619
3007004,2.2465146631354993
3007005,87.82999769606764
3007006,7.187285141506327
3007007,0.20297833529964382
3007008,2.326615239793514
3007009,4.395297581332346
3007010,0.0017178341326342607
3007011,13.139642082385345
3007012,0.35237233019994185
3007013,0.0001449809464955659
3007014,1.4511484768464156
3007015,22.837374437699914
3007016,0.6272166956242744
3007017,0.05850724638423526
3007018,1.6550257370349875
3007019,1.7489171311517173
3007020,3.992178928128259
3007021,0.3551893720831982
3007022,1.144695120248833
3007023,0.041601364772724525
3007024,0.0012834241901708342
3007025,3.5138854669779738
3007026,8.635877786596915
3007027,0.03064343173141096
3007028,0.926506509551507
3007029,218.01999950594694
3007030,4.224285477390259e-08
3007031,0.4487341676222702
3007032,9.951006722070995
3007033,1150.3493756443197
3007034,0.6059278382355117
3007035,5.246529442747099
3007036,0.6484643387930044
3007037,20.040242673038936
3007038,2449.241976925751
3007039,11.440800627225784
3007040,0.3175866920372543
3007041,14.709493572030004
3007042,18.421869160658172
3007043,0.0026769317986225926
3007044,39.89836223995443
3007045,1.4232191438295292
3007046,3.6892179091809973
3007047,8.168807350163094
3007048,24.957900359049226
3007049,2.260756924003778
3007050,0.39326054276921
3007051,21.444933040844155
3007052,4.829826349094342
3007053,7.195205788036828
3007054,0.13295906080411135
3007055,4.328553877447517
3007056,0.06341063335638521
3007057,0.9807717077253693
3007058,7.027125419877692
3007059,1.0095853218907362
3007060,1.4489784022487116e-05
3007061,0.3051992069907249
3007062,24.232215094473
3007063,4.224285477390259e-08
3007064,1.5153478756471221
3007065,6.430721019395578
3007066,31.592677488289073
3007067,5.423251246868496
3007068,0.4678253811437832
3007069,1.1808539130092368
3007070,0.7199684638455114
3007071,66.21183432783772
3007072,1.5648106046674524
3007073,0.16090779475447645
3007074,3.39497245025383
3007075,4.13271190393715
3007076,0.034158695389975964
3007077,1.5614624000537847
3007078,6.370052473876561e-07
3007079,0.0001449809464955659
3007080,0.971571277604732
3007081,22.705624344263633
3007082,0.1356459020370075
3007083,0.14241636275063307
3007084,2.0004390706377215
3007085,0.29831601879505537
3007086,0.8190353848202557
3007087,0.16459360371112003
3007088,0.2728237591156359
3007089,0.45215870838864747
3007090,2.92757730648661e-05
3007091,0.06115673194216635
3007092,10.27366321585602
3007093,1.4489784022487116e-05
3007094,2.203631870620459
3007095,366.0608255261109
3007096,4.224285477390259e-08
3007097,0.3079787860908165
3007098,8.942609400395723
3007099,506.773332703867
3007100,0.7379446470863396
3007101,0.9167823142961896
3007102,0.6558196388412038
3007103,6.478886942079182
3007104,407.7842236560893
3007105,2.104813894887811
3007106,0.18543753997777104
3007107,7.291405103572137
3007108,21.025112950269126
3007109,0.0070687498226527
3007110,17.19512704014461
3007111,6.370052473876561e-07
3007112,7.279023213965048e-05
3007113,11.201403229977265
3007114,13.093692058661764
3007115,1.6935317609153417
3007116,0.39533362353560936
3007117,13.020513290483846
3007118,1.7534534045717916
3007119,3.4167035300132973
3007120,0.6539554661410296
3007121,0.7604339969969116
3007122,0.04724410573690663
3007123,0.00011692080468446889
3007124,1.6084419437079205
3007125,3.2136258302841663
3007126,0.19569046932331866
3007127,0.8636168178221459
3007128,60.06489590308408
3007129,4.224285477390259e-08
3007130,0.5542241140102684
3007131,11.378134392858449
3007132,508.4282476448704
3007133,0.3272883672690972
3007134,1.6035520487550654
3007135,1.0921885210523101
3007136,0.655533482398856
3007137,1919.8379170569083
3007138,6.965813982132145
3007139,1.8945086853997157
3007140,14.33439539007278
3007141,34.29491778875477
3007142,0.00842692740113231
3007143,19.450519254703334
3007144,1.4973718054922505
3007145,6.697763284315554
3007146,2.7511062252899
3007147,18.680778911097992
3007148,3.208193727940643
3007149,0.2561275419952481
3007150,47.545644261959325
3007151,3.2046184160523192
3007152,5.19988261951564
3007153,0.15299269658707415
3007154,0.7743018638788635
3007155,0.06342135799875505
3007156,2.683764289455658
3007157,7.986083521162857
3007158,4.560094637727689
3007159,9.496950911445668e-06
3007160,0.013635003310958453
3007161,41.76403663507518
3007162,4.224285477390259e-08
3007163,1.3131075305949949
3007164,3.025053772146899
3007165,50.35376092137729
3007166,6.063919997823418
3007167,0.407519765707181
3007168,0.6356534172253387
3007169,3.764172123148765
3007170,173.95376719577246
3007171,4.385373350184627
3007172,0.18001684123025496
3007173,2.13224158071549
3007174,1.232758156625934
3007175,0.07819408414055681
3007176,9.081011852061547
3007177,6.370052473876561e-07
3007178,7.357645439688949e-05
3007179,0.32441225285177117
3007180,33.95142792004877
3007181,0.7395992501650577
3007182,0.22341103528649656
3007183,1.8290696896759255
3007184,0.8039411260760956
3007185,1.1525183509903345
3007186,0.15550144948976893
3007187,0.9049352779221636
3007188,0.4913598012783371
3007189,0.0023283998174891516
3007190,1.1431049952277579
3007191,4.701400892827743
3007192,3.898419549632466e-05
3007193,0.3324013931063577
3007194,70.29743206431151
3007195,4.224285477390259e-08
3007196,0.5076773263424048
3007197,11.480205230952313
3007198,405.53335485559796
3007199,0.5983415466675541
3007200,1.2092794890656229
3007201,0.9777240372200701
3007202,26.42807913042378
3007203,541.5613606454278
3007204,3.936875639019453
3007205,0.1867573644386821
3007206,15.234326479132811
3007207,8.882002515038897
3007208,0.006739212871660482
3007209,23.64135785683809
3007210,6.370052473876561e-07
3007211,19.567925978363125
3007212,1.8967679694058275
3007213,21.711321343323828
3007214,1.7749954919055375
3007215,0.35725750752494234
3007216,12.16895898886583
3007217,2.7807598016096073
3007218,2.950754263172012
3007219,0.1768488294695051
3007220,1.4346497368954247
3007221,0.07764249937411132
3007222,0.6415638309997121
3007223,0.016233072454586737
3007224,3.132663841576163
3007225,1.390643021602388e-05
3007226,9.16637046075785
3007227,57.824510532032306
3007228,1.6967967508069853e-08
3007229,0.49947623910229966
3007230,9.308782909503115
3007231,24.278842375654584
3007232,0.5805942914544633
3007233,7.5000312820603385
3007234,0.44675927332809834
3007235,1.3216356017875872
3007236,1082.9813621205712
3007237,26.52420118191445
3007238,1.372083556572585
3007239,31.87278538657417
3007240,22.202830624660173
3007241,0.008204605583391257
3007242,26.29227687748995
3007243,28.192814280759077
3007244,22.982284262680093
3007245,0.7479172890565654
3007246,19.189286014116636
3007247,7.974370123880328
3007248,0.2800454817552278
3007249,40.03029397343135
3007250,11.816377861664897
3007251,10.915695180597098
3007252,0.5191288728688699
3007253,2.979926217942566
3007254,0.3185641488268232
3007255,0.0008675079367553046
3007256,10.534851012513075
3007257,7.165453866127799
3007258,1.4489784022487116e-05
3007259,11.07417533134326
3007260,30.388595249420653
3007261,1.0524345669006796e-07
3007262,0.42938043144530313
3007263,15.873220688377748
3007264,39.14609572996203
3007265,0.644455037551174
3007266,3.72311752321891
3007267,0.40697180758469886
3007268,2.722623142556863
3007269,1104.071363814275
3007270,19.84016106526113
3007271,0.8634516786852925
3007272,24.01655081305706
3007273,30.032977667201646
3007274,0.0006938084247175404
3007275,24.101174787422572
3007276,29.56087958893253
3007277,21.162553389855674
3007278,8.492284460697057
3007279,17.764501512487815
3007280,11.320523014096146
3007281,0.21021269837320603
3007282,14.172879949273424
3007283,9.855985469699593
3007284,10.756569677691118
3007285,0.266560265429984
3007286,6.192368784492335
3007287,0.21163147753215453
3007288,0.7606964373993222
3007289,17.509851455958174
3007290,10.023563395004583
3007291,0.3457662688345946
3007292,4.228601591904386
3007293,130.2137378048624
3007294,4.224285477390259e-08
3007295,0.4367963887023131
3007296,10.789234670219747
3007297,1144.0571250674286
3007298,0.6199279821144323
3007299,15.37337243694618
3007300,0.847382489125089
3007301,2.76616613610575
3007302,5492.525841055277
3007303,25.68145900161992
3007304,1.7688110660270602
3007305,6.876638004569897
3007306,15.745257314247777
3007307,0.035942563500236654
3007308,23.490106635442896
3007309,9.515469768797335
3007310,16.787132451407732
3007311,10.054292147821721
3007312,12.176098107498843
3007313,7.544966671506961
3007314,0.2949282638024504
3007315,35.093715632504875
3007316,8.311765348779494
3007317,7.105456842154856
3007318,0.29881743291154417
3007319,2.619983750878378
3007320,0.08400353515238154
3007321,8.637618303694019
3007322,18.13924328838403
3007323,4.602309301018205
3007324,0.0011159804258766765
3007325,5.21338253959427
3007326,68.06783220237332
3007327,1.0745542142517317e-05
3007328,0.36478581879539274
3007329,11.435265521115298
3007330,24.874605178845883
3007331,0.5380574402973061
3007332,9.724236315272705
3007333,0.6277376615071815
3007334,1.9644682371840632
3007335,1069.9569120283413
3007336,20.828140616417787
3007337,1.1349462877409278
3007338,21.986836359674
3007339,11.606903642393636
3007340,0.00519520995624569
3007341,5.090987788014024
3007342,23.433705944360103
3007343,21.045385578554356
3007344,1.010029305262084
3007345,12.646572183343567
3007346,7.415759676160144
3007347,0.42200847847771217
3007348,54.086353291735676
3007349,8.746739007540992
3007350,8.264067841320344
3007351,0.7792292261638969
3007352,4.694531302793196
3007353,0.3272948411265132
3007354,0.09326128830432148
3007355,25.25201304857478
3007356,3.2721729809153848
3007357,0.07806549903004482
3007358,3.352902033450711
3007359,149.01985180540424
3007360,4.224285477390259e-08
3007361,0.31200874869528317
3007362,9.156529858388696
3007363,1641.966107005683
3007364,0.6198409659518769
3007365,2.6434853983662103
3007366,0.5558989325420792
3007367,3.586784973362066
3007368,4294.535109374828
3007369,8.973236280399334
3007370,1.7929481595136887
3007371,4.059882123995078
3007372,25.316736060847056
3007373,0.03130614530824999
3007374,35.07601988539346
3007375,6.370052473876561e-07
3007376,0.04770221411158183
3007377,7.677046624880693
3007378,21.870788048228558
3007379,2.284104322167877
3007380,0.4594111360886716
3007381,38.646526471727555
3007382,3.1673128833705357
3007383,8.429008471971304
3007384,0.9807770235144313
3007385,2.45351957770233
3007386,0.0493307840975484
3007387,0.0001262371360042156
3007388,7.386551969546504
3007389,8.118782732418197
3007390,0.00026980563117007565
3007391,9.115216624802292
3007392,41.81050204026897
3007393,5.6115493662175813e-08
3007394,0.6236760405703438
3007395,15.69720168935221
3007396,39.95044501144154
3007397,0.621287115986579
3007398,3.476512237134262
3007399,0.49361505654047666
3007400,7.221501017467779
3007401,1505.6522346235229
3007402,21.981684174950885
3007403,1.5998744352362249
3007404,31.21567340855459
3007405,23.538166168287884
3007406,0.00038149766981641556
3007407,23.8159964518893
3007408,20.334676900725484
3007409,15.678805286257392
3007410,9.970691172288252
3007411,19.362983717046358
3007412,10.326789353258212
3007413,0.337186705847966
3007414,17.590119012982694
3007415,13.391438972612319
3007416,7.174114937154421
3007417,0.6110548769606904
3007418,2.5124653652298576
3007419,0.12110295788697059
3007420,0.24882669792235906
3007421,4.626403028375729
3007422,4.469836726369668
3007423,1.390643021602388e-05
3007424,8.037600302631434
3007425,52.522747439261295
3007426,4.224285477390259e-08
3007427,0.5346719096083178
3007428,11.260651069230097
3007429,22.713840083514928
3007430,0.6064205368927085
3007431,8.955486849077452
3007432,0.5277953431400518
3007433,1.4423223234229452
3007434,830.5504320686184
3007435,26.76084044919468
3007436,1.2488942661589792
3007437,6.171940627666159
3007438,33.752381698971824
3007439,0.0013683522554344934
3007440,4.411151124224896
3007441,18.289276571615673
3007442,39.40347567100999
3007443,4.822540867821483
3007444,13.744214600842778
3007445,11.634131971424795
3007446,0.2540139423147055
3007447,8.374052160585576
3007448,9.345100837320075
3007449,8.456182244082852
3007450,0.45898155955692965
3007451,1.7407076528650682
3007452,0.1067689769496883
3007453,0.18607134664069208
3007454,12.208848681978342
3007455,5.167536383766552
3007456,0.007845247731120315
3007457,5.099514530590503
3007458,214.43322252816722
3007459,4.224285477390259e-08
3007460,0.3572246716698635
3007461,16.385472554332967
3007462,947.101841794961
3007463,0.6474363882648637
3007464,1.7717524630467951
3007465,0.6724962063185733
3007466,5.984253694696137
3007467,2139.5941470967896
3007468,10.451362377237999
3007469,0.012129996302060254
3007470,17.689429147973886
3007471,19.406850416941687
3007472,0.07327832984260803
3007473,34.47291810742782
3007474,6.370052473876561e-07
3007475,8.202429920409058
3007476,0.8309589763804224
3007477,12.981208333390716
3007478,2.377476186335514
3007479,0.21616901782263298
3007480,27.73306791810351
3007481,2.669721842941447
3007482,1.2444161991820708
3007483,0.21523613961725577
3007484,2.515473278973724
3007485,0.035953199606800865
3007486,0.7671231195587946
3007487,0.02184361618856686
3007488,21.104826917506884
3007489,1.390643021602388e-05
3007490,18.719310693313478
3007491,260.5947434769966
3007492,1.2231653409939066e-07
3007493,0.7160983961651176
3007494,27.271276007403777
3007495,1202.973646098518
3007496,0.871176411620749
3007497,132.8033068454576
3007498,1.0523942482793534
3007499,16.333759246078007
3007500,3851.9996036422644
3007501,56.817092185727915
3007502,3.285635741910596
3007503,84.60906778062588
3007504,64.5269993489656
3007505,0.004239119608190937
3007506,76.64326472651459
3007507,29.203046190390037
3007508,30.503817978098517
3007509,26.298443509717707
3007510,23.616649826906524
3007511,13.614211064894901
3007512,0.48626899062113793
3007513,42.001244389902396
3007514,42.21707184811647
3007515,33.865396777849476
3007516,0.9095053327176115
3007517,15.513764370310392
3007518,0.4105583037283279
3007519,22.041659830476586
3007520,89.56968966905302
3007521,20.640104994871578
3007522,1.390643021602388e-05
3007523,17.719690891548836
3007524,235.37360597224236
3007525,2.179960763807647e-06
3007526,0.6497259800921744
3007527,32.57141556384537
3007528,91.11977547011307
3007529,0.6571626619010341
3007530,155.24704610709708
3007531,0.65838248281625
3007532,15.07312664557509
3007533,4170.871436999893
3007534,64.12468703005004
3007535,2.0516297724619754
3007536,104.60146197503552
3007537,64.41829480593975
3007538,0.7120503398898022
3007539,76.36042053737697
3007540,23.24041671808497
3007541,36.229009748110236
3007542,8.07356136081544
3007543,24.8818980185579
3007544,13.333683613070738
3007545,1.955261991157007
3007546,44.25948874810191
3007547,31.368029724352162
3007548,34.02834875542415
3007549,1.0215644736374265
3007550,19.842757553554748
3007551,0.39279528369219785
3007552,19.847112694679385
3007553,71.23252628386466
3007554,15.775143761553624
3007555,1.390643021602388e-05
3007556,16.946057232639685
3007557,193.7806982612349
3007558,9.144376974401843e-05
3007559,0.4869226129775747
3007560,21.757354741301
3007561,103.33344902477288
3007562,0.7794647714744056
3007563,174.7096863276648
3007564,0.5083772218056869
3007565,10.943690361480513
3007566,3756.943128394063
3007567,45.74898261150362
3007568,2.5504664643567394
3007569,57.13175365074369
3007570,31.776309201348873
3007571,0.6043874240479344
3007572,70.41367780579107
3007573,39.73632766128847
3007574,31.138453808912313
3007575,7.948483138709245
3007576,22.932659798505654
3007577,9.997011017743043
3007578,0.4803607998405186
3007579,74.21311072967207
3007580,30.483696030745485
3007581,44.96219408393978
3007582,0.7240046431353847
3007583,10.680863757695798
3007584,0.24018231485792357
3007585,21.3517848337206
3007586,52.28995864449471
3007587,19.11445117339797
3007588,1.390643021602388e-05
3007589,24.079927904676197
3007590,160.1492431386156
3007591,9.357585921509675e-07
3007592,0.6366274545699403
3007593,25.112499626573964
3007594,1180.2792852788289
3007595,0.7798122364199784
3007596,140.7247907274832
3007597,0.5975813802078228
3007598,11.537148925800288
3007599,4031.2867481812523
3007600,35.059623574211635
3007601,1.2689716961562085
3007602,47.805966831437466
3007603,58.7243362248347
3007604,0.7516745807817523
3007605,65.61432191139306
3007606,31.85392460726442
3007607,30.89530479005079
3007608,23.471742043924046
3007609,18.502181666437686
3007610,11.757634825646976
3007611,0.4917318242192123
3007612,38.95145920028691
3007613,30.340700295045266
3007614,29.510662314691302
3007615,0.04248785664821637
3007616,18.29397836192275
3007617,0.3603027092363852
3007618,21.377149339433913
3007619,62.55420665893342
3007620,18.00668904997835
3007621,1.390643021602388e-05
3007622,17.04651656714732
3007623,210.6080759859614
3007624,2.611169428950976e-07
3007625,0.4274538684223862
3007626,22.818195789523667
3007627,88.73312910763754
3007628,0.6624365391361802
3007629,53.03226284875693
3007630,0.4931868408594337
3007631,9.265130350565872
3007632,3728.629857044002
3007633,38.157884382405996
3007634,0.44346434803950646
3007635,9.567257890839498
3007636,37.67392819577055
3007637,0.0015092425336761216
3007638,41.69426123731045
3007639,39.46769226153364
3007640,16.0392496483693
3007641,5.665625930278981
3007642,19.088668605988335
3007643,10.486485805242479
3007644,0.47804689008259116
3007645,76.13348527250312
3007646,24.58524141641008
3007647,28.332000829802684
3007648,0.47658865696974484
3007649,5.5176255272267545
3007650,0.2353019537958072
3007651,21.153700010560556
3007652,23.60104003092956
3007653,12.16249573387845
3007654,1.390643021602388e-05
3007655,15.531679143295799
3007656,424.84934942204325
3007657,1.8031234120523492e-07
3007658,0.712259147864858
3007659,27.089297041270694
3007660,50.00690676456401
3007661,0.7235984059287802
3007662,104.41722593864108
3007663,0.6944024499033336
3007664,11.967006578492116
3007665,3115.774157344627
3007666,52.35377284148132
3007667,1.5284129653080896
3007668,27.878697968286136
3007669,32.78614746516194
3007670,0.00063096072924274
3007671,63.72553065941128
3007672,15.352024112548026
3007673,30.93456042495167
3007674,9.326140516339196
3007675,24.83658303736256
3007676,10.65250588231434
3007677,0.4598823042583926
3007678,51.789779294237434
3007679,20.898923160838216
3007680,32.31277904861008
3007681,0.30916264275816735
3007682,12.179866433669357
3007683,0.3754837616829484
3007684,17.069271097193923
3007685,60.23551563385656
3007686,5.9053739314127895
3007687,0.07246162520866029
3007688,9.308260601286962
3007689,29.845716260009258
3007690,2.115718026218459e-08
3007691,0.40526077376256203
3007692,26.17790824370513
3007693,22.896007836817603
3007694,0.4930270341409618
3007695,1.4197841211607238
3007696,0.7220831579704898
3007697,3.0281169213513195
3007698,663.5318333926082
3007699,18.38389513347937
3007700,1.0159619100729005
3007701,26.17908674373601
3007702,18.480940410226957
3007703,0.0005390044481097968
3007704,13.409306307538285
3007705,7.640973667441707
3007706,9.184255646024738
3007707,11.133591932318156
3007708,13.193219588435333
3007709,10.237902616377706
3007710,0.2923131903417176
3007711,16.553595442363893
3007712,3.7687318225328457
3007713,5.88032802631706
3007714,0.31965371702256373
3007715,4.267526405618116
3007716,0.08024130231516313
3007717,0.18828996564426678
3007718,7.730982003478619
3007719,13.294240310636706
3007720,1.1627175228331713e-05
3007721,18.738051937474438
3007722,180.77334277316416
3007723,9.776181400861139e-06
3007724,0.37372788251079125
3007725,35.76073646721134
3007726,51.70490299314682
3007727,0.7063692630380896
3007728,107.14067145918979
3007729,0.47715617505757163
3007730,5.612880948652107
3007731,2819.055152426782
3007732,39.161080878214335
3007733,1.787554115500296
3007734,13.123653214164145
3007735,35.15227852219515
3007736,0.0003407782811754142
3007737,14.575667234173903
3007738,11.3982656301083
3007739,9.47905016167847
3007740,2.817457227082232
3007741,19.34814842976291
3007742,9.295526699572594
3007743,0.45128949563143306
3007744,52.08875706675509
3007745,20.282349590490615
3007746,27.36464642958449
3007747,0.4802752344591911
3007748,4.954370697464306
3007749,0.3201846169527188
3007750,19.586184113046514
3007751,18.04901729577099
3007752,8.70245745272259
3007753,1.4489784022487116e-05
3007754,7.928132706953992
3007755,172.89275343879225
3007756,1.3784924247520535e-07
3007757,0.6796558226362064
3007758,12.001180731412752
3007759,48.487804891106975
3007760,0.740364082187028
3007761,4.4226250848839035
3007762,0.62246097302231
3007763,10.760505760151174
3007764,1162.3767478569432
3007765,33.57671685204606
3007766,1.3665747452608543
3007767,27.64655535723296
3007768,35.18809887143656
3007769,0.0005659933397833568
3007770,52.61875401477255
3007771,4.235030971524916
3007772,42.53746695950389
3007773,4.460247122556677
3007774,17.760202166275327
3007775,8.777503526693112
3007776,0.45450410312239437
3007777,45.26824186116122
3007778,19.613183825442167
3007779,12.140015473141446
3007780,0.7708064322648407
3007781,5.320100243857717
3007782,0.38163945708432057
3007783,0.8232623263532733
3007784,37.39568060259203
3007785,11.88408521798054
3007786,1.4489784022487116e-05
3007787,11.372639758023956
3007788,171.52993884618525
3007789,4.3010909671395975e-08
3007790,0.685295016656339
3007791,13.142577246426434
3007792,48.147917573418304
3007793,0.6766501917892813
3007794,12.07873613889568
3007795,0.603979144772725
3007796,11.93372773981156
3007797,2791.4351437667274
3007798,25.188562705170437
3007799,2.9448628673075934
3007800,48.28201649455344
3007801,34.712845341863066
3007802,0.007818159931667167
3007803,59.03377321353305
3007804,9.69795424355377
3007805,52.63833626668121
3007806,8.793797113598012
3007807,26.114215612092163
3007808,9.559050132661003
3007809,0.4465941903052279
3007810,67.2575067007614
3007811,15.352315335507228
3007812,25.849845931919123
3007813,0.7163797918777224
3007814,11.088306549811229
3007815,0.35671101734926497
3007816,1.6323338204809839
3007817,6.676823975602436
3007818,10.862290002785759
3007819,1.032011509172067e-06
3007820,5.914639646921801
3007821,30.152045961938104
3007822,3.947562227217634e-08
3007823,0.5426444383142455
3007824,9.707716375679585
3007825,36.207391061194315
3007826,0.5845179152552072
3007827,3.9835141382198547
3007828,0.6336265736405123
3007829,3.5955249042068456
3007830,648.2170352608531
3007831,15.798570279057744
3007832,1.2181259731924212
3007833,6.548967755469275
3007834,24.706882368510648
3007835,0.00638092288602371
3007836,18.606928170671743
3007837,7.973992175140515
3007838,18.73427856841565
3007839,6.922293838339608
3007840,22.53301083877871
3007841,5.486201287326311
3007842,0.34288552173374415
3007843,89.31855556956484
3007844,5.239846390351652
3007845,5.738724236956242
3007846,0.32148802484310357
3007847,7.665167683722856
3007848,0.08850142854599401
3007849,0.10992169787329667
3007850,3.697723513401333
3007851,8.182531000106977
3007852,1.4489784022487116e-05
3007853,0.11303268224107003
3007854,69.8868625414899
3007855,4.224285477390259e-08
3007856,2.7331376523519633
3007857,4.412888328653266
3007858,685.6800424467467
3007859,15.02505648758549
3007860,0.8469420204287624
3007861,4.947104655913168
3007862,0.7847359043874972
3007863,783.8500857899053
3007864,9.636372126423405
3007865,0.6862799873566161
3007866,3.7754729517254715
3007867,10.864321587256908
3007868,0.01337121918152896
3007869,37.04024463415498
3007870,6.370052473876561e-07
3007871,7.279023213965048e-05
3007872,2.2665539717486696
3007873,30.929080076285317
3007874,1.3868681151949862
3007875,1.0714689890523788
3007876,20.527811566830128
3007877,0.030861940925111433
3007878,2.4186830536938766
3007879,0.3540937991840683
3007880,8.556831117357651
3007881,0.05568747929891317
3007882,0.0007399564383472173
3007883,2.2560643272632643
3007884,7.392857570291506
3007885,0.0015971881101821362
3007886,6.809045276037206
3007887,85.63827948174165
3007888,4.224285477390259e-08
3007889,0.49495395924055086
3007890,17.077788996876542
3007891,40.26002756523859
3007892,0.6648524190957733
3007893,5.3106918408286505
3007894,0.49596384334047405
3007895,5.593905539901545
3007896,2371.6403506796787
3007897,34.56137764386089
3007898,1.1675559486118523
3007899,29.24301921651659
3007900,30.06899154290861
3007901,0.0001648980841163278
3007902,46.96259131805794
3007903,25.19134104284029
3007904,23.08241928499324
3007905,11.261658488192609
3007906,19.60405415414576
3007907,7.079121678525621
3007908,0.43498398202198896
3007909,64.36404738932993
3007910,11.83158460865422
3007911,14.563296455418461
3007912,0.7399774351728349
3007913,11.926453640877556
3007914,0.1289660280986213
3007915,0.004497368094613748
3007916,32.430399410361396
3007917,4.298155730062026
3007918,0.01929948234544164
3007919,5.533900229413326
3007920,135.72967020663867
3007921,3.6474696666145355e-05
3007922,0.7736934913815292
3007923,19.818119600541042
3007924,23.524729984206125
3007925,0.6668814643525435
3007926,8.533638100095185
3007927,0.5477010070191166
3007928,6.542880467126162
3007929,828.459318386905
3007930,26.712874604254818
3007931,2.377401370042267
3007932,28.009222049846922
3007933,32.946962386112645
3007934,0.24264157957360996
3007935,4.722931998536198
3007936,15.690877774188772
3007937,46.22936631124215
3007938,6.198180934800463
3007939,26.081197254422154
3007940,9.267641317689899
3007941,0.4164847590611879
3007942,22.619156809741302
3007943,6.874359645820357
3007944,11.53693129680563
3007945,0.8019521182608133
3007946,9.518106934429706
3007947,0.18220752114093666
3007948,0.11257314210976477
3007949,34.50190738685283
3007950,4.009586078551271
3007951,0.29086513409051795
3007952,15.002419632304305
3007953,170.2960977147353
3007954,4.987450374024081e-07
3007955,0.7086957952034356
3007956,22.358912575032573
3007957,41.14255134060351
3007958,0.7032595301814343
3007959,5.060804219727553
3007960,0.6116928421979909
3007961,6.931382433191805
3007962,2601.6590820793763
3007963,34.690483729489216
3007964,3.6364397162981943
3007965,20.334282526297123
3007966,46.2817231161226
3007967,0.00049667605415049
3007968,35.52796848575213
3007969,38.9703689718622
3007970,35.505810867481955
3007971,19.7628151880623
3007972,24.540221316173856
3007973,12.473630367790381
3007974,0.42338547280316147
3007975,70.81250182516997
3007976,20.690642607765646
3007977,25.282105884103025
3007978,0.8686971259085333
3007979,13.180417420881199
3007980,0.28551765582070865
3007981,0.36747074313630035
3007982,30.86270411701946
3007983,13.530129887232011
3007984,0.059300331500773205
3007985,9.983341440513914
3007986,121.66448408874365
3007987,4.224285477390259e-08
3007988,0.31341029847481106
3007989,19.791571800148542
3007990,1256.670702569173
3007991,0.6638628174672044
3007992,119.0333557716105
3007993,0.5815328189482104
3007994,6.494993191253386
3007995,6357.128605406735
3007996,10.32188468891608
3007997,1.4287103371719476
3007998,44.8669513432226
3007999,38.402931087441104
3008000,0.0007795225574398726
3008001,27.22178617567488
3008002,9.370395861373042
3008003,5.558267265037069
3008004,8.211884668827071
3008005,29.690432759939316
3008006,6.011103902068744
3008007,1.3388917761546721
3008008,44.66679645235119
3008009,8.432890054960703
3008010,8.940681722230984
3008011,0.6740812799496411
3008012,4.908928512965044
3008013,0.0746807700400998
3008014,16.419477838155142
3008015,19.357806897920725
3008016,1.7403606223123245
3008017,1.557012657732141e-05
3008018,3.488432947284013
3008019,11.430104520821704
3008020,1.0045460682236327e-06
3008021,0.17995168199898115
3008022,4.78777005026559
3008023,6.123565869383301
3008024,0.6881657950755333
3008025,1.5856238053849738
3008026,0.650976514757617
3008027,0.492795150437187
3008028,34.33254400398845
3008029,7.049270826841843
3008030,0.7639878366214599
3008031,2.7857904366848323
3008032,8.82295250399162
3008033,0.0012566468986530605
3008034,3.6947496033353224
3008035,6.745070979061452
3008036,10.040399833074998
3008037,2.112545860999798
3008038,13.839817271740902
3008039,3.877719620667298
3008040,0.05708576482365686
3008041,4.421900222149023
3008042,3.4707898356473135
3008043,2.741558269885258
3008044,0.1646854384358009
3008045,1.7199405202619222
3008046,0.3419924688673177
3008047,0.0007583307614873316
3008048,11.841955292270907
3008049,0.9623652846967604
3008050,1.557012657732141e-05
3008051,2.0909618548230613
3008052,8.270672748225445
3008053,2.8712294874856107e-08
3008054,2.872460682257212
3008055,3.305959450352234
3008056,137.77013957427897
3008057,0.44795063658136464
3008058,0.9131000763010049
3008059,4.476635160658581
3008060,0.4155758948090117
3008061,747.4308259213329
3008062,4.898796182842852
3008063,0.2372204244399592
3008064,1.6472360150117253
3008065,4.850745453674409
3008066,0.003081862430822682
3008067,13.918678818524251
3008068,8.830378406963511
3008069,7.761867794449327e-05
3008070,0.9301126088123474
3008071,4.0602582702607535
3008072,0.5230596493438023
3008073,0.5632971585983925
3008074,7.01135020985625
3008075,0.6167186360830696
3008076,3.5078155923580896
3008077,0.744040051115255
3008078,1.0596192784199199
3008079,0.6810745594875147
3008080,5.740966466775979
3008081,1.4848607117006094
3008082,6.290419653130602
3008083,0.2747260388804079
3008084,4.55993176625484
3008085,149.60936132524654
3008086,2.8712294874856107e-08
3008087,0.40843577305821394
3008088,9.036617012177192
3008089,1343.1504694919088
3008090,0.6214409682144963
3008091,113.41787414424756
3008092,0.5163917546091211
3008093,1.8587271522909965
3008094,6343.021672022975
3008095,21.990710374606266
3008096,0.39227389981327865
3008097,13.598919501516905
3008098,13.155526775054698
3008099,0.015685394743277802
3008100,41.28303483245194
3008101,10.889233796370743
3008102,1.1719812312910416
3008103,7.616960542430336
3008104,16.499639326689834
3008105,4.078340452185581
3008106,0.44798299021558136
3008107,24.107648563803718
3008108,2.3875551056290556
3008109,15.291804672022522
3008110,0.4101600895753964
3008111,4.3223006384999305
3008112,0.06456828966744771
3008113,17.853591111586418
3008114,7.303514110660067
3008115,6.820757471647619
3008116,9.08186376239145e-06
3008117,0.09980876042459046
3008118,173.16310627046965
3008119,2.8712294874856107e-08
3008120,0.5164794570461877
3008121,8.83383277827223
3008122,207.7339066818878
3008123,0.8608371004242712
3008124,3.0184229156797366
3008125,3.389195619940525
3008126,0.27864144767249016
3008127,1052.9042117331962
3008128,3.881972137312909
3008129,0.2574892487613409
3008130,2.952109432312684
3008131,20.84547300133762
3008132,0.0009881993164376406
3008133,14.485622724597972
3008134,6.153999267529482
3008135,7.67892596925743e-05
3008136,9.488437254239152
3008137,14.980903415366424
3008138,1.7582685325427967
3008139,0.21068244069719214
3008140,13.32970585672103
3008141,1.3694592837780193
3008142,6.565361512634956
3008143,0.8471376415515571
3008144,1.391071482320446
3008145,0.4885571112827697
3008146,1.8028084004717961
3008147,2.2716759705596052
3008148,4.129379073888603
3008149,1.6223270506949645e-05
3008150,4.491068652922802
3008151,45.49216835852894
3008152,2.8712294874856107e-08
3008153,2.3912653906753762
3008154,4.840411416381754
3008155,104.71934156099498
3008156,0.42628104681980394
3008157,0.6087728974042595
3008158,2.7900249285229326
3008159,0.595657558421354
3008160,228.31517417809204
3008161,5.258698341403765
3008162,0.02903647367773727
3008163,2.7781277019270196
3008164,9.895805516615862
3008165,0.0012492292379197112
3008166,9.594874381680643
3008167,1.2528927721382521
3008168,7.67892596925743e-05
3008169,1.4946613992668596
3008170,10.485128202919261
3008171,0.8375303772711615
3008172,1.3581433643278793
3008173,9.710840907740797
3008174,0.6159083213487947
3008175,4.96722324357727
3008176,0.2601582315705945
3008177,0.3243055855225401
3008178,0.5685987929647155
3008179,4.898406252505822
3008180,0.6918557473524376
3008181,4.2996157277856035
3008182,1.6223270506949645e-05
3008183,0.5785341098417981
3008184,59.05606048710028
3008185,2.8712294874856107e-08
3008186,0.5285614109607032
3008187,5.163788640809312
3008188,162.0425095061135
3008189,0.7277959575428148
3008190,0.9845150452733792
3008191,3.407042667134227
3008192,0.7694646264071068
3008193,433.8961709112844
3008194,1.420735044801472
3008195,0.22223405011731517
3008196,0.7751510776353374
3008197,14.961891174398517
3008198,0.01937080887111132
3008199,9.57961098629168
3008200,0.8737543077270696
3008201,7.67892596925743e-05
3008202,1.4532797351174018
3008203,12.18786190793803
3008204,2.8944396920007667
3008205,10.583448023209497
3008206,11.054176421378374
3008207,1.118693979942011
3008208,4.453761062164891
3008209,0.13998685933289376
3008210,3.3892531954070875
3008211,1.468031247377131
3008212,5.286867492114799
3008213,1.7309843261831501
3008214,4.9140832153579685
3008215,0.759169279249296
3008216,2.1745125197494306
3008217,43.173467928143545
3008218,2.8712294874856107e-08
3008219,3.029510893466928
3008220,4.197409433078607
3008221,198.95070531912108
3008222,0.6903529347562913
3008223,2.079758136109491
3008224,0.4200619777951886
3008225,0.45270405442452727
3008226,440.44949912195545
3008227,2.162467740396374
3008228,0.8310757816868917
3008229,1.7782871843653187
3008230,16.740821819256066
3008231,0.006164129718011124
3008232,18.514434873538878
3008233,6.040676840120771
3008234,7.67892596925743e-05
3008235,2.3120542022453656
3008236,2.872280494345801
3008237,1.8165197521806127
3008238,1.1985884324413614
3008239,9.029753245082004
3008240,0.6151232758945323
3008241,3.9074203668601863
3008242,0.2999225536736881
3008243,0.8467376724388569
3008244,0.06853485235246104
3008245,9.540824765252857
3008246,1.9202185568410388
3008247,5.104533982435981
3008248,0.10765733471077547
3008249,0.9653082057948829
3008250,33.97845423876343
3008251,2.8712294874856107e-08
3008252,0.5189345704914176
3008253,3.3770745611488517
3008254,278.9300303795884
3008255,0.45465443337113304
3008256,0.7099783529702027
3008257,0.5381113007737305
3008258,0.2895688713313026
3008259,598.3625210091076
3008260,3.7473326674070684
3008261,0.14022982551114674
3008262,1.5144844723976703
3008263,14.687695956497464
3008264,0.006478312575081786
3008265,8.47306641564733
3008266,5.19263955224658e-07
3008267,7.761867794449327e-05
3008268,1.4531320133465302
3008269,22.59955379132353
3008270,2.1408373682105593
3008271,0.900039419129914
3008272,9.211470386628065
3008273,1.4091531637388355
3008274,2.7236780816049646
3008275,0.24000806039684588
3008276,0.9732765773886638
3008277,0.6968802474252029
3008278,4.887264058950644e-05
3008279,0.9706222423134653
3008280,10.217958932736035
3008281,0.18067440159112982
3008282,4.19506122120656
3008283,410.2677476029897
3008284,2.8712294874856107e-08
3008285,0.27636259363559273
3008286,5.892519488241122
3008287,888.6439015995143
3008288,0.686905154416445
3008289,93.9936609146956
3008290,0.6389680049747125
3008291,2.2988711044167243
3008292,5070.440894968177
3008293,18.897647039011655
3008294,1.4805288362197027
3008295,37.43949156129819
3008296,20.057449739154002
3008297,0.000616161887534394
3008298,45.74832159848681
3008299,0.07108079870992656
3008300,7.761867794449327e-05
3008301,7.697280261658402
3008302,29.14876022450972
3008303,3.745948807585895
3008304,0.4333805553828701
3008305,17.851106538150958
3008306,3.2172914255079776
3008307,9.199223797242535
3008308,1.1210646045361108
3008309,3.5287040113682715
3008310,0.0739453456194861
3008311,18.63864284210979
3008312,19.141861867645595
3008313,3.4765151975836965
3008314,0.09449304189317086
3008315,7.637150701485288
3008316,9.738918697515942
3008317,2.8712294874856107e-08
3008318,0.1096396539533979
3008319,5.37594499602921
3008320,138.6836612489174
3008321,0.548318521740894
3008322,1.0598824940814213
3008323,0.48214396733422626
3008324,0.2661874076657339
3008325,998.8903249359781
3008326,13.81189433131372
3008327,1.0336060150239441
3008328,2.176149580428969
3008329,13.5298788173515
3008330,0.0008739139846127593
3008331,9.20204943538132
3008332,8.295395151616574
3008333,1.8966036427183002
3008334,4.1217382478144495
3008335,16.843346931516603
3008336,2.9899849996027488
3008337,0.05411646804523841
3008338,3.2641447465551363
3008339,4.343560995655669
3008340,7.394793202403039
3008341,0.3181064599122834
3008342,0.3814148981022484
3008343,0.048696489261520405
3008344,17.360129638104066
3008345,16.75506496942265
3008346,7.156433709488759
3008347,0.2004984929757304
3008348,2.014855767843771
3008349,28.34662945269819
3008350,2.8712294874856107e-08
3008351,3.481726874093942
3008352,4.689698992175265
3008353,18.954418062396087
3008354,0.44161813436614655
3008355,1.2800190604730957
3008356,0.776176804613387
3008357,0.3981573915468863
3008358,1254.1570387508618
3008359,3.3107837968562968
3008360,1.7636850075940256
3008361,1.8689683465020301
3008362,11.580828756336768
3008363,0.05560731253914872
3008364,12.38363560112377
3008365,9.878914593078594
3008366,7.67892596925743e-05
3008367,3.7601675444119977
3008368,11.060288953459455
3008369,3.388553697403543
3008370,1.4273688347818092
3008371,6.1829817766552635
3008372,1.3687017411092506
3008373,6.122980495028926
3008374,0.301102307791772
3008375,0.5012414463714085
3008376,0.9612415871869872
3008377,3.1293469844923107
3008378,3.652304357562349
3008379,7.272760451492623
3008380,7.834140302649662e-06
3008381,10.95829722926133
3008382,89.54009479372714
3008383,2.8712294874856107e-08
3008384,0.5142154853362194
3008385,9.15521655109483
3008386,28.503082986228357
3008387,0.6550576314136304
3008388,1.8733819039643074
3008389,0.5297123298460283
3008390,1.702895421990285
3008391,2167.8081709727367
3008392,25.977587755923995
3008393,2.073853637047625
3008394,6.109060110034054
3008395,17.080622890451636
3008396,0.005003857006912528
3008397,11.615340348762233
3008398,31.957919915901464
3008399,16.470779108194225
3008400,3.9192762356813446
3008401,20.060676703722834
3008402,6.839171717657922
3008403,0.2093722427550405
3008404,58.29680428951501
3008405,9.280344362920472
3008406,7.250900153429925
3008407,0.7432284108684731
3008408,11.086063533939168
3008409,0.33128137845683914
3008410,0.0030086972072433183
3008411,47.744306347412696
3008412,10.514893089441586
3008413,0.1924719258030941
3008414,7.648049375963932
3008415,111.22859418879771
3008416,2.8712294874856107e-08
3008417,0.2504595108522816
3008418,6.768482004533494
3008419,1417.2697460108404
3008420,0.7072425596882903
3008421,56.38078756733035
3008422,0.45246869666545547
3008423,1.2037681220871057
3008424,7445.930219410525
3008425,13.63185234367778
3008426,0.7271404400666094
3008427,2.3901388203007237
3008428,18.971845651755125
3008429,0.0015333935337292024
3008430,40.69144594123321
3008431,2.188095733816732
3008432,5.119860553760309
3008433,7.548472257013977
3008434,19.13050668962165
3008435,2.341114826352159
3008436,0.2205481760349206
3008437,29.12177848308708
3008438,5.4260445476835
3008439,6.358080697983596
3008440,0.4465253711416783
3008441,4.741307274377316
3008442,0.03891818988676854
3008443,22.799913516904617
3008444,18.602825928080268
3008445,15.629021497243256
3008446,0.4471603835461954
3008447,6.386991097616406
3008448,58.5897804293762
3008449,2.8712294874856107e-08
3008450,0.25931949196259757
3008451,2.803687403734264
3008452,1341.3172243901695
3008453,0.6704179625389184
3008454,111.79528037020683
3008455,0.6235475602746317
3008456,1.1104637676901203
3008457,7085.432840255616
3008458,24.618080413655683
3008459,0.22389405987122551
3008460,23.88888006962139
3008461,36.53941269393746
3008462,0.007680822329779819
3008463,44.712526528579424
3008464,6.692831236723528
3008465,1.8880397259845503
3008466,11.181892430385071
3008467,9.979755152481811
3008468,2.9351854794851175
3008469,0.26191169349596194
3008470,26.85152371154098
3008471,2.1770115391581895
3008472,6.569907930433155
3008473,0.4802650419788782
3008474,9.69538318965719
3008475,0.03590910429383968
3008476,0.0030706125406238056
3008477,4.219585442834676
3008478,5.440263248558707
3008479,0.02691195298506202
3008480,2.212922774024462
3008481,191.21103786231973
3008482,2.8712294874856107e-08
3008483,2.7470206839224027
3008484,5.883110377335044
3008485,141.5990803426091
3008486,0.4693165695135365
3008487,0.963050517301208
3008488,0.7270906265649193
3008489,0.4793142457575666
3008490,913.2274548239562
3008491,2.1014374353802596
3008492,0.5335995812373792
3008493,34.28897218468489
3008494,18.834441195573625
3008495,0.0009609791885417499
3008496,14.554524737146851
3008497,0.7816125759116178
3008498,7.67892596925743e-05
3008499,4.635021070878209
3008500,11.349209164213818
3008501,2.8879933068993697
3008502,4.684064358406041
3008503,8.65658083861561
3008504,1.4985835877107354
3008505,5.833628558655761
3008506,0.3764047560704903
3008507,1.3794033955422205
3008508,0.7410661856349131
3008509,8.172254707917181
3008510,1.8510196926139766
3008511,1.814868046488026
3008512,1.346674057901237e-05
3008513,2.350577745136521
3008514,7.491019124164451
3008515,2.2782768861275903e-06
3008516,0.4581759549949528
3008517,8.70005059456142
3008518,8.790685111197012
3008519,0.49954757770856323
3008520,1.3571159027701392
3008521,1.3096783187844432
3008522,0.4231996921551948
3008523,220.88404947509272
3008524,12.284510430375107
3008525,0.2136826621469388
3008526,7.599384377000437
3008527,13.66964395579887
3008528,0.029718939996142314
3008529,18.072787857862288
3008530,13.510399732006276
3008531,1.4511892010152372
3008532,4.7761648272488255
3008533,15.195429698093287
3008534,5.443143789883115
3008535,0.23226900077986584
3008536,8.544313433188714
3008537,4.102083969736863
3008538,4.988667782942559
3008539,0.5640910758379374
3008540,1.0802767043681905
3008541,0.2142147618958849
3008542,0.011174260146043944
3008543,5.341144744725527
3008544,3.699461851196051
3008545,0.01983123011094858
3008546,3.029403557786258
3008547,60.12371882121265
3008548,1.5728851987353528e-06
3008549,0.5810748771529468
3008550,9.358614289097087
3008551,28.712092653962273
3008552,0.6786538946607582
3008553,15.66272004852517
3008554,0.521845612527103
3008555,3.181249614317598
3008556,1103.9118186158116
3008557,22.97451604897475
3008558,0.765747198582712
3008559,17.85848908598595
3008560,31.16777260464007
3008561,0.0003874152637592942
3008562,23.037733517837196
3008563,11.163843984922481
3008564,21.242239356565968
3008565,7.217623143275129
3008566,13.097719243474156
3008567,7.990204022200396
3008568,0.3188738471429482
3008569,58.96458241508714
3008570,16.37409768227849
3008571,7.580883718623905
3008572,0.7168122990867786
3008573,6.384929230199562
3008574,0.3370289193884375
3008575,0.0033861242768060064
3008576,17.366657032577535
3008577,2.3989530379717383
3008578,0.009657440953317003
3008579,3.6596401438403667
3008580,4.141430617232048
3008581,2.72811033049951e-08
3008582,0.137917561277574
3008583,3.580634264624466
3008584,5.2695651717543655
3008585,0.5044555323679218
3008586,0.33430834254715
3008587,0.2387046443554663
3008588,0.8203256182543222
3008589,58.322416019714886
3008590,11.773363825812602
3008591,0.9740969065670276
3008592,3.3731465637342244
3008593,6.887805421757827
3008594,9.441798312576376e-05
3008595,1.2693843417729453
3008596,5.19263955224658e-07
3008597,11.694415201937554
3008598,2.7794492483109052
3008599,17.45074333637397
3008600,4.596597881839084
3008601,0.1144256554384505
3008602,4.177385287444546
3008603,3.295684969055551
3008604,3.3588381893458443
3008605,0.08464921974916774
3008606,0.5317695184272838
3008607,0.06170364217581831
3008608,0.6528802056761553
3008609,2.711602931983557
3008610,1.7490428053002458
3008611,1.6223270506949645e-05
3008612,0.03254562437497286
3008613,12.4693921547529
3008614,2.8712294874856107e-08
3008615,0.8447809450620717
3008616,5.1302530356239595
3008617,7.187899284757414
3008618,0.8046602826510686
3008619,0.2785737789872653
3008620,0.4705330567201987
3008621,0.25679041565840516
3008622,19.141856509646708
3008623,0.8539422775460264
3008624,0.5807668506958018
3008625,2.3257791133525423
3008626,4.741245860884486
3008627,0.0031291308278790005
3008628,0.9361493213021748
3008629,0.022251696614244438
3008630,6.420991896399183
3008631,0.3997224246812231
3008632,13.874594770718524
3008633,0.12123770585976443
3008634,0.3570519440397692
3008635,3.906963528109796
3008636,3.203413497710502
3008637,1.0184744802246029
3008638,0.06379382264915315
3008639,0.6344439496264271
3008640,0.6382738589078116
3008641,0.09739664799242741
3008642,2.391734574408032
3008643,9.661982101457832
3008644,0.06375792341253161
3008645,4.997902573575508
3008646,79.68277736254853
3008647,0.00033156505048409935
3008648,0.5444710352274521
3008649,11.052355208250667
3008650,39.27252548644384
3008651,0.6965972585770309
3008652,93.98733844028925
3008653,0.5755181837643882
3008654,3.7524845271032974
3008655,2489.653380988824
3008656,24.224117621836747
3008657,2.694427986231064
3008658,5.3165100630184625
3008659,26.31920009618595
3008660,0.005291526628183072
3008661,25.6022443822059
3008662,8.649146040346395
3008663,34.672629864163305
3008664,8.492605343445133
3008665,25.05814836089319
3008666,6.411771005678879
3008667,0.3560899717772952
3008668,42.335675244478466
3008669,12.273667558285105
3008670,8.339820062986263
3008671,0.6449379589996169
3008672,6.707502140833723
3008673,0.12205805222181401
3008674,1.3428985536337916
3008675,17.651753600228304
3008676,6.883941175450441
3008677,1.005756492040675e-05
3008678,2.7055314000974304
3008679,110.4037395906362
3008680,2.8712294874856107e-08
3008681,0.6803344840552721
3008682,10.45737831767226
3008683,1465.5356603315386
3008684,0.7432696101727365
3008685,158.777593233636
3008686,0.6903625277165724
3008687,1.1678103798099293
3008688,11617.626036279165
3008689,15.709188027809256
3008690,0.5671446752780414
3008691,54.325472466592295
3008692,16.262654186205886
3008693,0.3835803737269252
3008694,50.457050616686054
3008695,5.19263955224658e-07
3008696,6.614686713684348
3008697,4.565979229252677
3008698,18.199297694609168
3008699,0.9712560543949755
3008700,0.32747484094012375
3008701,12.01427188478122
3008702,6.758774983135056
3008703,6.611474893570188
3008704,0.21076447740309812
3008705,8.370722394138072
3008706,0.12455551474720801
3008707,2.432456521893827
3008708,4.297999412025727
3008709,7.135011464030168
3008710,0.6121573422879707
3008711,3.5881150594693487
3008712,80.0462195329312
3008713,2.8712294874856107e-08
3008714,0.680126790716898
3008715,8.705031601162828
3008716,1093.303306012416
3008717,0.7091440904139592
3008718,92.66402597840084
3008719,0.6762573043491481
3008720,0.6304157507228578
3008721,4741.578844481487
3008722,22.702896391691322
3008723,1.4643706490813577
3008724,22.718932541691508
3008725,19.327443498898642
3008726,0.0009920287385772543
3008727,48.87431052869213
3008728,5.19263955224658e-07
3008729,5.260634653762379
3008730,4.521600310476864
3008731,19.54890388828385
3008732,2.3453289177028758
3008733,0.1816876303546447
3008734,10.893506706934463
3008735,5.784209194509075
3008736,5.293377336258295
3008737,0.2630614259833544
3008738,2.4421743215887344
3008739,0.0714573662618583
3008740,1.423183614820985
3008741,5.1707385940753525
3008742,14.060425679010795
3008743,0.022851718373408266
3008744,19.01153908603283
3008745,280.31590679473817
3008746,1.8828555652074252e-08
3008747,0.6269849502834995
3008748,25.46635630204163
3008749,88.3480134678136
3008750,0.7524221057857992
3008751,8.16424002363932
3008752,0.7241429222487975
3008753,12.581399505046258
3008754,3204.1717541689327
3008755,57.91342529605835
3008756,2.9822913061349143
3008757,76.33238358607636
3008758,32.41250911805037
3008759,0.016814916919874856
3008760,40.722205200889455
3008761,59.46810545483522
3008762,40.6080408743555
3008763,26.85801429373148
3008764,20.89649490315165
3008765,9.980061738037959
3008766,0.4680432744350584
3008767,94.67028691234118
3008768,19.524039743102605
3008769,33.03538157615322
3008770,0.05405755316702896
3008771,12.367112412827309
3008772,0.38440196914382224
3008773,0.5461583514924717
3008774,90.20469200185013
3008775,2.465445645251543
3008776,0.07557385619083541
3008777,0.329498731322107
3008778,66.70835386279006
3008779,2.8712294874856107e-08
3008780,0.5795053481593584
3008781,3.8477361872828544
3008782,107.154403701135
3008783,0.4363203436735977
3008784,1.0453651315743755
3008785,0.6206996190633055
3008786,0.5094416392301707
3008787,58.01372946855768
3008788,7.8660264678891325
3008789,0.20597222556723138
3008790,7.532626080150489
3008791,5.134857951877681
3008792,0.001223771487479217
3008793,5.645972007170011
3008794,0.6220430441964261
3008795,0.0001529463679187188
3008796,1.5009290086677143
3008797,19.49721134857918
3008798,0.8590696237529191
3008799,0.0433981744568923
3008800,1.5940321745336754
3008801,1.4909777058970877
3008802,3.9643488984022706
3008803,0.49482547583066994
3008804,0.9774661042248813
3008805,0.040961791371463586
3008806,0.001633053691989001
3008807,2.8379409724326745
3008808,7.9447425922353245
3008809,0.04641173681793838
3008810,2.203901673285877
3008811,388.77591308175573
3008812,2.8712294874856107e-08
3008813,0.491194839731257
3008814,7.004814889703085
3008815,1267.3994552756706
3008816,0.6422403477955717
3008817,6.022217384175686
3008818,0.6946983714916838
3008819,0.4708593408388462
3008820,5527.024661406929
3008821,14.123307255421595
3008822,0.3139768050814687
3008823,15.583310941998073
3008824,17.658476728018314
3008825,0.0017487539487423928
3008826,48.68476499696422
3008827,2.4084832501991595
3008828,3.081591186425823
3008829,8.212622079864055
3008830,9.86052479027073
3008831,2.3432272728086065
3008832,0.41433041384837777
3008833,24.609638670403932
3008834,4.23253977947193
3008835,10.353077882060425
3008836,0.12806630489434978
3008837,3.783555806564008
3008838,0.0656065697219773
3008839,1.6335408979441888
3008840,4.070281746767492
3008841,0.6464797698309166
3008842,1.6223270506949645e-05
3008843,0.22910060609194363
3008844,5.63126247848439
3008845,2.8712294874856107e-08
3008846,2.868060475503069
3008847,4.001025254371125
3008848,36.932605466792204
3008849,5.770215108548734
3008850,0.7873576285285251
3008851,0.7041102880787863
3008852,0.438044209806828
3008853,33.23801955988213
3008854,2.871616173347704
3008855,0.1351306651842667
3008856,8.97740843712353
3008857,2.789224638905819
3008858,0.024293741239140004
3008859,1.3285094646519153
3008860,5.19263955224658e-07
3008861,0.0001529463679187188
3008862,0.8862801029739541
3008863,13.90943716557144
3008864,0.09984781288791525
3008865,0.12118189940500065
3008866,2.0364296550179173
3008867,0.38650468405467736
3008868,0.9685345405618273
3008869,0.16010199451805857
3008870,0.2031266945160632
3008871,0.37118367664876367
3008872,2.1848738762241656e-05
3008873,0.6358826957466938
3008874,9.515802234827998
3008875,1.6223270506949645e-05
3008876,2.598814916252547
3008877,72.17944788634752
3008878,2.8712294874856107e-08
3008879,0.2986315874252517
3008880,7.367424345445235
3008881,975.9432622534615
3008882,0.6027596616018277
3008883,0.9366476697543126
3008884,0.6423736724429316
3008885,0.2983007687197598
3008886,2510.8761426675096
3008887,2.2194419610254146
3008888,0.2491983742829123
3008889,8.231742494281221
3008890,17.679951485807692
3008891,0.006966418560080862
3008892,15.89018445003427
3008893,5.19263955224658e-07
3008894,7.67892596925743e-05
3008895,11.1339235323942
3008896,12.14597334599261
3008897,2.179580703037392
3008898,0.40536596158963084
3008899,14.682804282648082
3008900,2.024865229536878
3008901,3.5602220892683416
3008902,0.5631958683862833
3008903,1.0582435851998884
3008904,0.05201676971048271
3008905,0.00010746914521577339
3008906,0.8157292547786053
3008907,3.1805839877738946
3008908,0.3838283954893522
3008909,0.662429288785303
3008910,33.16099944762254
3008911,2.8712294874856107e-08
3008912,0.5717867154739656
3008913,5.800048522936596
3008914,172.12057624583275
3008915,0.38281323428221997
3008916,2.410642599333494
3008917,0.8357255423780673
3008918,0.4531259740252311
3008919,4440.429237401356
3008920,6.379447050035015
3008921,1.7316669774985438
3008922,3.9965092024459157
3008923,29.853387744499294
3008924,0.006994357006217369
3008925,19.065384714461533
3008926,2.1276212288926355
3008927,4.29259154263708
3008928,3.2143683635622677
3008929,11.390828041025829
3008930,3.553093996150349
3008931,0.30120565823194434
3008932,38.75179358483678
3008933,2.475608324859508
3008934,5.143443175160322
3008935,0.16768026777367648
3008936,0.5572940130690349
3008937,0.060925165670003306
3008938,3.029869482173589
3008939,3.283688780817999
3008940,4.191441797117353
3008941,8.879829757722663e-06
3008942,0.023751993400296826
3008943,6.485693330063488
3008944,2.8712294874856107e-08
3008945,2.260496501425578
3008946,0.6799296123898187
3008947,31.553245256716817
3008948,4.9714325324708755
3008949,0.39121150835487334
3008950,0.6960700167394464
3008951,1.5875244362130407
3008952,257.8753513113423
3008953,4.956726018127297
3008954,0.14037051709124193
3008955,4.647378730920241
3008956,1.2645708137322744
3008957,0.08027585492823318
3008958,6.953261180565993
3008959,5.19263955224658e-07
3008960,7.761867794449327e-05
3008961,0.3964323849688341
3008962,14.80828718167846
3008963,0.509619439652326
3008964,0.32344620028852655
3008965,2.4006943736172763
3008966,0.7272909768523601
3008967,0.602768140528904
3008968,0.13150418722942384
3008969,0.9027273951474105
3008970,0.5355151354888458
3008971,0.0013441816080762706
3008972,0.2759760399359796
3008973,4.950332270189306
3008974,5.1646041593687634e-05
3008975,0.5630238668400696
3008976,125.89873405015364
3008977,2.8712294874856107e-08
3008978,0.6026456136230441
3008979,7.286315550283793
3008980,247.8055922663571
3008981,0.6390685607500236
3008982,1.7445338044911707
3008983,0.5898139775262109
3008984,2.4764997365929977
3008985,5030.591625901487
3008986,5.6943156101524695
3008987,0.339012607129623
3008988,3.892910328091406
3008989,10.433097622396373
3008990,0.008137761077501065
3008991,33.766386933541625
3008992,5.19263955224658e-07
3008993,14.964559253118349
3008994,1.48755456640302
3008995,18.1051930877322
3008996,1.6846359199943859
3008997,0.3657868548582273
3008998,15.092867951468817
3008999,2.348155945149227
3009000,2.3644607303179606
3009001,0.16113098619000307
3009002,1.290451413622054
3009003,0.0793465268584938
3009004,1.1502417304706483
3009005,0.5312868720564567
3009006,2.9425185628040897
3009007,1.557012657732141e-05
3009008,8.524568118256674
3009009,49.91427625472284
3009010,1.8138587179950464e-08
3009011,0.5021818275392593
3009012,5.06999433954585
3009013,8.300607081765655
3009014,0.5907211884657024
3009015,7.422687089640404
3009016,0.3240222056206335
3009017,0.7072123636480723
3009018,304.25426080641955
3009019,24.600638962087526
3009020,1.1356684764641338
3009021,5.313667046652293
3009022,18.459446060296752
3009023,0.008530441531197896
3009024,20.322214694815344
3009025,25.183713249816453
3009026,11.467316960384693
3009027,1.0686236221505832
3009028,11.031364355602145
3009029,6.526692585462407
3009030,0.2451954731578446
3009031,22.82326468275036
3009032,11.742907965388893
3009033,10.61064803182199
3009034,0.4336554793903445
3009035,3.054010165960945
3009036,0.3042575868747657
3009037,0.0012395405073458202
3009038,10.822962935598925
3009039,6.127023723550238
3009040,1.6223270506949645e-05
3009041,10.517198243692063
3009042,29.225960791322336
3009043,9.055054381624669e-08
3009044,0.421181458996349
3009045,10.818637257091964
3009046,38.34639314772711
3009047,0.6360188886332476
3009048,0.6444770640914675
3009049,0.29463163920884833
3009050,0.8057806901000037
3009051,1055.9523073722085
3009052,17.51427110318858
3009053,0.7107539222284727
3009054,31.410506830099244
3009055,29.69142362218148
3009056,0.00028714258442233946
3009057,30.225707502785145
3009058,31.43861108393966
3009059,13.368655003125612
3009060,7.571523066395506
3009061,17.56537848730926
3009062,10.28007851269678
3009063,0.15354928577749485
3009064,14.619444438916293
3009065,8.663776631479568
3009066,10.676330759705454
3009067,0.19786137946546084
3009068,5.570203694212666
3009069,0.24254002373061712
3009070,0.7558943917288881
3009071,14.719740959682367
3009072,9.602222332645232
3009073,0.21833713789786066
3009074,4.850581751278157
3009075,154.1495942445511
3009076,2.8712294874856107e-08
3009077,0.521197035271539
3009078,5.777705633742095
3009079,1378.8639295914124
3009080,0.636388475247756
3009081,15.03522902531957
3009082,0.5655904482742177
3009083,0.4331288022462371
3009084,5945.529970698073
3009085,34.49764961466052
3009086,1.8673464028801954
3009087,34.70378504113449
3009088,12.385463466110215
3009089,0.0447703137571553
3009090,35.59894017596357
3009091,7.340429627995502
3009092,13.35526304434541
3009093,4.416084083751558
3009094,20.74563372949066
3009095,6.579010649034895
3009096,0.269279391906814
3009097,40.11349480261605
3009098,1.5903235774966298
3009099,7.579467056860462
3009100,0.3560970816146969
3009101,2.062574907662467
3009102,0.10661927246736591
3009103,11.982180053486717
3009104,12.327978195249326
3009105,4.364899247326093
3009106,0.0016629981751665305
3009107,8.156637502925484
3009108,37.398382351097396
3009109,9.226465646174027e-08
3009110,0.3901575119559329
3009111,6.524662584128777
3009112,24.518179184509084
3009113,0.6491691174622657
3009114,8.635367074871333
3009115,0.4916951014174738
3009116,2.4696020665617646
3009117,1161.9809158029448
3009118,20.55140222752243
3009119,1.1872711103818299
3009120,3.1114210658029298
3009121,8.33344600856962
3009122,0.009278458882582904
3009123,29.91776481511948
3009124,30.374557239973353
3009125,20.654346210998327
3009126,0.9744473091738756
3009127,13.154592732137814
3009128,5.371192901328541
3009129,0.4323825473748967
3009130,62.61435558732302
3009131,9.44013373397595
3009132,9.908804275615914
3009133,0.6406129179335657
3009134,4.307876096877802
3009135,0.34344752882420687
3009136,0.11710883705852701
3009137,33.95116271867347
3009138,2.6753377642797664
3009139,0.06567739588754758
3009140,2.5154417039563075
3009141,170.76029746629993
3009142,2.8712294874856107e-08
3009143,0.32617034883410073
3009144,3.4010069094036086
3009145,1423.2761095327526
3009146,0.40495726836901685
3009147,2.7458976314407653
3009148,1.2055130556924203
3009149,0.5943345961661322
3009150,5263.902797919317
3009151,4.5429555242902735
3009152,1.7040505022498407
3009153,3.5756419169139404
3009154,13.956612462757123
3009155,0.020884064870408135
3009156,33.88277062518879
3009157,5.19263955224658e-07
3009158,0.052513546446015906
3009159,7.277462972734352
3009160,4.067730962666746
3009161,2.446002228640718
3009162,0.5109404582810197
3009163,38.65133911846701
3009164,3.1577539508427748
3009165,8.081370687014637
3009166,0.8939990424274377
3009167,3.093713344076768
3009168,0.05486790771175682
3009169,0.00011113363277824862
3009170,3.5478268550373913
3009171,8.273373491147627
3009172,3.5559499673012407e-06
3009173,13.433653015700761
3009174,30.427807767613558
3009175,5.962456842809155e-08
3009176,0.6352678972351163
3009177,8.763781187980314
3009178,48.668629440326896
3009179,0.6544905276543715
3009180,4.41403871844015
3009181,0.5420359353601151
3009182,4.32837932282703
3009183,1077.8703913058418
3009184,11.579784733283912
3009185,1.5201763374375246
3009186,21.7265217594332
3009187,20.16012354621309
3009188,0.00022637503281856624
3009189,26.84771595266816
3009190,24.711986552573762
3009191,13.404101804709754
3009192,8.37773181761234
3009193,7.063392480830796
3009194,8.821194401694779
3009195,0.34814720626621315
3009196,18.51203498276848
3009197,16.74936780356627
3009198,7.789827884998878
3009199,0.3220132425565257
3009200,2.5671449246345444
3009201,0.31532133706987464
3009202,0.23945344373834235
3009203,6.330449868351037
3009204,5.077171189149307
3009205,1.557012657732141e-05
3009206,9.24631021988231
3009207,89.17187492529813
3009208,2.8712294874856107e-08
3009209,0.5207632683664982
3009210,10.699116639880716
3009211,16.747068321845905
3009212,0.618963356889453
3009213,9.10437318760427
3009214,0.5266829643843605
3009215,1.7154995485415794
3009216,519.4055351728596
3009217,26.300983098120383
3009218,1.2287632447190604
3009219,4.591300519354044
3009220,29.891995525288042
3009221,0.0015910445387469973
3009222,5.239151148224256
3009223,21.467559389637866
3009224,25.752818876407435
3009225,4.119680936481759
3009226,14.986296137822206
3009227,10.406281096605559
3009228,0.35327758212056104
3009229,12.28989571556291
3009230,9.786785231364052
3009231,8.668098156193025
3009232,0.4109884680895292
3009233,1.670343606415686
3009234,0.10614130864627158
3009235,0.19162972739733916
3009236,17.767108285688685
3009237,6.029648929905176
3009238,0.005564602441331836
3009239,5.223397997118574
3009240,96.8389116238826
3009241,2.8712294874856107e-08
3009242,0.3880929058812807
3009243,12.07502485710907
3009244,1083.4436786867484
3009245,0.7049153180532032
3009246,17.090435977491
3009247,0.5738542765822792
3009248,0.4568635626738456
3009249,3241.392673699661
3009250,8.511560698587044
3009251,0.02373392770279016
3009252,10.668374924410454
3009253,17.150652109040553
3009254,0.033298726835124484
3009255,48.98419763467055
3009256,5.19263955224658e-07
3009257,6.575204973972792
3009258,0.8265930539773683
3009259,8.359431670639665
3009260,2.3545379657398353
3009261,0.23257201557681068
3009262,32.14900144759809
3009263,3.2927396377827303
3009264,1.1932113765640182
3009265,0.23725923185289868
3009266,3.8857414410654316
3009267,0.037687084237211094
3009268,1.4037523724656193
3009269,0.6343727137584867
3009270,20.41601190189921
3009271,1.557012657732141e-05
3009272,20.25512663751722
3009273,326.65469350369546
3009274,1.0220193026482783e-07
3009275,0.7261165158727743
3009276,18.606447550242923
3009277,1286.3320733411786
3009278,0.8839167145129948
3009279,139.09618846592795
3009280,1.035740098882823
3009281,15.05859303604574
3009282,4153.680486255906
3009283,55.38321589454132
3009284,3.959903886228492
3009285,63.0856507675142
3009286,37.25476137184458
3009287,0.00393204866476661
3009288,129.44705573307758
3009289,40.815651587553695
3009290,20.100751882630664
3009291,29.993808461738226
3009292,23.298239117822863
3009293,11.415718576326658
3009294,0.49738083562368013
3009295,42.98375764874386
3009296,43.8898964501391
3009297,41.48718742948498
3009298,0.7991108416511848
3009299,15.471593956807352
3009300,0.4199914112548865
3009301,25.912498860301497
3009302,112.67403644481976
3009303,22.320754174077983
3009304,1.557012657732141e-05
3009305,22.021821325680897
3009306,126.45294085248138
3009307,2.6638349621531052e-06
3009308,0.6345886892794042
3009309,18.836807932838074
3009310,101.98514527783497
3009311,0.5231993204277877
3009312,164.66223035781283
3009313,0.6664397498473477
3009314,13.26481988785471
3009315,4397.549874160309
3009316,58.808054139563424
3009317,2.1695891256721676
3009318,83.94026029941958
3009319,36.85613463670692
3009320,0.5678035157259396
3009321,1936.686901836857
3009322,31.91574073962963
3009323,30.835738221993317
3009324,10.900236196969557
3009325,20.280551692171176
3009326,10.080410885679402
3009327,0.5541237237033784
3009328,85.79586552339599
3009329,29.335371066552696
3009330,27.43675363389849
3009331,0.9379902345271195
3009332,19.078633905680988
3009333,0.40236946081876673
3009334,25.708266573280834
3009335,108.34875892660138
3009336,16.314290115463965
3009337,1.557012657732141e-05
3009338,24.705107771809516
3009339,248.58320685491356
3009340,0.000267348789098597
3009341,0.47928016957063396
3009342,11.299881662113334
3009343,1314.524383559355
3009344,0.5430373005702581
3009345,67.5748732175515
3009346,0.4925710527118082
3009347,12.747605059804853
3009348,3789.036322335291
3009349,39.83374545969325
3009350,2.681018928226007
3009351,56.38679521951562
3009352,22.17156922249836
3009353,0.3798616425046614
3009354,122.84179510020212
3009355,43.652726464687966
3009356,23.82554296798884
3009357,10.469152901579479
3009358,13.362177199135537
3009359,8.1821932096605
3009360,0.48945278656172136
3009361,81.05312310886086
3009362,32.32289272453796
3009363,44.13439928330733
3009364,0.6520440062944872
3009365,9.74205706643754
3009366,0.24905266034507165
3009367,26.67812388298755
3009368,74.14676714361863
3009369,19.14283674692412
3009370,1.557012657732141e-05
3009371,24.463307963257474
3009372,387.100845299727
3009373,6.314496055838101e-07
3009374,0.6203639937317642
3009375,16.42426732776141
3009376,97.75433090308023
3009377,0.7892975339901345
3009378,154.07799141897624
3009379,0.606746995306754
3009380,9.973940686514927
3009381,4114.952624840227
3009382,30.599362200592456
3009383,1.506566418475778
3009384,67.30644126653223
3009385,51.73874418751379
3009386,0.2801040004551488
3009387,70.28564352191084
3009388,40.546039907494844
3009389,25.08640921373582
3009390,15.22112778573757
3009391,15.918895571158986
3009392,9.634176741533583
3009393,0.49593763580320727
3009394,44.35082157767587
3009395,30.14047395966463
3009396,31.69151262556698
3009397,0.039719808538797016
3009398,17.398772442132604
3009399,0.14881853203262282
3009400,25.57768322135725
3009401,85.70224682315899
3009402,19.02098401348112
3009403,1.557012657732141e-05
3009404,23.470507106112102
3009405,62.54620690190855
3009406,3.6420868265248715e-08
3009407,0.42641861158884764
3009408,15.422948753239485
3009409,106.35176418113284
3009410,0.5333800612459867
3009411,55.48333037621073
3009412,0.5064307410048928
3009413,11.998940422077952
3009414,3690.963362366127
3009415,35.420677482973055
3009416,0.567520280854128
3009417,39.000274523852504
3009418,30.18531666680666
3009419,0.0018847078296772074
3009420,1400.2653389891009
3009421,34.141394063716
3009422,14.87159343379249
3009423,4.5907158867261755
3009424,12.88746321472138
3009425,10.900634162968144
3009426,0.4941511554866653
3009427,82.77176849768054
3009428,27.497803961908744
3009429,27.970619577742845
3009430,0.44149281376982846
3009431,6.905349283551907
3009432,0.3073279042065465
3009433,26.31190667888934
3009434,30.923404290365173
3009435,12.368779515474378
3009436,1.557012657732141e-05
3009437,16.560065817912143
3009438,178.4947970179127
3009439,2.700222485044865e-08
3009440,0.7275500393659295
3009441,18.91758876786879
3009442,84.38093312763917
3009443,0.7422556538649957
3009444,115.49405978250907
3009445,0.7180974286716553
3009446,13.620575887674814
3009447,3558.2040802684946
3009448,53.77385781941435
3009449,1.1688800535110062
3009450,30.29766602144615
3009451,33.439938735260725
3009452,0.0009359501716511857
3009453,68.85592407179963
3009454,22.045024420529646
3009455,22.561551089659936
3009456,12.121183655845265
3009457,24.890277141028953
3009458,9.210745981798459
3009459,0.46850105562214517
3009460,57.15883440154019
3009461,26.230832788839148
3009462,31.418747357963923
3009463,0.2050266943703498
3009464,12.06245175877408
3009465,0.3943364991671808
3009466,19.893843217070636
3009467,82.59756683884991
3009468,7.186011445494623
3009469,0.06649867985234603
3009470,6.632572159029247
3009471,11.830686982091537
3009472,1.4736661784175783e-08
3009473,0.41384376436058234
3009474,16.957888351005188
3009475,31.652665742978204
3009476,0.4687027627323154
3009477,1.931842914893639
3009478,0.5719644673938035
3009479,0.7155367931632904
3009480,520.6313581579709
3009481,15.021950697119925
3009482,1.12001085361157
3009483,4.413784544653176
3009484,11.5870789283414
3009485,0.0011422570804147955
3009486,19.21671110328336
3009487,9.830146851114224
3009488,6.5535823385119745
3009489,11.139897088753608
3009490,8.966893143161819
3009491,7.160625615592214
3009492,0.32486615960141924
3009493,35.942297233524236
3009494,3.9015349861818533
3009495,6.836529964130894
3009496,0.29022028289994173
3009497,4.9162409200512975
3009498,0.19672669576554294
3009499,0.13671805105377507
3009500,8.594433248256495
3009501,14.23298327455775
3009502,1.346674057901237e-05
3009503,22.633375405296025
3009504,229.71110606633798
3009505,1.1673436418026104e-05
3009506,0.43191189717595685
3009507,24.96982449464962
3009508,54.19289552338759
3009509,0.7180991446010001
3009510,108.98353510738482
3009511,0.5001355022971695
3009512,4.57245802179563
3009513,2847.968180482403
3009514,37.21728130096779
3009515,1.9795230879971983
3009516,85.93867778391295
3009517,33.26602275646016
3009518,0.00022085581535485953
3009519,59.83816732225684
3009520,10.588012756910597
3009521,7.16385019265074
3009522,3.344354196041018
3009523,14.133384817223993
3009524,7.884669853656735
3009525,0.44416349348611545
3009526,55.61845221401125
3009527,20.73058498864636
3009528,28.02351634381455
3009529,0.49105298200049186
3009530,4.738658364052943
3009531,0.1283325286192243
3009532,21.109052719598452
3009533,22.29542720715844
3009534,8.702101161587777
3009535,1.6223270506949645e-05
3009536,6.478108398716217
3009537,213.84064512144326
3009538,7.591734041336848e-08
3009539,0.7039560553789589
3009540,8.18631323742274
3009541,50.55764318361784
3009542,0.7526340257127067
3009543,5.039142971981435
3009544,0.6333275338501254
3009545,11.140067258300899
3009546,2621.755179983559
3009547,38.46405758906735
3009548,1.5257114473201419
3009549,7.989161153779586
3009550,31.648553570608566
3009551,0.0005066488909886419
3009552,53.16936956486298
3009553,9.179460454743145
3009554,28.36620922244597
3009555,4.945672130199733
3009556,16.87014309159663
3009557,8.003151978038199
3009558,0.45941308054856234
3009559,47.17877889049318
3009560,23.648264979841226
3009561,11.527291496672792
3009562,0.4225884309513533
3009563,5.17308355869446
3009564,0.3852859155782095
3009565,1.7900654461320133
3009566,54.38610696664612
3009567,13.181390717299536
3009568,1.6223270506949645e-05
3009569,9.064390552213988
3009570,213.53180554442073
3009571,2.9234338630256527e-08
3009572,0.7170525438825569
3009573,10.562514979992276
3009574,48.858027551720845
3009575,0.6913487265358799
3009576,103.1434627253642
3009577,0.6179385250371554
3009578,11.778814702635957
3009579,3106.4852744223763
3009580,25.759683600198727
3009581,2.8646699175762294
3009582,12.245937695141892
3009583,44.35590291071264
3009584,0.010127294645547194
3009585,61.94240416089386
3009586,10.428633444550954
3009587,40.51093220881942
3009588,7.755279459287057
3009589,16.995014783380707
3009590,7.989111797460599
3009591,0.4518542654639407
3009592,72.46122399219259
3009593,15.24977701931864
3009594,28.924108229120442
3009595,0.6694104912472661
3009596,11.650748556274102
3009597,0.3552228256498737
3009598,2.2266065184632082
3009599,9.185689853386753
3009600,12.208928990399915
3009601,1.7025780300559401e-06
3009602,6.162340998665976
3009603,24.16422039127501
3009604,3.0061923854377544e-08
3009605,0.5559539856496946
3009606,6.850440002740012
3009607,41.70468752091851
3009608,0.6066322932080138
3009609,4.056676633799671
3009610,0.7440106064758818
3009611,1.336406988049794
3009612,908.9010626182627
3009613,12.325682874008422
3009614,1.2818139209271902
3009615,27.67462929902295
3009616,22.689068863309185
3009617,0.005393090832917341
3009618,21.989879549455356
3009619,9.313481070149141
3009620,12.575571930430897
3009621,7.2654440277871135
3009622,15.62447589749548
3009623,6.966835019925742
3009624,0.3455398584615538
3009625,95.2785257259141
3009626,6.10746450943088
3009627,7.42769174870979
3009628,0.3104239919434782
3009629,7.923421789555197
3009630,0.08984267386760117
3009631,0.1289580808104501
3009632,4.21960053559763
3009633,8.46553641956403
3009634,1.6223270506949645e-05
3009635,0.6424904356991968
3009636,114.38766672281297
3009637,2.8712294874856107e-08
3009638,0.3886457868849228
3009639,3.2854868995988578
3009640,1228.126652205955
3009641,14.897321456993268
3009642,1.103885391423102
3009643,4.377662027364464
3009644,0.7434218604453688
3009645,3167.700856825691
3009646,9.393396194999186
3009647,0.8134173034273747
3009648,8.982785086110292
3009649,9.763967350183732
3009650,0.0027787236391900116
3009651,47.90122916880583
3009652,5.19263955224658e-07
3009653,7.67892596925743e-05
3009654,2.617741800741195
3009655,21.27249580953995
3009656,1.2605558911289385
3009657,0.8481391940885065
3009658,61.47544274797995
3009659,0.027271299168711304
3009660,1.749331886618807
3009661,0.3508938771009293
3009662,9.682765428229036
3009663,0.05749705320593448
3009664,0.0004978256286236162
3009665,2.158790348812551
3009666,7.996409553798794
3009667,0.0014481374575103555
3009668,9.586832639499843
3009669,134.61210979306742
3009670,2.8712294874856107e-08
3009671,0.4919392068539851
3009672,10.15048158197025
3009673,760.3539453500337
3009674,0.6946704343511076
3009675,97.63185599083741
3009676,0.5389785893192746
3009677,8.252841585906864
3009678,2792.842689326001
3009679,32.877764965213316
3009680,1.3758348507161724
3009681,32.72545279482774
3009682,33.213934363783366
3009683,9.112510120772194e-05
3009684,56.39956719761159
3009685,37.41774380911482
3009686,18.400022308778905
3009687,11.041566759398203
3009688,14.350463072499632
3009689,7.422014989441446
3009690,0.4413218590995512
3009691,74.2323599049418
3009692,11.730324293676786
3009693,19.26014745796727
3009694,0.6849608932562226
3009695,11.565628007054174
3009696,0.3453018087288601
3009697,0.010487900785497124
3009698,52.79689178284245
3009699,4.269133703443057
3009700,0.016743985139389735
3009701,8.300025831398422
3009702,45.243095214882786
3009703,2.0484181231467895e-05
3009704,0.5526783224127944
3009705,11.962067617294208
3009706,17.007702879563755
3009707,0.6726931446592792
3009708,8.04260525431825
3009709,0.5446788827150818
3009710,8.78795056585778
3009711,846.4300486532352
3009712,24.336296334304826
3009713,2.031609358656456
3009714,26.81102956728833
3009715,29.789648510679537
3009716,0.27820810200273255
3009717,24.973182253146955
3009718,10.267178384369522
3009719,30.190143374073077
3009720,6.788549040841964
3009721,17.2756619857694
3009722,7.422707568279503
3009723,0.42517427326348883
3009724,37.76055171374514
3009725,7.2944875878571045
3009726,10.946697321892087
3009727,0.7345076266108787
3009728,8.610684138302057
3009729,0.18159274834452108
3009730,0.10500141432975464
3009731,33.665720557684395
3009732,4.389139032181504
3009733,0.2707554783877805
3009734,17.49489472593802
3009735,207.77969785629176
3009736,9.515488022168932e-08
3009737,0.6776264333480183
3009738,11.710625132163289
3009739,46.59503050907559
3009740,0.7087798617746062
3009741,5.464052664545218
3009742,0.6030467689560574
3009743,7.185214754647934
3009744,2367.948690749641
3009745,35.70871373065788
3009746,3.445136394596965
3009747,6.757554366682616
3009748,43.57230862761986
3009749,0.00021702956762141928
3009750,35.024417841281654
3009751,34.70097184791223
3009752,27.574038976844097
3009753,23.836143948763652
3009754,17.149468956694722
3009755,9.135045129323196
3009756,0.4320970962468668
3009757,75.86223278531382
3009758,24.95756441868214
3009759,23.322477940554972
3009760,0.7801501665776708
3009761,13.899120591011318
3009762,0.28748722308246133
3009763,0.5205678248341101
3009764,39.43543005582657
3009765,13.89711806209471
3009766,0.07023633263758383
3009767,11.35479331263044
3009768,70.61965312475388
3009769,2.8712294874856107e-08
3009770,0.3309761044039548
3009771,10.487169323874477
3009772,1400.3634289168656
3009773,0.6815285314152447
3009774,129.7422345572186
3009775,0.5590871431684863
3009776,0.37685592897239834
3009777,6788.899411365921
3009778,10.262545155553248
3009779,1.5721052691647617
3009780,60.671134879704056
3009781,36.196181343985536
3009782,0.0003915039208811447
3009783,39.985472258211715
3009784,14.557989020799585
3009785,4.498251774891423
3009786,13.017032675126071
3009787,15.501198165888852
3009788,6.3427219357104105
3009789,0.4288459514723137
3009790,49.031772737303655
3009791,7.394484250757488
3009792,10.110819975051403
3009793,1.1334374101871276
3009794,4.950419089481385
3009795,0.07707679320394238
3009796,19.41359951876525
3009797,19.801228948211936
3009798,3.6458648499781434
3009799,0.0006236782972673055
3009800,4.0768258318003525
3009801,23.112170943068566
3009802,8.368583410955547e-05
3009803,0.30491482216628873
3009804,11.298368154066008
3009805,21.571121828637256
3009806,0.5512025953836198
3009807,0.9370039772894923
3009808,0.49136435814609614
3009809,1.824915109836576
3009810,199.37831251628842
3009811,13.369722162221075
3009812,1.1486754988556684
3009813,2.8361404708320888
3009814,25.96022594008389
3009815,0.0032811672527845214
3009816,3.9213255679173775
3009817,14.000205510577889
3009818,14.56583724939178
3009819,6.26679649388302
3009820,48.23864266849784
3009821,5.549369114504512
3009822,0.11620013653771245
3009823,15.245729148774737
3009824,0.9483290635748443
3009825,10.388880015410532
3009826,0.3717476824009653
3009827,4.400590660738283
3009828,0.12350916708181936
3009829,0.000503854101829043
3009830,17.678958020124472
3009831,0.9012257529358609
3009832,0.0006236782972673055
3009833,1.630812563257141
3009834,7.532553071790172
3009835,3.823288269785085e-07
3009836,1.4725172933676074
3009837,1.158452089187866
3009838,235.87393252528133
3009839,12.53739489548702
3009840,0.4062818403010195
3009841,5.781882013630936
3009842,0.9018605304229644
3009843,397.415475290972
3009844,0.7156063276706894
3009845,0.1162840509205245
3009846,1.09545756195824
3009847,3.9781566476329013
3009848,0.004731842469005789
3009849,2.3470265300098307
3009850,3.5317152979271227
3009851,2.2650036862933514e-05
3009852,0.8333521912895901
3009853,3.7503598154375495
3009854,0.37421730564322014
3009855,0.5480498154411844
3009856,6.331800029163194
3009857,0.6631178040755819
3009858,2.2141324550176087
3009859,0.4777853174083652
3009860,0.4784034278543396
3009861,0.768567158665598
3009862,1.4965511886936083
3009863,1.33364324834401
3009864,4.3310502622611144
3009865,0.33151929012072523
3009866,3.1661293094467755
3009867,387.95653708242213
3009868,3.823288269785085e-07
3009869,0.3903768533983889
3009870,6.640576741144658
3009871,1309.0186502771978
3009872,0.5378308087479888
3009873,13.034944375691026
3009874,0.790031213562055
3009875,0.2791821032055995
3009876,4973.3703972564035
3009877,1.705277995203788
3009878,0.5605821531715567
3009879,3.977757792141224
3009880,12.995305597702485
3009881,0.021185871744707666
3009882,7.396007335587223
3009883,8.511960902167269
3009884,1.358773148905644
3009885,7.403116380618255
3009886,12.314979681402495
3009887,2.2435051770588963
3009888,0.43046922354991457
3009889,23.024625925058924
3009890,1.4841179240020812
3009891,12.071100813396098
3009892,0.4271463590128532
3009893,5.499526910634877
3009894,0.09329363269052127
3009895,11.38888476246308
3009896,0.5598589061988702
3009897,3.988998362397797
3009898,0.000320087251568219
3009899,1.2386921828815547
3009900,72.51340373849982
3009901,3.823288269785085e-07
3009902,6.283995744397068
3009903,8.02265064639399
3009904,240.9971744569612
3009905,0.7423306866342702
3009906,1.1181225946808397
3009907,0.39109113598317613
3009908,0.30389935472890905
3009909,427.30746711858336
3009910,1.6896264566591481
3009911,0.1700184800070194
3009912,1.9048737660405517
3009913,18.79180151602504
3009914,0.0015258246313133619
3009915,3.0549782076176077
3009916,4.625001511845016
3009917,2.240800950943914e-05
3009918,6.947622707323074
3009919,8.509081413185825
3009920,1.3751599266812757
3009921,0.2023812832172439
3009922,10.51682655234827
3009923,1.0145704502593074
3009924,3.730705228030241
3009925,0.6825153351196074
3009926,1.2091068215517047
3009927,0.5688925529384233
3009928,3.6297234703461054
3009929,2.1014092449499704
3009930,3.325267146558517
3009931,0.0006236782972673055
3009932,2.153246243360677
3009933,27.993656078940646
3009934,3.823288269785085e-07
3009935,3.7149270867642894
3009936,3.2027488946660214
3009937,258.04908751504723
3009938,0.5974824495136211
3009939,0.31099075794197134
3009940,6.979622228943527
3009941,0.18603798527221008
3009942,371.6196327871221
3009943,0.32912616013769724
3009944,0.06997090727966845
3009945,3.362638547881043
3009946,9.283858174794348
3009947,0.0035926326385650026
3009948,1.3749053691099227
3009949,0.49911871014188425
3009950,2.240800950943914e-05
3009951,1.0994509449838445
3009952,11.113986901686905
3009953,0.6711820949790223
3009954,5.105106245091621
3009955,6.373522276881813
3009956,0.2826019293443785
3009957,3.8744761375469365
3009958,0.14290922875156728
3009959,0.315067512031377
3009960,0.7678868774973144
3009961,2.085340102765208
3009962,0.7011102667948657
3009963,2.7535737066606143
3009964,0.0006138373996907427
3009965,0.4441389747063041
3009966,84.03183928751712
3009967,3.823288269785085e-07
3009968,3.0556515109771487
3009969,5.528262070478309
3009970,756.5538903522691
3009971,0.6448970971795056
3009972,0.6047071559897425
3009973,5.172399534472692
3009974,0.29198585446845954
3009975,375.8473524118585
3009976,0.1095024457863283
3009977,0.16816881520531723
3009978,0.890769838128795
3009979,10.23528128809382
3009980,0.042098483011966066
3009981,1.7362796720362506
3009982,0.279682097633645
3009983,2.240800950943914e-05
3009984,2.2418964482651775
3009985,6.665802952579446
3009986,2.4212980269594992
3009987,12.713634535205161
3009988,29.764000764294785
3009989,0.7139104428855997
3009990,4.31627473640627
3009991,0.1651610028128255
3009992,9.499638388984186
3009993,1.5954612253337035
3009994,3.956708890545366
3009995,1.641293892021019
3009996,2.1634193054491977
3009997,1.1042844298694305
3009998,3.7021277256760827
3009999,70.39225201351242
3010000,3.823288269785085e-07
3010001,1.7658766495892317
3010002,2.8529748462645186
3010003,418.02010879311456
3010004,0.6511164281517995
3010005,1.4167717598741343
3010006,1.1889409434172753
3010007,0.28063011147101286
3010008,643.6143200860837
3010009,1.1422478593453516
3010010,0.644416638032825
3010011,6.652573180887427
3010012,7.508922555129887
3010013,0.025461880164412764
3010014,4.8744090891980445
3010015,4.0733405044089395
3010016,2.240800950943914e-05
3010017,2.825100521280811
3010018,6.084667816280517
3010019,1.6503707539593533
3010020,13.213485867344907
3010021,10.61900347010008
3010022,0.6890563495422329
3010023,3.9549398791384314
3010024,1.4960744422040422
3010025,0.7375597630745715
3010026,0.08077539911959333
3010027,4.601482580650863
3010028,0.4413657039644847
3010029,2.243638321666781
3010030,0.023820026513113848
3010031,0.06455344213220414
3010032,65.38079141984579
3010033,3.823288269785085e-07
3010034,4.6282127061003395
3010035,0.6554118399269895
3010036,337.5657274397705
3010037,9.476403069052678
3010038,0.32159025761017845
3010039,0.8502295636205699
3010040,0.36631008727305825
3010041,466.07744336848026
3010042,2.3460682949135583
3010043,0.16390894590397279
3010044,2.61763422767504
3010045,4.935789088923198
3010046,0.010111519802661697
3010047,1.8746343805343908
3010048,8.267890766181472e-07
3010049,2.2650036862933514e-05
3010050,1.2317997211370575
3010051,7.786713593731172
3010052,1.0451133372289707
3010053,1.348495728968642
3010054,4.110567333510249
3010055,0.9888574255281932
3010056,1.3173184685649848
3010057,0.35225003741400684
3010058,0.8950515556165669
3010059,0.8985209647729068
3010060,8.360816575874629e-05
3010061,0.6129903856698038
3010062,6.8194713863454846
3010063,0.25372222755475893
3010064,2.924879858050857
3010065,274.2180018203533
3010066,3.823288269785085e-07
3010067,0.23776755705791328
3010068,2.3878046646541153
3010069,721.5211362285058
3010070,0.5650331155977607
3010071,10.649410485091643
3010072,0.7046593470525796
3010073,1.1562077330641327
3010074,4492.057386853223
3010075,4.671940698332686
3010076,0.7147146635882979
3010077,21.43335541081807
3010078,11.498700254760394
3010079,0.0019523166708057427
3010080,5.357197212583677
3010081,0.02483889886085168
3010082,2.2650036862933514e-05
3010083,4.996475715662222
3010084,9.921475066894057
3010085,2.2644049087756106
3010086,0.3748911263743607
3010087,16.12069959428161
3010088,1.547382545892821
3010089,4.518464041689191
3010090,1.2012548701488905
3010091,2.773792660104814
3010092,0.08198025100812723
3010093,9.99623221274298
3010094,7.847159853404969
3010095,1.25845937802187
3010096,0.10023085980086871
3010097,4.666895587143149
3010098,10.101550708339275
3010099,3.823288269785085e-07
3010100,0.09682765294869737
3010101,5.644561541113549
3010102,198.04444131678557
3010103,0.6166397666045444
3010104,0.4608529778204313
3010105,0.5896804238699997
3010106,0.005604899887180698
3010107,493.61416640989785
3010108,4.777884588777433
3010109,0.6463549723506152
3010110,3.4839653598113216
3010111,3.984755555324072
3010112,0.0011355373737885297
3010113,1.2747584897322755
3010114,4.144836300873714
3010115,0.11456077085899366
3010116,5.939056225139828
3010117,26.12523223126575
3010118,1.6845468656723104
3010119,0.041046948246899674
3010120,2.487924867668088
3010121,1.7784710033920639
3010122,4.488420419506808
3010123,0.22957999086210462
3010124,0.40675641465440976
3010125,0.040213570086997365
3010126,13.925855829382133
3010127,7.435803449665719
3010128,5.46534528818933
3010129,0.2071035468427042
3010130,1.8564931790011754
3010131,42.19902035355457
3010132,3.823288269785085e-07
3010133,4.44234085066614
3010134,4.312518942616835
3010135,25.766822628349395
3010136,0.4187316392005045
3010137,0.6128912816370494
3010138,0.974208403424017
3010139,0.44833913503633477
3010140,1232.2933484033902
3010141,1.5133717490461625
3010142,0.9293344023956663
3010143,0.9437336131440979
3010144,12.535511341223502
3010145,0.06785089890172986
3010146,1.6730277083396143
3010147,4.728644855905623
3010148,2.240800950943914e-05
3010149,4.4179712950729435
3010150,5.736958155150894
3010151,1.8990478539721876
3010152,1.8000345263372237
3010153,5.480876116235391
3010154,0.9031897961350888
3010155,4.024508728089975
3010156,0.3257718370274131
3010157,0.5037050939683904
3010158,0.8783932895018141
3010159,3.351447767897824
3010160,3.8623241574035303
3010161,4.961684163223723
3010162,0.0009108066766990734
3010163,6.777170112220398
3010164,118.72508678859019
3010165,4.2326859440138375e-07
3010166,0.49400836442795965
3010167,6.770028275607819
3010168,28.236006876248847
3010169,0.5619916465337484
3010170,0.7405743582563704
3010171,0.5267453740115773
3010172,1.9309062375508252
3010173,198.18955441296967
3010174,16.49010160996145
3010175,0.8121616969524791
3010176,0.3448093129942852
3010177,27.215624571047876
3010178,0.007276617157548063
3010179,2.1622007194249284
3010180,19.187682595297225
3010181,9.694232062844181
3010182,6.236989534184957
3010183,33.09668489745233
3010184,5.771360420940246
3010185,0.20116971003391584
3010186,17.55431705824005
3010187,6.6849097515043585
3010188,4.688252871116229
3010189,0.6908300022860152
3010190,11.178904252284372
3010191,0.13861694602089966
3010192,0.0020212730726207506
3010193,28.66075003718816
3010194,5.876724615429323
3010195,0.19834780375050806
3010196,3.524860881327511
3010197,28.229797037255633
3010198,3.823288269785085e-07
3010199,0.18951842307084507
3010200,4.1622274503985635
3010201,891.53252868097
3010202,0.4895884996535411
3010203,8.134979487210243
3010204,0.567239792166945
3010205,0.26992155834372566
3010206,4871.195288608168
3010207,7.535720107530245
3010208,0.2307154572120484
3010209,1.5458821418380935
3010210,4.074948393175528
3010211,0.0018187042749779896
3010212,4.988938656301395
3010213,0.8430711334590791
3010214,2.5416834924724285
3010215,2.9368226778930704
3010216,9.817540272730376
3010217,1.4673394093212306
3010218,0.17446132212719664
3010219,22.74702837971012
3010220,3.066399085581785
3010221,3.728657725914628
3010222,0.22327293984007232
3010223,2.015417932897987
3010224,0.04507964896728442
3010225,13.529831797520393
3010226,0.773025721094232
3010227,7.978200348080832
3010228,0.4349760156384074
3010229,3.5278433311080564
3010230,138.32126394161344
3010231,3.823288269785085e-07
3010232,0.2284503555592891
3010233,2.204939018959225
3010234,843.5315460167845
3010235,0.7791039170270803
3010236,1.5865952391385139
3010237,0.8706249288294978
3010238,0.3656771321391145
3010239,1677.4682225320619
3010240,7.323767434805238
3010241,0.2416322840521543
3010242,3.100351121832705
3010243,25.41902698010684
3010244,0.011779379041106736
3010245,3.4663754161034923
3010246,1.7286167030782635
3010247,0.5853182133701067
3010248,7.287850104746368
3010249,37.29445029849927
3010250,1.6916718659394674
3010251,0.14926231733754192
3010252,20.401994624246296
3010253,1.8474176971170022
3010254,4.98638739159432
3010255,0.16207907805817956
3010256,10.087194667364836
3010257,0.04960421071133774
3010258,0.0030557438510696055
3010259,0.2198894517479903
3010260,4.313983274560602
3010261,0.024483555490515344
3010262,1.5921613585678118
3010263,91.61220335435729
3010264,3.823288269785085e-07
3010265,4.244565025422237
3010266,5.021346131539218
3010267,235.234506933395
3010268,0.3893886097734486
3010269,0.45751109231684467
3010270,5.834421902793027
3010271,0.37877785410382014
3010272,732.4559776363114
3010273,2.222862620067762
3010274,0.5824211542646855
3010275,20.45761930710959
3010276,5.616667126631034
3010277,0.0028364109170763313
3010278,2.6636939890047615
3010279,0.08264075084245717
3010280,2.240800950943914e-05
3010281,4.297263553182196
3010282,18.696217546788173
3010283,1.7857508749092048
3010284,5.530613485652597
3010285,13.424106231367835
3010286,0.6574973569396011
3010287,3.2323806664777197
3010288,0.18755292342016427
3010289,1.034544264553472
3010290,0.9336061155281045
3010291,6.414169259410228
3010292,1.5146231179730107
3010293,0.9399953020951576
3010294,0.000509513136011715
3010295,3.6099685899154568
3010296,5.170046541620247
3010297,3.7708904680711054e-05
3010298,0.5467888201588321
3010299,7.077104383569284
3010300,9.592155872413445
3010301,0.7237612683870147
3010302,0.5846071892003842
3010303,3.0186325727546626
3010304,0.35815775427518604
3010305,116.42590851789764
3010306,12.777143453542402
3010307,0.11414212868162592
3010308,2.410382843612883
3010309,10.26533387488015
3010310,0.12726412547228313
3010311,1.298854261264099
3010312,7.507791422176242
3010313,0.34358743891864835
3010314,2.5011043581224275
3010315,14.771110639794964
3010316,3.48665170099975
3010317,0.18627211881713435
3010318,9.35777815807672
3010319,1.2725896880540635
3010320,2.5919357546862196
3010321,0.5227570093521772
3010322,0.8431233738903822
3010323,0.09382751755525935
3010324,0.003586299800026445
3010325,4.51197524602697
3010326,2.5321321404268984
3010327,0.022863025519272613
3010328,5.383780675360246
3010329,55.222865949788705
3010330,4.796847884618948e-05
3010331,0.5806986797137252
3010332,12.53543298139261
3010333,34.284713515563276
3010334,0.6205985174195803
3010335,1.2112775524438713
3010336,0.5429532880937243
3010337,4.88049467765322
3010338,1483.7284103757074
3010339,17.779615781053273
3010340,0.47171618878948957
3010341,7.521992363143625
3010342,24.686194198170956
3010343,0.0008942986150794683
3010344,4.3428544336364805
3010345,5.020870170228786
3010346,27.68742273490686
3010347,8.838363640617153
3010348,41.982309647876875
3010349,6.466281526526434
3010350,1.1527044225402274
3010351,60.277475642797334
3010352,13.743640476753708
3010353,3.8347547667302626
3010354,0.7276559614625593
3010355,7.427034916438038
3010356,0.148374397944541
3010357,0.0018325293341062193
3010358,22.109460900048994
3010359,2.5834634047511997
3010360,0.011881668184102334
3010361,3.215314232243427
3010362,8.615233149006002
3010363,4.939200233140876e-07
3010364,0.15661828631852354
3010365,1.0123678781784735
3010366,6.006273515735363
3010367,0.4405361441355235
3010368,0.1740518410403821
3010369,0.4669380094254039
3010370,0.5229535311154426
3010371,47.585667885881804
3010372,7.521644416546165
3010373,0.5301478167046142
3010374,2.613116931725424
3010375,9.364012040801548
3010376,0.0004099264700763772
3010377,0.6979144681864291
3010378,8.267890766181472e-07
3010379,5.988728302487087
3010380,2.4585114199918583
3010381,49.195749354876874
3010382,3.515933540697455
3010383,0.08323582959925424
3010384,2.0092561104294617
3010385,3.9041825703549833
3010386,3.4003819812923632
3010387,0.07793359448015061
3010388,0.4081319753701217
3010389,0.055932338581281264
3010390,0.21181811261256311
3010391,2.697321320352793
3010392,1.0817820318642641
3010393,0.0006138373996907427
3010394,0.014312418807565496
3010395,7.0880290573304565
3010396,4.2326859440138375e-07
3010397,0.6862495275584403
3010398,3.717884751176044
3010399,8.721802897462277
3010400,15.743064613738625
3010401,0.12482359163071928
3010402,2.552440394186212
3010403,0.19710675332306823
3010404,10.83781520846686
3010405,0.9600982273161531
3010406,0.5064721581596275
3010407,1.046371348576252
3010408,2.3072596980780125
3010409,0.006035320102872996
3010410,0.5156041656808383
3010411,0.008221065269335758
3010412,1.8379056754596304
3010413,0.14551093064526952
3010414,6.450209900018909
3010415,0.124384122042305
3010416,1.009689632266331
3010417,2.3779524524779014
3010418,2.0349636448370427
3010419,0.4615131672221999
3010420,0.10124458369266418
3010421,0.2552217317338148
3010422,0.3980536943779482
3010423,0.08273523188466557
3010424,1.662043714349992
3010425,5.3187897601976575
3010426,0.08696058034948555
3010427,3.7444359332270434
3010428,152.314452470225
3010429,0.00234235238953043
3010430,0.5071955431884819
3010431,10.086017096950057
3010432,33.71865886136105
3010433,0.6137761928275747
3010434,0.5954492944939859
3010435,0.555436280795488
3010436,0.9642855390477525
3010437,1957.9760849715094
3010438,16.627670454726978
3010439,1.6151637231931038
3010440,3.527965610287197
3010441,24.9733420451341
3010442,0.011716332351677806
3010443,4.758693869231605
3010444,2.5774129699435266
3010445,21.138330792794296
3010446,5.319600356062682
3010447,31.105648325776627
3010448,4.276864097836467
3010449,0.35076406292678086
3010450,26.01150375627919
3010451,9.246876051551673
3010452,6.831796372749688
3010453,0.6818244286709927
3010454,4.5035460036540576
3010455,0.12948365280010257
3010456,0.30895691910439926
3010457,3.050498863621443
3010458,4.9125306085116325
3010459,0.0002339282841066719
3010460,1.5731386618818874
3010461,92.91388482427577
3010462,3.823288269785085e-07
3010463,0.6339039656554283
3010464,6.24656367115529
3010465,548.5428922656065
3010466,0.6025384705586246
3010467,1.9646737375829781
3010468,0.7189170112890491
3010469,0.3302104099897354
3010470,2367.7624979291686
3010471,7.878356928040466
3010472,0.38404044191885706
3010473,28.128421139943125
3010474,11.391442264797421
3010475,0.412514592757077
3010476,5.028646264132229
3010477,8.267890766181472e-07
3010478,1.1570665438714232
3010479,2.9787593713785303
3010480,10.863244952935526
3010481,0.34683918078559844
3010482,0.2904204787704203
3010483,17.367066410254154
3010484,3.8480172050047226
3010485,1.7852597342763907
3010486,0.28925027987037427
3010487,7.6709716160809736
3010488,0.09496181432122815
3010489,1.2011406404136298
3010490,3.2520185689099343
3010491,4.349518855783951
3010492,0.44924783260048423
3010493,1.7250238314260975
3010494,113.31104535139282
3010495,3.823288269785085e-07
3010496,0.6085469554817737
3010497,6.137341074274896
3010498,449.5710900608416
3010499,0.5604326508992571
3010500,0.5656335497243964
3010501,0.7624171584985072
3010502,0.3970819881959586
3010503,1529.0345993834173
3010504,8.368852138078442
3010505,0.7569422465266309
3010506,21.632640750472692
3010507,9.38872204652627
3010508,0.0017870696844899487
3010509,5.713389088319902
3010510,8.267890766181472e-07
3010511,1.6617467264408938
3010512,3.533682960761167
3010513,16.57296791995104
3010514,1.455175793155308
3010515,0.12302212476673115
3010516,6.775444465755163
3010517,3.2267542848078987
3010518,2.283606706746884
3010519,0.199455695351398
3010520,1.7988235137835935
3010521,0.04784062309129797
3010522,0.511372888970535
3010523,3.5415690931846306
3010524,7.85158992171629
3010525,0.02301139477109157
3010526,12.003095995182468
3010527,237.38567671941738
3010528,3.4844669112232727e-07
3010529,0.6257448847086303
3010530,21.298357597198255
3010531,55.65342779357251
3010532,0.6600840705054019
3010533,1.793157005388568
3010534,0.7231772959562963
3010535,8.677444481495224
3010536,575.9900853788199
3010537,46.796203464023336
3010538,2.6174834473445503
3010539,14.623885813525304
3010540,42.48756352002819
3010541,0.022869377383802618
3010542,7.610070463563947
3010543,44.77096359825765
3010544,29.640164145526033
3010545,12.162776948034576
3010546,55.64708396951576
3010547,11.06472142253364
3010548,0.45002826697424675
3010549,80.69799641764119
3010550,14.396973536676889
3010551,22.165232242135342
3010552,0.32072400315620814
3010553,12.83049840763532
3010554,0.16265961239372997
3010555,0.2786509961999352
3010556,69.36645036678173
3010557,2.0969467581894756
3010558,0.16017512203241757
3010559,0.29562910912387136
3010560,39.576912064193955
3010561,3.823288269785085e-07
3010562,2.6390912789392815
3010563,2.51127489783138
3010564,65.57376595943957
3010565,0.6199959938895381
3010566,0.4368160201629891
3010567,0.6052524058269745
3010568,0.42981463926565594
3010569,89.52216943789838
3010570,3.3295169661314112
3010571,0.1518055333960156
3010572,6.717727601315494
3010573,4.584199480491412
3010574,0.0029063034223898456
3010575,0.7423033546964753
3010576,0.10854789990137934
3010577,4.463034635166413e-05
3010578,1.4401919309187132
3010579,9.304277664095736
3010580,0.4849889416419637
3010581,0.050356494088527604
3010582,1.650341264594199
3010583,0.9446950571126828
3010584,3.8304887897225477
3010585,0.5832494063623277
3010586,1.2271051591536433
3010587,0.03829658643318663
3010588,0.001304091433165445
3010589,2.7960538546980542
3010590,5.630163227761014
3010591,0.04320555606937103
3010592,0.27496527707469764
3010593,29.215117491526343
3010594,3.823288269785085e-07
3010595,0.3077074264528271
3010596,6.319264154206258
3010597,723.1502606318295
3010598,0.5380242128444045
3010599,0.5027923136042379
3010600,0.6600206494744607
3010601,0.40132713426292616
3010602,3341.58390859958
3010603,8.04717556730446
3010604,0.22280878740554075
3010605,4.306447108025845
3010606,15.116767124172616
3010607,0.0021960626950260505
3010608,5.640997644296345
3010609,0.5214252255063682
3010610,2.1922526835528666
3010611,6.501777328964565
3010612,6.73391128203713
3010613,0.9998139380572627
3010614,0.39011857167816416
3010615,14.595120056887
3010616,1.1744036639510442
3010617,3.9088827869945266
3010618,0.10059463170422232
3010619,2.839015737204758
3010620,0.0474642770193552
3010621,0.4490935149498301
3010622,3.8640536563043315
3010623,0.5519671199431644
3010624,0.0006138373996907427
3010625,0.23903329121628009
3010626,12.5163339082244
3010627,3.823288269785085e-07
3010628,1.9611781311057535
3010629,0.4224902441103029
3010630,126.12939334651314
3010631,2.8029832097016185
3010632,0.4038851445402188
3010633,1.1225938526229802
3010634,0.5472288327843237
3010635,34.7062733607579
3010636,0.4048197934063423
3010637,0.17368144193229462
3010638,0.13208110850545138
3010639,2.2073221496430038
3010640,0.04172565609822384
3010641,0.5279161142918278
3010642,8.267890766181472e-07
3010643,4.463034635166413e-05
3010644,0.47412792839445933
3010645,8.573958189321047
3010646,0.05524611449465268
3010647,0.15794794288645977
3010648,1.8746421090481262
3010649,0.38482866512053937
3010650,0.5113729690050778
3010651,0.18270953319211528
3010652,0.14444631674500605
3010653,0.41527090154700114
3010654,2.5381614067941237e-05
3010655,0.5100199431832704
3010656,6.70835426380767
3010657,0.0006138373996907427
3010658,1.2765071411021198
3010659,69.4746531233877
3010660,3.823288269785085e-07
3010661,0.28423838253272055
3010662,5.3231627357433595
3010663,632.9685027710501
3010664,0.4156162459215059
3010665,0.3756491187556252
3010666,1.2153766959997532
3010667,0.5631233326645657
3010668,430.8939723920954
3010669,0.20013872717609976
3010670,0.2395978865739368
3010671,23.10319578455106
3010672,12.266320616692042
3010673,0.009579880692136179
3010674,1.8555637241297314
3010675,8.267890766181472e-07
3010676,2.240800950943914e-05
3010677,9.95839943805578
3010678,6.096909256622685
3010679,1.3105052552542353
3010680,0.38249927138290907
3010681,9.097502648525053
3010682,1.5119611474846015
3010683,2.639502108027328
3010684,0.3556970728775535
3010685,0.7924458001824979
3010686,0.06289119915264847
3010687,0.00016084233004604094
3010688,0.34922271831442203
3010689,2.6406892546368197
3010690,0.36592977080602357
3010691,0.599203764084818
3010692,21.650669744276723
3010693,3.823288269785085e-07
3010694,0.5602521858955662
3010695,6.376002221407024
3010696,654.6235836540991
3010697,0.5336421114907508
3010698,0.8654699897932132
3010699,0.84322943495024
3010700,0.5772126747073372
3010701,419.388103986982
3010702,3.016046628300875
3010703,2.3816982733463243
3010704,3.4142756678312676
3010705,17.014896498074823
3010706,0.005299751288699642
3010707,4.368133966037074
3010708,0.9030088305991966
3010709,3.4910311534004155
3010710,3.7333744473682744
3010711,10.212152806543747
3010712,2.3052072887984014
3010713,0.2728055557513249
3010714,40.37336172635899
3010715,0.675813329769631
3010716,5.020492238675171
3010717,0.2754223984550688
3010718,0.4885951002656138
3010719,0.06678702324634492
3010720,0.933593894492404
3010721,0.3043041545418379
3010722,3.3797771198533395
3010723,2.499292155425059e-05
3010724,0.019398636367085446
3010725,28.38555064612891
3010726,3.823288269785085e-07
3010727,2.0909709177077995
3010728,0.3458102850501883
3010729,39.234198576809966
3010730,3.338583343832254
3010731,0.22584059154437883
3010732,0.6088281755233556
3010733,0.23027008584546632
3010734,176.9541094632423
3010735,1.5250537899229297
3010736,0.14839726532393768
3010737,0.8255441538512117
3010738,0.8100204564921063
3010739,0.1319306089445834
3010740,1.6885962967515447
3010741,8.267890766181472e-07
3010742,2.2650036862933514e-05
3010743,0.0603039978314659
3010744,14.592114959371207
3010745,0.341493778513476
3010746,0.26789698022372166
3010747,1.8746027754667738
3010748,0.8768871631281334
3010749,0.4503973934924727
3010750,0.10143632872339278
3010751,0.5726534661942054
3010752,0.7332454429519817
3010753,0.0017149591878563486
3010754,0.11340304367662733
3010755,3.5098543244274034
3010756,0.003369817049077051
3010757,0.4259815198213933
3010758,69.73903893882239
3010759,3.823288269785085e-07
3010760,0.5036002492396894
3010761,6.437841394704379
3010762,264.6680478085768
3010763,0.3792290982224066
3010764,0.5134575343735903
3010765,0.5201041694996875
3010766,2.284948415419788
3010767,848.6903948088484
3010768,1.0747417016621466
3010769,0.18524594837723146
3010770,4.839961846669681
3010771,4.0822220152005535
3010772,0.02077116775419354
3010773,4.042069182396331
3010774,8.267890766181472e-07
3010775,11.144978510763723
3010776,1.6651870624771286
3010777,16.34065530282217
3010778,1.1839667730830754
3010779,0.35933462870178473
3010780,14.364185235118676
3010781,1.8339993433598438
3010782,2.712593804602297
3010783,0.13673465425142653
3010784,2.0011943485595545
3010785,0.06570733472096689
3010786,0.4422837980579011
3010787,0.20761728599558485
3010788,1.6887809761708632
3010789,0.0006236782972673055
3010790,7.143913656856581
3010791,54.138920667829915
3010792,1.9191546676400633e-07
3010793,0.5292535034514266
3010794,4.06886423717118
3010795,29.14965804150154
3010796,0.5874661841734138
3010797,2.5805639979317836
3010798,0.9316349030105613
3010799,0.5700341521263571
3010800,417.52216708485213
3010801,27.040124777698843
3010802,1.155093717976801
3010803,7.300286891641867
3010804,20.21551590671361
3010805,0.016378718375935606
3010806,4.272042450543889
3010807,17.473718818914467
3010808,13.740685256545328
3010809,1.0583358895289454
3010810,50.45157253653208
3010811,6.694768461769713
3010812,0.2880917931392122
3010813,37.962755958925484
3010814,11.117843943321763
3010815,8.03574195651429
3010816,0.35687359291818355
3010817,3.832810945782836
3010818,0.14102731837982446
3010819,0.0007284182796889688
3010820,9.019464532443882
3010821,4.103830801710684
3010822,0.0006138373996907427
3010823,7.364458933801376
3010824,7.33376117870259
3010825,1.0111381478469814e-06
3010826,0.4066015912455041
3010827,9.115575425250038
3010828,31.313284638460882
3010829,0.5657149468198892
3010830,1.2687451887161445
3010831,0.5391113812912979
3010832,2.341291921081811
3010833,372.6450262646636
3010834,12.421111408098078
3010835,0.507769648861809
3010836,11.678447052036821
3010837,18.9029597939543
3010838,0.00047757037828683255
3010839,4.384817514656122
3010840,18.33940375911304
3010841,8.044974522002493
3010842,6.3612047753784156
3010843,25.58065664060512
3010844,2.8617261060993497
3010845,0.18792914310350278
3010846,13.106241224247713
3010847,5.3363926436586
3010848,8.074187199018684
3010849,0.27225328243701485
3010850,5.165446415853313
3010851,0.1043194517892294
3010852,0.3495125508111829
3010853,11.85401721208644
3010854,7.047779986731534
3010855,0.2719971319668349
3010856,1.5290663232946806
3010857,138.4549995173688
3010858,3.823288269785085e-07
3010859,0.5015768261392431
3010860,3.8363672764791708
3010861,1202.5612140900819
3010862,0.542389531210658
3010863,3.809407562399575
3010864,1.2826419468513668
3010865,0.27497079117204243
3010866,4719.083456631294
3010867,3.4950150561167663
3010868,1.2707918660896902
3010869,3.6524058177386274
3010870,12.777742248180882
3010871,0.0373122198617015
3010872,6.305668142987283
3010873,2.8828156200604003
3010874,10.426433289526457
3010875,6.286036162463143
3010876,26.639834602719763
3010877,3.367694645265875
3010878,0.24326056648088767
3010879,36.426759958927626
3010880,1.0934121093469513
3010881,4.141121083095935
3010882,0.2657809776096761
3010883,1.8946747477922137
3010884,0.12384045431987134
3010885,5.881130967838662
3010886,9.913553396411029
3010887,2.1078348299495686
3010888,0.0019893827395042305
3010889,5.016556363003312
3010890,79.06335154472482
3010891,1.4136954780908687e-06
3010892,0.36708237338240846
3010893,4.765116311680477
3010894,28.552936901424342
3010895,0.5444920842896335
3010896,2.028737456237942
3010897,0.4717127910118248
3010898,0.41353830671761155
3010899,341.5853864813972
3010900,15.802973771384327
3010901,0.7269916109687924
3010902,1.5077977624561174
3010903,5.73856969433348
3010904,0.01434192954895146
3010905,1.425076087735277
3010906,16.043513979774257
3010907,11.25000228889652
3010908,0.9531934376717376
3010909,24.809852400944816
3010910,4.386858704030975
3010911,0.4008113588545593
3010912,22.161593695667776
3010913,5.587007473960778
3010914,5.759420343337548
3010915,0.6633083030794766
3010916,2.314906116468008
3010917,0.13326242351631437
3010918,0.002106386176964805
3010919,22.995405377782323
3010920,3.1366945284054686
3010921,0.15274872994829491
3010922,0.6000382730863644
3010923,138.55473882700753
3010924,3.823288269785085e-07
3010925,0.32183841268593566
3010926,3.7135158375177966
3010927,1652.355570386989
3010928,0.5709456097216554
3010929,1.1268969916287264
3010930,0.6654705903976575
3010931,0.4915655967415165
3010932,4538.965640697803
3010933,2.073724351517812
3010934,1.6065249241574826
3010935,9.158876829834533
3010936,13.561447579114063
3010937,0.04593059978488526
3010938,6.987653506892459
3010939,8.267890766181472e-07
3010940,0.045806446378264004
3010941,7.27056778112036
3010942,8.115278996671963
3010943,1.477439990133904
3010944,0.4272860559200992
3010945,42.02397178495528
3010946,2.0731879847454766
3010947,3.0468477042696773
3010948,1.652756264680756
3010949,3.8636164374963644
3010950,0.06336870025298674
3010951,3.6030364486773736e-05
3010952,3.330949258433104
3010953,5.541722162140132
3010954,4.342009407689156e-05
3010955,7.062172295502188
3010956,41.47810952428276
3010957,7.696276748928418e-07
3010958,0.5695811920404895
3010959,7.407471686253407
3010960,30.973480053926124
3010961,0.5546309193792145
3010962,1.287693513995229
3010963,0.46687078804498344
3010964,1.1692719729633432
3010965,369.5352788981637
3010966,14.190763321414602
3010967,0.9845915071715095
3010968,3.629477536378736
3010969,21.386322943145704
3010970,0.000314725936685159
3010971,1.44492314377323
3010972,11.697651668712183
3010973,6.9973894780014545
3010974,5.109019479768539
3010975,25.243430923313923
3010976,6.180746901844033
3010977,0.2786974456013722
3010978,16.365841421691265
3010979,12.366351691826598
3010980,6.641073656303849
3010981,0.3948081624640483
3010982,1.6134276113859258
3010983,0.11654144742287964
3010984,0.13405193474347404
3010985,4.345308791211027
3010986,2.2279615101405152
3010987,0.0006236782972673055
3010988,6.396768182675387
3010989,21.44995020930991
3010990,4.2326859440138375e-07
3010991,0.5126809760837991
3010992,3.379686847839462
3010993,22.241589837317726
3010994,0.5779320640426205
3010995,2.4865697363848125
3010996,0.4533468982724701
3010997,1.250285269439159
3010998,348.57919254540064
3010999,17.346305462036213
3011000,0.7828408125576536
3011001,5.400095608139943
3011002,20.23658115118001
3011003,0.001523570730755146
3011004,3.3710700638588595
3011005,11.359051726992709
3011006,24.313312061948814
3011007,4.190447305806447
3011008,33.258788658678995
3011009,5.705579265121292
3011010,0.353347273567374
3011011,9.232397698792076
3011012,7.4662368374647325
3011013,8.00095608191015
3011014,0.32863517571274614
3011015,1.615428708894262
3011016,0.11383449684384697
3011017,0.07550103930317179
3011018,9.912535257682332
3011019,2.4599140866550626
3011020,0.0096053584628721
3011021,3.542766070371804
3011022,224.3530336519139
3011023,3.823288269785085e-07
3011024,0.3657002462052529
3011025,6.820751553547357
3011026,883.6340725235677
3011027,0.6144380136276903
3011028,0.45525991214726386
3011029,0.9199760898711137
3011030,0.7549334426894079
3011031,1198.6643944341788
3011032,6.717929665349705
3011033,0.040455915743991044
3011034,7.186042836648545
3011035,16.075978979005264
3011036,0.0379118714796968
3011037,5.915349884685458
3011038,8.267890766181472e-07
3011039,2.137934823301184
3011040,0.6591139652697916
3011041,23.879897712508694
3011042,1.6799655387378103
3011043,0.22615085483260894
3011044,4.932397713845806
3011045,1.6983241553403985
3011046,2.236956290095764
3011047,0.202271225565201
3011048,2.9549651363487865
3011049,0.041174998765163257
3011050,0.7141536952231325
3011051,0.2573540282863053
3011052,12.613956433439311
3011053,0.0006236782972673055
3011054,9.117459377026226
3011055,213.2230464550547
3011056,1.640210743251036e-06
3011057,0.7425163391624201
3011058,20.71200168745101
3011059,58.502834888120105
3011060,0.7526831212022574
3011061,12.556941273245386
3011062,0.7505917260299879
3011063,9.154385077863111
3011064,2790.782612608816
3011065,46.4919976651986
3011066,2.4831502784301636
3011067,86.106083657187
3011068,55.39616713168067
3011069,0.007682795641464851
3011070,10.352828264768743
3011071,27.249229580076463
3011072,13.682718913832547
3011073,28.084809197909955
3011074,67.24975587735523
3011075,9.589481034474884
3011076,0.46466034050592253
3011077,36.89287233501112
3011078,24.124089660556336
3011079,43.37583076515943
3011080,0.44417609173270367
3011081,16.6018462928137
3011082,0.1593509780629938
3011083,17.97623470774689
3011084,71.64206145988669
3011085,11.983224111007353
3011086,0.0006236782972673055
3011087,13.616566516693771
3011088,240.44196780864507
3011089,3.326435851916353e-05
3011090,0.6402066727879414
3011091,16.84327195602692
3011092,86.236947599057
3011093,0.662010871365598
3011094,14.534116874254474
3011095,0.6406103749533911
3011096,8.646748208931745
3011097,3168.209135038119
3011098,42.280867659931666
3011099,1.1215593496557499
3011100,12.171126313359887
3011101,50.81635276698497
3011102,0.3747230701457266
3011103,10.329130627892988
3011104,12.155615738348413
3011105,22.909879588113387
3011106,8.738164762855945
3011107,47.09619704281388
3011108,8.806036653286235
3011109,0.49519445108269916
3011110,40.258827023752744
3011111,16.37892675452556
3011112,24.802223642697943
3011113,0.3179905385830277
3011114,18.21872265909729
3011115,0.15324582731597242
3011116,16.746325172067444
3011117,82.63835241699475
3011118,9.82281497824636
3011119,0.0006236782972673055
3011120,12.703481257761156
3011121,156.44975817309697
3011122,0.0019279754197311946
3011123,0.4661690960135663
3011124,10.323493788724194
3011125,52.622166172656236
3011126,0.6890999589056923
3011127,15.99925579807153
3011128,0.4690390868868667
3011129,5.889361867721884
3011130,2518.9383410662363
3011131,22.2707905049766
3011132,1.9377312102149393
3011133,5.572403921584634
3011134,10.394438345082984
3011135,0.4538419086103266
3011136,9.598676165073215
3011137,14.518718916506952
3011138,15.345551376024936
3011139,6.025253230973225
3011140,51.534113726369156
3011141,5.6605990068160255
3011142,0.47360665586813205
3011143,37.58737390937162
3011144,15.395994173720684
3011145,29.342853193357627
3011146,1.0768196720283427
3011147,10.092263801098797
3011148,0.10378402637612588
3011149,16.187759119903067
3011150,34.620663122292605
3011151,11.08233427282188
3011152,0.0006236782972673055
3011153,14.190663078510699
3011154,202.3895380695272
3011155,1.1759193018984257e-06
3011156,0.622011674339939
3011157,13.892563188777844
3011158,59.24425905653633
3011159,0.6902949289940217
3011160,13.99921538846806
3011161,0.5832478108243756
3011162,6.33200033022255
3011163,3082.919583282606
3011164,21.10573006872916
3011165,0.7939719518569442
3011166,13.818802147965568
3011167,45.63366456304986
3011168,0.31483475933429916
3011169,9.692179431686037
3011170,16.75940070705968
3011171,12.839265344403087
3011172,19.06654010974758
3011173,59.73803804703346
3011174,3.582943598482055
3011175,0.4723643035034325
3011176,39.783960393102824
3011177,14.807043999446158
3011178,19.326221205995832
3011179,0.058320396606419134
3011180,18.040825590774844
3011181,0.15348647827357745
3011182,16.80265982177315
3011183,61.60771664218553
3011184,8.641153216232386
3011185,0.0006236782972673055
3011186,14.299277128809194
3011187,102.54190353171349
3011188,8.531342437085955e-07
3011189,0.4051267466642978
3011190,10.70011966202892
3011191,56.429049573396426
3011192,0.4534817892042234
3011193,6.243415661878662
3011194,0.7385371324124307
3011195,4.793972639543175
3011196,2547.0300718241947
3011197,19.443451483762683
3011198,0.24392313935399848
3011199,11.35557738245984
3011200,16.595368161677317
3011201,0.0026764300716862325
3011202,9.018840081758324
3011203,15.081501735349018
3011204,6.112988934456335
3011205,0.6976770249627168
3011206,44.44724768158985
3011207,4.477481202504923
3011208,0.453054549080407
3011209,37.57658069592699
3011210,12.511569148634509
3011211,18.535558210772948
3011212,0.39083968574501016
3011213,3.6844012307601863
3011214,0.06980877536350698
3011215,19.218289231063615
3011216,7.1343488749093975
3011217,9.149281071356038
3011218,0.0006236782972673055
3011219,9.898257795615631
3011220,187.57370391029545
3011221,3.9519274164666415e-07
3011222,0.7261320824420507
3011223,19.559047446062635
3011224,53.16664021514127
3011225,0.6533386630583238
3011226,11.761816727450235
3011227,0.7193744353420403
3011228,9.827662262481777
3011229,672.6819543690895
3011230,46.06937830371779
3011231,0.899801070646542
3011232,30.43360534884646
3011233,36.97424632178004
3011234,0.0037933127938905987
3011235,10.412966392549743
3011236,11.005473102915088
3011237,21.277320731954443
3011238,5.136909166133094
3011239,62.66753477026429
3011240,9.062125253151814
3011241,0.4630600113869886
3011242,54.86503573926657
3011243,16.490550592738057
3011244,11.604096007341393
3011245,0.3139971823616638
3011246,12.651044182370438
3011247,0.19643859235669653
3011248,15.9124111235752
3011249,71.77267042066072
3011250,5.3132753032703945
3011251,0.06701120742205884
3011252,7.5157811939989045
3011253,7.655408520575501
3011254,1.660307227902614e-07
3011255,0.3954612047343428
3011256,6.5939323704015065
3011257,22.476983549776413
3011258,0.5297188420139287
3011259,0.6871533901325059
3011260,0.7207184462038173
3011261,0.7858695249177867
3011262,394.25797845272035
3011263,11.194325394436872
3011264,0.7759536177748739
3011265,7.412210911659745
3011266,17.66965125934851
3011267,0.0009819992039648514
3011268,2.9760705248975046
3011269,6.512728106504956
3011270,6.570505968342463
3011271,12.370738802236167
3011272,22.708551648988088
3011273,5.094589600763268
3011274,0.18790255837619546
3011275,18.21988021104382
3011276,2.565205054456898
3011277,5.788332441818994
3011278,0.3470369632558534
3011279,5.099463881172474
3011280,0.08496348000652022
3011281,0.012074363048874572
3011282,6.415586019696481
3011283,7.315972479718285
3011284,0.000509513136011715
3011285,13.809049081687759
3011286,157.33694073150224
3011287,0.0002531847558332973
3011288,0.4174414182227467
3011289,23.457266934064336
3011290,49.5139830553245
3011291,0.6284142195368151
3011292,1.8756745992680268
3011293,0.7370052745877624
3011294,4.448023394046262
3011295,2256.7434266401765
3011296,30.694369644838225
3011297,0.7881266676148927
3011298,15.107386951102743
3011299,29.441811280645435
3011300,0.000511181597024496
3011301,9.135466334967802
3011302,4.150670240947849
3011303,4.439680643412163
3011304,1.821372315996177
3011305,60.82614283170438
3011306,6.155390373289491
3011307,0.444129321429089
3011308,48.55885495063683
3011309,11.153164382694547
3011310,22.1620815934941
3011311,0.5216939609806978
3011312,4.400672336762401
3011313,0.13582951867203308
3011314,16.515490419323108
3011315,11.617381144304371
3011316,6.152792739557016
3011317,0.0006138373996907427
3011318,4.141762864854501
3011319,157.99918159626566
3011320,1.6258646613333939e-06
3011321,0.6869371551376129
3011322,8.483252270586593
3011323,47.1291380329814
3011324,0.6586085811145371
3011325,0.4351160505957145
3011326,0.6350529333091754
3011327,6.295962748411895
3011328,2075.105968726591
3011329,30.785504796264757
3011330,1.0232842665678543
3011331,4.384469209894807
3011332,26.89047911564937
3011333,0.0008157518427004611
3011334,7.869497039800545
3011335,1.7889591132732006
3011336,23.942651571836855
3011337,3.377744062181218
3011338,43.59880615438331
3011339,5.86509919831639
3011340,0.43713143955369016
3011341,23.21725839541667
3011342,16.501552710691616
3011343,10.435099404476476
3011344,0.46105266655292676
3011345,5.397322979297853
3011346,0.12530585319246648
3011347,0.004697552275394427
3011348,38.23233518041337
3011349,6.2015406611254775
3011350,0.0006138373996907427
3011351,7.4159048669975896
3011352,157.22606813736914
3011353,3.8928028848427874e-07
3011354,0.6968520680621383
3011355,8.605494560286429
3011356,44.29677572100828
3011357,0.6106692774604514
3011358,1.6536396898896695
3011359,0.5479224058805089
3011360,9.17635067694553
3011361,2112.0645970193686
3011362,2.9802957746744947
3011363,2.5539683084256315
3011364,37.51313468518117
3011365,31.42850887513217
3011366,0.007738310238714479
3011367,8.637258356355726
3011368,7.832855806643837
3011369,30.239547206282662
3011370,6.422919342553201
3011371,85.38368235793794
3011372,7.894396267263636
3011373,0.42752145159060817
3011374,60.11647557621669
3011375,11.804303103306996
3011376,19.278032953958085
3011377,0.6926723229358629
3011378,12.969627672736742
3011379,0.15207942687676157
3011380,0.8087921563210093
3011381,1.3624603919173575
3011382,5.321815551241603
3011383,2.7565279288533644e-06
3011384,4.5403355585503435
3011385,8.262016099411705
3011386,4.303495541327186e-07
3011387,0.37110976372200655
3011388,4.1313181666701375
3011389,24.066362588660752
3011390,0.7325287173631494
3011391,1.2431005255885526
3011392,0.6196352105066315
3011393,0.7585818810960452
3011394,268.6442179873845
3011395,8.407334626970643
3011396,1.013586296589297
3011397,2.8616735196294294
3011398,15.593243889550648
3011399,0.0027948840668194125
3011400,3.11265849344884
3011401,4.079491547125837
3011402,6.115032830639355
3011403,5.005468191499946
3011404,24.969264677038367
3011405,2.04446981251955
3011406,0.27960324912988366
3011407,52.526907285146315
3011408,4.507055920228617
3011409,2.911946262229158
3011410,0.17455179829408593
3011411,2.248994916155773
3011412,0.08422515400274021
3011413,0.0042604824545076775
3011414,3.3891977045614747
3011415,5.402040621023287
3011416,0.0006138373996907427
3011417,0.79370877887702
3011418,398.45375608139983
3011419,3.823288269785085e-07
3011420,0.36813862291411487
3011421,1.9707937258855395
3011422,725.1325168448833
3011423,16.582917489603158
3011424,0.4517108397701837
3011425,5.179704136051182
3011426,0.48966561597910024
3011427,975.704033230752
3011428,6.356492146471412
3011429,0.47420174065423115
3011430,4.11519989953676
3011431,11.020481832445208
3011432,0.006138785880797074
3011433,3.5478105780185465
3011434,8.267890766181472e-07
3011435,2.240800950943914e-05
3011436,2.0101669200890027
3011437,8.081225906552751
3011438,0.6368697419756307
3011439,1.1383747582652435
3011440,39.20215238912149
3011441,0.010439322968100156
3011442,1.2839757268085097
3011443,0.2898143976437124
3011444,10.339568477334547
3011445,0.06474522012202492
3011446,0.00023426093120569255
3011447,1.1188918230545117
3011448,4.547176937801567
3011449,0.0015497481919406907
3011450,6.016752138069814
3011451,132.9455507583322
3011452,4.2326859440138375e-07
3011453,0.3103555230930834
3011454,6.696850573579532
3011455,39.80245429721823
3011456,0.5976304321141996
3011457,1.6659713363799398
3011458,0.5349789654051591
3011459,2.763323162640341
3011460,462.24397191683005
3011461,16.513605406851404
3011462,0.7633814990407288
3011463,7.35771023020397
3011464,29.41482797776507
3011465,0.0001749113937421495
3011466,7.822196339318256
3011467,21.18384236116201
3011468,9.95035730071328
3011469,9.591344552485518
3011470,22.916914852054546
3011471,5.040609495956778
3011472,0.4208997231154179
3011473,65.03534762205835
3011474,7.826117203969912
3011475,10.039716436363538
3011476,0.714653956423442
3011477,10.509479411352647
3011478,0.13934331266864622
3011479,0.003366794165153236
3011480,29.710985639945797
3011481,3.8527193052585207
3011482,0.04398553761501963
3011483,8.406583862201424
3011484,170.99489728450754
3011485,0.0019852809017686726
3011486,0.5780642922511152
3011487,12.618217521701842
3011488,41.84364923879814
3011489,0.6231953476192647
3011490,0.6552354698074301
3011491,0.5821117891212146
3011492,6.839986877057471
3011493,1454.9272610750443
3011494,31.452822585157588
3011495,2.4953285206542066
3011496,27.85857488924525
3011497,34.0759371996138
3011498,0.4826111140720676
3011499,4.510949937971681
3011500,11.099826834279567
3011501,29.667653809458283
3011502,2.8244095286761395
3011503,55.69078660857537
3011504,4.456430512092599
3011505,0.4223522297629384
3011506,42.26079189077543
3011507,5.447540073558386
3011508,10.52162395187129
3011509,0.7625781123330669
3011510,10.085864223880534
3011511,0.15922547135815635
3011512,0.13637854213189116
3011513,34.8066559663675
3011514,3.8618623197106543
3011515,0.2299039095792089
3011516,10.123133812916628
3011517,143.07370507776446
3011518,1.7839651621763019e-06
3011519,0.6977869564549325
3011520,14.163111120235815
3011521,43.87389669282459
3011522,0.6271969169338812
3011523,1.623691341621896
3011524,0.566716022206001
3011525,5.782610672466453
3011526,469.19114943660315
3011527,22.956436253001037
3011528,2.3194413625351133
3011529,16.274918136887614
3011530,34.42122093925082
3011531,0.00045510337505725765
3011532,5.155284020934658
3011533,23.266837968021576
3011534,23.68924120454169
3011535,21.839994042905097
3011536,55.253803884965926
3011537,7.9625419580352235
3011538,0.4236950493085465
3011539,71.40182859219996
3011540,13.09312913220846
3011541,19.629449605053463
3011542,0.7350979883552926
3011543,12.653531756729883
3011544,0.12201993081108074
3011545,0.299915866428375
3011546,28.34916934312785
3011547,9.400615864412863
3011548,0.08045187082250926
3011549,6.607410886081485
3011550,130.18627897084338
3011551,3.823288269785085e-07
3011552,0.3104612780106805
3011553,8.728180369051152
3011554,1200.9355091883579
3011555,0.581948942592231
3011556,8.622997966118561
3011557,0.6106578719243704
3011558,0.46274136031555413
3011559,4569.26797017783
3011560,3.110367492925844
3011561,0.860161315519374
3011562,9.628672151094705
3011563,27.087944450330326
3011564,0.0007045629504940926
3011565,6.968875250407125
3011566,5.040945951639111
3011567,4.273964991000704
3011568,4.418138868355857
3011569,23.082167123541556
3011570,5.3222967175954095
3011571,0.41069148287946217
3011572,32.22432079719618
3011573,5.45172848873519
3011574,6.407519144606009
3011575,0.6152474142168468
3011576,6.2256030811300604
3011577,0.09317794812017922
3011578,16.51751838843436
3011579,5.268223098114478
3011580,1.447948092285829
3011581,0.0004907589720091917
3011582,1.0478629397696972
3011583,1.27119589015487
3011584,0.00020320490488592686
3011585,0.08490266524232357
3011586,3.7761105650861158
3011587,10.26073859072768
3011588,0.33913278032522903
3011589,0.025254906598422815
3011590,0.19968980433186523
3011591,0.05247677049569907
3011592,3.3309357730712095
3011593,1.8456684961932164
3011594,1.1125050845581468
3011595,0.26530797528899547
3011596,19.909619187650012
3011597,0.0031078739669753203
3011598,2.719459422872871
3011599,7.4041382871131285
3011600,4.519492969252188
3011601,4.412348031900585
3011602,18.380209327171908
3011603,1.399908168073137
3011604,0.05661285378435034
3011605,9.716857364896844
3011606,1.0764973684489922
3011607,5.916013079373287
3011608,0.05074108361366468
3011609,0.18102703514836907
3011610,0.006827932488596113
3011611,0.00013090000582574596
3011612,2.761745460591235
3011613,0.47224270659468276
3011614,0.0004907589720091917
3011615,1.1296519740673736
3011616,2.703377470573233
3011617,5.232282154088487e-07
3011618,0.21808267326438466
3011619,0.5786036419338805
3011620,9.368720637714215
3011621,0.2503315825528461
3011622,0.00925215138146774
3011623,1.2693536933784457
3011624,0.017572517962450022
3011625,4.431240344891872
3011626,0.5951937746239477
3011627,0.11157567066284046
3011628,0.10713906802863563
3011629,1.8820529114189029
3011630,0.0045796621682760415
3011631,4.828384676200807
3011632,1.726865351078554
3011633,2.1076904819655693e-05
3011634,0.49561198719776434
3011635,4.117115738590704
3011636,0.2192294569487457
3011637,0.21997556663480206
3011638,5.641583747634921
3011639,0.5513595127434379
3011640,1.926073279240331
3011641,0.018982162813675773
3011642,0.20190458949473766
3011643,2.3757793008727757
3011644,2.5106811252182606
3011645,0.6013206638238852
3011646,4.808847523976023
3011647,0.3887638840724635
3011648,2.087134171592737
3011649,11.989027204051622
3011650,5.232282154088487e-07
3011651,0.0673888092518917
3011652,3.325171579758769
3011653,699.8505249907724
3011654,0.3362870166106926
3011655,10.830637523480384
3011656,0.26664210882504336
3011657,0.03478896314901021
3011658,7.569307880769092
3011659,1.6824808381678715
3011660,0.3065305829617973
3011661,0.40543537466554297
3011662,3.7839894239498375
3011663,0.016001452308778658
3011664,24.43608066194251
3011665,4.330072052665368
3011666,0.9051213186820839
3011667,6.492024989372513
3011668,16.994555868315512
3011669,1.8601598712596872
3011670,0.31421643890747863
3011671,13.537144601994362
3011672,0.031583708155611324
3011673,7.448395186558951
3011674,0.052423250152002894
3011675,0.2273346552251986
3011676,0.014708934118537917
3011677,1.7979238971305602
3011678,0.553269409945645
3011679,2.9483903059623637
3011680,0.000412811947056986
3011681,0.08591459652029647
3011682,16.93912606432264
3011683,5.232282154088487e-07
3011684,0.7703636253420927
3011685,2.937062053708336
3011686,91.67485175136324
3011687,0.5018885717988217
3011688,0.09732614047598054
3011689,0.5420310053866041
3011690,0.01596321515603184
3011691,3.0843297789455213
3011692,0.8824517280043274
3011693,0.11873470339113051
3011694,0.3724505165940914
3011695,5.617395108369266
3011696,0.001856582816456247
3011697,1.375571522622354
3011698,2.455962360655258
3011699,2.0851687370572486e-05
3011700,3.2006237084704834
3011701,20.081362605627607
3011702,1.2060799549004597
3011703,0.1366467081575753
3011704,7.2372679273373635
3011705,0.3777358445610725
3011706,2.718569589518705
3011707,0.03751779149376966
3011708,0.07052591173626202
3011709,3.4052607127508976
3011710,3.4874197051185982
3011711,0.2547626899974903
3011712,2.8361797474900423
3011713,0.0005113506852950765
3011714,2.766816258707992
3011715,6.7328119848777375
3011716,5.232282154088487e-07
3011717,1.0325052072330458
3011718,0.8504992797703025
3011719,22.016414075192426
3011720,4.802916540977804
3011721,0.04704992755453039
3011722,0.6288159020669583
3011723,0.015669576503796828
3011724,2.6908075054220553
3011725,0.3129264323723866
3011726,0.05445609544417957
3011727,0.1785585128862843
3011728,2.3353420526751605
3011729,0.003729184379462293
3011730,2.019967580743822
3011731,0.678545048539182
3011732,2.0851687370572486e-05
3011733,0.8595914594605474
3011734,14.233347664173547
3011735,0.5336659043582792
3011736,1.819622962340844
3011737,4.8710066737752395
3011738,0.17846640501330507
3011739,1.7337550472861922
3011740,0.00463443792943631
3011741,0.013372006546877037
3011742,1.4187337149886075
3011743,4.08268217874732
3011744,0.3218710799339969
3011745,1.0139977931259183
3011746,0.0005032826287868946
3011747,0.49344370026042106
3011748,15.355263883411919
3011749,5.232282154088487e-07
3011750,0.6556097778719724
3011751,1.6426031488352881
3011752,148.89616515613017
3011753,0.337927038283103
3011754,0.06696208305548414
3011755,1.2672098341390599
3011756,0.020815566925395244
3011757,5.9747720255728645
3011758,0.12499508373857351
3011759,0.1269061616575068
3011760,0.06898909662051955
3011761,4.502532674462582
3011762,0.015280110292633653
3011763,3.168064715552446
3011764,0.061334166307700264
3011765,2.0851687370572486e-05
3011766,2.9024735056330897
3011767,17.584751422306766
3011768,1.5359321994784607
3011769,0.6021271374583076
3011770,20.347753897301335
3011771,0.3486550756551365
3011772,2.1314113777756964
3011773,0.0036687670943020795
3011774,0.317179243858333
3011775,1.704549832648326
3011776,3.677175743332369
3011777,0.45504374977222234
3011778,0.7949990003902226
3011779,0.15181381441235964
3011780,1.3875140839890199
3011781,6.8763655141320426
3011782,5.232282154088487e-07
3011783,0.20885028567455688
3011784,0.48957490027911155
3011785,181.09341987503092
3011786,0.31494633077742096
3011787,0.09922890657059293
3011788,3.232675479781074
3011789,0.029550334372144414
3011790,5.7252902039447795
3011791,0.2036822761552008
3011792,0.390549606094922
3011793,0.27777258807649746
3011794,3.903941379383297
3011795,0.01389131582676794
3011796,1.4601497036609221
3011797,3.080977065597019
3011798,2.0851687370572486e-05
3011799,2.5981658692722274
3011800,6.201070609926608
3011801,0.7059573161195896
3011802,1.1641318866559727
3011803,5.481704248576751
3011804,0.3900605487263498
3011805,3.1177690198934243
3011806,0.015277717138778736
3011807,0.05396862424846051
3011808,0.007262700649423954
3011809,4.709096110097125
3011810,0.6209806178244406
3011811,2.2741690309924305
3011812,0.0177122934692183
3011813,0.05437181220187643
3011814,4.724065152595004
3011815,5.232282154088487e-07
3011816,0.5655180849318938
3011817,0.5882208730603684
3011818,212.33890389037535
3011819,4.483509961885919
3011820,0.06813486378112037
3011821,0.025053699246371117
3011822,0.04026310581520066
3011823,0.34176190779904037
3011824,0.7608302783824852
3011825,0.10966472816239099
3011826,0.1258619586646768
3011827,3.772185009485044
3011828,0.008071689096085301
3011829,0.663773324018222
3011830,9.7433241858493e-07
3011831,2.1076904819655693e-05
3011832,1.2791362683239058
3011833,14.869150723788918
3011834,0.6660897030530573
3011835,0.3376928086685927
3011836,1.1257162643478904
3011837,0.3392189527415782
3011838,1.591690511336668
3011839,0.021048296219343086
3011840,0.04538873386354716
3011841,0.1569556740639524
3011842,3.826117093122714e-05
3011843,0.36685756943314146
3011844,5.18739962650767
3011845,0.13382841119622582
3011846,1.925867873937678
3011847,6.462105777189139
3011848,5.232282154088487e-07
3011849,0.10183192094322215
3011850,1.4992415773579546
3011851,356.0565490781451
3011852,0.35061454895898386
3011853,0.6057413294672007
3011854,0.365619650554137
3011855,0.08990091540876205
3011856,21.229186901045384
3011857,0.9917693761176991
3011858,0.8361940126224368
3011859,0.8698144779954109
3011860,5.277465036483653
3011861,0.0010779268315562103
3011862,30.422412245248704
3011863,0.06729034603901636
3011864,2.1076904819655693e-05
3011865,3.5398769368357996
3011866,19.024116547572504
3011867,1.5327855798602117
3011868,0.2127662210394946
3011869,9.210653549268093
3011870,1.0927903974355828
3011871,1.7425125170133768
3011872,0.04947615657645573
3011873,0.14341379096749088
3011874,0.019249569884138406
3011875,3.2349974352282045
3011876,2.2446186547133884
3011877,0.2423378417507096
3011878,0.10753644701615472
3011879,2.926274162331621
3011880,0.7242150856665691
3011881,5.232282154088487e-07
3011882,0.02947374606957333
3011883,2.2899235564648595
3011884,21.669431203125576
3011885,0.33132073059636696
3011886,0.31246224903616227
3011887,0.3846148030982441
3011888,0.006347092891044129
3011889,5.956130903180001
3011890,0.34389394827391867
3011891,0.3563730865883493
3011892,0.3082058999784627
3011893,4.0919008624704745
3011894,0.0019287627436103316
3011895,1.321484078407162
3011896,1.2612026120075213
3011897,0.17388076192433666
3011898,3.5129939386917233
3011899,19.76136812386613
3011900,0.6292289850912693
3011901,0.012693565066152749
3011902,0.8258820586924345
3011903,0.4375449513184049
3011904,2.1664844916134465
3011905,0.00360372756317265
3011906,0.02901411661662126
3011907,0.01217120589245034
3011908,3.1341821533070258
3011909,2.1923445321077644
3011910,5.444362905086768
3011911,0.14886273549287599
3011912,2.1605741798592115
3011913,1.9041086501806714
3011914,5.232282154088487e-07
3011915,0.895128921773953
3011916,1.6042445611711698
3011917,80.54847732228049
3011918,0.4644419929706334
3011919,0.09696409566388049
3011920,0.11055533256327303
3011921,0.019325371574633134
3011922,7.7034242536766495
3011923,0.37536455819371006
3011924,0.8018626363542366
3011925,0.1491149290895753
3011926,3.6261860530729266
3011927,0.012428381001678111
3011928,6.52816624451253
3011929,2.2925195318713834
3011930,2.0851687370572486e-05
3011931,4.930634506817177
3011932,8.098680271427721
3011933,2.6423792803997515
3011934,1.4514716857415817
3011935,3.6601098966589185
3011936,0.45580991770942436
3011937,2.9772503529968084
3011938,0.011774707706855396
3011939,0.03429782993275544
3011940,1.7578695064479801
3011941,4.088932701139501
3011942,1.1479387179228921
3011943,4.284232283400526
3011944,0.0003746143484948534
3011945,5.951933272403598
3011946,1.9485563734501856
3011947,5.792554924726649e-07
3011948,0.1963158004858725
3011949,2.7581442413216735
3011950,6.332911398529512
3011951,0.37949570428416224
3011952,0.12956854904562826
3011953,0.13826548229364874
3011954,0.045594207399791184
3011955,3.539711243323
3011956,2.3878141074097754
3011957,0.4274855592525034
3011958,0.5976414940641372
3011959,4.439250969867071
3011960,0.005382054651253903
3011961,5.393951303465103
3011962,11.632550766720703
3011963,3.6570771403731337
3011964,2.072722864404457
3011965,24.638257888282414
3011966,3.736405480751585
3011967,0.1320918219667753
3011968,11.501261215224392
3011969,1.9271277806249478
3011970,2.7337044462965654
3011971,0.07304259642635066
3011972,0.35407647948795257
3011973,0.007527351577559348
3011974,0.00046215503099451523
3011975,5.534371313757079
3011976,5.185645324659403
3011977,0.03141949071602665
3011978,3.3581822235711285
3011979,5.037751873441098
3011980,5.232282154088487e-07
3011981,0.03104569979284661
3011982,1.6118231273086663
3011983,425.76415750493993
3011984,0.2949308559919646
3011985,5.343329568381074
3011986,0.06126808341416868
3011987,0.01951884634385468
3011988,8.627491802664016
3011989,0.8073348829255507
3011990,0.21381060981584593
3011991,0.19522675151350974
3011992,2.741647890398356
3011993,0.002847658941118357
3011994,18.056705174193798
3011995,0.0261928710764411
3011996,1.392050444651962
3011997,4.754516821890936
3011998,13.05453226793183
3011999,0.5960844649195618
3012000,0.10530148988894225
3012001,11.307818273595164
3012002,0.04144545897387384
3012003,2.210763846163649
3012004,0.008593067828953905
3012005,0.11795294328523374
3012006,0.01279531071885745
3012007,4.067260858629472
3012008,0.64499921220059
3012009,8.108812961028734
3012010,0.412071547987356
3012011,2.2271187116627957
3012012,5.761562131088668
3012013,5.232282154088487e-07
3012014,0.0704650483707447
3012015,1.5126365172367096
3012016,249.2227311332181
3012017,0.33001914896352447
3012018,0.6653683828325764
3012019,0.31601050554603216
3012020,0.05039463058684998
3012021,4.899682363046088
3012022,1.3336967597489064
3012023,0.20991495675423447
3012024,0.5353389693901456
3012025,16.62428588048517
3012026,0.008752666608980157
3012027,12.23923767781346
3012028,0.843741103898872
3012029,0.7062546061055558
3012030,4.938234363690093
3012031,21.448013687986684
3012032,1.3955750578378843
3012033,0.0665789144910146
3012034,12.31493357263018
3012035,0.8765090773782253
3012036,3.281063538296797
3012037,0.012565184571703539
3012038,0.31837031214406253
3012039,0.01112211922823302
3012040,0.0036875823016009105
3012041,0.2569832348078223
3012042,1.7854102255281958
3012043,0.02206310069356072
3012044,1.4449230202059153
3012045,31.577449578609556
3012046,5.232282154088487e-07
3012047,0.3565434978985005
3012048,0.4297925066685698
3012049,18.168588624209217
3012050,0.2585762824833439
3012051,0.059078022072987235
3012052,0.21239439208290223
3012053,0.017142035598477552
3012054,6.221901640362298
3012055,0.7378851977572284
3012056,0.5139818438394984
3012057,0.9679866508907568
3012058,7.294420391488081
3012059,0.002298442790001278
3012060,4.861949603611027
3012061,0.060725764441808
3012062,2.0851687370572486e-05
3012063,2.8706655545901723
3012064,25.73036269544601
3012065,1.5033443046079933
3012066,0.7483582012214395
3012067,1.7245149634055117
3012068,0.0866405499163017
3012069,2.832193681305127
3012070,0.013370595906741672
3012071,0.0745369818877848
3012072,1.0179006486658804
3012073,2.0617164209727465
3012074,0.4464412257706317
3012075,0.45601627663010413
3012076,0.0004038343721390551
3012077,1.636596119320652
3012078,0.11720819043686363
3012079,6.820236107323013e-05
3012080,0.1610342937014845
3012081,2.974508223977556
3012082,3.1344355632983385
3012083,0.36013146499749876
3012084,0.0980494010597541
3012085,0.43906367001234375
3012086,0.03337010870054736
3012087,0.6863439669293072
3012088,1.7524853833559446
3012089,0.10094489559252998
3012090,0.14899867174462703
3012091,4.222373053837277
3012092,0.15744512348433443
3012093,3.5598543939080054
3012094,6.480204042568887
3012095,0.0927299912956094
3012096,3.0895003855123107
3012097,20.859524556664844
3012098,2.7005559434319766
3012099,0.13873525041190884
3012100,4.328593252063687
3012101,1.4490985026627639
3012102,2.685052491934864
3012103,0.07139055535545813
3012104,0.05135069496922658
3012105,0.004986521736262744
3012106,0.0003956003202867372
3012107,0.5210195606923396
3012108,0.5012702108428636
3012109,0.026279043039042698
3012110,3.4806070324953087
3012111,6.571958395441514
3012112,5.3319761895191e-05
3012113,0.3542826155236433
3012114,5.566373676866546
3012115,14.173080507223066
3012116,0.4228211500297821
3012117,0.19307290235073177
3012118,0.1656754084419872
3012119,0.20110721458201047
3012120,4.522698713000002
3012121,2.477275774519949
3012122,0.5733601565872183
3012123,0.6779886407056872
3012124,28.91441329385718
3012125,0.0013438740191397075
3012126,4.295193618590234
3012127,1.7795136315579854
3012128,5.312571173296921
3012129,8.210288639724478
3012130,29.921355736450778
3012131,3.3292805487815813
3012132,0.23341800357425702
3012133,20.311675998219915
3012134,4.520264031682097
3012135,2.8915139598241884
3012136,0.07427136887020645
3012137,0.24865424861598764
3012138,0.00798706653701703
3012139,0.0001732193462405302
3012140,5.128643618345808
3012141,0.8256513205022797
3012142,0.010395691124398742
3012143,2.3743452531654765
3012144,0.613199499934528
3012145,1.0607243396573973e-06
3012146,0.036595244571993694
3012147,1.075594766179917
3012148,0.9238250037227542
3012149,0.204810078223655
3012150,0.0034161332518955864
3012151,0.04975657361108057
3012152,0.00835953966879035
3012153,0.34061271635836726
3012154,0.798464368710605
3012155,0.31624318276527563
3012156,0.1374400557911784
3012157,8.578901667440743
3012158,0.000538035167324227
3012159,0.21179212340544615
3012160,9.7433241858493e-07
3012161,3.3801261977331767
3012162,2.2133857959368917
3012163,21.588549650456997
3012164,1.7444415910998412
3012165,0.06205070208276819
3012166,0.25599842659597866
3012167,0.5286012277871032
3012168,1.6843255010876352
3012169,0.007165363996314313
3012170,0.02143156234982125
3012171,0.002956226906051549
3012172,0.09258714172735533
3012173,0.2931734529214352
3012174,0.9129177666008182
3012175,0.0005032826287868946
3012176,0.013723525221256127
3012177,0.6239277186486797
3012178,5.792554924726649e-07
3012179,2.7081800602372037
3012180,1.49371124322597
3012181,1.4361804332251733
3012182,3.172043965048252
3012183,0.009346555954053119
3012184,0.44537320492429544
3012185,0.10449141690647969
3012186,0.1713097323539777
3012187,0.2723647541198333
3012188,0.47421668436580183
3012189,0.1321603046133349
3012190,2.2736547245352754
3012191,0.004356315972090484
3012192,0.7919345905832761
3012193,0.015748996683610367
3012194,0.14161371447163484
3012195,0.2023895449759971
3012196,11.977611142545458
3012197,0.14905785180521836
3012198,0.12925869364792325
3012199,1.1358329567038266
3012200,1.2349503553646743
3012201,0.007304708872194985
3012202,0.003926493126776094
3012203,0.02655233093138876
3012204,0.25844770095962866
3012205,0.007921892728049369
3012206,0.582200973871001
3012207,3.9833151244090295
3012208,0.13194093921581246
3012209,0.9665080044635775
3012210,4.084948798051715
3012211,0.0027704504391957646
3012212,0.2694804790041844
3012213,4.729634143617465
3012214,6.899164443216624
3012215,0.4139062610104872
3012216,0.0732206409702859
3012217,0.1759189454070627
3012218,0.07140649554700129
3012219,4.150258414332379
3012220,2.0713664770149913
3012221,1.639720472307503
3012222,0.19534927676104533
3012223,15.93544609592421
3012224,0.014000661467107291
3012225,9.08873726420147
3012226,1.9981673198022403
3012227,7.082623624900473
3012228,4.1629766043439735
3012229,36.73265229999138
3012230,1.7277183987088804
3012231,0.26308884665254445
3012232,14.128378881958351
3012233,2.7470531538212803
3012234,3.5515884729177
3012235,0.0669691672118778
3012236,0.21484581491214771
3012237,0.006846459932979406
3012238,0.011416168228665044
3012239,2.563623420652962
3012240,4.009984063669422
3012241,0.00018368302498874653
3012242,1.729656445210176
3012243,3.065843496625546
3012244,5.232282154088487e-07
3012245,0.07369189360839117
3012246,2.8938869130352525
3012247,286.89033556225394
3012248,0.2166555430374574
3012249,1.8591807336268842
3012250,0.49190229055781576
3012251,0.031002409460604046
3012252,5.098352604163241
3012253,1.4587710487164447
3012254,0.28980782341341654
3012255,0.9933184796532394
3012256,3.6744840619543933
3012257,0.004085174198852748
3012258,13.268285589145993
3012259,9.7433241858493e-07
3012260,1.3580489839296084
3012261,3.8216751547288967
3012262,22.065143275556057
3012263,0.3885950227810637
3012264,0.2262836909056602
3012265,12.486458018329895
3012266,0.8493572763537024
3012267,0.8993924735577952
3012268,0.03156610969075155
3012269,0.2795441183939732
3012270,0.016237131815760662
3012271,0.12487670007578783
3012272,0.7433050748097888
3012273,4.665579687580039
3012274,0.3883721196192699
3012275,2.2872996629716105
3012276,13.152519431909887
3012277,5.232282154088487e-07
3012278,0.06777681709192299
3012279,3.3085204912233888
3012280,235.06603312753847
3012281,0.3981069428699191
3012282,0.06979353320483454
3012283,0.29062050801818995
3012284,0.041311454423512244
3012285,4.343561599053174
3012286,1.666285839085241
3012287,0.691652254861332
3012288,0.9000617947715313
3012289,5.9320082326261305
3012290,0.0023812490183736856
3012291,31.118435465137544
3012292,9.7433241858493e-07
3012293,1.6321417966181306
3012294,2.6595294319635814
3012295,19.282768327723044
3012296,1.4527440731261965
3012297,0.06438472962501218
3012298,4.4532655235585645
3012299,0.0671491300416132
3012300,2.1430092175788444
3012301,0.029968440620591695
3012302,0.14176850847759337
3012303,0.014634568810172506
3012304,0.007809981496428999
3012305,0.3569592704732009
3012306,6.378857778619864
3012307,0.015066821221280767
3012308,10.25779979191126
3012309,34.153771534474984
3012310,4.2651461157409264e-07
3012311,0.3668481024280125
3012312,8.019793511284387
3012313,18.387199935515888
3012314,0.3106269731216626
3012315,0.06657171644878283
3012316,0.19575986760204245
3012317,0.2097424311291694
3012318,14.034489340472662
3012319,3.5056001932176644
3012320,1.8932875982197366
3012321,1.3151229872593102
3012322,38.70805040242098
3012323,0.009255570485661245
3012324,52.720039487893125
3012325,22.964847561357207
3012326,7.652137255306607
3012327,29.821018685553543
3012328,46.02888110016725
3012329,4.636173613830536
3012330,0.31406900341260696
3012331,39.58050800084165
3012332,5.325664384554004
3012333,9.16576063875425
3012334,0.06876944837422527
3012335,0.3643961359851342
3012336,0.00856012856657449
3012337,0.09739946905346003
3012338,10.239093849577047
3012339,0.7054513748504521
3012340,0.18293543690728983
3012341,0.3910356175832185
3012342,11.884277389660896
3012343,5.232282154088487e-07
3012344,0.6856833489501378
3012345,1.0627087239614599
3012346,74.85043700140807
3012347,32.012420295506345
3012348,0.14637092584797254
3012349,0.07470714063908747
3012350,0.02596934298801332
3012351,0.8905993574903274
3012352,0.43106243995990295
3012353,0.1591664231119264
3012354,0.2954062934009348
3012355,2.2157755324301056
3012356,0.003076564601182709
3012357,4.917535763899296
3012358,0.06377986765451356
3012359,4.153056570362061e-05
3012360,1.3401038439222663
3012361,19.641461955518025
3012362,0.23542390711202266
3012363,0.01613450691031238
3012364,0.3778244835319384
3012365,0.9181615816410184
3012366,2.4302945530932534
3012367,0.03662290405018137
3012368,0.32001596218803136
3012369,0.010268841443722167
3012370,0.0013639598150453703
3012371,0.5431945677730837
3012372,5.699686869877501
3012373,0.042537564287894326
3012374,0.2861217124963512
3012375,5.041498302749501
3012376,5.232282154088487e-07
3012377,0.14503426307217732
3012378,3.436688820648387
3012379,220.69792034262807
3012380,0.25942196771516285
3012381,0.069033449366859
3012382,0.6089985623618239
3012383,0.05257163533111394
3012384,18.131077318736622
3012385,1.014600006037356
3012386,0.24517585749792806
3012387,0.29199240036740537
3012388,14.29467097783322
3012389,0.002716996681300215
3012390,1.9335693912946823
3012391,0.04666951328912902
3012392,1.0962793530113133
3012393,7.346104625993268
3012394,10.239391516910699
3012395,0.17911424751287752
3012396,0.22210647964681696
3012397,12.850026504560685
3012398,1.124319615702289
3012399,3.000663201363537
3012400,0.0055875648673947296
3012401,0.18211643071135764
3012402,0.00962640873956435
3012403,0.21473194757725475
3012404,0.2521183052745424
3012405,0.0010776284737561898
3012406,0.0005032826287868946
3012407,0.3832359891855386
3012408,4.5824019770325375
3012409,5.232282154088487e-07
3012410,0.08933048043260168
3012411,0.3978681439617185
3012412,11.438105051968718
3012413,0.2479834693358016
3012414,0.06405631800403484
3012415,0.08753232422771871
3012416,0.03202925033139138
3012417,4.651072373573799
3012418,0.18942815079354144
3012419,0.08249580183192484
3012420,0.1206178207254959
3012421,0.6235813564712053
3012422,0.08036873355410598
3012423,1.9743149992245903
3012424,9.7433241858493e-07
3012425,4.153056570362061e-05
3012426,0.30148908908614297
3012427,9.972204485667696
3012428,0.048052577586994404
3012429,0.08571319593455673
3012430,0.19966384967473766
3012431,0.25890031940445013
3012432,0.7331604467029729
3012433,0.007039790342116745
3012434,0.04681211340671897
3012435,1.8408382309106701
3012436,2.5303419132537225e-05
3012437,0.6158213500047025
3012438,5.498598975577921
3012439,0.0005032826287868946
3012440,0.9563843364034367
3012441,30.460169322403374
3012442,5.232282154088487e-07
3012443,0.07025050555199228
3012444,2.2116419776192884
3012445,79.97954830478085
3012446,0.4108619250638696
3012447,0.030607962565284978
3012448,0.26667026304235647
3012449,0.011457740932572366
3012450,8.17188274358288
3012451,0.35272830276161893
3012452,0.1989093059256233
3012453,0.482218836881892
3012454,5.23685330707254
3012455,0.023561742385549603
3012456,1.5085347499486308
3012457,9.7433241858493e-07
3012458,2.0851687370572486e-05
3012459,7.594343782811128
3012460,15.191492105831019
3012461,0.6130896785557677
3012462,0.2183325579746068
3012463,6.75465724150318
3012464,0.9719192071730284
3012465,2.0180107819260376
3012466,0.0527787442703236
3012467,0.02808060795765518
3012468,0.010735207151670444
3012469,9.239706206857618e-05
3012470,0.5097939073273083
3012471,0.9262007452646562
3012472,0.42170635656605965
3012473,0.3589868988153362
3012474,6.604942821523885
3012475,5.232282154088487e-07
3012476,0.19197756089167559
3012477,2.583383542614419
3012478,100.88191509317296
3012479,0.2937011578398811
3012480,0.09806691284646399
3012481,0.036376195519424497
3012482,0.03668485898947844
3012483,10.277727487106345
3012484,0.6716106940547484
3012485,1.9051334721866844
3012486,0.3821191238970234
3012487,27.13647512983301
3012488,0.004967711892403632
3012489,0.5533946508302355
3012490,0.49945618643066925
3012491,0.27818507944602017
3012492,0.9233165129902684
3012493,13.76818624142678
3012494,1.9120680276549376
3012495,0.13230317970836916
3012496,12.029548213692513
3012497,0.6809832707216921
3012498,2.5088894376828583
3012499,0.010253479058484132
3012500,0.03336138684772966
3012501,0.007042221429968726
3012502,0.92624924381379
3012503,0.41010571066699847
3012504,2.3929509426367246
3012505,1.3613438180623442e-05
3012506,0.030703382196188175
3012507,2.703085520475213
3012508,5.232282154088487e-07
3012509,0.20048175691298936
3012510,0.5186142435492446
3012511,3.1966277923077495
3012512,0.3633148300904501
3012513,0.0480380211608855
3012514,0.6058676303551409
3012515,0.019413125775657864
3012516,0.252529401287891
3012517,0.49938957254458943
3012518,0.1570642049876712
3012519,0.09457012011554286
3012520,0.47715671807391447
3012521,0.03575881433827095
3012522,4.2960044276748945
3012523,9.7433241858493e-07
3012524,2.1076904819655693e-05
3012525,0.04752757938877452
3012526,10.105866400567328
3012527,0.30488273949569566
3012528,0.21332745570147954
3012529,0.13167002573836997
3012530,0.41281165270920284
3012531,0.4779136904377013
3012532,0.0022183763324208315
3012533,0.2106497125180812
3012534,3.2346268457668934
3012535,0.0026158223307186203
3012536,0.19493129631167588
3012537,2.3230925101369895
3012538,0.002771092443070407
3012539,0.17603166199229756
3012540,1.9857589300026128
3012541,5.232282154088487e-07
3012542,0.2972939589091957
3012543,2.2511287696749274
3012544,283.77157034186536
3012545,0.385551045341261
3012546,0.6156919973716266
3012547,0.8506012424439056
3012548,0.011246284054827423
3012549,15.275378237344642
3012550,0.4795187886297952
3012551,0.11539247828501392
3012552,0.43603196707299885
3012553,6.548387798185899
3012554,0.023478367435172242
3012555,0.8500534542115028
3012556,9.7433241858493e-07
3012557,5.584123739124856
3012558,2.1922782414018758
3012559,19.659761933896135
3012560,1.5940686360645266
3012561,0.2591679693210668
3012562,5.803021164754199
3012563,0.9638161462101088
3012564,2.1354026030297444
3012565,0.01902437160532364
3012566,0.1153147185252627
3012567,0.01165761772970312
3012568,0.2893868692220581
3012569,0.29801613809575744
3012570,1.3663186749117548
3012571,0.0004907589720091917
3012572,4.149727851693519
3012573,1.8007576448643776
3012574,5.901418909245236e-07
3012575,0.24679376920642918
3012576,2.269618484020795
3012577,12.738120207740131
3012578,0.35045412437755546
3012579,0.295939697156351
3012580,0.2012114358962742
3012581,0.11755714463133095
3012582,7.17717260724876
3012583,3.277416343379236
3012584,1.084848903449095
3012585,0.5299501910004071
3012586,21.500838692862835
3012587,0.013571135769835216
3012588,23.594406045353686
3012589,13.109323144247057
3012590,4.975847318671667
3012591,1.061618478557029
3012592,23.652100954471727
3012593,3.657730200427947
3012594,0.18437090832271702
3012595,15.423245798514154
3012596,2.9735178445571755
3012597,5.998311251320422
3012598,0.05019267664828296
3012599,0.21031448980654366
3012600,0.006840631884828601
3012601,0.00021671383509296648
3012602,2.0051613815171367
3012603,4.295036842998791
3012604,0.0005032826287868946
3012605,5.363617555933725
3012606,1.2330661286733735
3012607,1.5472798786197516e-06
3012608,0.20771892100279227
3012609,3.4993335690184546
3012610,9.832468735860818
3012611,0.3863321454757609
3012612,0.053530566425480486
3012613,0.24344795251500922
3012614,0.08482669955385765
3012615,5.72400821258177
3012616,1.3949903736713083
3012617,0.5103959557708402
3012618,0.7394622575439447
3012619,9.246628239356612
3012620,0.000721556810057467
3012621,3.38084821629595
3012622,12.238740000339842
3012623,3.4629623246114662
3012624,5.831970843118845
3012625,18.819450684332985
3012626,3.0729070157978042
3012627,0.06601349732456821
3012628,6.552281278538925
3012629,2.0174506137942574
3012630,5.474290566552528
3012631,0.009170589704938155
3012632,0.22974183476034726
3012633,0.006051167667149995
3012634,1.1722889629120314
3012635,1.1643437895696678
3012636,5.467417100145118
3012637,0.2235594150036734
3012638,0.9014898682858425
3012639,2.2258827352804182
3012640,5.232282154088487e-07
3012641,0.1249064169178156
3012642,1.3854958560815196
3012643,491.4681457160553
3012644,0.339516857905885
3012645,3.9951356759449066
3012646,0.5815807526998086
3012647,0.025126158465146764
3012648,16.266643748025906
3012649,2.247108655329563
3012650,1.0817634915841692
3012651,0.34117036115094523
3012652,4.6764114378060215
3012653,0.012557966645633738
3012654,13.074833734680798
3012655,2.052880289092802
3012656,3.4984220997557056
3012657,3.3394731299465112
3012658,19.024959717094315
3012659,2.033719325128697
3012660,0.13833384820364875
3012661,19.552316445795835
3012662,0.9961208039034598
3012663,3.184318986234356
3012664,0.029950808757134448
3012665,0.11323358228940067
3012666,0.018007952822575304
3012667,2.193847430883927
3012668,2.5951377023107853
3012669,1.1013321902890472
3012670,0.001717576355848707
3012671,3.595458294851903
3012672,4.198034238032522
3012673,3.413008667081282e-06
3012674,0.10556209930940226
3012675,2.007461215656987
3012676,8.11977997215586
3012677,0.3705990193757817
3012678,0.06706517510178292
3012679,0.11615142939622282
3012680,0.030438495607677314
3012681,6.99097549734787
3012682,2.1750689226667763
3012683,0.650630197382286
3012684,0.13510659490647203
3012685,2.10465507430443
3012686,0.007219336649247053
3012687,4.9847080142997395
3012688,9.870702472328183
3012689,4.215257118574479
3012690,1.0223534975967403
3012691,15.80189127155994
3012692,2.181434877283481
3012693,0.28369799567502535
3012694,11.613062090385839
3012695,0.8581067800653005
3012696,2.5332604206001013
3012697,0.07152393625697806
3012698,0.1388275087114747
3012699,0.007665342956787799
3012700,0.0030997948912756426
3012701,4.333789260769325
3012702,1.1235896729714552
3012703,0.19614643797215958
3012704,0.5493454582423897
3012705,3.3891581083853053
3012706,5.232282154088487e-07
3012707,0.1427493522903095
3012708,1.763188954723511
3012709,332.7787661594348
3012710,0.390157265694004
3012711,0.08987600219377942
3012712,0.2230600702265272
3012713,0.04099003751302621
3012714,16.280176885436497
3012715,0.7427397488058292
3012716,1.2099014753617345
3012717,0.5935374783400071
3012718,4.946388255051419
3012719,0.021896827928558883
3012720,50.182569760792084
3012721,9.7433241858493e-07
3012722,0.038306752901193536
3012723,6.645696187596648
3012724,8.008918709773582
3012725,1.2491078839839618
3012726,0.18454320188613976
3012727,21.557790825024462
3012728,0.7127832109137248
3012729,4.912347315421973
3012730,0.0332778117469438
3012731,0.18363424299530917
3012732,0.015165578756392526
3012733,2.624977245083352e-05
3012734,0.24301835496915958
3012735,5.096065198167182
3012736,3.930219241205925e-05
3012737,6.809819724502648
3012738,0.9222204099962542
3012739,1.2454881133737657e-06
3012740,0.30515451573893093
3012741,3.159025136469289
3012742,13.365105602868569
3012743,0.33325321203696096
3012744,0.07047978492285961
3012745,0.17811741059826394
3012746,0.03472568232014809
3012747,6.090516735179072
3012748,2.437813708130486
3012749,0.8920844248517066
3012750,0.3429984361654405
3012751,4.063784181893282
3012752,0.0005123384803063625
3012753,2.7856399572493817
3012754,5.078572945003474
3012755,2.792874590105776
3012756,6.356467494220814
3012757,17.101333521864
3012758,3.4962359612133755
3012759,0.11826299430608074
3012760,8.050040743474021
3012761,3.222214450730758
3012762,2.360840834363128
3012763,0.008121881265099683
3012764,0.07613625769629968
3012765,0.006041746963767995
3012766,0.005556200065849093
3012767,0.9494707675488393
3012768,0.9371359404769399
3012769,0.0004907589720091917
3012770,2.7786049814087943
3012771,1.4781305792609265
3012772,5.792554924726649e-07
3012773,0.16209391268605008
3012774,2.8403317327529045
3012775,3.8146049093008974
3012776,0.33652895502267993
3012777,0.3579027544687476
3012778,0.12334184378430178
3012779,0.050067089624837705
3012780,3.4560783865953417
3012781,2.348552779420312
3012782,0.37027720059672947
3012783,0.41797596877443804
3012784,7.444136139771776
3012785,0.0015935733965209318
3012786,1.3848339387774369
3012787,6.330920373270746
3012788,7.424457303774228
3012789,1.9252479439029242
3012790,19.518787627582586
3012791,2.1973917396007367
3012792,0.14213625304103367
3012793,5.224814079575085
3012794,2.9800090530277465
3012795,5.784001948539936
3012796,0.03096234145116343
3012797,0.1311465559657548
3012798,0.006265368392762875
3012799,0.03574550157757901
3012800,1.9172781845532334
3012801,2.677542059261281
3012802,0.003442663835803621
3012803,1.1859848025657465
3012804,10.166763772455806
3012805,5.232282154088487e-07
3012806,0.1065776546317083
3012807,4.147556527486293
3012808,396.9256383658798
3012809,0.3946962875974361
3012810,1.6181547716760056
3012811,0.12436407992817328
3012812,0.03936721444026216
3012813,16.231732515659857
3012814,1.9509250379980347
3012815,0.031778843008899535
3012816,0.5646865533825105
3012817,4.256219507411317
3012818,0.053336054721202876
3012819,6.209356848467174
3012820,9.7433241858493e-07
3012821,3.1037364079652563
3012822,0.04249874375613708
3012823,9.68337916097414
3012824,0.6787982743620028
3012825,0.11828088057413053
3012826,7.094019847090225
3012827,0.9837374911060702
3012828,1.7373697110388624
3012829,0.01508412308029747
3012830,0.18055257358880042
3012831,0.011627790673709764
3012832,0.24196829482014995
3012833,0.174111724830918
3012834,12.418971080029714
3012835,0.0004907589720091917
3012836,8.96135736298579
3012837,82.77441904799569
3012838,2.104993937066414e-06
3012839,0.431050365258518
3012840,8.105611823398997
3012841,18.22538344233465
3012842,0.35162877879425325
3012843,13.72092749644256
3012844,0.20104787617159445
3012845,0.1927946415107053
3012846,6.8965863076823295
3012847,4.281672673871387
3012848,1.9146564057700814
3012849,1.617946303899487
3012850,43.908340237798214
3012851,0.006856137109865346
3012852,102.38166842427418
3012853,14.736332335714307
3012854,5.314833808106024
3012855,35.60368937294997
3012856,42.108219062045215
3012857,4.643266040043974
3012858,0.361032008008817
3012859,20.003214328558915
3012860,6.306940493115865
3012861,11.722026507446692
3012862,0.0680397231234576
3012863,0.39851672827103113
3012864,0.006373409808756698
3012865,3.4492547380443828
3012866,11.250657222373537
3012867,7.760735415025542
3012868,0.0004907589720091917
3012869,12.258219927228202
3012870,31.31239521679332
3012871,7.433692340303322e-06
3012872,0.13762794619445737
3012873,6.4956629912647195
3012874,19.362873547472727
3012875,0.310647532053893
3012876,11.260771951034654
3012877,0.16985206927975668
3012878,0.19959478629723126
3012879,8.749282481166327
3012880,3.9885416311073323
3012881,1.138437063651332
3012882,0.6645518422367073
3012883,42.60917114040986
3012884,0.00227088659971594
3012885,104.91405258525259
3012886,10.465153960681512
3012887,7.723650197043433
3012888,8.474137767668722
3012889,42.18726846650628
3012890,4.537679530718929
3012891,0.3801424150839488
3012892,21.904559302945515
3012893,5.791857592270798
3012894,9.516415316942084
3012895,0.04541348787390198
3012896,0.4067146292850048
3012897,0.006753763436486902
3012898,4.381939967042772
3012899,10.429414216575264
3012900,7.855563465327636
3012901,0.0004907589720091917
3012902,11.323547055502072
3012903,5.243153204933812
3012904,0.004076481038074529
3012905,0.11681744202592559
3012906,5.0443246655652745
3012907,159.3961627965481
3012908,0.14692236297262048
3012909,29.7922257670699
3012910,0.11576383589309282
3012911,0.1565166885241593
3012912,18.887130818085172
3012913,3.231626356756961
3012914,1.9298301100866775
3012915,0.3921064946040387
3012916,9.10656897178242
3012917,0.004180894993130952
3012918,54.68408116049272
3012919,13.193986009726608
3012920,3.813372399307515
3012921,7.79476207540384
3012922,26.989670404353056
3012923,3.4238831240712293
3012924,0.3721694990772062
3012925,21.063105134255668
3012926,4.745430005884092
3012927,15.955196653689242
3012928,0.07363920269815478
3012929,0.31512801877671087
3012930,0.0054986886704300976
3012931,5.054534151722194
3012932,6.06265127955886
3012933,6.252343919018388
3012934,0.0004907589720091917
3012935,14.465465748688493
3012936,74.07332182261135
3012937,1.6447536563243642e-06
3012938,0.152461580134876
3012939,5.9660101545550095
3012940,19.440719756570044
3012941,0.45736317260135034
3012942,57.79968986795386
3012943,0.16117291245195386
3012944,0.15377552169935302
3012945,14.662396173099154
3012946,2.8980546356433248
3012947,0.702405481280179
3012948,0.7122596795897018
3012949,35.18334228097383
3012950,0.010342254181736472
3012951,59.838603248056714
3012952,6.17723365550578
3012953,6.518890540947592
3012954,19.75661677603969
3012955,31.355251088448682
3012956,3.0571916445967315
3012957,0.3297071769957145
3012958,21.919160452915342
3012959,4.414601519168408
3012960,8.950198734866312
3012961,0.05403952868701537
3012962,0.4042237627503445
3012963,0.008086662717504424
3012964,5.018623012777135
3012965,9.263363105595475
3012966,7.643638875060224
3012967,0.0004907589720091917
3012968,10.181824882903275
3012969,1.4336401410547024
3012970,8.386593926448112e-07
3012971,0.06768947451329231
3012972,4.834913281511764
3012973,18.27141809714095
3012974,0.17849093343268765
3012975,0.3296525895173037
3012976,0.32274585280829654
3012977,0.10342267565629829
3012978,12.089303909675397
3012979,2.4827406061145285
3012980,0.23935835094111177
3012981,0.33085209724203674
3012982,8.531900679029716
3012983,0.0032327321280526487
3012984,18.4692035809543
3012985,9.487907491463792
3012986,2.554322850794448
3012987,0.5390000565548202
3012988,29.63765606421731
3012989,2.9146789545708156
3012990,0.3189284032116638
3012991,20.033203225400314
3012992,4.93099675595071
3012993,7.720686268110036
3012994,0.03617223496745315
3012995,0.25659244871689546
3012996,0.0047587385497622455
3012997,3.1482791036616242
3012998,3.086642538649799
3012999,8.490766625760003
3013000,0.0004907589720091917
3013001,10.951204878141072
3013002,5.778762833292708
3013003,4.2584937900220455e-07
3013004,0.42191562257433474
3013005,7.5671774506767875
3013006,17.864719879600052
3013007,0.3060941982715885
3013008,0.6245100275134182
3013009,0.19458629916403877
3013010,0.22660473876755585
3013011,19.011608113409952
3013012,4.180853482804951
3013013,0.7531474140177888
3013014,0.8267275292479469
3013015,31.025419171024783
3013016,0.0016116956476023908
3013017,95.0615585229315
3013018,8.59545820008913
3013019,4.390643486551964
3013020,7.5407224464455185
3013021,48.32756057971878
3013022,4.077265465058297
3013023,0.3591956143067274
3013024,28.481411121474782
3013025,4.033569357549629
3013026,9.715387136428747
3013027,0.07225232159798771
3013028,0.35391630633359406
3013029,0.00851362431724422
3013030,5.300427324336969
3013031,9.62430561694548
3013032,3.629877499392004
3013033,0.05963179444282172
3013034,6.5666432120593505
3013035,5.385384493758588
3013036,3.248285487869181e-07
3013037,0.12958757984899724
3013038,6.2799091315562405
3013039,9.093775061049197
3013040,0.5299326773698165
3013041,0.10960418305492442
3013042,0.29387700832729635
3013043,0.020618432901207996
3013044,2.547100630755074
3013045,2.2314084357831314
3013046,0.5919352492316218
3013047,0.7711566189158288
3013048,10.910971577454841
3013049,0.004589388617431547
3013050,0.7998051520133539
3013051,6.3175291049338504
3013052,0.32995346057001407
3013053,8.42279775701361
3013054,18.91136726370269
3013055,2.8948551912021268
3013056,0.18401300666488368
3013057,9.042981773489744
3013058,0.8908194745284512
3013059,4.1204612131158065
3013060,0.05668924109166947
3013061,0.18086492294266218
3013062,0.004453369570681692
3013063,0.01342677901896367
3013064,1.6865829942915367
3013065,6.37330270398348
3013066,0.0004038343721390551
3013067,10.190251015477154
3013068,4.445430509631415
3013069,0.00042813369440550795
3013070,0.196509043370709
3013071,9.927393919695543
3013072,16.72654089081537
3013073,0.43048035902188164
3013074,0.4273239894122335
3013075,0.1313456291103154
3013076,0.07802746750169104
3013077,12.289579490160138
3013078,3.76228613065486
3013079,0.7929340917107245
3013080,0.6506951796556808
3013081,14.877181565343559
3013082,0.00021241347115209106
3013083,34.8623384828636
3013084,1.8560197903258249
3013085,1.1706707883061018
3013086,1.632186271193357
3013087,21.502213555869062
3013088,2.6768865418326944
3013089,0.3142058116444661
3013090,23.893715266796917
3013091,6.662106515192584
3013092,11.549725962027852
3013093,0.041495152905866715
3013094,0.20914376488369707
3013095,0.007492035656503464
3013096,5.248110309491939
3013097,2.83251004879342
3013098,5.135068585735746
3013099,0.0005032826287868946
3013100,1.9476233673423118
3013101,21.07010858064335
3013102,2.1644724413021914e-06
3013103,0.20261304549279607
3013104,4.2546462438221555
3013105,16.216438713891932
3013106,0.22361644646902737
3013107,0.17149178255534103
3013108,0.1735802906666223
3013109,0.20755280421413058
3013110,9.929708065304924
3013111,3.206603109218974
3013112,1.1115470256203444
3013113,0.731359147031686
3013114,23.66026352440163
3013115,0.0016553604996084824
3013116,4.634090974970559
3013117,1.2548656933980793
3013118,5.899708365297908
3013119,3.5979636018825865
3013120,25.50035456248195
3013121,3.030370967260951
3013122,0.34354232254354905
3013123,18.682012876103933
3013124,4.520097172119289
3013125,5.2342896658984035
3013126,0.05642784153069934
3013127,0.24502073335251764
3013128,0.006776558563932986
3013129,0.003734874752905594
3013130,7.157976727899079
3013131,5.349037158377509
3013132,0.0005032826287868946
3013133,6.18063429408725
3013134,8.82653603122853
3013135,5.327414950843319e-07
3013136,0.3578607982728329
3013137,3.326976817303413
3013138,15.970838471208355
3013139,0.2930141685743464
3013140,0.40399532658044995
3013141,0.1514836048755478
3013142,0.1979413765112916
3013143,8.122462097946594
3013144,2.2055892844723526
3013145,1.8911168347883451
3013146,0.6634681452549174
3013147,31.991569544119407
3013148,0.009856616793126322
3013149,33.923149303417354
3013150,2.651831283948196
3013151,7.680750961641451
3013152,4.851452229432814
3013153,45.70754386042721
3013154,2.6931287147792506
3013155,0.2901671704175869
3013156,30.237620764422278
3013157,3.5603732842080076
3013158,10.312587134057173
3013159,0.07259078262792723
3013160,0.35964330157688856
3013161,0.008023649163411759
3013162,0.7381377067912481
3013163,0.5143694078345975
3013164,5.479585337535939
3013165,2.625839312436784e-06
3013166,2.216130761179478
3013167,2.005563047303626
3013168,9.361452338015863e-07
3013169,0.2242320491388246
3013170,2.186720418016331
3013171,6.399359722896685
3013172,0.3648940792531605
3013173,0.24817975073563217
3013174,0.10336960219304897
3013175,0.03552011985127099
3013176,3.0635768439716577
3013177,1.735438256699495
3013178,0.7996867039140807
3013179,0.533566919699253
3013180,15.847866260611529
3013181,0.0025209796265114443
3013182,2.5421458325787647
3013183,2.095131570527096
3013184,2.860156256068139
3013185,3.832925510303497
3013186,22.879997741082878
3013187,1.656643643450117
3013188,0.10755049276935981
3013189,6.22301329703517
3013190,0.9247797376686768
3013191,1.7662799837133794
3013192,0.007603743273598468
3013193,0.1552079994145046
3013194,0.00482405453610918
3013195,0.004554151519137883
3013196,0.40408672255725486
3013197,4.426054562248178
3013198,0.0005032826287868946
3013199,0.7653336600151398
3013200,2.710498015948409
3013201,5.232282154088487e-07
3013202,0.04140674803791033
3013203,0.7693771976201157
3013204,328.52513877948564
3013205,4.255112586611443
3013206,0.0513291664771839
3013207,0.301075718923212
3013208,0.0065129770050997935
3013209,7.549352332535435
3013210,1.0832731279209744
3013211,0.43822132246994716
3013212,0.207428518210689
3013213,2.8519391883983545
3013214,0.00765869900517067
3013215,15.395892193832744
3013216,9.7433241858493e-07
3013217,2.0851687370572486e-05
3013218,1.798992311215596
3013219,16.303692408615596
3013220,0.5308957106047033
3013221,0.2788550748527204
3013222,5.132543217601131
3013223,0.0060683351838759034
3013224,1.3206484367360685
3013225,0.013896054364648148
3013226,0.2890211505683669
3013227,0.005505273383957831
3013228,0.000435122005699173
3013229,0.6428469905801419
3013230,4.063813107281938
3013231,1.5197641947502088e-06
3013232,4.052348707975718
3013233,6.664668606192686
3013234,5.792554924726649e-07
3013235,0.28408974131953263
3013236,2.801067515006474
3013237,13.601753079045116
3013238,0.36459277243691013
3013239,0.5790064102931267
3013240,0.1370420441300358
3013241,0.11003764337363886
3013242,8.01334342275731
3013243,2.6628665876600053
3013244,0.6551614678208725
3013245,0.5226297771563434
3013246,30.449428556064124
3013247,0.00014924678330658974
3013248,9.160057328288383
3013249,14.616706944636281
3013250,4.412294243507814
3013251,6.9123196513865395
3013252,19.501619472586363
3013253,2.1394872085057424
3013254,0.29288601705696654
3013255,32.07610194034241
3013256,2.3286347782665477
3013257,5.365400018394897
3013258,0.07451022448743091
3013259,0.3383661729024575
3013260,0.007390552333372476
3013261,0.00037142308034513615
3013262,6.0575836883691165
3013263,3.1717103924158607
3013264,0.015626582502190848
3013265,6.474698007642251
3013266,12.35041052688877
3013267,0.04771636752786178
3013268,0.2189693889045739
3013269,4.742536450185019
3013270,14.945356663974135
3013271,0.3750399560073164
3013272,0.4851424805587842
3013273,0.16426987597370993
3013274,0.20984947130327042
3013275,3.6327453748777865
3013276,2.8362968665697355
3013277,2.06041525558486
3013278,0.9940010989190389
3013279,27.99088556601136
3013280,0.004270996001199741
3013281,0.48457730057767867
3013282,7.01897875227345
3013283,8.08243674953543
3013284,8.143902321833268
3013285,42.3985025451623
3013286,4.087090803235168
3013287,0.333977893595869
3013288,17.711201051883403
3013289,1.2728380603989065
3013290,6.673858488990833
3013291,0.08508825171765068
3013292,0.32118852945872456
3013293,0.007522425617697381
3013294,0.1489241653323624
3013295,7.499065828520482
3013296,2.920390619245866
3013297,0.20692842585621332
3013298,5.989709227972231
3013299,6.732211416697332
3013300,2.5771033870394573e-06
3013301,0.3998876945524907
3013302,5.783787646596827
3013303,15.076757335275792
3013304,0.4249923181388962
3013305,1.3956271225602694
3013306,0.15965571089138517
3013307,0.1939732332415515
3013308,9.419660955450745
3013309,2.3983786603317196
3013310,1.5799577993175038
3013311,0.79836110605703
3013312,30.38621209370427
3013313,0.0005048714077087738
3013314,5.923030718476872
3013315,13.930720090365277
3013316,7.04479039983983
3013317,23.421604024373554
3013318,44.05066460596537
3013319,5.19178155066347
3013320,0.257071294751537
3013321,33.26840718416744
3013322,4.633401610556308
3013323,12.21172056864285
3013324,0.07570019437629169
3013325,0.3544300031078528
3013326,0.006637738525898092
3013327,0.020018486041936234
3013328,5.517956398410863
3013329,7.279234601040218
3013330,0.0993128972537693
3013331,5.627708863530774
3013332,7.567562094621621
3013333,5.232282154088487e-07
3013334,0.12599975063166569
3013335,4.623844193588908
3013336,307.0801114988324
3013337,0.35997406077769367
3013338,0.3589639765590669
3013339,0.3824286359701422
3013340,0.12165807368463201
3013341,8.904731840437817
3013342,0.7421942093772593
3013343,0.8984517954928707
3013344,0.7056790585740843
3013345,6.0882668689336334
3013346,0.0012795949005350458
3013347,12.810881916116779
3013348,6.56384298201697
3013349,1.3249144733185154
3013350,6.349200351720468
3013351,20.045643622900734
3013352,2.4810005684786094
3013353,0.2872571908610185
3013354,18.146635182071545
3013355,1.0499537028807961
3013356,2.790489344501683
3013357,0.8383222584066073
3013358,0.2084633390108936
3013359,0.017608469231955526
3013360,3.914484025458058
3013361,2.486921011564675
3013362,0.012133245432995541
3013363,0.00036919243252496865
3013364,1.0316754365241976
3013365,0.07461489783599659
3013366,0.0001311288686265626
3013367,0.00017046846241345392
3013368,0.036176428819893414
3013369,0.4004048176942064
3013370,0.004120276144980916
3013371,0.1444486359854421
3013372,3.129412058842235e-05
3013373,0.0013607039535591713
3013374,0.2900432875411457
3013375,0.13679784654011476
3013376,0.8429065992710134
3013377,0.0070175896124380025
3013378,0.24310828818045507
3013379,0.0027283942978276235
3013380,0.03598760664563641
3013381,0.02958737556349283
3013382,0.2811402816453638
3013383,1.3093306103699152
3013384,0.030442769864457653
3013385,0.07146488750364499
3013386,1.4383802489066271e-05
3013387,1.9056061993445454
3013388,0.068593327565508
3013389,0.014325964968462581
3013390,5.8349229977230435e-05
3013391,0.00048405747250504933
3013392,1.4157901128502699e-05
3013393,0.000960602505392558
3013394,0.15028163390005572
3013395,0.0023940994234733547
3013396,0.00036919243252496865
3013397,0.5942833486298642
3013398,0.12897007484298437
3013399,3.983887104786452e-07
3013400,0.01154233174123455
3013401,0.0016625176966496456
3013402,0.3410322090315335
3013403,0.003267207417048893
3013404,1.0138899226969223e-05
3013405,0.07595983295454611
3013406,0.0016330758812895605
3013407,0.17919499735489097
3013408,0.021187013652515935
3013409,0.1992789599774918
3013410,0.0016168557266971367
3013411,0.016576064380655706
3013412,0.005297552687429083
3013413,0.1377723888730762
3013414,0.01647152924373604
3013415,1.7178984849529406e-05
3013416,0.14884470019722335
3013417,0.02567203996104809
3013418,0.13565190533196456
3013419,4.847135023147318e-05
3013420,0.41058123238070077
3013421,0.475097496382271
3013422,0.013641324990063182
3013423,2.261415583583302e-05
3013424,0.008411715763654534
3013425,0.0020329581195500037
3013426,0.026470605728761087
3013427,0.39022926372770445
3013428,0.3361818263860687
3013429,0.2963328632848139
3013430,0.8943493028376653
3013431,0.03886826313379921
3013432,3.983887104786452e-07
3013433,3.510975305588759e-05
3013434,0.07655733602251343
3013435,0.9476100421426413
3013436,0.0007240770416796555
3013437,0.009188050647670103
3013438,0.0016483809716780666
3013439,0.0016545839889643315
3013440,0.2656008737807388
3013441,0.20684783535789153
3013442,0.3420465164462383
3013443,0.015926620207732108
3013444,0.031611069754131624
3013445,0.02293501763644943
3013446,0.17968898087409277
3013447,0.025515729525679074
3013448,0.06008031539689351
3013449,1.3162129905771687
3013450,0.019487857675160813
3013451,0.1337273156906522
3013452,3.448076348842727e-05
3013453,1.1609207145901281
3013454,0.029790366816428663
3013455,0.038467640044576645
3013456,7.564915643387529e-05
3013457,0.00042659652456921213
3013458,5.094354901057766e-06
3013459,0.1763976897106789
3013460,0.16867081529779815
3013461,0.12514217295615915
3013462,0.0002920682930963605
3013463,0.08283300070049783
3013464,0.08482389069211083
3013465,3.983887104786452e-07
3013466,0.17151185188189638
3013467,0.03207393681445738
3013468,0.7088978045957908
3013469,0.0021210187511729005
3013470,0.00010118715786278372
3013471,0.0007482597843550284
3013472,0.002079240122427482
3013473,0.45326291415177594
3013474,0.040973365301297505
3013475,0.12378301461441245
3013476,0.0019373511496948803
3013477,0.00706543555071522
3013478,0.0028620271800789813
3013479,0.039394923937765176
3013480,0.0297886918649946
3013481,1.5881149630043743e-05
3013482,2.551262607249104
3013483,0.023684620518249423
3013484,0.1227630802455257
3013485,7.865292248529112e-05
3013486,0.48712130644460944
3013487,0.08094836871603732
3013488,0.00329028938258101
3013489,4.3116433054817624e-05
3013490,0.00020685998861507605
3013491,0.0016230079153388719
3013492,0.03741458315200379
3013493,0.13643909524539577
3013494,0.05330852654769559
3013495,0.0003846823653224263
3013496,1.5846158866150895
3013497,0.0753517377321258
3013498,3.983887104786452e-07
3013499,0.11697016851412116
3013500,0.00257043754549829
3013501,0.40984392132793646
3013502,0.00439296707011438
3013503,3.330295968107471e-05
3013504,0.0008733582251564889
3013505,0.002408163311084615
3013506,0.25173330207861844
3013507,0.21853468804343895
3013508,0.05379914609600276
3013509,0.0023121029640120255
3013510,0.004123561726573824
3013511,0.003819573377061505
3013512,0.10125333945189345
3013513,0.05711760855962828
3013514,1.5881149630043743e-05
3013515,0.06319417815001108
3013516,0.013362115250584521
3013517,0.12857208998135472
3013518,0.0006389129761370867
3013519,0.39187719170576685
3013520,0.18985778506732495
3013521,0.0030804704353010596
3013522,7.687662157491127e-05
3013523,0.0035520166789830255
3013524,0.0014894586550039314
3013525,0.02831928310118397
3013526,0.37665230698646146
3013527,0.009856098608084219
3013528,0.0003846823653224263
3013529,0.2761230919283872
3013530,0.22811946269140718
3013531,3.983887104786452e-07
3013532,0.1948495131940149
3013533,0.0042174837270427465
3013534,0.6278838729699845
3013535,0.0035753752076693006
3013536,9.503722667229976e-05
3013537,0.040715493118348677
3013538,0.0015158520551257417
3013539,0.254538342030692
3013540,0.03231225444741345
3013541,0.19305385942578088
3013542,0.0017940014996965774
3013543,0.04192159323051667
3013544,0.019231568249355565
3013545,0.04079066558164969
3013546,0.028508409982208795
3013547,1.5881149630043743e-05
3013548,0.3922654221365789
3013549,0.017002987835963844
3013550,0.10583053534049039
3013551,0.0004270060416943232
3013552,1.5034922621346796
3013553,0.10205027341823075
3013554,0.0024454730493120103
3013555,3.0634735834377186e-05
3013556,0.0003870508438257036
3013557,0.005956950986285744
3013558,0.03718899959371772
3013559,0.37720227147022733
3013560,0.006116001139599695
3013561,0.03088809509379332
3013562,0.38769845752847765
3013563,0.11266375383563988
3013564,3.983887104786452e-07
3013565,0.007291505647601745
3013566,0.0005525395015307794
3013567,0.8317612430275717
3013568,0.003685390020271383
3013569,0.00025331668038572065
3013570,0.1455883833467829
3013571,0.02300362048740743
3013572,0.23325319883239895
3013573,0.009729968463858455
3013574,0.45777393165283425
3013575,0.004496427302032652
3013576,0.052713109581262754
3013577,0.011462272784161837
3013578,0.0338873107075208
3013579,0.0312806088104271
3013580,1.5881149630043743e-05
3013581,0.4307134210971854
3013582,0.05474611510170631
3013583,0.07138604491541659
3013584,0.000281067450127514
3013585,0.522650756632782
3013586,0.12878263191847727
3013587,0.0028233785039876082
3013588,0.002964739856480341
3013589,0.0002606888708259554
3013590,0.00018819929843466896
3013591,0.03455823278191226
3013592,0.19700568596738607
3013593,0.025658128063303764
3013594,0.02051647901533935
3013595,0.05928571765445035
3013596,0.25280534380089315
3013597,3.983887104786452e-07
3013598,0.051945982229604316
3013599,0.0009163415123417321
3013600,0.3351514310541268
3013601,0.025076106148928044
3013602,2.698340724846692e-05
3013603,6.886559587683806e-05
3013604,0.0007961934496075028
3013605,0.03215439922810737
3013606,0.06862573377866726
3013607,0.10688852123514668
3013608,0.00146152727361062
3013609,0.025028239390736118
3013610,0.006880740358862925
3013611,0.01790034940145941
3013612,8.128833159993034e-07
3013613,1.7178984849529406e-05
3013614,0.09129932599593725
3013615,0.009491738294834406
3013616,0.08888667734810324
3013617,0.0009642875152295487
3013618,0.1675239949321161
3013619,0.3543603668567835
3013620,0.012340653592416054
3013621,0.00022891718528699766
3013622,0.00016402399423782001
3013623,0.0010479121687499678
3013624,8.32123262559729e-05
3013625,0.12814106128035258
3013626,0.6176295799732376
3013627,0.11869174820406865
3013628,0.7419793464732856
3013629,0.0663596072551483
3013630,3.983887104786452e-07
3013631,0.0001412979794403235
3013632,0.003712672890375579
3013633,1.0468678035255288
3013634,0.0006082642587698674
3013635,5.5868575277766234e-05
3013636,0.001018691866961342
3013637,0.0014592710636768262
3013638,0.3278197232325648
3013639,0.1181396160023527
3013640,0.5083898115411883
3013641,0.01173420003830597
3013642,0.061257047521404415
3013643,0.002138115419805241
3013644,0.0595780177319208
3013645,0.05849256768206716
3013646,1.7178984849529406e-05
3013647,0.9168297053670403
3013648,0.0048464425039688045
3013649,0.08732092992177308
3013650,5.298475154022764e-05
3013651,0.9026387052949311
3013652,0.08751092241553184
3013653,0.024640771084830395
3013654,8.520686934678096e-05
3013655,0.00025293249214641296
3013656,5.031831672956867e-06
3013657,0.020958019873833444
3013658,0.15699439282258545
3013659,0.0026812023817477117
3013660,0.0796315856145782
3013661,0.39467700721403004
3013662,0.06585248680320288
3013663,3.983887104786452e-07
3013664,1.4570766804534406e-05
3013665,0.001397232034675853
3013666,0.36115895692108685
3013667,0.0004264558076162443
3013668,0.003484638286995431
3013669,0.000522064999905298
3013670,0.0005217139264219287
3013671,0.1871949894213605
3013672,0.02294878153059963
3013673,0.2041751660601606
3013674,0.0039037195493963387
3013675,0.0025061161937261606
3013676,0.0015736831604637228
3013677,0.02320672381639329
3013678,0.01181527087184907
3013679,0.08475112381697465
3013680,0.19389168123741712
3013681,0.03972666451447527
3013682,0.028914773192376682
3013683,1.568936380789393e-05
3013684,0.13855285487738317
3013685,0.0400046253823083
3013686,0.0059385604994969055
3013687,8.40265143593749e-06
3013688,7.336555211697748e-05
3013689,1.2979924778993711e-06
3013690,0.2942568168619219
3013691,0.046327144103854155
3013692,0.8692569519407275
3013693,0.09107148157250557
3013694,0.8980148234990846
3013695,0.06219383013046999
3013696,3.983887104786452e-07
3013697,0.009675517149935467
3013698,0.0024043131835405833
3013699,0.7242678667663937
3013700,0.003244314640483532
3013701,1.7383507031398268e-05
3013702,0.011097464473884242
3013703,0.0024625587142881374
3013704,0.21056037691432214
3013705,0.1522923706879947
3013706,0.8037893577026812
3013707,0.002489762395911685
3013708,0.004046033787286428
3013709,0.024070484122116705
3013710,0.09026488953451425
3013711,0.024894183341323137
3013712,1.5881149630043743e-05
3013713,0.671460262973264
3013714,0.011772585537101402
3013715,0.06264455203003558
3013716,0.0002891748829008997
3013717,0.4077513079725577
3013718,0.07881689460884277
3013719,0.003160011514941856
3013720,0.00010554316557948173
3013721,0.00011161377591608533
3013722,0.0047582005477776025
3013723,0.023032346898161474
3013724,0.26543308556520284
3013725,0.8360901774484772
3013726,0.0007023904313145032
3013727,1.8578961375093115
3013728,0.08934109747918415
3013729,4.410481704643908e-07
3013730,0.0001600132842908056
3013731,0.03185580616378817
3013732,0.2716319945534265
3013733,0.008728507906679856
3013734,0.11606235695925918
3013735,3.657585080075873e-05
3013736,0.0019962128883401343
3013737,0.21465489074976218
3013738,0.22967923986624042
3013739,0.9402875525699825
3013740,0.004555937269653228
3013741,0.05733406208949623
3013742,0.008393106404593446
3013743,0.027584546835826767
3013744,0.024041994316207814
3013745,0.2599212921195592
3013746,2.6385694319129485
3013747,0.03849233429950846
3013748,0.08385676233967278
3013749,1.5907643094439306e-05
3013750,1.4486297172277942
3013751,0.13680308154617915
3013752,0.033739849548418875
3013753,0.00011929629402694924
3013754,0.0005553440990271975
3013755,2.6986450636742723e-05
3013756,0.003776499768856221
3013757,0.20942644534197238
3013758,0.6164589267749409
3013759,0.05643920022383996
3013760,0.5192291222131441
3013761,0.06275405959234313
3013762,3.983887104786452e-07
3013763,2.0315930666397996e-05
3013764,0.002788413976087979
3013765,1.2674290725439787
3013766,0.0007248519745793154
3013767,0.0075911139448694605
3013768,0.0015408957253870436
3013769,0.001588749275419348
3013770,0.3359676594402855
3013771,0.16338501212600817
3013772,0.19767231619531297
3013773,0.006124776917791654
3013774,0.017016993536449056
3013775,0.004340595165884812
3013776,0.10277439886550532
3013777,0.021205771135809116
3013778,0.07977043117372576
3013779,0.4848239114404164
3013780,0.014337683938926147
3013781,0.09193126324898254
3013782,3.3284925779260674e-05
3013783,1.0688397079247276
3013784,0.04874661245620032
3013785,0.00243881272633695
3013786,2.5746567781089774e-05
3013787,0.00016269436389902865
3013788,5.046244141997727e-06
3013789,0.24845797789541824
3013790,0.14091459467136855
3013791,0.8308504117728863
3013792,0.277716391466873
3013793,0.30589553839213646
3013794,0.045400625709208914
3013795,3.983887104786452e-07
3013796,6.728686700227425e-05
3013797,0.0020411390933015223
3013798,1.408118155258144
3013799,0.0007286914216186233
3013800,0.0026444752903849013
3013801,0.00022064739299572117
3013802,0.01752823657716978
3013803,0.29860128467820035
3013804,0.17060343592848418
3013805,0.20712831639209248
3013806,0.01020452609968745
3013807,0.31180464831947297
3013808,0.010374070457158609
3013809,0.022467524257544433
3013810,0.019017196380140034
3013811,0.07878092115724693
3013812,1.091138766437428
3013813,0.030208585872598507
3013814,0.12102359993940316
3013815,4.790823435514819e-05
3013816,1.0145801612123166
3013817,0.04259136956420736
3013818,0.026047151826148945
3013819,2.0945784835037444e-05
3013820,0.0006742047812834665
3013821,3.901880044349638e-06
3013822,0.0035972117380354274
3013823,0.05986061869108579
3013824,0.03562087118730041
3013825,0.015641257618620265
3013826,0.594732930578098
3013827,0.14799912875670998
3013828,3.983887104786452e-07
3013829,0.0013030672692904812
3013830,0.0021428506626664763
3013831,0.88273399068512
3013832,0.004895756585956897
3013833,0.00012373253810716946
3013834,0.10481447632838738
3013835,0.0016771054555342496
3013836,0.5667460925083064
3013837,0.1143655798221824
3013838,0.5656290616541436
3013839,0.0090745256471577
3013840,0.0060470623813540444
3013841,0.0028964535056219343
3013842,0.1259285005844264
3013843,0.04375294653087872
3013844,1.5881149630043743e-05
3013845,0.7883037587149012
3013846,0.020699425907194716
3013847,0.09007065877146661
3013848,0.00038191332622665577
3013849,0.40581521425809935
3013850,0.08948515998040132
3013851,0.003287515261671294
3013852,1.94437348342301e-05
3013853,0.00021850285914320542
3013854,0.002081324708204718
3013855,0.021419817372030626
3013856,0.2940260037212454
3013857,0.0029046450110426225
3013858,0.0003086730436934292
3013859,1.3751287380076918
3013860,0.11714762845699268
3013861,0.00016610516251384697
3013862,0.0004934502010009009
3013863,0.035399046250257776
3013864,0.2540132532608147
3013865,0.007354025978300399
3013866,0.00018329119614113058
3013867,0.011004537294834391
3013868,0.0019491926470951756
3013869,0.23727739180067084
3013870,0.18757483328803562
3013871,0.09499478841317822
3013872,0.0023051641472719444
3013873,0.02630589150954297
3013874,0.14959834825883211
3013875,0.1000227650978403
3013876,0.02881979781401941
3013877,0.0401857863845546
3013878,0.3544050591909242
3013879,0.036686346723727684
3013880,0.12516289747455003
3013881,2.2489485022097353e-05
3013882,1.4387669231371063
3013883,0.08340459855953072
3013884,0.003598422113190212
3013885,0.00013175163923097777
3013886,0.0002468656732989642
3013887,2.6807959345795708e-05
3013888,0.004404093775679679
3013889,0.3485337872760362
3013890,0.006519882411637659
3013891,0.006571106472796678
3013892,0.5657974700120763
3013893,0.06570684736730759
3013894,8.212359488504619e-07
3013895,0.00016661820918785985
3013896,0.07065768343858299
3013897,0.3784437489984116
3013898,0.010964814058403787
3013899,0.03394290865072802
3013900,9.357930893413418e-06
3013901,0.00315213924458324
3013902,0.233182976596795
3013903,0.2427258515157753
3013904,0.39305816563431145
3013905,0.003950125752630075
3013906,0.3687170189834399
3013907,0.0024347525379991015
3013908,0.04456064769304309
3013909,0.022850199724762217
3013910,0.2825760344333171
3013911,1.4869445981449552
3013912,0.033443537145831606
3013913,0.0774477490638444
3013914,3.626688651224015e-05
3013915,1.4038409706063064
3013916,0.1376491655801506
3013917,0.052745939909301334
3013918,0.00013144564295956685
3013919,0.000402593851089516
3013920,8.188881904678718e-06
3013921,0.0018567360687706269
3013922,0.17528092276665863
3013923,0.0035055951836473163
3013924,0.0076747496716031436
3013925,0.12555006300418473
3013926,0.022589719214407285
3013927,9.466697246097735e-07
3013928,5.771622356517743e-05
3013929,0.002626985779990548
3013930,0.1305780623614178
3013931,0.0017796225413810058
3013932,5.6490248687519894e-05
3013933,0.00013138835962168993
3013934,0.0005175084619589259
3013935,0.06847495919786988
3013936,0.05663203701063765
3013937,0.31785301238895247
3013938,0.0011397977003842193
3013939,0.003872278020527777
3013940,0.00044770417716098884
3013941,0.02606035525943161
3013942,8.128833159993034e-07
3013943,0.34189115042940166
3013944,0.1418115248372451
3013945,0.03269785591462695
3013946,0.04685385359463344
3013947,2.7245338505066423e-05
3013948,0.0955635463157788
3013949,0.04161404669845615
3013950,0.0031953682273489774
3013951,2.2352985705180675e-05
3013952,0.00010012640922614582
3013953,1.7405196004968482e-06
3013954,0.009884251088314087
3013955,0.10527688618030681
3013956,0.006199246238286569
3013957,0.0003846823653224263
3013958,0.012671711507721575
3013959,0.16268707994249296
3013960,4.410481704643908e-07
3013961,0.0015606437219292434
3013962,0.004738620493548148
3013963,0.14092888535387546
3013964,0.31066523471093377
3013965,5.5044075780699766e-05
3013966,0.007643911407981234
3013967,0.0008744303036423289
3013968,0.031120014057654403
3013969,0.043814471214112416
3013970,0.5378113778604537
3013971,0.0017558720281550472
3013972,0.0028518456591958715
3013973,0.005012134208462434
3013974,0.02870313264964324
3013975,0.012147963384647442
3013976,0.147231398508231
3013977,0.11688997896269522
3013978,0.042040814295204315
3013979,0.08758393353067534
3013980,8.705475084974827e-05
3013981,0.16515364115331607
3013982,0.08621911125207476
3013983,0.08339416041871198
3013984,8.139778809740949e-06
3013985,0.006479609057540308
3013986,0.0006458983541294015
3013987,0.0071174003138614215
3013988,0.6286636519974496
3013989,0.629365849935104
3013990,0.06766396602624325
3013991,0.9146869694309322
3013992,0.059639815865638914
3013993,0.013930415807068114
3013994,0.0002074026965747501
3013995,0.057224114353764496
3013996,0.24350115947327755
3013997,0.009634654247828474
3013998,0.02077600006559799
3013999,1.7076575310119457e-05
3014000,0.0018862573086333245
3014001,0.2649649412494401
3014002,0.20561423374186846
3014003,0.8161022055218343
3014004,0.003983192241386279
3014005,0.23767437594203955
3014006,0.019394971552281263
3014007,0.06678617533629186
3014008,0.022142696569874606
3014009,0.27774891680120667
3014010,0.9498895441012444
3014011,0.04257036182667061
3014012,0.13767980556981013
3014013,7.860338657116083e-05
3014014,0.9759187410975524
3014015,0.15802717415624187
3014016,0.023278127663323774
3014017,0.0002387512861793365
3014018,0.00040994004108568517
3014019,8.970893978676978e-06
3014020,0.0158503673387498
3014021,0.11789372251825984
3014022,0.7487053414266688
3014023,0.00019063270932249
3014024,0.2888230320929187
3014025,0.13167419724597557
3014026,3.983887104786452e-07
3014027,3.0652437103848075e-05
3014028,0.0738576617123801
3014029,1.0184986338927031
3014030,0.0002630107184425588
3014031,1.3936526816849625e-05
3014032,0.00015828584527076468
3014033,0.0012236259561352297
3014034,0.2490600370777279
3014035,0.12473666750439184
3014036,0.3109426277117193
3014037,0.02079806039429821
3014038,0.004811483660819665
3014039,0.005566974709530382
3014040,0.053482725568362956
3014041,8.128833159993034e-07
3014042,0.11097743532126389
3014043,0.8474265801008724
3014044,0.040792000820672074
3014045,0.0946566353846093
3014046,4.798353025297738e-05
3014047,1.0582369789325214
3014048,0.0638732465698394
3014049,0.0012239980101083612
3014050,4.426659530321024e-05
3014051,0.000667609808934768
3014052,4.582841535158325e-06
3014053,0.005240632992382058
3014054,0.1452265125174481
3014055,0.7398900114134385
3014056,0.2525668839378605
3014057,0.782304521242781
3014058,0.08947765938322184
3014059,3.983887104786452e-07
3014060,2.94329578839244e-05
3014061,0.014712529539077807
3014062,0.7853416994600814
3014063,0.0006407132686749132
3014064,7.620002543463946e-06
3014065,0.000289187024618854
3014066,0.0016032367132838771
3014067,0.28925342083028305
3014068,0.15368816654786616
3014069,0.5705590434774871
3014070,0.017343156409985436
3014071,0.044816839630308795
3014072,0.002993678293389224
3014073,0.12568684400264873
3014074,8.128833159993034e-07
3014075,0.13010904676293586
3014076,0.8435036282875212
3014077,0.04488232634377711
3014078,0.11635965190789302
3014079,5.265103310676211e-05
3014080,0.727994532838229
3014081,0.060074864531508024
3014082,0.003183090350732284
3014083,6.139449188864477e-05
3014084,0.0004461482554650982
3014085,5.89701801592735e-06
3014086,0.0044628803914087325
3014087,0.11972534869553253
3014088,0.9460794943375833
3014089,0.01647934828395481
3014090,1.5913098647686144
3014091,0.09739548222943815
3014092,4.3502735647052097e-07
3014093,0.00024405294642914732
3014094,0.0780193339361281
3014095,0.38242715609881295
3014096,0.004936894169837555
3014097,0.021378673776880408
3014098,8.757465082653358e-06
3014099,0.003564940808652199
3014100,0.3767222547609201
3014101,0.18512758579641808
3014102,1.622014329851309
3014103,0.015507029431891787
3014104,0.40791698646851415
3014105,0.00971879036980082
3014106,0.15918423885160005
3014107,0.027459579888532076
3014108,0.2897854685781363
3014109,1.3403767601311816
3014110,0.027900928224526774
3014111,0.0888017209592317
3014112,4.4239842536285166e-05
3014113,1.4943847778535326
3014114,0.13384032379022695
3014115,0.043058597826473276
3014116,9.142703868170189e-05
3014117,0.00048421697009151085
3014118,2.1981361360584405e-05
3014119,0.013488361105001631
3014120,0.5718750600333229
3014121,0.005910136857854639
3014122,0.17316314181198347
3014123,0.21482830567094963
3014124,0.1602204807665163
3014125,3.983887104786452e-07
3014126,0.10342472659783633
3014127,0.0008508197579454635
3014128,0.18166241318412635
3014129,0.004356189415792698
3014130,8.839528138396448e-05
3014131,0.004741584940347213
3014132,0.0021242614677435103
3014133,0.0888894078273212
3014134,0.07117362612670025
3014135,0.18317276455771667
3014136,0.004686689348001619
3014137,0.004364614085538823
3014138,0.0037170468085475344
3014139,0.06351318821957767
3014140,0.11413905702015653
3014141,3.3849923211562686e-05
3014142,0.4785858330332138
3014143,0.018007985429919483
3014144,0.14195302367098037
3014145,3.920483410933178e-05
3014146,0.11284408485566855
3014147,0.09022416909250996
3014148,0.0023278419996031314
3014149,5.6290374031324384e-05
3014150,0.0001998350121195821
3014151,6.302132315975325e-05
3014152,0.0015074302912574267
3014153,0.220465790646798
3014154,0.6657763301755257
3014155,0.031046618471226063
3014156,0.30672721861375296
3014157,0.040715236700767383
3014158,3.983887104786452e-07
3014159,4.6146261622154796e-05
3014160,0.006673803189028779
3014161,0.8448654858322285
3014162,0.0005013561648774515
3014163,0.00010742470814324594
3014164,0.0001573957197223979
3014165,0.001414081958096297
3014166,0.3047495724145409
3014167,0.14870242364106387
3014168,0.3401891088907492
3014169,0.013121969167870002
3014170,0.23812984824510935
3014171,0.005389533850719311
3014172,0.028769502883300498
3014173,0.025345566157396075
3014174,0.10297267261670927
3014175,1.161152088776299
3014176,0.03612511633251126
3014177,0.12548604676621397
3014178,6.12758129282774e-05
3014179,1.181480943159958
3014180,0.07953446512331043
3014181,0.011739876876948581
3014182,1.603628938111485e-05
3014183,0.0005969421885003525
3014184,5.971710569654822e-06
3014185,0.010134363138219483
3014186,0.1510649749595093
3014187,0.0010148641257848126
3014188,0.0003846823653224263
3014189,0.12982598575980944
3014190,0.1999977523958463
3014191,3.983887104786452e-07
3014192,0.10507512644778615
3014193,0.0007816814120725064
3014194,0.23817249639305998
3014195,0.03747493111465198
3014196,6.42407793718592e-05
3014197,0.0007550193364889855
3014198,0.005740865608762078
3014199,0.13535367088784564
3014200,0.029800971166401475
3014201,0.15684032573501713
3014202,0.0013615439060304262
3014203,0.0019273083720584285
3014204,0.07851587513227995
3014205,0.05080356417383935
3014206,8.128833159993034e-07
3014207,3.3849923211562686e-05
3014208,0.08987862490230218
3014209,0.03030466682707784
3014210,0.012662372676315033
3014211,0.00010703211780116776
3014212,0.12364120494948892
3014213,0.1522992473534604
3014214,0.1142504319156611
3014215,8.866453139404014e-05
3014216,0.0020206580042948837
3014217,0.0007802785459326447
3014218,2.226913609499172e-05
3014219,0.5185461427277589
3014220,0.7550526996061978
3014221,0.0003846823653224263
3014222,0.36168189946089135
3014223,0.09800857721933962
3014224,3.983887104786452e-07
3014225,0.0003265684355596706
3014226,0.0014980736571995707
3014227,0.6083050308902344
3014228,0.0024925077081462406
3014229,4.5877140682740103e-05
3014230,0.000982200029175338
3014231,0.0013226009239425344
3014232,0.3320372894662716
3014233,0.12783311485612747
3014234,0.2386093850735465
3014235,0.013611149898905384
3014236,0.04289275056343534
3014237,0.010357980277115144
3014238,0.05101810738836251
3014239,8.128833159993034e-07
3014240,1.5881149630043743e-05
3014241,1.1715749563557731
3014242,0.0052231422504519075
3014243,0.056748516458359155
3014244,5.612774014729937e-05
3014245,0.7294306205985055
3014246,0.06791762634921113
3014247,0.0024032451000930797
3014248,7.016406045214489e-05
3014249,0.00012545395024791465
3014250,3.841976929193894e-06
3014251,0.00014789644410911925
3014252,0.25962840843811363
3014253,0.005343926610005617
3014254,0.4190087839468473
3014255,0.586396513886363
3014256,0.12487689492540553
3014257,3.983887104786452e-07
3014258,9.204468943676644e-05
3014259,0.003192444976125214
3014260,0.8027086463208999
3014261,0.000610090424385836
3014262,0.0001908540495294131
3014263,0.00017011148127488764
3014264,0.002499934855390421
3014265,0.37357829347023064
3014266,0.06856701729064817
3014267,1.3227568402341527
3014268,0.019034848482431078
3014269,0.38537511694077525
3014270,0.006110213971162437
3014271,0.014797701363738657
3014272,0.04156436442987785
3014273,0.10659119057810221
3014274,0.42098031928345314
3014275,0.049747854068589406
3014276,0.10474431223060877
3014277,5.468961008067709e-05
3014278,1.2240889887060287
3014279,0.02418149207433709
3014280,0.0028963704197333966
3014281,2.0646068397827836e-05
3014282,0.0001804971266131641
3014283,0.00017365474697950722
3014284,0.017512253187758075
3014285,0.18658691478734232
3014286,0.02771332093232827
3014287,1.6672272131180887e-05
3014288,0.01776735653768458
3014289,0.09029623810412314
3014290,3.983887104786452e-07
3014291,0.014475715538383048
3014292,0.0015729879990009604
3014293,0.42448582745718605
3014294,0.1494753174637171
3014295,4.991777514141755e-05
3014296,0.0064237628870947965
3014297,0.0010661080774004858
3014298,0.04279780799580848
3014299,0.021930384406516193
3014300,0.1669264256734763
3014301,0.0010942663922464655
3014302,0.002952678962035208
3014303,0.03610687203463667
3014304,0.10636379753393492
3014305,8.128833159993034e-07
3014306,1.7178984849529406e-05
3014307,0.019138880692426627
3014308,0.01258502659279802
3014309,0.18491964380315157
3014310,9.02701503939884e-05
3014311,0.06659124051676081
3014312,0.39004281365869525
3014313,0.012317663597354483
3014314,3.775948592616012e-05
3014315,0.008154851237869281
3014316,0.001780628502501498
3014317,0.0021749714717315778
3014318,0.1154103700083828
3014319,0.03727005131176816
3014320,0.0031395151918843186
3014321,0.1762343857913427
3014322,0.04644352516311608
3014323,3.983887104786452e-07
3014324,0.00016254274131041182
3014325,0.004864367311947634
3014326,0.7373001446659065
3014327,0.0006073226652077757
3014328,3.9347257676569766e-05
3014329,0.0029331631668740293
3014330,0.0219652787350844
3014331,0.46821847482068446
3014332,0.015982166220569485
3014333,0.1281902876463609
3014334,0.020234988756541384
3014335,0.004704660443325313
3014336,0.016554385143102847
3014337,0.028035250607329035
3014338,8.128833159993034e-07
3014339,0.14027490008782148
3014340,0.3591737096333315
3014341,0.008284524128147022
3014342,0.1188314815327267
3014343,0.00012098184005888418
3014344,0.9171310823811862
3014345,0.025135564665695265
3014346,0.0025311805283488513
3014347,2.254541970377763e-05
3014348,0.0003806005313642557
3014349,4.302725020913397e-06
3014350,0.005249343254015762
3014351,0.21257179415989366
3014352,0.01563381511106405
3014353,0.00036919243252496865
3014354,1.3263697994352002
3014355,0.04764037559591633
3014356,5.681479270686408e-07
3014357,0.00023251736682600467
3014358,0.009708257974835889
3014359,0.3012555011760839
3014360,0.004370870751613975
3014361,0.08059196222201331
3014362,0.00010723546357545688
3014363,0.0020858598534593893
3014364,0.25388617711817807
3014365,0.225438783797289
3014366,1.124187058263428
3014367,0.01928915456905372
3014368,0.05737397422217218
3014369,0.020886446208246798
3014370,0.06714982054911209
3014371,0.027103956073768944
3014372,0.27852130668861574
3014373,0.3483016251781219
3014374,0.027081586530929687
3014375,0.07464292670760772
3014376,7.41714573445452e-05
3014377,1.5249281906636794
3014378,0.15880771897165882
3014379,0.03810708771817873
3014380,8.917167245245286e-05
3014381,0.0004518586079626846
3014382,8.954091041794954e-06
3014383,0.0020167521027693027
3014384,0.18259826551462716
3014385,0.6461959517714084
3014386,0.0003846823653224263
3014387,2.045363769855843
3014388,0.023400533041369267
3014389,1.5184265294657738e-06
3014390,0.00019873362384156275
3014391,0.0746236172051935
3014392,0.34875163908580303
3014393,0.0038156819458366547
3014394,0.056079229081095645
3014395,0.0002687120650330524
3014396,0.002124580488435223
3014397,0.2856999761186758
3014398,0.15824774347299125
3014399,0.5950147967921774
3014400,0.01586179154283105
3014401,0.3983560627648874
3014402,0.000646899520596712
3014403,0.14049934223681532
3014404,0.02494454625796418
3014405,0.25496180918684785
3014406,1.0115059571149108
3014407,0.0375956933371715
3014408,0.06162392549132143
3014409,5.881693064117429e-05
3014410,0.8764317353739012
3014411,0.11809334749662591
3014412,0.0383716063896688
3014413,1.3641418181498956e-05
3014414,0.0004552633275707368
3014415,1.9587440723382902e-05
3014416,0.012797567814737874
3014417,0.12236775554065193
3014418,0.6662171104608787
3014419,0.2654321866933636
3014420,1.1076058457973852
3014421,0.05741947357777267
3014422,3.983887104786452e-07
3014423,9.280541339597007e-05
3014424,0.0012312732006751921
3014425,1.1256029079724266
3014426,0.0006524786967370219
3014427,0.018711940589871332
3014428,0.00016938331036946746
3014429,0.0012508502979800503
3014430,0.4059776504554083
3014431,0.20607536097094933
3014432,1.1486390016326484
3014433,0.013999787759022376
3014434,0.30246512883731025
3014435,0.01746791616366737
3014436,0.04165208124198629
3014437,0.023595020225674435
3014438,0.15414554446920384
3014439,0.8892726254404331
3014440,0.019514987322642598
3014441,0.08199416564911695
3014442,4.237307352412002e-05
3014443,1.461702947033067
3014444,0.06259424927683245
3014445,0.042574152839184906
3014446,7.453621931344752e-05
3014447,0.00045069938601153474
3014448,5.100859036980019e-06
3014449,0.2662632239116039
3014450,0.14544152579470976
3014451,0.007003918537036464
3014452,0.00203693255603437
3014453,0.8253803768689366
3014454,0.14326740825337111
3014455,1.7145113716947342e-06
3014456,0.0002888126819762756
3014457,0.002147147671004404
3014458,0.32507978331792875
3014459,0.008597377211323039
3014460,0.08960386477642544
3014461,0.000275084055561792
3014462,0.002303830792648996
3014463,0.3410782125901469
3014464,0.20811109097168085
3014465,0.6092715672485098
3014466,0.0030459813277203427
3014467,0.03028610774664154
3014468,0.01716273653594285
3014469,0.0782600625354377
3014470,0.02677401285188422
3014471,0.3054094621501956
3014472,0.2905766089832524
3014473,0.032739267857175555
3014474,0.07818200919300088
3014475,6.487527733506659e-05
3014476,1.4005430368728924
3014477,0.06635941851746037
3014478,0.03441722391114648
3014479,0.00013317490587957156
3014480,0.00032483290515440775
3014481,3.4445067066166185e-05
3014482,0.0030372347016610884
3014483,0.16265199953585494
3014484,0.009703724132429169
3014485,0.17868576691374075
3014486,0.643028469940226
3014487,0.0701488605918792
3014488,3.983887104786452e-07
3014489,0.00012572673997399646
3014490,0.004925428811000145
3014491,0.9324504650476378
3014492,0.0007349168398256141
3014493,0.00011193777160972606
3014494,0.0009523164106452744
3014495,0.023241393508751942
3014496,0.4078180769493502
3014497,0.17520070900272908
3014498,0.5924443321734857
3014499,0.01646482810468479
3014500,0.05873477764550175
3014501,0.0502831149294966
3014502,0.13444163511812723
3014503,8.128833159993034e-07
3014504,0.02617510675989111
3014505,1.3615544844123684
3014506,0.012073409232031651
3014507,0.09030478540666291
3014508,4.632882788782265e-05
3014509,1.5402644536796581
3014510,0.04016007085885759
3014511,0.028611983067316868
3014512,3.9924250634468636e-05
3014513,0.0004438054836164192
3014514,5.54304556808054e-06
3014515,6.377660175953041e-05
3014516,0.1141736690190268
3014517,0.5963248234754085
3014518,4.056410818497671e-05
3014519,2.2463798874188226
3014520,0.0834945217126147
3014521,7.535135020494144e-07
3014522,0.00015534403075083655
3014523,0.05548079885952294
3014524,0.3878453417855676
3014525,0.00689693520668088
3014526,0.00013875284527575164
3014527,0.00018807466273000552
3014528,0.0017259566034462652
3014529,0.36503819700284157
3014530,0.15230623209790448
3014531,0.7166498266698359
3014532,0.010127733739819726
3014533,0.006484450850202681
3014534,0.0004781954733844983
3014535,0.06270126006956829
3014536,0.02083140768902094
3014537,0.30661297524554243
3014538,0.8777777991014001
3014539,0.013498633914570048
3014540,0.08507943878006062
3014541,5.521948260772649e-05
3014542,0.6828832154351879
3014543,0.11754222072897472
3014544,0.023275504430576452
3014545,7.652263812297198e-06
3014546,0.00013667390649646402
3014547,1.613675898382131e-05
3014548,0.0067822105126194
3014549,0.14349399140025051
3014550,0.008539597430177757
3014551,0.00036919243252496865
3014552,0.7228520144697099
3014553,0.05259635662290107
3014554,4.410481704643908e-07
3014555,0.00012279386015045426
3014556,0.02341411729784339
3014557,0.2143170978830755
3014558,0.009786237391084283
3014559,0.050089443850434984
3014560,0.00013606653509817934
3014561,0.0025615528018651922
3014562,0.426682360399593
3014563,0.17765321974233328
3014564,0.46940000503459817
3014565,0.009417250482371863
3014566,0.036380129036941364
3014567,0.002772457390452251
3014568,0.04294555814653908
3014569,0.019948590829556086
3014570,0.2836927395280686
3014571,1.5147232859174171
3014572,0.04030652809143462
3014573,0.08450889517588873
3014574,5.433360043545664e-05
3014575,0.8217471493062541
3014576,0.1729540636089324
3014577,0.035122777229231704
3014578,6.091402525654085e-05
3014579,0.0003625608859362846
3014580,1.4856691144129358e-05
3014581,0.011635810744713291
3014582,0.12184205683856597
3014583,0.20198921578972
3014584,0.004841441780955008
3014585,1.3100814590016587
3014586,0.05479723822506611
3014587,3.983887104786452e-07
3014588,0.00010489188787387517
3014589,0.015949383408320073
3014590,1.4574803195259516
3014591,0.0008564602692530489
3014592,3.3097691068782554e-05
3014593,0.00020378185301022394
3014594,0.0013862115378584436
3014595,0.41214089245660257
3014596,0.08303753404378611
3014597,0.04742841981009888
3014598,0.00494190280013418
3014599,0.06189998102427548
3014600,0.06894147758311772
3014601,0.06154914663037502
3014602,8.128833159993034e-07
3014603,0.12750130101820464
3014604,0.02923168254957312
3014605,0.02057287731000902
3014606,0.07034456285020241
3014607,3.9003590086608895e-05
3014608,0.7860816953846669
3014609,0.10221876247460714
3014610,0.027380201168930425
3014611,2.2821809958999793e-05
3014612,0.00036382134418491674
3014613,2.516205998089772e-06
3014614,0.006009746596099186
3014615,0.13028798984891576
3014616,0.9464387694242344
3014617,0.00036919243252496865
3014618,1.7587964642288791
3014619,0.10368333295987509
3014620,2.1417635386437807e-06
3014621,0.00025194667249546927
3014622,0.11345529391347166
3014623,0.7569366443838076
3014624,0.003991681278381417
3014625,0.029406016509947442
3014626,2.0095904937589168e-05
3014627,0.003008825071861678
3014628,0.30497084297598553
3014629,0.18771876001984025
3014630,1.6195923478567906
3014631,0.024040084936376667
3014632,0.36496387267549824
3014633,0.007449285027136133
3014634,0.16789294191773638
3014635,0.035731352752880134
3014636,0.30877675499178714
3014637,2.626768145695513
3014638,0.031649810636096225
3014639,0.08833589418032159
3014640,4.9243959287909114e-05
3014641,1.2395132121896015
3014642,0.15883080984749476
3014643,0.04471306372498365
3014644,6.889004718787649e-05
3014645,0.0005108955964151137
3014646,1.1404296505309274e-05
3014647,0.12624511565042887
3014648,0.5735808109539328
3014649,1.0239662712160922
3014650,0.00036919243252496865
3014651,2.229376760548714
3014652,0.08738849167448498
3014653,4.858847981802823e-06
3014654,9.154822184220629e-05
3014655,0.08845848657664188
3014656,0.7577632689750665
3014657,0.003605107800615315
3014658,0.024218860619822986
3014659,2.4299642194723125e-05
3014660,0.0033510591398281395
3014661,0.33887034402540933
3014662,0.18578686343162332
3014663,0.5721198824053575
3014664,0.020426267721070066
3014665,0.3760475565549124
3014666,0.002265938130651381
3014667,0.18658582352906442
3014668,0.036975498354620356
3014669,0.263288014190952
3014670,2.7463725862032424
3014671,0.031190032672188794
3014672,0.06892244961203386
3014673,4.869285263847755e-05
3014674,1.3269577103086907
3014675,0.15436598382864136
3014676,0.03657968904888748
3014677,7.569189868128445e-05
3014678,0.000546206892896889
3014679,2.2062968323291972e-05
3014680,0.1354488529542666
3014681,0.20346810913785712
3014682,0.9023130955136213
3014683,0.00036919243252496865
3014684,2.0552731068367165
3014685,0.06431108579869163
3014686,0.003973129604910337
3014687,9.34601690750737e-05
3014688,0.0791480999140754
3014689,0.9829302287972649
3014690,0.0034066002089052556
3014691,0.015086839474816191
3014692,0.0003169605457313361
3014693,0.002432880605793826
3014694,0.3258062358153947
3014695,0.22926092916922997
3014696,0.9450547376371156
3014697,0.014104491220248839
3014698,0.24102561437308123
3014699,0.005162294700973729
3014700,0.16082711329770122
3014701,0.03943660551255044
3014702,0.29279950688599005
3014703,1.7734146171215774
3014704,0.032456810831886576
3014705,0.08093667712741409
3014706,4.424818422788103e-05
3014707,1.275328244401959
3014708,0.2549345112978345
3014709,0.04386495564792615
3014710,9.748541590798562e-05
3014711,0.0004908051452763357
3014712,8.929326896445265e-06
3014713,0.19631389763667803
3014714,0.17478733781739084
3014715,0.8286131852001686
3014716,0.00036919243252496865
3014717,2.728201325698071
3014718,0.08688657582708395
3014719,1.6264978680990524e-06
3014720,9.765653421178219e-05
3014721,0.10310443832784569
3014722,0.5872570920530871
3014723,0.00509634499104922
3014724,0.041091408086630386
3014725,2.3194119930717716e-05
3014726,0.002597677117773119
3014727,0.41159293877989284
3014728,0.2079105204625221
3014729,0.7632519417724752
3014730,0.020458299858048985
3014731,0.35768550175438335
3014732,0.008493645905977407
3014733,0.16115401156184334
3014734,0.03719573200764471
3014735,0.28293330305094727
3014736,1.2964709882946124
3014737,0.030816708030383354
3014738,0.055036374417303954
3014739,4.503460510361026e-05
3014740,1.2880137949828743
3014741,0.13765766810678629
3014742,0.042223315061114486
3014743,0.00014812556882633194
3014744,0.0005443704246432277
3014745,1.4505729382228417e-05
3014746,0.14371939635122655
3014747,0.2167892897994312
3014748,0.9280148487237979
3014749,0.00036919243252496865
3014750,2.0265201519556313
3014751,0.040445896765115084
3014752,1.1330776502582218e-06
3014753,5.701599912597109e-05
3014754,0.07630270312950019
3014755,0.7663335833425012
3014756,0.004139375252988339
3014757,9.536514198777934e-05
3014758,0.00042457836750518915
3014759,0.002518727651292742
3014760,0.20144215786199435
3014761,0.2539221260379717
3014762,0.25802571539478136
3014763,0.016147523908286467
3014764,0.28014496266107525
3014765,0.004847765514381238
3014766,0.09640604476122479
3014767,0.028238872769362
3014768,0.2408719251916878
3014769,0.2761034270372981
3014770,0.0317502331746834
3014771,0.0964251724688432
3014772,4.338638778331243e-05
3014773,1.273005931359435
3014774,0.14323143356090912
3014775,0.037385375515044963
3014776,6.10416670632108e-05
3014777,0.0004445455696741855
3014778,5.13073935233863e-06
3014779,0.1259457153283887
3014780,0.1404367929625336
3014781,1.040071577303489
3014782,0.00036919243252496865
3014783,2.2687343817467904
3014784,0.06450826276786327
3014785,3.9723959728462874e-07
3014786,0.0002735137946096618
3014787,0.10963927878662255
3014788,0.3863854546276266
3014789,0.0036354173072104946
3014790,0.007734815847785253
3014791,1.1829650107874314e-05
3014792,0.003783372360813723
3014793,0.3665654711268981
3014794,0.19564410054674197
3014795,0.38647786118850536
3014796,0.01778952811511505
3014797,0.3847880514116684
3014798,0.0052304517605233376
3014799,0.1839942004526457
3014800,0.0318835798075995
3014801,0.2862147666455626
3014802,2.4235323736225722
3014803,0.024921596505837203
3014804,0.08152066867998504
3014805,4.997618965140693e-05
3014806,1.5420296657339887
3014807,0.1359214664563582
3014808,0.03972042465502238
3014809,0.0001237824932338369
3014810,0.0004888598411649296
3014811,2.2219946489720006e-05
3014812,0.18590917728070946
3014813,0.21788920904292547
3014814,0.20130396229264527
3014815,0.08394590403379287
3014816,0.607841207074752
3014817,0.1443246475642793
3014818,4.5309021326315203e-07
3014819,0.0003073345051563295
3014820,0.08235169609033592
3014821,0.44525115601181237
3014822,0.013324662885139588
3014823,0.09282142873923398
3014824,0.0005035635206288995
3014825,0.0020256864515226184
3014826,0.315549080363571
3014827,0.14579438033709513
3014828,0.6194530202041352
3014829,0.012166224814439724
3014830,0.2122980529077972
3014831,0.004983558316976116
3014832,0.023335485073716893
3014833,0.028408681966692797
3014834,0.24413233668556927
3014835,1.4845854071931572
3014836,0.018585072630540683
3014837,0.08602450696132995
3014838,7.681897129526208e-05
3014839,1.4884726658636018
3014840,0.04374945768046587
3014841,0.014466649908939347
3014842,6.355514991338421e-05
3014843,0.0005651043014341885
3014844,1.9673780733848058e-05
3014845,0.024376987271232393
3014846,0.19318930758899872
3014847,0.8616639402468381
3014848,0.0003086730436934292
3014849,2.1741513879520395
3014850,0.06572642366266199
3014851,1.913250706715441e-06
3014852,0.00019489639323516764
3014853,0.08380919479423458
3014854,0.44634590333971985
3014855,0.00817539751106328
3014856,0.01693580433185424
3014857,0.00047899349902242894
3014858,0.002645034973581321
3014859,0.45765480788645513
3014860,0.1816871872708491
3014861,0.3419699523039634
3014862,0.016373119716067485
3014863,0.2381260062757994
3014864,0.0002747561909211514
3014865,0.09823186630694176
3014866,0.042663255307746145
3014867,0.19938853040852964
3014868,0.5925026219538305
3014869,0.029239846165902215
3014870,0.05775044501758078
3014871,3.856569949026887e-05
3014872,1.4529607744230717
3014873,0.17549629406764194
3014874,0.04057645532574503
3014875,7.882395760626337e-05
3014876,0.0004466373744536042
3014877,1.8087745380896547e-05
3014878,0.2094037048051166
3014879,0.14454112067711833
3014880,0.7475712227510266
3014881,0.0003846823653224263
3014882,1.164430113571225
3014883,0.08146122855227457
3014884,1.1948252301952902e-06
3014885,0.0001311919361525433
3014886,0.012490704137145247
3014887,0.3830543401954965
3014888,0.005068801842975284
3014889,0.04328090960455771
3014890,1.8239434612014782e-05
3014891,0.00353470133061987
3014892,0.2972194195000957
3014893,0.20467295501541782
3014894,0.7266961975818077
3014895,0.01183626226416677
3014896,0.36025361861431743
3014897,0.0007658002738423817
3014898,0.10774988401050961
3014899,0.041121980680467476
3014900,0.2881120659752805
3014901,0.9080517255334972
3014902,0.034205651843062686
3014903,0.09028535070917962
3014904,5.2420403625154515e-05
3014905,1.351530903283203
3014906,0.1601281880273451
3014907,0.03430739197421784
3014908,9.807368805046481e-05
3014909,0.0003541156109125875
3014910,1.4961559725548653e-05
3014911,0.003945402028430739
3014912,0.6114335259362487
3014913,0.9089265292593981
3014914,0.0003846823653224263
3014915,1.3829962337046058
3014916,0.05235348709472647
3014917,4.0563217111370666e-07
3014918,0.0002670272536333825
3014919,0.027409525281590134
3014920,0.3855310700414288
3014921,0.006608882051608939
3014922,0.00788459033641182
3014923,2.704113299749434e-05
3014924,0.003353640020648479
3014925,0.26725534890800656
3014926,0.21536741487942554
3014927,1.437070565358747
3014928,0.01505823449276431
3014929,0.38049754035113653
3014930,0.009821568975021878
3014931,0.11923041323275499
3014932,0.03542232329513946
3014933,0.2841675779006979
3014934,1.2468430105242843
3014935,0.027719987792789325
3014936,0.07567738911950078
3014937,4.179411186806105e-05
3014938,1.365026287643976
3014939,0.13738285188703625
3014940,0.0427687805095809
3014941,0.00013217760930696621
3014942,0.0005450613701152972
3014943,1.3147323526394136e-05
3014944,0.013471426721035639
3014945,0.6596965408176921
3014946,0.9395476381771253
3014947,2.5073981285227065e-06
3014948,1.528786887963761
3014949,0.0375862067623414
3014950,7.481598808995601e-07
3014951,0.00023777730715537497
3014952,0.0029799168404740536
3014953,0.41088259882574785
3014954,0.007827215519775573
3014955,0.0001257174166071005
3014956,0.00031003453333095215
3014957,0.0014596440870628426
3014958,0.25349681864336815
3014959,0.18034560249323284
3014960,0.7320738135223882
3014961,0.01100341900110133
3014962,0.31802987128262894
3014963,0.0033936107866994235
3014964,0.06451127846502853
3014965,0.03009802826510089
3014966,0.32480165551751816
3014967,1.1709007304807042
3014968,0.0390249036450532
3014969,0.0918274315428934
3014970,3.6662821046496005e-05
3014971,1.0987999704800397
3014972,0.05280657883615011
3014973,0.003877028391464694
3014974,2.1220503294180766e-05
3014975,0.0004633046900764625
3014976,7.899908832839098e-06
3014977,0.004200333742607856
3014978,0.2996402078091583
3014979,0.5330499071928098
3014980,0.0003846823653224263
3014981,0.06659785184665203
3014982,0.07951209916117828
3014983,3.983887104786452e-07
3014984,0.00011558726305073762
3014985,0.0011398076124555406
3014986,0.9046893186036085
3014987,0.0689163410722368
3014988,2.2819767175586665e-05
3014989,0.004438861281035743
3014990,0.0005372934352770029
3014991,0.28210969503302397
3014992,0.0714355158208651
3014993,0.4072703397380125
3014994,0.0030344499974533025
3014995,0.004473545184041503
3014996,0.010728038848093662
3014997,0.10427452860222891
3014998,8.128833159993034e-07
3014999,1.5881149630043743e-05
3015000,0.7917798777228794
3015001,0.037819959039648535
3015002,0.08898988613232599
3015003,0.0009694928946155731
3015004,0.5783298673730923
3015005,0.005148841185484392
3015006,0.03914192305240353
3015007,4.955639673582613e-05
3015008,0.0005055564280212022
3015009,0.00013873989799856115
3015010,0.0002876588382685373
3015011,0.5428942178771167
3015012,0.18700977090257034
3015013,1.6832552448687194e-06
3015014,1.1846495678746631
3015015,0.08745494510880458
3015016,4.410481704643908e-07
3015017,0.00021103372779865406
3015018,0.11895702924002466
3015019,0.6551677863952351
3015020,0.00717900907735212
3015021,0.007391828590293227
3015022,3.181077615157417e-05
3015023,0.0025528948093992594
3015024,0.3312744692452301
3015025,0.17394251226832513
3015026,0.6039286879489042
3015027,0.016996404783931707
3015028,0.3890527568392684
3015029,0.00017468523371716644
3015030,0.04165663953143762
3015031,0.02497231204622688
3015032,0.2791890609778195
3015033,2.092730056429837
3015034,0.03492334939284202
3015035,0.12656016795397487
3015036,4.5423070087019076e-05
3015037,1.320404172715152
3015038,0.10454122438301873
3015039,0.03739258790501669
3015040,0.00011746583920805949
3015041,0.0005566340896198165
3015042,2.1742753759360598e-05
3015043,0.003945537013938249
3015044,0.5775580083587653
3015045,0.03576574064582753
3015046,7.205301900645531e-05
3015047,2.032276838615258
3015048,0.08072002421680977
3015049,0.02111804784793249
3015050,9.084862760175897e-05
3015051,0.09064242810328184
3015052,0.39008546912627057
3015053,0.004493398687672043
3015054,0.09958726561096348
3015055,7.885913869315739e-06
3015056,0.0036588648600954323
3015057,0.32047221920490226
3015058,0.22850448131539935
3015059,1.672034442398794
3015060,0.021766120263054536
3015061,0.4134791611714248
3015062,0.003142432627997038
3015063,0.07094454334616546
3015064,0.03223319682041823
3015065,0.2919641619681393
3015066,1.7190642552824127
3015067,0.024272680149429716
3015068,0.08209760933236596
3015069,4.902130261381604e-05
3015070,1.6002229150252665
3015071,0.08443283176104273
3015072,0.03561565581403505
3015073,0.00011678603455224361
3015074,0.0004920061026539543
3015075,1.99945974872825e-05
3015076,0.007601228736520404
3015077,0.6105476538279996
3015078,0.03373032729693594
3015079,0.158720269823832
3015080,2.4125757996600834
3015081,0.07054482218429241
3015082,2.2985170364774586e-06
3015083,0.0001235720117320557
3015084,0.08815923265908167
3015085,0.3898090119115662
3015086,0.008089586903818814
3015087,0.0632467809745966
3015088,2.2968639416105148e-05
3015089,0.0030398503356536296
3015090,0.33541788370006487
3015091,0.1673437972727018
3015092,1.892505285663028
3015093,0.01687821289826916
3015094,0.3360964940509811
3015095,0.001112170201291508
3015096,0.036321659525706096
3015097,0.02593484117507025
3015098,0.2790688384285443
3015099,2.5223299337085145
3015100,0.031896064141127334
3015101,0.0820342482404305
3015102,4.843226991173038e-05
3015103,1.6658675028856542
3015104,0.14174261469860244
3015105,0.03611291449154085
3015106,0.00013069805176252244
3015107,0.0005384549548141637
3015108,1.4857505632998779e-05
3015109,0.01866232731986842
3015110,0.21073162452325936
3015111,1.085561835854251
3015112,0.08235728905621664
3015113,0.8374963376851284
3015114,0.06698974486922812
3015115,3.983887104786452e-07
3015116,6.568955511006814e-05
3015117,0.086983565347392
3015118,1.420352178224962
3015119,0.0006984471896364655
3015120,5.6662686011170864e-05
3015121,0.0007172885286063625
3015122,0.0016963566040414614
3015123,0.3158800406578022
3015124,0.14195924804364832
3015125,0.7632636192472514
3015126,0.019751346204721288
3015127,0.05706248797235542
3015128,0.000849580904453694
3015129,0.09426160630660178
3015130,0.021336606588827745
3015131,0.10198790352053874
3015132,2.0988720699701795
3015133,0.04012588815865144
3015134,0.08632834498442842
3015135,4.9888218763273116e-05
3015136,1.3817088936578068
3015137,0.07706523324069643
3015138,0.013340691601835146
3015139,9.856016793467645e-05
3015140,0.00043689451930542793
3015141,3.01969036328009e-06
3015142,0.20663176050531473
3015143,0.1282001117662228
3015144,0.012457015028503047
3015145,0.0004939249765763622
3015146,0.3354826965600135
3015147,0.15559214426184007
3015148,0.0002013615005329452
3015149,4.760476393543606e-06
3015150,0.05986754107042232
3015151,0.36341103399089414
3015152,0.006543284960690176
3015153,0.132685184402333
3015154,0.0005928285012295245
3015155,0.0011718702711378964
3015156,0.2506998392613266
3015157,0.14783215737032615
3015158,0.5645430946279275
3015159,0.015185164698956019
3015160,0.3618809545128919
3015161,0.0023660503920976813
3015162,0.07628003942603154
3015163,0.04684234937396028
3015164,0.23590667234308307
3015165,2.264520464300143
3015166,0.0356997211227338
3015167,0.08744875883507025
3015168,2.483654439469417e-05
3015169,0.6228293380050027
3015170,0.06588229518523059
3015171,0.011920283287072352
3015172,5.128967364688941e-05
3015173,0.0004814858055585866
3015174,2.444413442673118e-06
3015175,0.0014985054373704463
3015176,0.40635531015728155
3015177,0.0013413696681889525
3015178,0.0004939249765763622
3015179,0.6292017825119001
3015180,0.18020274734120337
3015181,5.029345394710887e-07
3015182,0.001475824721086841
3015183,0.0017523536798658016
3015184,0.24336707147565798
3015185,0.1160339950390523
3015186,1.6532298473892778e-05
3015187,0.10714711751290601
3015188,0.1559224836526587
3015189,0.29303257157459345
3015190,0.02094617162551947
3015191,0.14660619435512048
3015192,0.003683234706897402
3015193,0.0027680847165261367
3015194,0.00302743998000469
3015195,0.17845508331584123
3015196,0.024387444183423167
3015197,2.6700321268740684e-05
3015198,0.15980724417518377
3015199,0.009382780332198923
3015200,0.174714654862987
3015201,0.010598161736406911
3015202,1.1567457142315416
3015203,0.23600487720185326
3015204,0.021733078180798632
3015205,3.3439978644403115e-05
3015206,0.0002462990577706001
3015207,0.002403414479563319
3015208,0.027201878512316757
3015209,0.39098068559658344
3015210,0.35195969745333083
3015211,0.18068092468038893
3015212,0.6325821067185559
3015213,0.0321943523673436
3015214,5.029345394710887e-07
3015215,9.60966738105209e-06
3015216,0.1442455652760727
3015217,1.244524154739359
3015218,0.002326848476254581
3015219,0.013980283909242212
3015220,0.0017742782913366768
3015221,0.001779572528288988
3015222,0.3343160455454791
3015223,0.19307588482240096
3015224,0.317334246334691
3015225,0.012290972896461912
3015226,0.052580010092390966
3015227,0.018404279846818427
3015228,0.19150419745043748
3015229,0.03441850674188632
3015230,0.08420273928600452
3015231,1.4350912634245185
3015232,0.007143025429469411
3015233,0.08785774982474903
3015234,0.009318971625852969
3015235,1.3371364871106097
3015236,0.02981959722281361
3015237,0.053422149544172834
3015238,6.397774422701225e-05
3015239,0.0004261396735638678
3015240,5.333443927646181e-06
3015241,0.13593375890896628
3015242,0.14364250931929334
3015243,0.32159068122300505
3015244,0.00026535165777633485
3015245,0.11750252707144762
3015246,0.12824020239090292
3015247,5.029345394710887e-07
3015248,0.0015585455662708296
3015249,0.05534833485384245
3015250,0.5278169580886095
3015251,0.009950260761811654
3015252,0.0001664371012911821
3015253,0.0997517596524174
3015254,0.0013552497971636862
3015255,0.36827305338662797
3015256,0.03327128638975723
3015257,0.1315837493231856
3015258,0.001867542332928005
3015259,0.06231082348356545
3015260,0.0018776916907926862
3015261,0.07008873285760535
3015262,0.046736626072198174
3015263,2.576436367012428e-05
3015264,3.0246430876749733
3015265,0.009711797088092415
3015266,0.11776541686033434
3015267,0.01792783690521955
3015268,0.4832842554640708
3015269,0.06817303686982175
3015270,0.003522723144989248
3015271,6.556243086030637e-05
3015272,0.00020296259958981034
3015273,0.0014142909800588593
3015274,0.03069474985188145
3015275,0.10536222701457051
3015276,0.08599703418833066
3015277,0.0005146495661379504
3015278,0.4492164931967883
3015279,0.10308241759702676
3015280,5.029345394710887e-07
3015281,0.00407697699967247
3015282,0.004719881447746936
3015283,0.18358001433118817
3015284,0.12991073811629947
3015285,6.611520772049781e-05
3015286,0.10887691058408432
3015287,0.0011118764461142527
3015288,0.14722983548591873
3015289,0.23187535916714
3015290,0.039688886476463375
3015291,0.0024588551169710303
3015292,0.02808339636509183
3015293,0.000551305747796093
3015294,0.11701381377097522
3015295,0.04914548361966333
3015296,2.576436367012428e-05
3015297,0.15153217874296168
3015298,0.013986574775342034
3015299,0.13176945241637797
3015300,0.02811477362615357
3015301,0.9531421496759455
3015302,0.15799277456111607
3015303,0.0022729948578785173
3015304,1.340056394107131e-05
3015305,0.0036351349895440317
3015306,0.0012013420632147284
3015307,0.029386193883396475
3015308,0.36198425429548
3015309,0.009027186552119832
3015310,0.0005146495661379504
3015311,1.573945698992158
3015312,0.2509368265786941
3015313,5.029345394710887e-07
3015314,0.012489076096998616
3015315,0.0057827308812658015
3015316,0.5139996316298817
3015317,0.007017368416979359
3015318,0.00016540938106910033
3015319,0.15308683521161146
3015320,0.0020287787786614484
3015321,0.26788239845241874
3015322,0.041899191627456346
3015323,0.17341578170783964
3015324,0.0017240981209111612
3015325,0.005773068852697044
3015326,0.011714772969051882
3015327,0.09193340463972025
3015328,0.08562967599043303
3015329,2.576436367012428e-05
3015330,0.6545219014209421
3015331,0.01744955959755319
3015332,0.09065541040743597
3015333,0.010432818283571878
3015334,1.4596588697780024
3015335,0.06771674639756703
3015336,0.0028092481501541455
3015337,1.963549299058205e-05
3015338,0.00038731451338346685
3015339,0.0069824303113006315
3015340,0.0038765390148558813
3015341,0.11827705187336066
3015342,0.005491407039713256
3015343,0.01797837346727502
3015344,0.48822076759030875
3015345,0.126809767751584
3015346,5.029345394710887e-07
3015347,0.0016356886862220123
3015348,0.0010831642900542482
3015349,0.5582155204648718
3015350,0.0119638510523821
3015351,0.00020401240560564667
3015352,0.037915884276444635
3015353,0.0021613860863431145
3015354,0.33868995505723587
3015355,0.0024320933017643476
3015356,0.418145190402642
3015357,0.0029255057874825563
3015358,0.05374661272916547
3015359,0.0033773110034813502
3015360,0.05921651080350941
3015361,0.04333996152049351
3015362,2.576436367012428e-05
3015363,0.5501811741747462
3015364,0.01368782728146496
3015365,0.0807662913653776
3015366,0.02566425355201229
3015367,1.2956661227425865
3015368,0.09095817651514597
3015369,0.00395698381018555
3015370,3.488293349949542e-05
3015371,0.00020207346505122107
3015372,0.0002828093414758297
3015373,0.0026361545703858513
3015374,0.15029058944594265
3015375,0.02874582809414119
3015376,0.014418296755895132
3015377,0.07305677366275176
3015378,0.20260493287206066
3015379,5.029345394710887e-07
3015380,0.006685028022262122
3015381,0.0020154756188826644
3015382,0.1258954277680833
3015383,0.12791201858318335
3015384,7.482100947284195e-05
3015385,0.00033360399203595634
3015386,0.0012101234886916683
3015387,0.06802351759860721
3015388,0.05659679775985919
3015389,0.09665796939895524
3015390,0.003323154701229975
3015391,0.0037029943446003242
3015392,0.0031569695279100385
3015393,0.02491633988099917
3015394,9.177442350072046e-07
3015395,2.7869883616359346e-05
3015396,0.14556888807741117
3015397,0.007648526123784684
3015398,0.07543331182877802
3015399,0.09732676800865747
3015400,0.38558581484608184
3015401,0.21886761343024866
3015402,0.008554353620845981
3015403,0.00013279499292133921
3015404,0.00013365487105159154
3015405,0.0030901125401264396
3015406,0.0001689941776561269
3015407,0.19380486408099784
3015408,0.6325804455272946
3015409,0.10279731429870147
3015410,0.6080061504866326
3015411,0.08598123541201536
3015412,5.029345394710887e-07
3015413,1.2480100211514047e-05
3015414,0.006766866230489934
3015415,0.7879146071562979
3015416,0.0018578080734375276
3015417,6.3645331767812e-05
3015418,0.001686440977971359
3015419,0.0015334656214214509
3015420,0.30572905129830713
3015421,0.12086053051857243
3015422,0.5259845463651074
3015423,0.012113681023160686
3015424,0.007227379986805045
3015425,0.0011549061126438192
3015426,0.08988661134944897
3015427,0.09674065163476808
3015428,2.6700321268740684e-05
3015429,1.6236614802541036
3015430,0.004744945824568588
3015431,0.09774473965629465
3015432,0.007221235402122265
3015433,0.8833422308090858
3015434,0.08810701910423832
3015435,0.04050438186941753
3015436,9.722315745417307e-05
3015437,0.00025098471254846283
3015438,7.724296751065975e-06
3015439,0.024524844037271135
3015440,0.14108281664201766
3015441,0.0030543372355158493
3015442,0.027546257835297894
3015443,0.4133063724337399
3015444,0.07914401391653865
3015445,5.029345394710887e-07
3015446,1.1308712816988153e-06
3015447,0.005394556969227461
3015448,0.395517846288117
3015449,0.0009749477019981925
3015450,0.007247789243538606
3015451,0.0023748355994446992
3015452,0.0004299978269755605
3015453,0.19763618723062745
3015454,0.026011767297560683
3015455,0.2512717300420074
3015456,0.011139111847773059
3015457,0.01819066953381075
3015458,0.0005880864097648204
3015459,0.07208067109336477
3015460,0.022188898038541613
3015461,0.1148896343176278
3015462,0.12900611267905054
3015463,0.02367682568264543
3015464,0.04149211977269157
3015465,0.003773662112834375
3015466,0.15218188709656877
3015467,0.0448879407288871
3015468,0.02434581009340777
3015469,8.028254735483694e-06
3015470,7.22507671945361e-05
3015471,1.4546699054614917e-06
3015472,0.226996944003998
3015473,0.04338389189804641
3015474,0.9024520553517972
3015475,0.08441791060031982
3015476,0.700801668601999
3015477,0.09307885038887631
3015478,5.029345394710887e-07
3015479,0.0018289778111438562
3015480,0.005450490043420162
3015481,0.6539523501550754
3015482,0.008512193050614625
3015483,3.089611086782156e-05
3015484,0.024765237634509656
3015485,0.0027561105502886285
3015486,0.2195133538500795
3015487,0.16309880690201753
3015488,0.7752873680333137
3015489,0.0049424144503160275
3015490,0.0036302462995176066
3015491,0.015783890861816505
3015492,0.03507209600513797
3015493,0.030911330759424968
3015494,2.576436367012428e-05
3015495,0.8814150373215278
3015496,0.015155978512277056
3015497,0.06674488084986077
3015498,0.030698528408778843
3015499,0.39928115463427
3015500,0.05988324113782739
3015501,0.0034963464705086702
3015502,8.228862799313634e-05
3015503,0.00012193336446681877
3015504,0.0054664454891300155
3015505,0.0022653223421489504
3015506,0.1958312953458381
3015507,0.7772028987405446
3015508,0.0008075393271682648
3015509,0.47523585397746865
3015510,0.08705255265845555
3015511,5.567887691199183e-07
3015512,0.00011858480500217207
3015513,0.11973586860082874
3015514,0.14238114844813524
3015515,0.0040086666231940165
3015516,0.07519801219616254
3015517,0.0004011979998496058
3015518,0.0019494012998079106
3015519,0.3216149248563516
3015520,0.21039014611491882
3015521,0.7358047331917341
3015522,0.0051734185716059075
3015523,0.3684506743890034
3015524,0.0033368590796950684
3015525,0.18345242940677434
3015526,0.038103505363387594
3015527,0.20663104879916605
3015528,3.974029384365806
3015529,0.022346557113072065
3015530,0.08188103280319949
3015531,1.5971561483399075e-05
3015532,1.2349920403809047
3015533,0.14328818834063084
3015534,0.03812126123432394
3015535,0.00012768002160126803
3015536,0.0005521728077252869
3015537,4.8701846616709514e-06
3015538,0.006668166204375593
3015539,0.20031551160415256
3015540,0.6166592803192796
3015541,0.05744410297307827
3015542,1.023374398055277
3015543,0.03108956881449279
3015544,5.029345394710887e-07
3015545,1.4834759892767853e-06
3015546,0.004652216022542081
3015547,1.1930719938598044
3015548,0.0011354085167728113
3015549,0.009578864863392343
3015550,0.0056136475046386115
3015551,0.0011621821293223784
3015552,0.3725713927053083
3015553,0.13274628924699444
3015554,0.5891903974824454
3015555,0.007499031599857356
3015556,0.0032333909826119307
3015557,0.004482954323794861
3015558,0.1693367280686682
3015559,0.06934532267855599
3015560,0.10761835580237251
3015561,1.1509335080318621
3015562,0.005695180962751554
3015563,0.10878322247611999
3015564,0.011396909776009814
3015565,1.1901877708534108
3015566,0.04176527147956237
3015567,0.002367932039902621
3015568,1.5555356443014637e-05
3015569,0.00012969132967148464
3015570,0.0001873894235087587
3015571,0.3770420681954363
3015572,0.15056894350918315
3015573,0.8630956683672604
3015574,0.19220389223334827
3015575,0.2476064099267018
3015576,0.036241033755467035
3015577,5.029345394710887e-07
3015578,4.41323258127051e-06
3015579,0.00537189521545991
3015580,1.3506762427836927
3015581,0.002264381594828847
3015582,0.0026653400952156396
3015583,0.00047397105774642836
3015584,0.0012435826075981196
3015585,0.3123581760431565
3015586,0.20576002885835162
3015587,0.2482123543759539
3015588,0.018516756193039597
3015589,0.21735014998883556
3015590,0.005942643126822244
3015591,0.22463054150173412
3015592,0.04071216822989092
3015593,0.09081588171631821
3015594,1.0340086571866267
3015595,0.035637432553741244
3015596,0.11470569345718903
3015597,0.006236036417052758
3015598,1.1734175865016208
3015599,0.03965442479875037
3015600,0.0029817080735492466
3015601,3.0380866281828024e-05
3015602,0.0006772514697827661
3015603,9.628793443888188e-06
3015604,0.003100644503854482
3015605,0.07203830643646053
3015606,0.03576602744343812
3015607,0.007765329388796152
3015608,0.6043744804402873
3015609,0.2396722526143602
3015610,5.029345394710887e-07
3015611,0.0007695601491232596
3015612,0.003342568529347883
3015613,0.5805557059561344
3015614,0.014862816767089872
3015615,0.00020687662130956786
3015616,0.25105420388706784
3015617,0.0018575651346107974
3015618,0.553326684284076
3015619,0.13544491524415156
3015620,0.5257961460271297
3015621,0.010220760702696714
3015622,0.06375386962875923
3015623,0.0015124491791447179
3015624,0.18472126963548324
3015625,0.16007454110457917
3015626,2.576436367012428e-05
3015627,0.9104843455871094
3015628,0.008172034198071196
3015629,0.06199296000531435
3015630,0.015023403538748202
3015631,0.37312159987713284
3015632,0.06658913055370884
3015633,0.0035874622916515614
3015634,1.7155112337009643e-05
3015635,0.00013853528720601945
3015636,0.0014669271992237536
3015637,0.025925658403020264
3015638,0.10692991460644645
3015639,0.0030051303339279065
3015640,0.0004271862927889608
3015641,0.13587901301521488
3015642,0.17385926529181644
3015643,0.00011027075306825347
3015644,0.0007227323390656752
3015645,0.06320329473716198
3015646,0.2771616350398126
3015647,0.006677165863473187
3015648,0.00024988625824277216
3015649,0.0032471658247401804
3015650,0.0013358104005690673
3015651,0.1778684407451
3015652,0.1638133222837368
3015653,0.08621816847538123
3015654,0.0024941953744298277
3015655,0.025788348863990767
3015656,0.07077007732937506
3015657,0.15834874422239148
3015658,0.0533827371362705
3015659,0.06858036362804591
3015660,0.9378650381494014
3015661,0.008037934073791164
3015662,0.13584533932681261
3015663,2.5728585696845998e-05
3015664,0.6335428406737146
3015665,0.07616843514271611
3015666,0.0038074680444486896
3015667,9.462707193109528e-05
3015668,0.0002220825643046092
3015669,1.5793958894683013e-05
3015670,0.01012826642924918
3015671,0.6411320050693567
3015672,0.006674136412938113
3015673,0.0076247861714481766
3015674,0.29369257733803056
3015675,0.06690642881478708
3015676,6.571117622962486e-07
3015677,0.00013833704798208536
3015678,0.14211409089995708
3015679,0.3953739313297737
3015680,0.006713237227717698
3015681,0.08638419799382764
3015682,4.386935952765924e-05
3015683,0.0031114074013783425
3015684,0.24876589890970072
3015685,0.21259071902133772
3015686,0.3437174910812413
3015687,0.007738867601173623
3015688,0.35834918418141865
3015689,0.0036338728889679785
3015690,0.04423956611499
3015691,0.05035660383506712
3015692,0.23548621731377387
3015693,1.9257957731992603
3015694,0.040088952781384836
3015695,0.08414672488902976
3015696,5.1963128949974054e-05
3015697,1.801880096424052
3015698,0.15120822779141704
3015699,0.029163345657299052
3015700,0.0001283302333169477
3015701,0.0004032548689579097
3015702,2.1445584401844776e-06
3015703,0.0039824201738583856
3015704,0.4564456388268554
3015705,0.0037258084025354435
3015706,0.004013382159877299
3015707,0.6037531684146827
3015708,0.02755897012359389
3015709,1.2142516350429225e-06
3015710,7.207965799789208e-05
3015711,0.006055838467073983
3015712,0.10545473649616549
3015713,0.002878682714570044
3015714,7.937682387371992e-05
3015715,0.00027417285135263015
3015716,0.0003944774870924799
3015717,0.10243197968566181
3015718,0.062021906922185094
3015719,0.3013527877165521
3015720,0.0010910920789597431
3015721,0.3259766220095365
3015722,0.00036816852497421134
3015723,0.00010299379740626642
3015724,9.177442350072046e-07
3015725,0.23691732293154785
3015726,0.1504956707288338
3015727,0.020999024401432264
3015728,0.060049474161633976
3015729,2.5567887549053886e-05
3015730,0.09482226418775783
3015731,0.02638288187479444
3015732,0.004097498092085391
3015733,1.738728930631209e-05
3015734,8.873566486517616e-05
3015735,9.709588263454618e-07
3015736,0.008625626289636437
3015737,0.10709361947413133
3015738,0.006073572225016084
3015739,0.0005146495661379504
3015740,0.6756429657778397
3015741,0.23192338995008896
3015742,5.567887691199183e-07
3015743,0.045457269543938486
3015744,0.005707385524716511
3015745,0.15441047753563986
3015746,0.09969488798684373
3015747,9.815318287813612e-05
3015748,0.020344607440511888
3015749,0.0007007077555438783
3015750,0.08684224293620052
3015751,0.04553647323178769
3015752,0.3605151733035487
3015753,0.002155872310447485
3015754,0.0030906130804008304
3015755,0.0053169191937939946
3015756,0.036062454979749074
3015757,0.027496482851324344
3015758,0.13591793987792702
3015759,0.14906236816817978
3015760,0.1333553607988884
3015761,0.16026825184188007
3015762,6.106781754082733e-05
3015763,0.1946036772895384
3015764,0.06975795390647563
3015765,0.048843795443160226
3015766,9.40221472515079e-06
3015767,0.005141230905232692
3015768,0.0025368981455676223
3015769,0.008483010803582866
3015770,0.48514904966306965
3015771,0.6304700703715906
3015772,0.016374515870264866
3015773,0.9658264401747056
3015774,0.06031347751542836
3015775,0.014728707481707856
3015776,0.00023127422316556647
3015777,0.11375208217594811
3015778,0.20840864871506168
3015779,0.005765823748953452
3015780,5.6138414222739276e-05
3015781,7.95301069570485e-05
3015782,0.0014105331146797295
3015783,0.2513975181451983
3015784,0.1897306121651534
3015785,0.7162203597963436
3015786,0.003094408884781173
3015787,0.345505876568667
3015788,0.008233845265964308
3015789,0.08305996752577283
3015790,0.026179727873594783
3015791,0.22327706020231639
3015792,1.0959897181626024
3015793,0.04062933757293249
3015794,0.0894850401621041
3015795,0.00010647615001808258
3015796,0.4732602383064378
3015797,0.14437608836768503
3015798,0.062331683933961136
3015799,0.00012027048570832057
3015800,0.00041050052514398055
3015801,1.746334298739009e-06
3015802,0.010532375760194189
3015803,0.34787923620611017
3015804,0.7880221287276238
3015805,0.00015835273158950106
3015806,0.20211904100464304
3015807,0.045207329037667617
3015808,5.029345394710887e-07
3015809,2.9426438222923724e-06
3015810,0.09530744397570608
3015811,1.2199626601506346
3015812,0.0007560658259429105
3015813,3.159434470390178e-05
3015814,0.0006487448918565901
3015815,0.0012280008403997278
3015816,0.20689879401877645
3015817,0.14312556076472532
3015818,0.24214137582965045
3015819,0.02604354873612437
3015820,0.03999115818281692
3015821,0.0029303318740918553
3015822,0.07454565160302166
3015823,9.177442350072046e-07
3015824,0.17126323750648872
3015825,1.1905804681601104
3015826,0.02260643421991871
3015827,0.09880255981856625
3015828,0.010038292116874077
3015829,1.1331892013352685
3015830,0.05769581347403301
3015831,0.0016253365443115288
3015832,1.9875824712951605e-05
3015833,0.0005365299476481891
3015834,4.595917106055358e-06
3015835,0.005190943898560115
3015836,0.20262932767187977
3015837,0.6750772717075273
3015838,0.22499448533634475
3015839,0.37925895401574367
3015840,0.04816822851275453
3015841,5.029345394710887e-07
3015842,2.2227694149410662e-06
3015843,0.06993828169980995
3015844,0.6642630602137473
3015845,0.0019801940916376144
3015846,8.941972975394887e-06
3015847,0.0002212391324012174
3015848,0.0016961708921130936
3015849,0.23698044797965057
3015850,0.14786187326795638
3015851,0.5943844557995571
3015852,0.030274437149165667
3015853,0.005266730830175005
3015854,0.002874706883681858
3015855,0.23164545246366366
3015856,9.177442350072046e-07
3015857,0.16088522811788553
3015858,1.273836626712723
3015859,0.04981953131526212
3015860,0.1735673518440871
3015861,0.015144346300571342
3015862,0.7095548521547848
3015863,0.0574213230424977
3015864,0.0031263893229410114
3015865,8.592596962761373e-05
3015866,0.0004015517893163447
3015867,6.484649535695266e-06
3015868,0.0045066240983258525
3015869,0.11288992439422531
3015870,1.0360606704981032
3015871,0.0115514587959868
3015872,1.0535482669574208
3015873,0.09956100876774052
3015874,4.596371389641735e-07
3015875,0.00022013446496891396
3015876,0.14535782017700313
3015877,0.2790978137505093
3015878,0.0032668130159992006
3015879,0.021928841088171534
3015880,1.8682418041017826e-05
3015881,0.002951720399653918
3015882,0.43780100514555537
3015883,0.1632388508023568
3015884,1.5480513166124492
3015885,0.015803054630160736
3015886,0.40463396041387983
3015887,0.007326576249204052
3015888,0.21444469073736036
3015889,0.043576253739406844
3015890,0.2343543649969903
3015891,4.19053890218176
3015892,0.04642660367398181
3015893,0.09666175992032762
3015894,5.047195634568368e-05
3015895,2.0569760573020948
3015896,0.12270089729890225
3015897,0.044936901016420686
3015898,0.00010864808374871236
3015899,0.00048443224590355937
3015900,3.5475068552743683e-06
3015901,0.023115561586951012
3015902,0.5471118754585986
3015903,0.00550593670805466
3015904,0.13586269187650335
3015905,0.2369377953868198
3015906,0.05577337843760337
3015907,5.029345394710887e-07
3015908,0.008653146347920858
3015909,0.0017586434655959082
3015910,0.15180478662664776
3015911,0.010475880028090065
3015912,0.00022748129681928405
3015913,0.002033797318630324
3015914,0.0023650763801333226
3015915,0.12356346389023388
3015916,0.05335210794743566
3015917,0.17554986269274586
3015918,0.004635218375972545
3015919,0.004758585316621436
3015920,0.004520101836373903
3015921,0.07232781099878297
3015922,0.14785220567635513
3015923,5.4915835958409536e-05
3015924,0.7189243093547283
3015925,0.005613744647632929
3015926,0.18600288085641808
3015927,0.0036706042055788574
3015928,0.07261365612063748
3015929,0.08983923207033073
3015930,0.0023855247496034617
3015931,8.103870512803981e-05
3015932,0.00011064505486353327
3015933,0.00012007424218573582
3015934,0.0015154095150716371
3015935,0.18069277515748247
3015936,0.7627312926810017
3015937,0.031049032056679783
3015938,0.22262236174683028
3015939,0.013254272874637868
3015940,5.029345394710887e-07
3015941,8.081043113205705e-06
3015942,0.023970706962611436
3015943,0.702075260817272
3015944,0.0012794788229795006
3015945,0.00019482038092438094
3015946,0.00046951093536721816
3015947,0.0016656359440284675
3015948,0.2496358220909496
3015949,0.15147684125506639
3015950,0.23897890840871192
3015951,0.014009868422399192
3015952,0.044621876076465616
3015953,0.003981577534162808
3015954,0.06409458900849907
3015955,0.04674733902638062
3015956,0.16817070772898304
3015957,1.2852820379056866
3015958,0.1041439329207036
3015959,0.15214325653673627
3015960,0.009843965400833715
3015961,1.1845754540953033
3015962,0.06535925415948546
3015963,0.010618625638340148
3015964,1.670502116277695e-05
3015965,0.0005309050925078647
3015966,5.65455134487726e-06
3015967,0.011160136440972076
3015968,0.1414103768655535
3015969,0.0010477039997725962
3015970,0.0005146495661379504
3015971,0.24459598634528285
3015972,0.27166718232316495
3015973,5.029345394710887e-07
3015974,0.001609385675637507
3015975,0.0015117027999661187
3015976,0.1721040601972357
3015977,0.0950387676996022
3015978,8.819076378673104e-05
3015979,0.0002902383600495911
3015980,0.00040112419393420175
3015981,0.1273839465377136
3015982,0.03125923710460336
3015983,0.1070590674340545
3015984,0.0015724323478946464
3015985,0.0026746241545658033
3015986,0.05147905568821318
3015987,0.06176168864191049
3015988,9.177442350072046e-07
3015989,5.4915835958409536e-05
3015990,0.11133953379175617
3015991,0.011051911758338945
3015992,0.034629705812355534
3015993,0.01344574020202096
3015994,0.10931865260628329
3015995,0.12595349841049322
3015996,0.0091392748863834
3015997,8.90514553632972e-05
3015998,0.002384523939651491
3015999,0.0009632880878722998
3016000,5.583033742214292e-05
3016001,0.4139665253646448
3016002,0.7477239801835409
3016003,0.0005146495661379504
3016004,0.33703062831788977
3016005,0.08995525765270418
3016006,5.029345394710887e-07
3016007,2.695440155344633e-05
3016008,0.00520250409506566
3016009,0.4093268233685812
3016010,0.00652961230398111
3016011,2.217618325254766e-05
3016012,0.00027001754691574544
3016013,0.0020812831353293677
3016014,0.18890002721361757
3016015,0.03320374048878753
3016016,0.3068527888344659
3016017,0.018110153162515668
3016018,0.004643953815339371
3016019,0.012800851690843069
3016020,0.04660193286121198
3016021,9.177442350072046e-07
3016022,2.468316076009122e-05
3016023,2.0326457008688816
3016024,0.005246823564677346
3016025,0.04090147821405981
3016026,0.007116816069319469
3016027,0.9723481769021319
3016028,0.062156843860537075
3016029,0.02941689771989902
3016030,6.887140324849627e-05
3016031,8.123795510163379e-05
3016032,4.670625759732813e-06
3016033,0.0002786559804158386
3016034,0.1427599294369941
3016035,0.003890978905159522
3016036,0.2548932196091986
3016037,0.18581831844203595
3016038,0.07997898831510852
3016039,5.029345394710887e-07
3016040,6.958646541799832e-06
3016041,0.011338924732805148
3016042,0.6977212102385754
3016043,0.0013991761068180937
3016044,0.0003378733419631556
3016045,0.0018589391270649725
3016046,0.002079831844561278
3016047,0.31352794524446587
3016048,0.11002421543266706
3016049,1.0575044002129292
3016050,0.012754974688608535
3016051,0.389623791990248
3016052,0.005254027344485782
3016053,0.02407125916475826
3016054,0.048716386642449636
3016055,0.14646338839406267
3016056,0.9266875153031748
3016057,0.05577731004710923
3016058,0.09717741688913951
3016059,0.011806780137326958
3016060,1.7948102118529523
3016061,0.04074588718408263
3016062,0.003150890114436567
3016063,2.541787996012034e-05
3016064,0.00013006144749615875
3016065,0.000269657889973669
3016066,0.03372611778942628
3016067,0.31349347377397113
3016068,0.02952506295484476
3016069,2.3516932288508166e-05
3016070,0.028422226527273088
3016071,0.14886193572889247
3016072,5.029345394710887e-07
3016073,0.0005466598120406269
3016074,0.0017720620353658284
3016075,0.5885852605621887
3016076,0.12261581211100644
3016077,4.449100707706921e-05
3016078,0.008278982633849893
3016079,0.001153260100285678
3016080,0.1918572190583042
3016081,0.05832188133357105
3016082,0.14250645134163514
3016083,0.0011514069124518775
3016084,0.00341028137995963
3016085,0.03878050566323695
3016086,0.1844306568942087
3016087,9.177442350072046e-07
3016088,2.7869883616359346e-05
3016089,0.04266531125724257
3016090,0.014978682581137305
3016091,0.21405664789045353
3016092,0.007427426186138018
3016093,0.1276107119414326
3016094,0.3304084856661426
3016095,0.007468397009222815
3016096,8.140571578664682e-05
3016097,0.007070073165338161
3016098,0.0026542661756207733
3016099,0.0029629504926265253
3016100,0.11999386461646874
3016101,0.03741471422559026
3016102,0.0024758431726979993
3016103,0.14233733978581492
3016104,0.03487610724849982
3016105,5.029345394710887e-07
3016106,5.999971054373664e-06
3016107,0.018935553560542287
3016108,0.811910220913524
3016109,0.0018551968851691705
3016110,9.13565405277104e-05
3016111,0.005278644347144858
3016112,0.0016834123644261943
3016113,0.3140884053888861
3016114,0.030268957010842985
3016115,0.12436573692189318
3016116,0.012170789964985631
3016117,0.027193264807532844
3016118,0.013984113101268429
3016119,0.0268848632616685
3016120,9.177442350072046e-07
3016121,0.22655507230033597
3016122,0.6746063110452802
3016123,0.007607626090736948
3016124,0.10795645734262316
3016125,0.010562770913432828
3016126,1.3105126387118633
3016127,0.026377632172151142
3016128,0.0026133594769133955
3016129,2.258276496116315e-05
3016130,0.0003444507223464382
3016131,3.3645932505556958e-06
3016132,0.00664004081209776
3016133,0.358287006198156
3016134,0.016488902027949677
3016135,0.0004939249765763622
3016136,0.6889172246712704
3016137,0.043338236011887486
3016138,3.929282359505733e-07
3016139,0.0002154709828725328
3016140,0.014918656146211679
3016141,0.22354171763698116
3016142,0.0044304611170997476
3016143,0.09060189038464514
3016144,0.0005875562870147985
3016145,0.0016146008896819667
3016146,0.19797467768776023
3016147,0.19328253713477117
3016148,0.8226444256052425
3016149,0.023125642955562194
3016150,0.0581291335676991
3016151,0.02122809543896038
3016152,0.15685503284545352
3016153,0.042268576549682434
3016154,0.2342827366222812
3016155,0.7188158537542192
3016156,0.039912508192765234
3016157,0.08410220619821769
3016158,7.427680654572183e-05
3016159,1.468505570410056
3016160,0.15290059721506508
3016161,0.045754972853502954
3016162,8.07312820416523e-05
3016163,0.00045153834541086264
3016164,2.560674407926689e-06
3016165,0.0035512257660303514
3016166,0.17571008630134669
3016167,0.7123470259675688
3016168,0.0005146495661379504
3016169,0.4629921349562314
3016170,0.049977181542774335
3016171,1.4720773028405975e-06
3016172,0.00017999375118461954
3016173,0.1787368647578307
3016174,0.2800309620911766
3016175,0.005195363157527612
3016176,0.08433738522744737
3016177,0.020185335811615718
3016178,0.0016310303719777753
3016179,0.2763054756023212
3016180,0.12819900286597025
3016181,0.5080891910623272
3016182,0.021095185284508745
3016183,0.06350733869004217
3016184,0.0008102227162747027
3016185,0.10343806066200849
3016186,0.03695064660048584
3016187,0.1635275254837972
3016188,1.1526800339400447
3016189,0.04444228035645086
3016190,0.08873642287652947
3016191,5.764976948875038e-05
3016192,0.8742213929714989
3016193,0.09111350230000236
3016194,0.03502619833771034
3016195,1.0999931273877672e-05
3016196,0.00045141994095117044
3016197,6.565865745832896e-06
3016198,0.012443804269288242
3016199,0.3810091705122471
3016200,0.7251975413671373
3016201,0.08868505388797082
3016202,1.3124104931271383
3016203,0.03175400760585096
3016204,5.029345394710887e-07
3016205,6.684327079897282e-06
3016206,0.006976354782958534
3016207,1.0263737125194183
3016208,0.0016473835962434488
3016209,8.506312113075382e-05
3016210,0.0003918215026451364
3016211,0.0013916158358624456
3016212,0.4828382534911457
3016213,0.18922836334901352
3016214,1.0234618401280926
3016215,0.01184620858776488
3016216,0.21413410637159652
3016217,0.014209251138538865
3016218,0.06887877216436294
3016219,0.046573208725366314
3016220,0.21892686398295197
3016221,1.7121255424855113
3016222,0.025954311691775075
3016223,0.055060736581214104
3016224,0.007699310603139975
3016225,1.5816805300267163
3016226,0.06228252002890879
3016227,0.04019844266051581
3016228,0.00010457486624868475
3016229,0.00045055254521204034
3016230,6.643850068123284e-06
3016231,0.19255585965462618
3016232,0.1481922337145802
3016233,0.007286457989727574
3016234,0.0018160728911344052
3016235,0.6983539035641693
3016236,0.23777178915116598
3016237,2.98167183980435e-06
3016238,0.0002471932517087197
3016239,0.005229048887537369
3016240,0.1958610845054246
3016241,0.00675954088351287
3016242,0.0467863425957691
3016243,0.0006909616344303219
3016244,0.0017692686379943833
3016245,0.22465889698771246
3016246,0.17182864652607022
3016247,0.5934446375724921
3016248,0.002986644295123516
3016249,0.003609876335064623
3016250,0.007285546118741391
3016251,0.026676734160191326
3016252,0.03851504389239605
3016253,0.24976419893610152
3016254,0.3799530968686782
3016255,0.006205579041476453
3016256,0.08560544989904871
3016257,7.418589686690382e-05
3016258,1.2146815054658622
3016259,0.06197833935242468
3016260,0.04157567532701897
3016261,0.00012713907408823199
3016262,0.0003222324626446147
3016263,6.5426172754678865e-06
3016264,0.002959880157157271
3016265,0.46010829419686716
3016266,0.009977989665782987
3016267,0.05972047399086509
3016268,1.0141978999479198
3016269,0.057127593387567385
3016270,5.029345394710887e-07
3016271,9.501240386538546e-06
3016272,0.0028729862602181093
3016273,0.6816232193849746
3016274,0.002052882785167673
3016275,0.00011912631708356464
3016276,0.007680403632666047
3016277,0.002814176603941827
3016278,0.3909423244118519
3016279,0.10361412305586355
3016280,0.6806833936999869
3016281,0.018368218215405713
3016282,0.005854655636266478
3016283,0.0425922465847125
3016284,0.22661605729265957
3016285,9.177442350072046e-07
3016286,0.030205072055875727
3016287,1.8171327823182464
3016288,0.015151296048605357
3016289,0.0846372513587022
3016290,0.0017910562398128133
3016291,1.8721605454972792
3016292,0.03732833057491249
3016293,0.043318553808422616
3016294,7.43932567251792e-05
3016295,0.00044369734754117016
3016296,7.1096734648418815e-06
3016297,6.992806611873216e-05
3016298,0.0846684281691739
3016299,0.6447313181688886
3016300,2.3579417856499563e-05
3016301,0.5690677765352855
3016302,0.15920411591779624
3016303,1.10607093103979e-06
3016304,0.0001275896474358615
3016305,0.12141825965758885
3016306,0.39675407252019573
3016307,0.00474199293242566
3016308,0.00012370891821284613
3016309,0.0009471525501917992
3016310,0.0015025631599501572
3016311,0.36473984030683
3016312,0.1505702453242009
3016313,0.5742608915101901
3016314,0.015585750268878009
3016315,0.040587707853014285
3016316,0.0003473184929201252
3016317,0.05245590985763799
3016318,0.030473009545673047
3016319,0.2158864310840613
3016320,0.9826648181658777
3016321,0.008116283466931162
3016322,0.08458643330003043
3016323,6.65314925149206e-05
3016324,0.8705639066164879
3016325,0.10171575942718816
3016326,0.028914248459741006
3016327,7.114315436239733e-06
3016328,0.00013439849864194697
3016329,6.096538721238656e-06
3016330,0.007555710568743266
3016331,0.0883379291489829
3016332,0.00670570954633431
3016333,0.0004939249765763622
3016334,0.6138583540041171
3016335,0.1275943858996725
3016336,5.567887691199183e-07
3016337,0.00018386512038820414
3016338,0.034496855629384635
3016339,0.235970027896134
3016340,0.008053598078398318
3016341,0.07668284074862018
3016342,0.0007617186647611756
3016343,0.025167276644003197
3016344,0.43336937947520204
3016345,0.187109435466403
3016346,0.3343780072460351
3016347,0.012737231357098436
3016348,0.039407277496746634
3016349,0.002811028361119212
3016350,0.0257714966499053
3016351,0.031402940083519605
3016352,0.22652002334372123
3016353,1.8082220599000267
3016354,0.04339883255113312
3016355,0.09556802357782643
3016356,5.682392804021123e-05
3016357,0.9177997094121786
3016358,0.16056564386147668
3016359,0.03645862286037974
3016360,5.416149256340969e-05
3016361,0.0003577069437577578
3016362,3.508331772207488e-06
3016363,0.009825811394548266
3016364,0.3581591203340053
3016365,0.1976854293547556
3016366,0.0029952940053479095
3016367,0.8278248753347045
3016368,0.036470558846230766
3016369,5.029345394710887e-07
3016370,8.224193013447482e-06
3016371,0.035742173415919724
3016372,1.6056988608612472
3016373,0.0029771071825612206
3016374,7.374946851784175e-05
3016375,0.0017975313527402246
3016376,0.0013209850924479404
3016377,0.4279096849028636
3016378,0.09009847100838442
3016379,0.026489469945068764
3016380,0.005091981307504761
3016381,0.006549591370712539
3016382,0.013757944093032434
3016383,0.14270167288880123
3016384,9.177442350072046e-07
3016385,0.18374675160762247
3016386,0.03524014757578137
3016387,0.018381181737270123
3016388,0.08872541245380913
3016389,0.009949795751897321
3016390,1.685627372114754
3016391,0.07472736102109781
3016392,0.02735892144013199
3016393,1.3788158020011998e-05
3016394,0.00036206046504752223
3016395,2.915655852865602e-06
3016396,0.007931361396879102
3016397,0.16035317649875624
3016398,1.0351919543924069
3016399,0.0004939249765763622
3016400,1.2609472176374568
3016401,0.14270908229591836
3016402,3.2477835861153053e-06
3016403,0.00023077104422460697
3016404,0.12848660862907393
3016405,0.5236753920328193
3016406,0.003593390013576223
3016407,0.01300937182678853
3016408,4.295024486544514e-05
3016409,0.0024343286336179683
3016410,0.2779791865583138
3016411,0.1860892482526967
3016412,1.3997963914418448
3016413,0.024073628435582677
3016414,0.3660625944438336
3016415,0.0034076452837351217
3016416,0.24633920936921438
3016417,0.04507029660512397
3016418,0.2490687198415727
3016419,2.5711191532914426
3016420,0.04620606368171322
3016421,0.08988144334916952
3016422,5.120867486697807e-05
3016423,1.2160106989213937
3016424,0.15721368875002217
3016425,0.050941467210582465
3016426,0.00010659171429660877
3016427,0.0005110532847090506
3016428,2.0349210019391093e-06
3016429,0.1610548028014752
3016430,0.5126866119378101
3016431,1.1337932415829073
3016432,0.0004939249765763622
3016433,1.0756061582619656
3016434,0.0940881171917206
3016435,4.910436075689072e-06
3016436,7.421959476731682e-05
3016437,0.1526179377367204
3016438,0.5229442152856972
3016439,0.003317399368982498
3016440,0.01824677381872103
3016441,5.820499178686966e-05
3016442,0.0027095899789606323
3016443,0.3111558749148627
3016444,0.1612169680171398
3016445,0.47733261861415943
3016446,0.022725459620591127
3016447,0.37056416749626064
3016448,0.0019583215215540142
3016449,0.2741440538016478
3016450,0.04717924308241833
3016451,0.20969479267986313
3016452,4.48115180137331
3016453,0.04588028029169639
3016454,0.07781659510184294
3016455,5.062903512805844e-05
3016456,1.5285153242614842
3016457,0.1680320268604692
3016458,0.042161487417775034
3016459,0.0001273244394425756
3016460,0.0005452725428675332
3016461,3.168347089175684e-06
3016462,0.31187856374081574
3016463,0.5262857534306562
3016464,0.9826125049851858
3016465,0.0004939249765763622
3016466,0.8851416880795946
3016467,0.07754539267469607
3016468,0.005273424904171881
3016469,8.771335903405732e-05
3016470,0.14339783693907773
3016471,0.8739919199010684
3016472,0.00305676602165586
3016473,0.022427579276211865
3016474,0.0006540153659226117
3016475,0.002041267660271121
3016476,0.34463858533073016
3016477,0.19733493127838547
3016478,0.9541326136560446
3016479,0.009747227778390505
3016480,0.25017317145586826
3016481,0.0043390707337501245
3016482,0.23889611886055065
3016483,0.046938985314661494
3016484,0.2240725550394692
3016485,2.0138504854997046
3016486,0.038214534388172836
3016487,0.0868425475804887
3016488,5.193722561134391e-05
3016489,1.4758311803897173
3016490,0.13962029391492142
3016491,0.04943241550578738
3016492,0.00013634887048744632
3016493,0.0004900863654744579
3016494,1.3908170552259137e-06
3016495,0.1318184592067032
3016496,0.1534289250613874
3016497,0.9241186201791746
3016498,0.0004939249765763622
3016499,1.1348260695459083
3016500,0.10260351041076698
3016501,1.6361319100401693e-06
3016502,8.008908914448308e-05
3016503,0.16657660315932488
3016504,0.5970478423162161
3016505,0.002133710577977308
3016506,0.026952547376060926
3016507,5.489878090706868e-05
3016508,0.002172421385503849
3016509,0.3760111748923275
3016510,0.2000001141591686
3016511,0.7086430325537558
3016512,0.020778195822230033
3016513,0.3602704817524026
3016514,0.004666331581164023
3016515,0.24245491932766575
3016516,0.04836743828577167
3016517,0.26447307280629234
3016518,1.8392749738603218
3016519,0.036865934340251
3016520,0.06059614605848087
3016521,5.179460862358792e-05
3016522,1.5091478618767233
3016523,0.13398571217323607
3016524,0.04433017063744826
3016525,0.00016846161917562783
3016526,0.0005434392169581691
3016527,2.397434070353247e-06
3016528,0.16811326183829783
3016529,0.5278360783944506
3016530,0.8891374958891505
3016531,0.0004939249765763622
3016532,0.8935921904485458
3016533,0.05340970751125776
3016534,9.467408111457991e-07
3016535,5.273367242486117e-05
3016536,0.12469167928873477
3016537,0.6807892824995114
3016538,0.002741177632926852
3016539,0.01272905443348882
3016540,0.0028796337837995725
3016541,0.0020845435525129975
3016542,0.26317903446426616
3016543,0.17517037286739978
3016544,0.2239770484820149
3016545,0.010892828217704464
3016546,0.15546317773106175
3016547,0.002672629261717395
3016548,0.11334503733793903
3016549,0.049729280410653644
3016550,0.22026436327332585
3016551,0.4067755575099499
3016552,0.03389131070314979
3016553,0.1782606139498972
3016554,5.0388576196629424e-05
3016555,1.496213449302192
3016556,0.13974598202877656
3016557,0.038748247592771026
3016558,9.756106215696712e-05
3016559,0.0004418658981206026
3016560,1.1569638553264263e-06
3016561,0.11748110630364497
3016562,0.12728838261181197
3016563,1.2720415958472866
3016564,0.0004939249765763622
3016565,1.0594296118278608
3016566,0.06645006267808808
3016567,4.4377493430820656e-07
3016568,0.0002091303414723213
3016569,0.13922507742282153
3016570,0.7581656640717959
3016571,0.003292046588248315
3016572,0.00790898592787617
3016573,2.5459000544730952e-05
3016574,0.00364054500088384
3016575,0.4283622920628405
3016576,0.1684744047312737
3016577,0.36467830716623634
3016578,0.02415299312683046
3016579,0.38015178023623747
3016580,0.0029877279788313588
3016581,0.30603355553084066
3016582,0.04198142512309789
3016583,0.2274613202699768
3016584,4.702077012904495
3016585,0.03789193726809618
3016586,0.08735299260881814
3016587,5.1963792782217685e-05
3016588,1.4605946955337412
3016589,0.14669243831887582
3016590,0.04303967537875231
3016591,0.000131875051327625
3016592,0.0004860683002891032
3016593,3.5798031290471503e-06
3016594,0.2053649379187954
3016595,0.5339667608798707
3016596,0.2936269619142206
3016597,0.07616008089072979
3016598,0.4173121348951004
3016599,0.19220365205591544
3016600,2.4611637455073543e-07
3016601,0.00027516418513170526
3016602,0.1225030027999266
3016603,0.2770834856623419
3016604,0.006177282129029767
3016605,0.12487927181612922
3016606,0.0035942724487173653
3016607,0.0018851794110661664
3016608,0.3802133644915677
3016609,0.12452086807281636
3016610,0.649491104368132
3016611,0.02472811318455594
3016612,0.055847811317684945
3016613,0.004734103684659237
3016614,0.014063118246083561
3016615,0.03246930101512768
3016616,0.19354746379273624
3016617,1.8777644328911207
3016618,0.04547675994696621
3016619,0.09544347985702074
3016620,4.086271145804677e-05
3016621,1.3787607808778348
3016622,0.032638571253392416
3016623,0.015856763848517513
3016624,5.7604259359706894e-05
3016625,0.0005622321422462455
3016626,7.159703994534583e-06
3016627,0.01591411743880339
3016628,0.5608680779988624
3016629,0.8115302477875672
3016630,0.0004271862927889608
3016631,0.9486821951477432
3016632,0.07221994342161689
3016633,3.2994730142587237e-06
3016634,0.00014335803228047057
3016635,0.11803678547475965
3016636,0.40487038433126993
3016637,0.00548009130916296
3016638,0.011165401582546796
3016639,0.0009444624209869752
3016640,0.002238250920699344
3016641,0.4149878042630907
3016642,0.1655497961617469
3016643,0.35738777085301027
3016644,0.027694249996078314
3016645,0.3562686090016331
3016646,0.00023259016968027736
3016647,0.14966192276156115
3016648,0.043368065258427665
3016649,0.1524709857766451
3016650,0.6705664106933558
3016651,0.03527451561273144
3016652,0.06878761928992048
3016653,4.4071013367514146e-05
3016654,1.6765355606469599
3016655,0.15189790766095454
3016656,0.041477102315720944
3016657,9.093695140556688e-05
3016658,0.00044107447828078397
3016659,4.837031235123112e-06
3016660,0.156173497030673
3016661,0.38467186417233123
3016662,0.7420594688516832
3016663,0.0005146495661379504
3016664,0.4460196788059561
3016665,0.05934781051742419
3016666,2.262002511099122e-06
3016667,0.00017685630239827244
3016668,0.02048961120243953
3016669,0.3895274956095615
3016670,0.0033850088498209503
3016671,0.00010624436092174546
3016672,3.890872540073801e-05
3016673,0.003676362665148507
3016674,0.21836165776847977
3016675,0.2128141384077545
3016676,0.7629730554180448
3016677,0.011496150573545348
3016678,0.06801971367049055
3016679,0.00081836569981941
3016680,0.06278254711583794
3016681,0.0584918432410003
3016682,0.23018541857688676
3016683,1.1229131716524283
3016684,0.021815794228043178
3016685,0.09508664147971048
3016686,4.515296641311528e-05
3016687,1.206206269370867
3016688,0.15283828622544204
3016689,0.04244321218029549
3016690,0.00010120013215458195
3016691,0.00035461818392368787
3016692,2.105009171675354e-06
3016693,0.003981961919847791
3016694,0.5654474521784857
3016695,0.9618441572741776
3016696,0.0005146495661379504
3016697,0.5355980120346925
3016698,0.057791832909586185
3016699,5.056268454193054e-07
3016700,0.0002720732810669734
3016701,0.17940932122080425
3016702,0.3823646175630161
3016703,0.005738398502769422
3016704,0.006634873604910321
3016705,6.60018879706785e-05
3016706,0.0033364986907371435
3016707,0.31592430410933725
3016708,0.21177469836388374
3016709,1.4966180942718215
3016710,0.02611180649813291
3016711,0.4000951701972419
3016712,0.007573473421194043
3016713,0.07996617017890915
3016714,0.04958262560321664
3016715,0.2212287835033404
3016716,1.59325689533114
3016717,0.022243176490116607
3016718,0.07701761214303003
3016719,5.352957719496872e-05
3016720,1.7882990613222507
3016721,0.1329252745869016
3016722,0.0440693727867894
3016723,0.00013540699722883006
3016724,0.0005420269434058297
3016725,4.778400218397559e-06
3016726,0.02553039554393298
3016727,0.17208650337585954
3016728,0.922891048346559
3016729,1.3606624234106391e-06
3016730,0.7709340395794649
3016731,0.10986236950092573
3016732,1.0740514755132629e-06
3016733,0.00020352830791555644
3016734,0.006016985045482506
3016735,0.17328801403615893
3016736,0.007252798118739163
3016737,0.05094409184521649
3016738,0.0008842814017736106
3016739,0.0011403810442559938
3016740,0.1588403935708715
3016741,0.14066645282262813
3016742,0.7883497619308498
3016743,0.01823675813903809
3016744,0.05981665683933989
3016745,0.0025086036022902328
3016746,0.0555186508887327
3016747,0.042573404611928704
3016748,0.22898986273589494
3016749,1.5359050242003738
3016750,0.01992266945398892
3016751,0.08433175574640371
3016752,5.932770029621608e-05
3016753,1.116696002325326
3016754,0.04665198865980218
3016755,0.004963550417639807
3016756,1.8769035440366444e-05
3016757,0.0003599547579947148
3016758,4.572919176962574e-06
3016759,0.005389407937410547
3016760,0.24700839632613422
3016761,0.51773479032126
3016762,0.0005146495661379504
3016763,0.1539740707040501
3016764,0.0626080992883825
3016765,5.029345394710887e-07
3016766,0.00034756228800075144
3016767,0.0023128969099829332
3016768,0.794379717209491
3016769,0.11215260996550926
3016770,3.0787661439409194e-05
3016771,0.285835398442361
3016772,0.0012768235870432372
3016773,0.2571029086216927
3016774,0.060860453948216285
3016775,0.45082993221920226
3016776,0.0031324712537788464
3016777,0.003788677802032607
3016778,0.00810912984572535
3016779,0.0769013273138552
3016780,9.177442350072046e-07
3016781,2.576436367012428e-05
3016782,1.2156347234154117
3016783,0.012747772340424643
3016784,0.11607287773618957
3016785,0.07937671691568075
3016786,1.7887563307219287
3016787,0.0022183204997288583
3016788,0.04432892031108718
3016789,9.083351300518388e-05
3016790,0.0005651792024103082
3016791,0.00013878744182794245
3016792,0.00021732940784546334
3016793,0.5376220625533136
3016794,0.18446156573006045
3016795,1.2337897248085998e-06
3016796,0.8951161543202093
3016797,0.07397293557579385
3016798,5.567887691199183e-07
3016799,0.00017322257626793393
3016800,0.13993409847618435
3016801,0.313830057304977
3016802,0.0029256750020166017
3016803,0.010013900782449197
3016804,0.00027794260215420377
3016805,0.0019034197625304717
3016806,0.3405685010329743
3016807,0.2028511529518166
3016808,0.5570093185754308
3016809,0.016592670029082306
3016810,0.39918200073688787
3016811,0.00013057134895615684
3016812,0.10579225446371855
3016813,0.038091999775913855
3016814,0.24017044203215934
3016815,2.5724145070989004
3016816,0.019734241467639982
3016817,0.206751414756554
3016818,0.0033005986421928662
3016819,1.4248494703677457
3016820,0.08780291658561974
3016821,0.03778585182741423
3016822,0.00012590392780069276
3016823,0.000554231144575005
3016824,3.0671673292335935e-06
3016825,0.0090710206030689
3016826,0.4570890821650252
3016827,0.03716585693019512
3016828,4.088785818233908e-05
3016829,0.8084797051093027
3016830,0.06629991692736317
3016831,0.011895389188567113
3016832,0.00011129009448334896
3016833,0.1382693577621024
3016834,0.3891262417085992
3016835,0.006649746210570873
3016836,0.13730532510792265
3016837,2.714062857559566e-05
3016838,0.0036522296870655476
3016839,0.21853046357292855
3016840,0.15018230884479014
3016841,1.5798087903645468
3016842,0.02696201940968306
3016843,0.40603920869612753
3016844,0.005751081844667859
3016845,0.04508799553794087
3016846,0.037004861011936105
3016847,0.2350591733439319
3016848,2.855621575372402
3016849,0.040803166149809694
3016850,0.08878263500546839
3016851,4.6567439168128116e-05
3016852,1.3256211343437985
3016853,0.08130926817156098
3016854,0.041762066575525086
3016855,0.00013938578177698915
3016856,0.000491219978855978
3016857,2.9368919709011906e-06
3016858,0.009707951221629462
3016859,0.5523402511576008
3016860,0.03529850708393604
3016861,0.13070888101653075
3016862,1.0506252679903594
3016863,0.0697888113018302
3016864,1.7128180742816872e-06
3016865,4.8444131895337296e-05
3016866,0.12156666251272462
3016867,0.40026928380843835
3016868,0.003640901553709601
3016869,0.06278634158534847
3016870,4.964536273685975e-05
3016871,0.002469371488401002
3016872,0.38223132529878073
3016873,0.17044850086114943
3016874,1.8112748420993428
3016875,0.019471877295733356
3016876,0.3321991421358971
3016877,0.0008188163651684528
3016878,0.053656364335955886
3016879,0.04161044719112079
3016880,0.2168316072557468
3016881,3.70249443413114
3016882,0.03878570817936935
3016883,0.08866924581843696
3016884,5.621783760213198e-05
3016885,1.8259757109415344
3016886,0.16007708963913042
3016887,0.04298410024663018
3016888,0.00013367099009594686
3016889,0.0005354787785772703
3016890,2.1044133218557524e-06
3016891,0.01562989471590646
3016892,0.19972585852055325
3016893,1.1838871840612537
3016894,0.09687690794334658
3016895,0.8894462543425021
3016896,0.026881675388739725
3016897,5.029345394710887e-07
3016898,6.01176946765563e-06
3016899,0.13739710759647047
3016900,0.9086518102730806
3016901,0.0014078057780516607
3016902,0.014837655175411892
3016903,0.0007593093518580038
3016904,0.0016918260491207316
3016905,0.23457527945349024
3016906,0.13426368930989424
3016907,0.8717782510775087
3016908,0.022040275062038803
3016909,0.2929279317167835
3016910,0.0012073799483127805
3016911,0.13765895760122432
3016912,0.05039000208203881
3016913,0.14034073181144227
3016914,0.696785118179412
3016915,0.008072240858179562
3016916,0.09011369684617464
3016917,0.006377882646183629
3016918,1.6162301895230229
3016919,0.08054100809417192
3016920,0.016662613122659906
3016921,0.00010647328965193402
3016922,0.00043776344908360914
3016923,7.209231258699687e-06
3016924,0.21598878937206467
3016925,0.12673004636691804
3016926,0.01016434279340977
3016927,0.0014774122007622174
3016928,0.41640271336641305
3016929,0.0757001892049154
3016930,0.00013043182474277882
3016931,4.351000144941204e-06
3016932,0.04984377685503908
3016933,0.1649131057651293
3016934,0.006663090302525916
3016935,0.13429757207970827
3016936,0.0013838472944474685
3016937,0.03680332003635741
3016938,0.12602953896625946
3016939,0.1869076621612798
3016940,0.5772034557271631
3016941,0.007035877771009127
3016942,0.2575586249237942
3016943,0.002835475070822033
3016944,0.03209471210951993
3016945,0.02407677758398786
3016946,0.5162645900022694
3016947,3.6248527160689665
3016948,0.02650119092153556
3016949,0.1046376138368385
3016950,0.012577803777298334
3016951,1.4770961529100133
3016952,0.06218314782597003
3016953,0.016466547646535455
3016954,0.008546696918045271
3016955,0.0006174473612266323
3016956,2.5285422376767173e-06
3016957,0.0009644532226561269
3016958,0.49666436462291824
3016959,0.0012850331916668953
3016960,0.0014774122007622174
3016961,0.604987260718055
3016962,0.07048068552577759
3016963,5.045923280384653e-07
3016964,0.00110872430074913
3016965,0.0015201581393871914
3016966,0.1164992744279443
3016967,0.2408006864043447
3016968,0.007857934011523229
3016969,0.13053243733368458
3016970,0.003436584183399339
3016971,0.2672370911042796
3016972,0.033707896769909255
3016973,0.09645527238499375
3016974,0.0018264575911243986
3016975,0.0024173168012564064
3016976,0.004749130888279375
3016977,0.08240925002976067
3016978,0.012253866731738556
3016979,4.7004505898305655e-05
3016980,0.4543485949704124
3016981,0.008010921106996286
3016982,0.181640316569675
3016983,6.378757684697652e-05
3016984,0.3192944372141952
3016985,0.28300353193120426
3016986,0.014699218258430726
3016987,0.0037500560272464775
3016988,0.00011194262974945333
3016989,0.0018332388473019804
3016990,0.03058699599662342
3016991,0.22102896489648527
3016992,0.3165903445245683
3016993,0.21682142434018
3016994,0.902538560411125
3016995,0.03987305940342523
3016996,5.045923280384653e-07
3016997,1.5905452618784966e-06
3016998,0.16863472030201587
3016999,0.5588049848776401
3017000,0.0043023028368078635
3017001,0.022791239274339892
3017002,0.0009989880131629559
3017003,0.001851089982333731
3017004,0.2725360651657458
3017005,0.18122931727313185
3017006,0.33115969672305345
3017007,0.022361532225516904
3017008,0.03528396641836573
3017009,0.02059921240484579
3017010,0.08320860842663645
3017011,0.031993273859411316
3017012,0.17846886742265564
3017013,2.693721736960128
3017014,0.036808058696143134
3017015,0.13677991856367164
3017016,4.238998963317678e-05
3017017,0.8582000365638385
3017018,0.030135235663655772
3017019,0.052602241549957664
3017020,0.004081610033666631
3017021,0.001106931704455701
3017022,3.7402921742639424e-06
3017023,0.10526331007483022
3017024,0.12501178588020634
3017025,0.29672972500698636
3017026,0.0009691440795481983
3017027,0.15413717686177641
3017028,0.12129731494995659
3017029,5.045923280384653e-07
3017030,0.003295900118995121
3017031,0.09122735677431011
3017032,0.20874423686135188
3017033,0.025170584257472994
3017034,0.028076385081265694
3017035,0.012272716449336295
3017036,0.0016714630360528085
3017037,0.4702981875857067
3017038,0.04066911788405991
3017039,0.14176204035699122
3017040,0.00217411556824719
3017041,0.004892511386130395
3017042,0.001267342064610638
3017043,0.058291268946856635
3017044,0.029521276749933018
3017045,4.906348047942856e-05
3017046,5.734297742031801
3017047,0.0058224801519346295
3017048,0.17393403279646283
3017049,0.00010305471847393765
3017050,0.952741712984974
3017051,0.06643301656135578
3017052,0.0031264123940016528
3017053,0.005692995684792491
3017054,0.00031829008625203274
3017055,0.001571503433016432
3017056,0.03123628632522611
3017057,0.12975485999397499
3017058,0.0879516802062244
3017059,0.0014774122007622174
3017060,1.6380399788204636
3017061,0.08759198353833053
3017062,5.045923280384653e-07
3017063,0.0009256623354371929
3017064,0.0027118189430343585
3017065,0.18658676054878953
3017066,0.30819618086594963
3017067,0.02025769475942643
3017068,0.13437331339804148
3017069,0.001985175759693398
3017070,0.2829711502425969
3017071,0.2365098927044568
3017072,0.04443614668070325
3017073,0.0031560480097016664
3017074,0.022540542346646215
3017075,0.0004305006477675908
3017076,0.06769178397919796
3017077,0.05318039041864032
3017078,4.906348047942856e-05
3017079,0.1689184256358075
3017080,0.004779685490188356
3017081,0.19343651488127042
3017082,0.00047557258646484485
3017083,0.7412571815790036
3017084,0.18572365053011966
3017085,0.0037830952002335812
3017086,0.0010356313462414914
3017087,0.00010107344470213227
3017088,0.001390350213604745
3017089,0.024440183898378445
3017090,0.3784592756948753
3017091,0.008829073499751865
3017092,0.0014774122007622174
3017093,1.6029468651875407
3017094,0.09668919616367422
3017095,5.045923280384653e-07
3017096,0.005461369880623697
3017097,0.014027108594339732
3017098,0.2668873109046036
3017099,0.026371577250928292
3017100,0.012186992586576724
3017101,0.2299055461593946
3017102,0.029029385001390268
3017103,0.300294405745381
3017104,0.03927432588566971
3017105,0.1391643095282373
3017106,0.0017865386747230611
3017107,0.048646678304899174
3017108,0.014418235735894205
3017109,0.031124348244778086
3017110,0.07462050248936879
3017111,4.906348047942856e-05
3017112,1.49878028733581
3017113,0.017193752790533732
3017114,0.22117265198078373
3017115,0.00034346378341984035
3017116,1.2028865564330293
3017117,0.11471274741870768
3017118,0.0027316341798494436
3017119,0.007252442345035682
3017120,0.00034995218431142663
3017121,0.007036233938351968
3017122,0.030503216140043626
3017123,0.13604873784325672
3017124,0.005337357572467959
3017125,0.02150804569470491
3017126,0.668802920102256
3017127,0.11672564196778583
3017128,5.045923280384653e-07
3017129,0.002901071695479049
3017130,0.0011563375947650273
3017131,0.2084456028555016
3017132,0.026303180197658097
3017133,0.03586200790841409
3017134,0.5779528863033566
3017135,0.0020887930563217405
3017136,0.34461400884209475
3017137,0.0037792012068746717
3017138,0.40133335158909994
3017139,0.0024505936816246027
3017140,0.0036420646631506416
3017141,0.01026989717121834
3017142,0.030108806283930378
3017143,0.03191111554744748
3017144,4.906348047942856e-05
3017145,0.8119895608987044
3017146,0.00860402053654636
3017147,0.12703631465131993
3017148,0.0005501137966771419
3017149,0.8234421765608829
3017150,0.07766707884954294
3017151,0.004161867545755513
3017152,0.004080067037372174
3017153,0.0001477209893484669
3017154,0.0002537671995990809
3017155,0.020313704752525027
3017156,0.14126774499613062
3017157,0.026982032830376226
3017158,0.009842287204357678
3017159,0.07175546488009726
3017160,0.20394864308385538
3017161,5.045923280384653e-07
3017162,0.0009512817625526442
3017163,0.003909474945126225
3017164,0.10618233512146755
3017165,0.19117645566516805
3017166,0.037882305623065896
3017167,0.06357933862107873
3017168,0.001505040439472976
3017169,0.11610338167843806
3017170,0.07286672845105405
3017171,0.11306148460484387
3017172,0.0018478557926373664
3017173,0.003515097233291479
3017174,0.004404261860054889
3017175,0.02599960740830837
3017176,8.164430002091269e-07
3017177,4.906348047942856e-05
3017178,0.3955761164667266
3017179,0.007151960101359758
3017180,0.16996852255306402
3017181,0.0029269133842810126
3017182,0.2931005258333711
3017183,0.34169005122010815
3017184,0.016689627880973796
3017185,0.0454000043048421
3017186,0.0001793901487421197
3017187,0.0017489688695871953
3017188,7.497510787647851e-05
3017189,0.19831432157892817
3017190,0.6628679731885588
3017191,0.10488639288936628
3017192,0.7327276731589724
3017193,0.08314752096007966
3017194,5.045923280384653e-07
3017195,2.5318097655955093e-06
3017196,0.01043028059495777
3017197,0.2691670287191575
3017198,0.0037094337308118293
3017199,0.032420016319743776
3017200,0.002487108885417051
3017201,0.0016294224909300912
3017202,0.33170369436970126
3017203,0.14414249416825123
3017204,0.5463092897525336
3017205,0.013029029209948209
3017206,0.006827163093914681
3017207,0.0014293235964154074
3017208,0.023996431987757683
3017209,0.07048329356288387
3017210,4.7004505898305655e-05
3017211,2.0495857395630925
3017212,0.004267324270819859
3017213,0.11309430814257226
3017214,9.877054766625464e-05
3017215,0.7565646984381076
3017216,0.07434447854771793
3017217,0.03679605857039274
3017218,0.0036144762865498903
3017219,0.0003381923749300422
3017220,4.0239180569814876e-06
3017221,0.02138327088834704
3017222,0.11552902220680708
3017223,0.0027241299281739557
3017224,0.02388261078605823
3017225,0.4236336549580562
3017226,0.06747186863139966
3017227,5.045923280384653e-07
3017228,2.571951074116387e-07
3017229,0.005800683701248256
3017230,0.1009508589802735
3017231,0.003853248804405793
3017232,0.0005863067853310603
3017233,0.0037669988504248964
3017234,0.0009144165447236059
3017235,0.1903938808888316
3017236,0.034859504961272096
3017237,0.21240844823856508
3017238,0.016562060744957457
3017239,0.003768079605583747
3017240,0.000583529052995239
3017241,0.03161758478537218
3017242,0.017972678141762233
3017243,0.3001942252398597
3017244,0.19179598303001233
3017245,0.019498459412917193
3017246,0.07699809825648624
3017247,2.2621528264437418e-05
3017248,0.11525731489443718
3017249,0.03717897358596402
3017250,0.004150515695992429
3017251,0.0010404033105934508
3017252,9.658508924531536e-05
3017253,9.330334089378347e-07
3017254,0.26550872162565586
3017255,0.0414892311137813
3017256,0.763095534432512
3017257,0.05993569778097756
3017258,0.9021786411334632
3017259,0.03797757503807328
3017260,5.045923280384653e-07
3017261,0.000532107077818411
3017262,0.004196570570391465
3017263,0.329955408824046
3017264,0.021409250131627533
3017265,0.004981281985800533
3017266,0.030168276498718186
3017267,0.0031185414882423136
3017268,0.24375879144049567
3017269,0.26820036832503324
3017270,0.8741482416417802
3017271,0.004401826117875126
3017272,0.003891568492445152
3017273,0.011740245932897839
3017274,0.04589602442371124
3017275,0.02065870007672902
3017276,4.906348047942856e-05
3017277,1.800781516713236
3017278,0.004967460996300846
3017279,0.16258471892834783
3017280,0.000699450785072539
3017281,0.6113305037944796
3017282,0.07707214027861803
3017283,0.003180182988866251
3017284,0.0035064761164823803
3017285,0.0048987650440919465
3017286,0.007570622485172516
3017287,0.023502055757627566
3017288,0.19740435337766882
3017289,0.6751816856302415
3017290,0.0009202705406981222
3017291,1.1544572819872305
3017292,0.12045949891387442
3017293,4.903620492626061e-07
3017294,9.054550032921501e-05
3017295,0.08505389512032618
3017296,0.09635210200703119
3017297,0.008062444704310738
3017298,0.07442054627874475
3017299,0.0009431031736256586
3017300,0.001975460507899035
3017301,0.5604925485954967
3017302,0.19917530056536958
3017303,1.1175559145645373
3017304,0.012791587186281844
3017305,0.37055992638482177
3017306,0.005281056533608449
3017307,0.10896668232691817
3017308,0.02460859907028356
3017309,0.543403967932129
3017310,4.525850569303977
3017311,0.015588540433520622
3017312,0.1064013807865673
3017313,0.01022147256326326
3017314,1.1133895397019848
3017315,0.1500396776711491
3017316,0.039892126068302725
3017317,0.01710536694374443
3017318,0.0008180226788947102
3017319,3.8026830219498324e-06
3017320,0.004012386884072433
3017321,0.6938399601520562
3017322,0.5521016163951746
3017323,0.04853915486059683
3017324,0.6571600605018968
3017325,0.07180573241026962
3017326,5.045923280384653e-07
3017327,1.017863381719348e-06
3017328,0.008189706981515887
3017329,0.5330512089154364
3017330,0.0030836462710409603
3017331,0.02360645626964578
3017332,0.015035844349164555
3017333,0.0013716250250618439
3017334,0.49245703753523035
3017335,0.1665181281095285
3017336,0.19694911216445704
3017337,0.006917490951453602
3017338,0.0031839571395911597
3017339,0.002270392962452587
3017340,0.09551074004176549
3017341,0.042933090336343085
3017342,0.28724267413407684
3017343,1.2837354918046446
3017344,0.002982332559251401
3017345,0.15363299201378006
3017346,3.347835107811698e-05
3017347,0.8491317414028303
3017348,0.05271900603583522
3017349,0.0032677311137190475
3017350,0.0039011865625576624
3017351,0.0003154479268076155
3017352,0.00019728780669518972
3017353,0.2883918572217485
3017354,0.11546076191550057
3017355,0.8520853133565478
3017356,0.27558558061035626
3017357,0.6172155529384412
3017358,0.04551599681646364
3017359,5.045923280384653e-07
3017360,2.48159649076707e-06
3017361,0.0067779636416923856
3017362,0.5978366550991471
3017363,0.005247532479941404
3017364,0.004546595199438763
3017365,0.049118214758671265
3017366,0.0015396833014078995
3017367,0.30218924220214377
3017368,0.19599099969058753
3017369,0.21840737834411753
3017370,0.01814751976013554
3017371,0.05786652568093418
3017372,0.011637397055154208
3017373,0.027571599534909712
3017374,0.009619778024727946
3017375,0.22338639481590752
3017376,2.517529659617
3017377,0.03327919676952775
3017378,0.16088456854603642
3017379,8.897721951045299e-05
3017380,0.8142527892329756
3017381,0.03089228282921684
3017382,0.017370609421553142
3017383,0.001689990418614887
3017384,0.0013898479011924757
3017385,3.4218821952758843e-06
3017386,0.0023045638473402513
3017387,0.07061591721345778
3017388,0.031576443948462665
3017389,0.013202048217456906
3017390,0.5502404854205181
3017391,0.13569217612168977
3017392,5.045923280384653e-07
3017393,0.0006086269807802225
3017394,0.0028626921595454593
3017395,0.24779285072567775
3017396,0.3054172811160337
3017397,0.06819531766204509
3017398,0.3559595597482888
3017399,0.0021969043865337576
3017400,0.23516141160952095
3017401,0.11840249851753153
3017402,0.6441881644714677
3017403,0.01343880429476194
3017404,0.004329807508160509
3017405,0.0026750649428079693
3017406,0.05205629745563146
3017407,0.15441814297649634
3017408,4.906348047942856e-05
3017409,1.9540050033755605
3017410,0.004321141731974358
3017411,0.10085003081311199
3017412,0.0010048507558165017
3017413,0.3725425772601207
3017414,0.056730906234278795
3017415,0.0036979953351258302
3017416,0.0027988281485292876
3017417,0.00026231010618474386
3017418,0.0024628914952752002
3017419,0.027517246187424974
3017420,0.15435028789727068
3017421,0.002806587933306245
3017422,0.0014774122007622174
3017423,0.6577050823714476
3017424,0.22120146936726662
3017425,0.00015752673126372775
3017426,0.00029642189825886155
3017427,0.045791981987966135
3017428,0.13331005239192517
3017429,0.014692702930241072
3017430,0.11910764771568748
3017431,0.43237032489327576
3017432,0.0018984177980266598
3017433,0.23103363517742537
3017434,0.17180415581181427
3017435,0.07023519550628846
3017436,0.002241105976161964
3017437,0.18675611350575033
3017438,0.10701321351110944
3017439,0.11450045395234917
3017440,0.029583484893652232
3017441,0.2472039199038906
3017442,1.5406412468566497
3017443,0.03024841830189205
3017444,0.181131471951452
3017445,0.015077644716832171
3017446,0.5148378372250777
3017447,0.05582427031391719
3017448,0.024336659224946277
3017449,0.012880408444296722
3017450,0.000501687636613537
3017451,1.0747388298089162e-05
3017452,0.0031757217162643654
3017453,0.9314231683210149
3017454,0.006066701419188685
3017455,0.00638080225970181
3017456,0.9339713937681419
3017457,0.07775766676043025
3017458,1.6879315825307606e-06
3017459,7.238578983885284e-05
3017460,0.16927318317795564
3017461,0.1805215847916469
3017462,0.010064196515785316
3017463,0.0270716894247374
3017464,0.00032461198957648644
3017465,0.003406822469564692
3017466,0.30950874453946764
3017467,0.2021064697670342
3017468,0.3264024670338395
3017469,0.006038334057147369
3017470,0.24621642767139196
3017471,0.001630961627801503
3017472,0.033078894717498454
3017473,0.02386566792185731
3017474,0.536056248519433
3017475,4.896733299147364
3017476,0.027531181384361985
3017477,0.10088212783627802
3017478,0.013811954276385024
3017479,1.019668323400603
3017480,0.13380979633782691
3017481,0.027961159912449778
3017482,0.016930927735825604
3017483,0.0006569315337110783
3017484,1.3309613275161258e-06
3017485,0.0011649365790599865
3017486,0.6668115151886295
3017487,0.0038414894636923038
3017488,0.004126121679184655
3017489,0.6057846954162734
3017490,0.014292869442576524
3017491,9.685898889193273e-07
3017492,3.7165744057836314e-05
3017493,0.007208471630457868
3017494,0.06133348855782781
3017495,0.004203767300231928
3017496,0.017836346996526576
3017497,0.0035172366562008497
3017498,0.0005077498901698865
3017499,0.12240136121598788
3017500,0.06031736205803714
3017501,0.32787825164437295
3017502,0.005354312626692002
3017503,0.31021774257153534
3017504,0.0003534127221316401
3017505,0.019512696186729992
3017506,8.164430002091269e-07
3017507,0.44858240018528606
3017508,0.2196701944278788
3017509,0.03228681568693851
3017510,0.06865530882581233
3017511,0.0061090437961767415
3017512,0.1389595971399826
3017513,0.03682305863371206
3017514,0.005674903094637339
3017515,0.002753483270816474
3017516,0.00022053612293980042
3017517,8.57575442800784e-07
3017518,0.008060734933100168
3017519,0.2940631086684327
3017520,0.006502166870269724
3017521,0.0014774122007622174
3017522,0.026397040189807066
3017523,0.3254166171826938
3017524,4.903620492626061e-07
3017525,6.538123133278256e-05
3017526,0.0042426584425680385
3017527,0.08641582088830536
3017528,0.17167389301425698
3017529,0.032918181074578605
3017530,0.40409373279748095
3017531,0.0012129304028185499
3017532,0.04090728736651712
3017533,0.051196801896461246
3017534,0.47280771166076246
3017535,0.002707045462896891
3017536,0.023125906136934337
3017537,0.004952920291628903
3017538,0.019670778062888746
3017539,0.020911412582562267
3017540,0.5043044815365012
3017541,0.29710338255617874
3017542,0.04486871062893785
3017543,0.13087907440108854
3017544,0.004149439347849852
3017545,0.17374290107874255
3017546,0.06933420320989946
3017547,0.09446969678315373
3017548,0.0036087020839897874
3017549,0.008784726468148967
3017550,0.0021630194380703304
3017551,0.009765045043279729
3017552,0.03869368120980897
3017553,0.5718905792033959
3017554,0.019102744865004802
3017555,0.8327925168133133
3017556,0.05575031149632002
3017557,0.0060382328516940895
3017558,9.743559676941248e-05
3017559,0.15834976893006147
3017560,0.11880913544038157
3017561,0.008504148074074439
3017562,0.03487596181004235
3017563,0.0006471599772167537
3017564,0.001637626818890907
3017565,0.3968352181385179
3017566,0.19631018330775177
3017567,0.9525377314930624
3017568,0.005395800036604725
3017569,0.3656218587774338
3017570,0.01320263064367546
3017571,0.05013635251415964
3017572,0.01928339966026971
3017573,0.5590288107766853
3017574,2.174128567076981
3017575,0.03908135864386922
3017576,0.12561333977243003
3017577,0.01334498949196115
3017578,0.8949883274096835
3017579,0.19510767470451648
3017580,0.02931896838747894
3017581,0.014419782761326078
3017582,0.0006740783165524617
3017583,1.8749734872188976e-06
3017584,0.010536796138609904
3017585,0.47587420319783447
3017586,0.7095239996044451
3017587,0.0003364733808164338
3017588,0.33381109618521393
3017589,0.06885313958293732
3017590,5.045923280384653e-07
3017591,1.542488866945134e-06
3017592,0.17107241124096845
3017593,0.6042656960625116
3017594,0.0019818894163895094
3017595,0.011210322075153293
3017596,0.0005641611898225322
3017597,0.001520101055025331
3017598,0.3248726346453927
3017599,0.12452796256235645
3017600,0.40855743083139395
3017601,0.022283081148243185
3017602,0.32225222107718243
3017603,0.004229639289649551
3017604,0.05165811326312161
3017605,8.164430002091269e-07
3017606,0.4573670588629892
3017607,2.4592887425837437
3017608,0.027842469651801795
3017609,0.17322649859866926
3017610,6.869591784532027e-05
3017611,0.8492168866764874
3017612,0.06918279988441488
3017613,0.00911461200473535
3017614,0.0038177423302479902
3017615,0.0008879227822768564
3017616,2.303149909105507e-06
3017617,0.00536401634617849
3017618,0.1315081374999243
3017619,0.6262441759260657
3017620,0.2797656186242811
3017621,0.8412824097643089
3017622,0.10239714775316788
3017623,5.045923280384653e-07
3017624,1.328767060471672e-06
3017625,0.03674733116958972
3017626,0.3744000684533082
3017627,0.005360440275351946
3017628,0.0025127016561333026
3017629,0.00029514299409568335
3017630,0.0022829574084792005
3017631,0.3758768895389579
3017632,0.13909414778567616
3017633,0.6339739446788101
3017634,0.023819432352585827
3017635,0.05668169846015542
3017636,0.002869073840172704
3017637,0.07295972136636292
3017638,8.164430002091269e-07
3017639,0.37153474595818853
3017640,2.2241054133980063
3017641,0.038478381452167275
3017642,0.23419325981422054
3017643,6.512788042416128e-05
3017644,0.5815215990932753
3017645,0.0693086691551064
3017646,0.0027439566169934317
3017647,0.004830522027452082
3017648,0.0004307739100677157
3017649,6.209474262276803e-06
3017650,0.00406002867259808
3017651,0.15963273304041925
3017652,0.9863633669336461
3017653,0.021401918692119614
3017654,1.5613415888205313
3017655,0.11766538945622462
3017656,3.929926232096656e-07
3017657,0.00012552423008228996
3017658,0.12378917140379393
3017659,0.13081244295580385
3017660,0.005015391295332496
3017661,0.019028848319248066
3017662,0.00020416965642190409
3017663,0.037531761307093334
3017664,0.5565653727364934
3017665,0.1763428938962233
3017666,1.769445571361817
3017667,0.014135762628240777
3017668,0.40747937584361693
3017669,0.007948938269123693
3017670,0.12756256605352223
3017671,0.02960691907908043
3017672,0.5345816497587721
3017673,8.520463992400257
3017674,0.033898205447900995
3017675,0.12085203229189068
3017676,0.013053854934316536
3017677,1.1721170403280203
3017678,0.12997628900451566
3017679,0.046386267316962125
3017680,0.0016273707011151544
3017681,0.0007929315099603237
3017682,3.0317453333321213e-06
3017683,0.015351296950577634
3017684,0.6491542417447072
3017685,0.005451703178931948
3017686,0.13450087193807891
3017687,0.3057816544836842
3017688,0.3496246158267822
3017689,5.045923280384653e-07
3017690,0.005496634168043462
3017691,0.001506263493540309
3017692,0.13187236570500352
3017693,0.2930073691515874
3017694,0.07453825242538728
3017695,0.007457860491625712
3017696,0.0033181249109341363
3017697,0.12432724906107889
3017698,0.05496419733364024
3017699,0.19226403509599807
3017700,0.0043742862840742275
3017701,0.0043632989046793165
3017702,0.005220279878998345
3017703,0.03509665963893149
3017704,0.33737474941801404
3017705,9.667746693943363e-05
3017706,1.5108798007764692
3017707,0.002888238751593472
3017708,0.2158556087011998
3017709,0.00010938592960486329
3017710,0.09055550992009326
3017711,0.07864381456164958
3017712,0.021352824364744453
3017713,0.007287095975194143
3017714,0.00018654383565774765
3017715,0.00016975743380127
3017716,0.0015974584564826544
3017717,0.13923533162571194
3017718,0.8978216359087452
3017719,0.032592125283922295
3017720,0.40306800874858667
3017721,0.014876503177744447
3017722,5.045923280384653e-07
3017723,2.0582533551893146e-06
3017724,0.027279688843589125
3017725,0.3927075580475791
3017726,0.002525001677127957
3017727,0.015426334295233435
3017728,0.0005103329984315138
3017729,0.0020808554008616364
3017730,0.3074897259842805
3017731,0.19028489788346506
3017732,0.32458289724458944
3017733,0.01648738593476348
3017734,0.06100667936121281
3017735,0.002126882098835255
3017736,0.04257699999621859
3017737,0.04128356835969479
3017738,0.3154851478767838
3017739,2.58789868119388
3017740,0.0954426877832298
3017741,0.11579670096184332
3017742,0.004028861386907739
3017743,0.8919058262677753
3017744,0.06731395725470955
3017745,0.010790600898792748
3017746,0.0014620113689525836
3017747,0.0010769122934152085
3017748,3.8405822042009776e-06
3017749,0.012530327478333094
3017750,0.23750666283395938
3017751,0.0016315908072359162
3017752,0.0014774122007622174
3017753,0.16391188558653366
3017754,0.09940081589383978
3017755,5.045923280384653e-07
3017756,0.00044684183953941933
3017757,0.0015293785529313338
3017758,0.09600547893155927
3017759,0.1447769229563009
3017760,0.05541552757119981
3017761,0.00028360253925031594
3017762,0.0008511799706050414
3017763,0.07466554748756259
3017764,0.02861047060325355
3017765,0.13804700386254073
3017766,0.005984809287640079
3017767,0.002586483464472063
3017768,0.026576430936268804
3017769,0.02570047481774227
3017770,8.164430002091269e-07
3017771,9.667746693943363e-05
3017772,0.25870489904018734
3017773,0.025911086465229584
3017774,0.034825928276077826
3017775,0.00020612498461123003
3017776,0.11586841379503955
3017777,0.1443413665483052
3017778,0.12113561580723294
3017779,0.0024163372923695515
3017780,0.0024711187008305273
3017781,0.0010403429152929758
3017782,1.9330298257833585e-05
3017783,0.2266423436022549
3017784,0.6662070111850836
3017785,0.0014774122007622174
3017786,0.9814683286028663
3017787,0.14408785335578417
3017788,5.045923280384653e-07
3017789,0.0010952838449683564
3017790,0.0025923979163736386
3017791,0.20951371488315404
3017792,0.2660707563963429
3017793,0.012888775773230358
3017794,0.0066217722923048224
3017795,0.001607888334325335
3017796,0.5490005920055842
3017797,0.069525262004638
3017798,0.20602215858285147
3017799,0.010105373879778636
3017800,0.0040294084766314235
3017801,0.010696846698294588
3017802,0.02783937931636531
3017803,8.164430002091269e-07
3017804,4.7004505898305655e-05
3017805,3.9511105505672224
3017806,0.004889066188305223
3017807,0.12503830744563565
3017808,0.00010458937770800395
3017809,0.7410436225128652
3017810,0.06779019924876266
3017811,0.002177477141792731
3017812,0.0023997012579396013
3017813,5.255759196166285e-05
3017814,3.3660723106367862e-06
3017815,0.00012480292053110252
3017816,0.21688264032110116
3017817,0.003782533570722768
3017818,0.42451160717774106
3017819,0.28476777939891024
3017820,0.04925129319569787
3017821,5.045923280384653e-07
3017822,5.047497971184939e-06
3017823,0.009837778408710238
3017824,0.32720400389230486
3017825,0.0034297740005411986
3017826,0.016487434917198784
3017827,0.0008982501086177527
3017828,0.0022695414335091955
3017829,0.4397142999199055
3017830,0.09708304297452364
3017831,1.178313222671286
3017832,0.026589196792150542
3017833,0.37073190587396154
3017834,0.004770364679377456
3017835,0.026248558993998774
3017836,0.03406522186188187
3017837,0.3411224185495174
3017838,2.155352384214015
3017839,0.021648755805764152
3017840,0.1287735756521273
3017841,7.182955694590989e-05
3017842,1.2514852905180645
3017843,0.04690627792509439
3017844,0.0031358936807149695
3017845,0.0016018022852305393
3017846,0.00013865893414073303
3017847,0.00029128454884446743
3017848,0.03675543082982893
3017849,0.18590300291197956
3017850,0.026349026096530403
3017851,1.309593634106493e-05
3017852,0.03334866993223226
3017853,0.08621377441062712
3017854,5.045923280384653e-07
3017855,0.00031319228429764544
3017856,0.0015170195199819556
3017857,0.2354930855919171
3017858,0.2843105837978944
3017859,0.023384133142402973
3017860,0.001757552885196219
3017861,0.0014552053879421784
3017862,0.2724813860140286
3017863,0.09791062559697299
3017864,0.13607651505146537
3017865,0.0013018686476061602
3017866,0.0031690918931388604
3017867,0.04108670852317703
3017868,0.05746227265437376
3017869,8.164430002091269e-07
3017870,4.906348047942856e-05
3017871,0.07646182910798173
3017872,0.04014598399129006
3017873,0.1668666951033338
3017874,7.395849275446588e-05
3017875,0.13899538651826562
3017876,0.27081327005418326
3017877,0.07834807807012005
3017878,0.008256571435532871
3017879,0.00892332445798119
3017880,0.0027987964048859742
3017881,0.002411901132811481
3017882,0.0427081811132845
3017883,0.03255147101256603
3017884,0.0051409694778446315
3017885,0.17186383052187737
3017886,0.040606596271019306
3017887,5.045923280384653e-07
3017888,8.083315888974656e-06
3017889,0.012741485004524844
3017890,0.2367517864711624
3017891,0.003214534200690656
3017892,0.00694259918191054
3017893,0.004451875691883807
3017894,0.001912774154924894
3017895,0.6235654886606543
3017896,0.04327608149483822
3017897,0.1149454655112763
3017898,0.013268550200364555
3017899,0.026367122925241217
3017900,0.021789892106023574
3017901,0.05026698580095721
3017902,8.164430002091269e-07
3017903,0.5639030105865056
3017904,1.2549350033262126
3017905,0.03318524329040075
3017906,0.23572336645832276
3017907,9.573029961307951e-05
3017908,0.9246493555261606
3017909,0.02703131339319934
3017910,0.002527013522974179
3017911,0.0020464845220109973
3017912,0.000842749876053525
3017913,4.096042741173063e-06
3017914,0.004281603858481098
3017915,0.31752189517021745
3017916,0.014825293484704882
3017917,0.0014774122007622174
3017918,0.9755498864471897
3017919,0.046553553105986516
3017920,3.0611532322195505e-07
3017921,0.0001581482472562246
3017922,0.02041680436710578
3017923,0.06826284016244838
3017924,0.006233802942638463
3017925,0.09770138740960635
3017926,0.001751999822412661
3017927,0.0017707466768378697
3017928,0.37955629663275076
3017929,0.2104511117419022
3017930,1.018527440383543
3017931,0.019576412758323402
3017932,0.34535569022248386
3017933,0.012996445169748258
3017934,0.12188299148792194
3017935,0.026606677462953133
3017936,0.546212863886026
3017937,0.8052932213993672
3017938,0.02753249780412887
3017939,0.10688934033613104
3017940,0.011654328130171946
3017941,1.010351321351708
3017942,0.12286237716993677
3017943,0.044750690961066514
3017944,0.008562131403580255
3017945,0.0007605310702090015
3017946,2.378371305743989e-06
3017947,0.0012743159927203972
3017948,0.6443815349372063
3017949,0.5936341989853873
3017950,0.0014774122007622174
3017951,1.1189344073585248
3017952,0.017197509782902087
3017953,1.4951615497072095e-06
3017954,0.00010617469720937121
3017955,0.1472075778854783
3017956,0.2106315239407214
3017957,0.00497368668225586
3017958,0.0961792528660778
3017959,0.010687953245513929
3017960,0.0021483418765320386
3017961,0.4557633567503929
3017962,0.15736019885261185
3017963,0.6768255309344564
3017964,0.026455502269218858
3017965,0.03947296786187842
3017966,0.0007719315810774268
3017967,0.06476788475289938
3017968,0.024280843020440295
3017969,0.5062351110287394
3017970,3.0562335473527544
3017971,0.03826232520789829
3017972,0.08661485482493265
3017973,0.014892493582380055
3017974,0.7325611100097267
3017975,0.09447775586818141
3017976,0.03696049884549897
3017977,0.0024346764927814526
3017978,0.0007476966233401374
3017979,4.6529089318432555e-06
3017980,0.010569290580012975
3017981,0.4590072554227635
3017982,0.6311566123420792
3017983,0.08336252385456765
3017984,1.0144628860567309
3017985,0.03785413820135222
3017986,5.045923280384653e-07
3017987,4.606540363855676e-06
3017988,0.004149933787783951
3017989,0.779544798246838
3017990,0.004970030609083223
3017991,0.008479476304848755
3017992,0.00041733213774612437
3017993,0.0017484082296518873
3017994,0.4764847824410256
3017995,0.20409624014712116
3017996,1.1199910590192277
3017997,0.025012530350259153
3017998,0.03789040429160758
3017999,0.012601773067736745
3018000,0.031093641524432905
3018001,0.02068088811619412
3018002,0.509752338017083
3018003,1.9724047565813259
3018004,0.03283410387180565
3018005,0.10702183144743482
3018006,7.099827759604997e-05
3018007,1.1249112417333362
3018008,0.053528531175272405
3018009,0.042718212064936964
3018010,0.002641909709063082
3018011,0.0009395298199688932
3018012,5.106453384729507e-06
3018013,0.11784576502194859
3018014,0.1305896492861707
3018015,0.0059633826655286415
3018016,0.00167164498912899
3018017,1.1354145721124773
3018018,0.10362810206542007
3018019,4.296564489051852e-06
3018020,0.00014596440183611357
3018021,0.004749023285210412
3018022,0.09636722198375951
3018023,0.0077095439400701295
3018024,0.09343979882859119
3018025,0.00579226625416447
3018026,0.0021706766555168464
3018027,0.45295981183657347
3018028,0.16682786261500746
3018029,0.7262328435622942
3018030,0.004605679451624581
3018031,0.02889566858040814
3018032,0.024105519116936768
3018033,0.03616773921281823
3018034,0.026559833505324287
3018035,0.6543253616215761
3018036,0.7862111235497268
3018037,0.02323502677925835
3018038,0.1267712678450585
3018039,0.013368312190748872
3018040,1.010853451332495
3018041,0.056946767365182366
3018042,0.04070209039306127
3018043,0.015913150344650673
3018044,0.0005320151666427755
3018045,4.6122629957398464e-06
3018046,0.004225992068565463
3018047,0.7008478025247485
3018048,0.00931640814612762
3018049,0.04257244635544864
3018050,0.7946472367604089
3018051,0.057051006935453265
3018052,5.045923280384653e-07
3018053,6.254294595875247e-06
3018054,0.00503726644534365
3018055,0.3368884817957013
3018056,0.0031084823398680947
3018057,0.010627830189968827
3018058,0.005915420390683724
3018059,0.0034785147568251935
3018060,0.43096148490958175
3018061,0.13343084660538254
3018062,0.5488696238101413
3018063,0.011143005077363346
3018064,0.004737410622090066
3018065,0.030664169463329335
3018066,0.07087691899995664
3018067,8.164430002091269e-07
3018068,0.020167229693089213
3018069,3.0047606995189415
3018070,0.005129722727101904
3018071,0.08843902364272367
3018072,0.00012403156139606972
3018073,1.132863021421205
3018074,0.03470986926068825
3018075,0.04070010511491592
3018076,0.004675736818000812
3018077,0.00045542796388580245
3018078,5.490208352115463e-06
3018079,3.5720164603637866e-05
3018080,0.07443986603138333
3018081,0.5638652247064427
3018082,0.0001364363127947751
3018083,0.6845278564515729
3018084,0.07203897842315829
3018085,8.229927342796135e-07
3018086,7.077924709590132e-05
3018087,0.09415940173218348
3018088,0.17457224298427088
3018089,0.00684906098096664
3018090,0.02455417634324516
3018091,0.004823525872328262
3018092,0.027686373927967602
3018093,0.27173148400615216
3018094,0.15328128238575936
3018095,0.7862478503570329
3018096,0.016260528000658143
3018097,0.35622931407459163
3018098,0.0005655722023514656
3018099,0.060426963271448836
3018100,0.0175219522334749
3018101,0.5894179074787911
3018102,2.5092334135531416
3018103,0.0263520888254736
3018104,0.12595565741234754
3018105,0.004697776408999969
3018106,0.6383258802646675
3018107,0.13114875616722002
3018108,0.02916667602146252
3018109,0.0013650590456893551
3018110,0.00020057470979603553
3018111,5.158595538201896e-06
3018112,0.006786833719248732
3018113,0.7211701301869942
3018114,0.007952403852397935
3018115,0.0014774122007622174
3018116,0.42757459476683823
3018117,0.07545665618374309
3018118,4.903620492626061e-07
3018119,0.00010583317385655857
3018120,0.02638207413481046
3018121,0.1135703921139752
3018122,0.007631209578036485
3018123,0.062037281939353664
3018124,0.0018561387368600888
3018125,0.0028376400807052045
3018126,0.7894231722156252
3018127,0.19041302218681422
3018128,0.5180794915732623
3018129,0.010034543287118593
3018130,0.20711497215227434
3018131,0.0029573980068671735
3018132,0.02378320882483617
3018133,0.02409648750330125
3018134,0.5330451509509838
3018135,5.072095853155166
3018136,0.00805472999756794
3018137,0.12703102810714273
3018138,0.010336342198771274
3018139,0.6071306351501454
3018140,0.1355930058784194
3018141,0.03680309971603719
3018142,0.008642338948528649
3018143,0.0006526126480688676
3018144,3.2320236205943963e-06
3018145,0.007375104513859831
3018146,0.4608995112429528
3018147,0.18077471308232854
3018148,0.005701972656559979
3018149,0.23060203854770978
3018150,0.05186689796360746
3018151,5.045923280384653e-07
3018152,5.730837814486613e-06
3018153,0.07995746836808461
3018154,0.7947624634301992
3018155,0.005581788015296873
3018156,0.007612224468680477
3018157,0.0009946633030889563
3018158,0.0021796662886668624
3018159,0.43761525140946683
3018160,0.11294137474957713
3018161,0.018797235391889763
3018162,0.006274374142766199
3018163,0.06108924928546952
3018164,0.00220808584895588
3018165,0.10398346215416883
3018166,8.164430002091269e-07
3018167,0.32716611058827966
3018168,0.07480628477822482
3018169,0.02688004007284468
3018170,0.07781396884644688
3018171,6.012340766750518e-05
3018172,1.0621046223452923
3018173,0.08128753708883196
3018174,0.01826723607834078
3018175,0.000857183354898782
3018176,0.0009673595944125862
3018177,2.4869346153508963e-06
3018178,0.006745070360140212
3018179,0.14062632103534345
3018180,0.8800711566314526
3018181,0.0014774122007622174
3018182,1.738748589379316
3018183,0.1625104172315942
3018184,2.9753313855642852e-06
3018185,0.0001284561052893653
3018186,0.1451951434669769
3018187,0.23518948075279542
3018188,0.0049159858173275055
3018189,0.03031758264216905
3018190,0.0005233073045677345
3018191,0.00330488872317266
3018192,0.4336693380267644
3018193,0.17990521454839992
3018194,1.7308463540523018
3018195,0.02263523400712399
3018196,0.3530558230115294
3018197,0.0038028722162660516
3018198,0.15428621518688584
3018199,0.045496232224513954
3018200,0.6565272067779143
3018201,9.76694499010664
3018202,0.03890190622052544
3018203,0.1197655156988094
3018204,0.014642449545802065
3018205,0.9717335256006338
3018206,0.16268260117723224
3018207,0.05347822917805552
3018208,0.001530943188483336
3018209,0.0008299996373389332
3018210,1.8566927739239409e-06
3018211,0.10159542066149364
3018212,0.6493074854409703
3018213,1.0059124553403356
3018214,0.0014774122007622174
3018215,1.322787128382881
3018216,0.09586475493118944
3018217,7.74545316818474e-06
3018218,0.00011327468166350091
3018219,0.12837928909170185
3018220,0.23512973842138354
3018221,0.004480928494265248
3018222,0.022297550548685274
3018223,0.0005736014525831363
3018224,0.03525883091914199
3018225,0.4371353422971269
3018226,0.17576964982772633
3018227,0.6357642693087141
3018228,0.023929978194004824
3018229,0.3634136377962078
3018230,0.0022665265161755095
3018231,0.14774132505354162
3018232,0.043607770459161754
3018233,0.5058406123475996
3018234,5.000018357901793
3018235,0.033864345988551786
3018236,0.10004287237061887
3018237,0.015276338576198006
3018238,1.019932821149792
3018239,0.1501814447418214
3018240,0.04337790788039824
3018241,0.0016964580409598844
3018242,0.0008924078420864219
3018243,3.024387499091315e-06
3018244,0.22592518865352068
3018245,0.6488504759910398
3018246,0.8974303660421674
3018247,0.0014774122007622174
3018248,1.2123963064496766
3018249,0.09536340375860622
3018250,0.001390691345651793
3018251,3.577161862283619e-05
3018252,0.16799956714243108
3018253,0.37082681790796723
3018254,0.004709376324464786
3018255,0.01675635267564869
3018256,0.0012511522596686082
3018257,0.03334239142831033
3018258,0.47332735398487413
3018259,0.19848158673796668
3018260,1.0235862958261002
3018261,0.010594280417160025
3018262,0.0459937478900812
3018263,0.0029653167407435524
3018264,0.10549927762627902
3018265,0.04769218821046243
3018266,0.5355127962513274
3018267,3.5615314784282264
3018268,0.024104284601923705
3018269,0.10700925821177366
3018270,0.01377496178251394
3018271,1.0050727109367834
3018272,0.13609665869112073
3018273,0.05483381300834558
3018274,0.007123731999817281
3018275,0.0008023191047742388
3018276,1.593242737605034e-06
3018277,0.10631591863436496
3018278,0.699492451776905
3018279,0.8312429433504583
3018280,0.0014774122007622174
3018281,1.5554972858495464
3018282,0.11872471208307926
3018283,2.3584713257908154e-06
3018284,0.0001238693073036147
3018285,0.11904744712385784
3018286,0.1618307523061664
3018287,0.004689950870021711
3018288,0.03217587756633145
3018289,0.00044519366977949774
3018290,0.0030786991586862463
3018291,0.5442723658528248
3018292,0.17612465268702673
3018293,0.7505191969556378
3018294,0.025018505262137593
3018295,0.360185403362794
3018296,0.007884310571349142
3018297,0.07746991395721682
3018298,0.04743977491123506
3018299,0.522848714442321
3018300,3.22187369982698
3018301,0.040523347795775815
3018302,0.08747719563343574
3018303,0.01347344980847453
3018304,1.0232528523661928
3018305,0.16281217086645475
3018306,0.04657466899090742
3018307,0.001444587103387271
3018308,0.0008894068525037528
3018309,2.4967666829717454e-06
3018310,0.17268862702439733
3018311,0.6485744002871028
3018312,0.8962115647761356
3018313,0.0014774122007622174
3018314,1.1806284340984048
3018315,0.05594833598247928
3018316,6.635933202421607e-07
3018317,3.280741713703091e-05
3018318,0.1807678917872616
3018319,0.14486249455841937
3018320,0.004218523823833603
3018321,0.029415305957732372
3018322,0.007926162656346464
3018323,0.002630677397233209
3018324,0.329831442759579
3018325,0.18227919374727228
3018326,0.28636615254759157
3018327,0.02441727902597508
3018328,0.04990100748645936
3018329,0.002049728549722377
3018330,0.05668877402299666
3018331,0.060246367174766884
3018332,0.49062679284417604
3018333,1.699762439348215
3018334,0.026636922990248935
3018335,0.2655038018149979
3018336,0.01312663872568296
3018337,1.0089995226918422
3018338,0.13388770609769993
3018339,0.04484524787271672
3018340,0.004985532673941165
3018341,0.0007335447717391949
3018342,6.804612258885983e-07
3018343,0.10962568206532465
3018344,0.5835197047759306
3018345,0.8621427269607153
3018346,0.0014774122007622174
3018347,1.3571770528296172
3018348,0.06969671477466921
3018349,4.0660358842313027e-07
3018350,0.0001400765574607846
3018351,0.11747748283742541
3018352,0.3207409780720299
3018353,0.0054814419868030725
3018354,0.019923276682165363
3018355,0.0002746960514767555
3018356,0.04780873747739385
3018357,0.42419574738603855
3018358,0.18217869529220926
3018359,0.38013009383668217
3018360,0.01869695914511374
3018361,0.40273047436764264
3018362,0.0014676019325078815
3018363,0.16076156338770656
3018364,0.04604781625392202
3018365,0.5818860736614696
3018366,10.138880833552264
3018367,0.027615227538239927
3018368,0.11075797017839457
3018369,0.014780471355990957
3018370,1.2032409326555724
3018371,0.16420152372021282
3018372,0.050382818975374666
3018373,0.005934955765664347
3018374,0.0008019993085102447
3018375,3.059022399398618e-06
3018376,0.16721107995803564
3018377,0.6515194699684579
3018378,0.26780357866758786
3018379,0.059693486846918165
3018380,0.6460764560027248
3018381,0.14239926399519592
3018382,1.99041498826624e-07
3018383,0.00015663533514019375
3018384,0.11805951044024826
3018385,0.09502932595188414
3018386,0.008873755839152238
3018387,0.09840607954740013
3018388,0.03627819263656128
3018389,0.002888071610842326
3018390,0.465062106424313
3018391,0.15398166738222543
3018392,0.7344472393438848
3018393,0.025490935187574906
3018394,0.3154320469527118
3018395,0.00283068573319053
3018396,0.016026017418454223
3018397,0.02332006564042851
3018398,0.4542811073695843
3018399,3.3992041959163792
3018400,0.043191796619676315
3018401,0.1334899292143674
3018402,0.006800743107368307
3018403,1.0346063851040888
3018404,0.0452530534477866
3018405,0.011982641514735343
3018406,0.006961633614397597
3018407,0.000930047802197291
3018408,5.522117779028072e-06
3018409,0.01243124084635987
3018410,0.6545647125348353
3018411,0.8636968325330631
3018412,0.0014774122007622174
3018413,1.2900784079103562
3018414,0.08421014827092849
3018415,5.113605942500282e-06
3018416,8.883563837058096e-05
3018417,0.13036055172844088
3018418,0.18371470833177703
3018419,0.007508514633419083
3018420,0.022920293443051833
3018421,0.00990484100124026
3018422,0.0031961249338614004
3018423,0.6329097084029608
3018424,0.1494600418134489
3018425,0.43144663369603475
3018426,0.014974851505533376
3018427,0.36551841307659005
3018428,0.0006672971173881834
3018429,0.05893767157470671
3018430,0.04830259181753252
3018431,0.3651696586852647
3018432,1.8135158693517737
3018433,0.03371483909218855
3018434,0.08346486846097952
3018435,0.011823806997006477
3018436,1.1323015129067802
3018437,0.14142234597905917
3018438,0.04404928802346026
3018439,0.01291528805549229
3018440,0.0005415651511535144
3018441,4.485964870593675e-06
3018442,0.19074258070473812
3018443,0.5216945422994158
3018444,0.7261610380856887
3018445,0.0014774122007622174
3018446,0.49893493835962266
3018447,0.08244006597497913
3018448,3.5621717662699446e-06
3018449,9.983439384551911e-05
3018450,0.027620703267185916
3018451,0.17095053269870208
3018452,0.009285866630736595
3018453,0.006325223800650124
3018454,0.0003868990805369313
3018455,0.004188913968866059
3018456,0.30970199131059156
3018457,0.1833219955013429
3018458,0.7643955419625658
3018459,0.011187886411577891
3018460,0.34649868470307926
3018461,0.0007319133720315804
3018462,0.049574116975558975
3018463,0.020955480371852995
3018464,0.5260619364561634
3018465,2.6208113576581766
3018466,0.03501147030819938
3018467,0.12344644039904111
3018468,0.016245969914089435
3018469,1.0337469874924199
3018470,0.1356395349747252
3018471,0.04047965351219191
3018472,0.0055820140522803005
3018473,0.0005786404364802962
3018474,1.9994746321246663e-06
3018475,0.004019665406557487
3018476,0.6569932235822488
3018477,0.886484126672975
3018478,0.0014774122007622174
3018479,0.8378947324899554
3018480,0.09107364524207033
3018481,5.0729350845205e-07
3018482,0.00015324608284821912
3018483,0.10045512629569983
3018484,0.179510516764455
3018485,0.008114991588510199
3018486,0.014770642563056156
3018487,0.0005164535050260713
3018488,0.0422737727572956
3018489,0.5107627941088886
3018490,0.2000390725787419
3018491,1.595985887871364
3018492,0.02677522308284096
3018493,0.07150024310140207
3018494,0.008054425308779343
3018495,0.03665225435350175
3018496,0.028790100371390855
3018497,0.5272108997940584
3018498,3.7349049457233217
3018499,0.0377457828582015
3018500,0.11024719226687299
3018501,0.014161600516801811
3018502,0.9761563491436656
3018503,0.1319508348388149
3018504,0.05003578538240314
3018505,0.017359324105086185
3018506,0.0008905359324144624
3018507,4.49248166976841e-06
3018508,0.02584409275823601
3018509,0.5701649974418846
3018510,0.8165319219193642
3018511,2.816713584853262e-06
3018512,0.697718952030806
3018513,0.0498808428936524
3018514,6.163362567411573e-07
3018515,0.00011089905280372133
3018516,0.005457947044429087
3018517,0.09412693634142977
3018518,0.011318257892044908
3018519,0.0661739754474008
3018520,0.004974615976593871
3018521,0.0016023615141942849
3018522,0.2472011035578595
3018523,0.16197472852722672
3018524,0.7995815361092213
3018525,0.02350294180598728
3018526,0.21266095730354764
3018527,0.001117575538738962
3018528,0.03767681556532497
3018529,0.02588763163829758
3018530,0.6465563592597824
3018531,2.806476011683745
3018532,0.038662624248655186
3018533,0.12135298339920339
3018534,0.006241813266975085
3018535,1.1614885166221591
3018536,0.07069083544743168
3018537,0.00511429509838937
3018538,0.0035547469477668833
3018539,0.000468319390325759
3018540,2.8479990194647954e-06
3018541,0.003958782985058999
3018542,1.20268450655226
3018543,0.46391676470212356
3018544,0.0014774122007622174
3018545,0.09893058701871431
3018546,0.032050555509418294
3018547,5.045923280384653e-07
3018548,0.00047390273755450364
3018549,0.0021488539275798
3018550,0.16265032253197242
3018551,0.2907376845806499
3018552,0.003723507548439067
3018553,0.008924718002468301
3018554,0.0006197946089452944
3018555,0.4119885125839188
3018556,0.05806062949778219
3018557,0.4658715429800664
3018558,0.0051427620687478064
3018559,0.0033836636092968897
3018560,0.010923463935760859
3018561,0.024173224049907793
3018562,8.164430002091269e-07
3018563,4.906348047942856e-05
3018564,2.457010609418365
3018565,0.029398882958629975
3018566,0.15802463573792386
3018567,0.0018100060847778797
3018568,0.939833697319457
3018569,0.008616400497109652
3018570,0.006088522588512839
3018571,0.02833013915301257
3018572,0.0007541948551749621
3018573,0.00012847306770325247
3018574,0.0002571077346773285
3018575,0.2554181277634538
3018576,0.16083541227386902
3018577,1.541347590704284e-06
3018578,1.0710501859640813
3018579,0.08113985988872402
3018580,4.903620492626061e-07
3018581,0.0001068881777714552
3018582,0.13104239699079978
3018583,0.14446771735366193
3018584,0.006524901566291507
3018585,0.012489545695280099
3018586,0.0008269269462410579
3018587,0.0026800380849065454
3018588,0.4400873844888256
3018589,0.20583993052861488
3018590,0.6823029479575613
3018591,0.012609722835059607
3018592,0.4002011123540556
3018593,0.00016407248762509346
3018594,0.07267860062643848
3018595,0.02565338512057926
3018596,0.545518939673333
3018597,3.4430005851132055
3018598,0.03160540630621603
3018599,0.15912731527984297
3018600,0.01215160283608622
3018601,1.0017212560859314
3018602,0.1309886457486917
3018603,0.041417080340956564
3018604,0.016796591036700493
3018605,0.0009113428648595127
3018606,2.5110626766570067e-06
3018607,0.002845244874446379
3018608,0.6888766123616449
3018609,0.034561353889510246
3018610,0.0002379905803005661
3018611,0.8920211616514737
3018612,0.07760823371293749
3018613,0.018216856788424714
3018614,7.761551025828874e-05
3018615,0.16397846998817397
3018616,0.17909319765859336
3018617,0.009045228403355513
3018618,0.09002952277260143
3018619,0.0001963417376985584
3018620,0.00424780221478474
3018621,0.42551772690729117
3018622,0.168994440850463
3018623,1.5700707718039077
3018624,0.018185415424381856
3018625,0.23477819851237486
3018626,0.0024483500287304167
3018627,0.05723684743214004
3018628,0.028322607374994205
3018629,0.5403452177536973
3018630,4.602397255329482
3018631,0.0340584574932054
3018632,0.1068519080138895
3018633,0.012251423554617719
3018634,1.1547624547658948
3018635,0.06338849837519962
3018636,0.04418465371903184
3018637,0.016207353772385757
3018638,0.0008014513503825563
3018639,2.6691052182666016e-06
3018640,0.009670456889334803
3018641,0.6483484173783568
3018642,0.034867979882003575
3018643,0.14706295417192652
3018644,1.436544263315758
3018645,0.12202251345958043
3018646,1.836635630170083e-06
3018647,0.00011880725254501472
3018648,0.1230754172900715
3018649,0.32578804085765073
3018650,0.007308406178610471
3018651,0.02535706243190726
3018652,0.00044072237650971685
3018653,0.002749445136285493
3018654,0.5005306557393122
3018655,0.15470206298179692
3018656,2.184196136167308
3018657,0.017850227784889084
3018658,0.0642417735918471
3018659,0.0010597480226535803
3018660,0.04707732092895444
3018661,0.026839375854249375
3018662,0.5221703489237581
3018663,2.570589861240403
3018664,0.028193598621339546
3018665,0.12024145528348551
3018666,0.013888774422436023
3018667,1.0711446466643206
3018668,0.14214821442463577
3018669,0.044385878080043746
3018670,0.01561698109051586
3018671,0.0008831489071983505
3018672,1.9633453226736586e-06
3018673,0.015837035983391624
3018674,0.6461834007106164
3018675,1.0011118093717457
3018676,0.055177596082303326
3018677,0.9408375976484337
3018678,0.03303649072541878
3018679,5.045923280384653e-07
3018680,4.342773853122955e-06
3018681,0.13992996744724623
3018682,0.426507142218387
3018683,0.0037786363448233614
3018684,0.019995926844718716
3018685,0.0009346401481652709
3018686,0.0018606186637312929
3018687,0.3203831520216221
3018688,0.14863712646402377
3018689,0.9127151414131507
3018690,0.01988198283888563
3018691,0.2780843386734322
3018692,0.0006978125200469671
3018693,0.07606721827365355
3018694,0.02971055613088242
3018695,0.2799667358845022
3018696,3.9637203441529243
3018697,0.01628399293499483
3018698,0.1323701214099268
3018699,4.154721987327485e-05
3018700,1.0904920073389786
3018701,0.09346526115006884
3018702,0.015827429317710834
3018703,0.009702156025454187
3018704,0.0007693369616804342
3018705,3.3257370938181482e-06
3018706,0.2119291049329629
3018707,0.13098826820977078
3018708,0.012792427858813581
3018709,0.0015297298019907551
3018710,1.0422505995463838
3018711,0.0364547864851332
3018712,8.723451577784536e-05
3018713,1.8995511977832386e-05
3018714,0.016635563068677833
3018715,0.13354580047968198
3018716,0.012576699614836899
3018717,7.99898602323667e-05
3018718,0.00010283798329715231
3018719,0.0021515729391519034
3018720,0.0670940814144679
3018721,0.17566995542255373
3018722,0.47974855911279574
3018723,0.00950215034159288
3018724,0.3653097590114306
3018725,0.0018042335492654774
3018726,0.026519244779356473
3018727,0.028879075089221756
3018728,0.44252353522879345
3018729,2.9158496225378547
3018730,0.019860927820097737
3018731,0.16111086651134124
3018732,1.4510977922140163e-05
3018733,0.3762941152833709
3018734,0.06734263929769661
3018735,0.013287643195990097
3018736,5.393658091978144e-05
3018737,0.0006096847738394325
3018738,1.3149500704393817e-06
3018739,0.0003789692111359531
3018740,0.3773827082622007
3018741,0.0021296569492736117
3018742,0.0015297298019907551
3018743,0.9906423781060283
3018744,0.04989218314317381
3018745,4.57017780537524e-07
3018746,0.0019143510768118712
3018747,0.003718740927075024
3018748,0.0870558181051798
3018749,0.008592154827515588
3018750,4.8992806688025286e-05
3018751,0.09053638819465643
3018752,0.03764571315491154
3018753,0.32067822118310635
3018754,0.03871681186458858
3018755,0.15365172014275577
3018756,0.0020464905583139244
3018757,0.0028230253039034543
3018758,0.003325198407211021
3018759,0.11366210485225069
3018760,0.03852565325808395
3018761,9.686898262858171e-05
3018762,0.8453518286160867
3018763,0.0022830074878743127
3018764,0.3497475336022162
3018765,0.00010533044453396248
3018766,0.6978185828315563
3018767,0.29618609576428784
3018768,0.002900817756113673
3018769,5.976438422958274e-05
3018770,0.00010912369971054023
3018771,0.0014405519758752335
3018772,0.03045608738294405
3018773,0.8297045667432984
3018774,0.5493708091494064
3018775,0.37246690317115927
3018776,0.8092361653361292
3018777,0.02201980644688472
3018778,4.57017780537524e-07
3018779,2.7266005085921663e-06
3018780,0.2284300516776345
3018781,0.42234290014610276
3018782,0.002283295211248131
3018783,0.02205065591139403
3018784,0.0006334660292055947
3018785,0.05131687580853423
3018786,0.22795679861967194
3018787,0.21055318153577152
3018788,0.22814733226198586
3018789,0.01839865319733548
3018790,0.031412430255330644
3018791,0.02502549110398176
3018792,0.15946159100717514
3018793,0.029185262044465272
3018794,0.33149378169473376
3018795,2.2204531680848745
3018796,0.04187733223709271
3018797,0.2573221799429895
3018798,4.272632701915944e-05
3018799,0.5704735887442359
3018800,0.041668654366157125
3018801,0.04086019196091985
3018802,0.00010666628175385699
3018803,0.0007078139930449395
3018804,2.3892857981748666e-06
3018805,0.1094401758803094
3018806,0.5994981885000011
3018807,0.33768687655185314
3018808,0.001130643506291636
3018809,0.21765796415361607
3018810,0.060959193736438995
3018811,4.57017780537524e-07
3018812,6.316383634555416e-05
3018813,0.07678995708041603
3018814,0.0695579322417494
3018815,0.004253918436095481
3018816,0.00010226352903292095
3018817,0.08925294516207348
3018818,0.04537987058162464
3018819,0.2580473057471518
3018820,0.06105576337147269
3018821,0.2109906012543596
3018822,0.00559828821417167
3018823,0.03423931946926921
3018824,0.0012015580654573886
3018825,0.06907240422545712
3018826,0.03144530101584228
3018827,9.686898262858171e-05
3018828,5.6938610332520865
3018829,0.004805079105783261
3018830,0.1716780180430076
3018831,0.00010956353490425646
3018832,0.7842690953699675
3018833,0.11337855890022776
3018834,0.004123354286908673
3018835,5.409842013116193e-05
3018836,0.0003187690020150424
3018837,0.0018574184072078328
3018838,0.03207199309955244
3018839,0.619817255604337
3018840,0.07879135145566812
3018841,0.0015939503135422878
3018842,1.983444484349753
3018843,0.02359272024949941
3018844,4.57017780537524e-07
3018845,0.0008883503438889156
3018846,0.006065948889736636
3018847,0.12113721410039964
3018848,0.010700172441780216
3018849,6.104847871076253e-05
3018850,0.00702378672113071
3018851,0.0393953171774897
3018852,0.18130105863213483
3018853,0.1640486763477297
3018854,0.01196538005898424
3018855,0.009088297171129139
3018856,0.0031966460097515898
3018857,0.00038623395847013365
3018858,0.10636771457477807
3018859,0.025665206094111045
3018860,9.686898262858171e-05
3018861,0.3091634515643078
3018862,0.0038822437965244793
3018863,0.22708012911946415
3018864,0.0004428749019671276
3018865,0.6903127341555854
3018866,0.35175195428879436
3018867,0.002789334881764277
3018868,3.55295165592467e-05
3018869,0.00010272032958714511
3018870,0.0009056763231576314
3018871,0.022836018211006157
3018872,1.8288761487509018
3018873,0.01597691239107363
3018874,0.0015939503135422878
3018875,1.3394183647547704
3018876,0.08723081630026855
3018877,4.57017780537524e-07
3018878,0.011659616294494995
3018879,0.018218992300546834
3018880,0.23079305564391767
3018881,0.006286155624943429
3018882,0.00012020494465614262
3018883,0.15274600989139347
3018884,0.05749028940106245
3018885,0.19017593260365562
3018886,0.053072876686062906
3018887,0.2768625643057429
3018888,0.005109620810261014
3018889,0.04492827219810605
3018890,0.022713584060069195
3018891,0.13004355853144628
3018892,0.019262965803390864
3018893,9.686898262858171e-05
3018894,1.5763133251790429
3018895,0.005612995143377245
3018896,0.2587576142712112
3018897,0.010931217553556563
3018898,0.6558095311264017
3018899,0.1378391072889277
3018900,0.0029804555173917296
3018901,5.607058578711745e-05
3018902,0.00035957021188839764
3018903,0.0037435129094564963
3018904,0.03834849812930394
3018905,1.0131862675186167
3018906,0.007925266795636458
3018907,0.034975571457511026
3018908,0.5713542416754113
3018909,0.05059220671664964
3018910,4.57017780537524e-07
3018911,0.001879541116801242
3018912,0.0026660379189550657
3018913,0.280384492468439
3018914,0.010688105154215342
3018915,0.00018949926259382552
3018916,0.00776890756183107
3018917,0.039422940705949136
3018918,0.2700950113509411
3018919,0.0068348058631907335
3018920,0.5354350472320275
3018921,0.007467067301265551
3018922,0.05586113116279542
3018923,0.020887144606815875
3018924,0.10125502296500964
3018925,0.024574541590108946
3018926,9.686898262858171e-05
3018927,0.9073456077124002
3018928,0.013631979299882751
3018929,0.10056867287745065
3018930,0.00022167084495421582
3018931,0.6887304035437657
3018932,0.09862213126211127
3018933,0.004041865283607186
3018934,7.137016796772979e-05
3018935,0.00010399238649488379
3018936,0.00012040156363845157
3018937,0.026387297476538594
3018938,0.29861584888444714
3018939,0.034253102055160765
3018940,0.01722532718183865
3018941,0.14046446335852383
3018942,0.0678213356341922
3018943,4.57017780537524e-07
3018944,0.0012540596918144665
3018945,0.009818939031054647
3018946,0.15194727447404963
3018947,0.013030527102071542
3018948,0.00010873102168269767
3018949,0.00019418811918923336
3018950,0.035182906293605695
3018951,0.05198976131958947
3018952,0.11490946551807606
3018953,0.2382611587101549
3018954,0.0019580742826216225
3018955,0.0032187782830572003
3018956,0.010002366934298304
3018957,0.05704160559203772
3018958,8.013690486662016e-07
3018959,9.686898262858171e-05
3018960,0.4271559198198427
3018961,0.0054955756009464375
3018962,0.20943128564550018
3018963,0.0017878939620954645
3018964,0.288547861262897
3018965,0.5656434589060779
3018966,0.0022008643254249395
3018967,0.00017685004367903323
3018968,0.00016015378279793385
3018969,0.0022814303008060715
3018970,2.7874175968670405e-05
3018971,0.023616648778326296
3018972,1.08505770393034
3018973,0.11127850796955341
3018974,0.8130063908980558
3018975,0.08804816571844097
3018976,4.57017780537524e-07
3018977,2.7239913917863573e-06
3018978,0.012310928345221623
3018979,0.1836935735651214
3018980,0.0013260493890795534
3018981,0.0001303936901133168
3018982,0.0004029078101986962
3018983,0.048677071303837735
3018984,0.29664039436844425
3018985,0.18079290589675112
3018986,0.6923408480896739
3018987,0.028033386400701122
3018988,0.06193758725785643
3018989,0.0008956624082862147
3018990,0.1706952970622761
3018991,0.12278288846013656
3018992,9.686898262858171e-05
3018993,4.685575055308945
3018994,0.0038429979967551067
3018995,0.23099032074022155
3018996,0.00010412053204164429
3018997,0.6664168279519334
3018998,0.13039026983139035
3018999,0.040623976505080324
3019000,0.00019191439686172594
3019001,0.0003402756698499069
3019002,2.859595633851515e-06
3019003,0.02066645609701484
3019004,0.3216184139972809
3019005,0.004166408573110729
3019006,0.043200163973314915
3019007,0.5049107154781798
3019008,0.021767551215934225
3019009,4.57017780537524e-07
3019010,1.23993390687582e-06
3019011,0.004072402966933215
3019012,0.17491548395744363
3019013,0.0014310243240573744
3019014,0.001906376406925364
3019015,0.0006073660636239382
3019016,0.03407418277226356
3019017,0.13819867040695258
3019018,0.04797282225908712
3019019,0.14401615050894054
3019020,0.013964641508998727
3019021,0.24245200926343397
3019022,0.0010012707574493995
3019023,0.08728911943246463
3019024,0.022521733623031077
3019025,0.28312429462365235
3019026,0.19845406901119272
3019027,0.028978219730833484
3019028,0.07190436762813698
3019029,3.8287940943656183e-05
3019030,0.11330418288449552
3019031,0.06126965100457223
3019032,0.006187329057189439
3019033,3.189097583062361e-05
3019034,4.878727635140202e-05
3019035,5.946008673392221e-07
3019036,0.15389991808989922
3019037,0.193387458089457
3019038,1.1854740602430693
3019039,0.23206035310766063
3019040,1.1106297257532596
3019041,0.02033358235152595
3019042,4.57017780537524e-07
3019043,1.2712770892055871e-05
3019044,0.008921655202216676
3019045,0.282614079009603
3019046,0.006907457305304423
3019047,6.352559176655462e-05
3019048,0.024153039497220787
3019049,0.05611810668018483
3019050,0.29818330455181097
3019051,0.40113825255001506
3019052,1.4130646854766482
3019053,0.004405879421371344
3019054,0.003341609697165343
3019055,0.007697610724802856
3019056,0.10015395971634711
3019057,0.024832461979895023
3019058,9.686898262858171e-05
3019059,2.2956330305524633
3019060,0.005131106099401605
3019061,0.18959245319046122
3019062,0.0005607894534187159
3019063,0.4925835952204507
3019064,0.13024801943173722
3019065,0.0038284637750981725
3019066,8.763874027394303e-05
3019067,9.599946963319807e-05
3019068,0.004006005835896339
3019069,0.022933807044903536
3019070,0.8994473857517095
3019071,1.0407650531488501
3019072,0.0025019305016276655
3019073,1.2897230433984526
3019074,0.06657330202955185
3019075,4.4412917738036266e-07
3019076,0.00017761601074102945
3019077,0.1194845361766994
3019078,0.12124353569587672
3019079,0.007939360970031907
3019080,0.024382624408726097
3019081,4.0864519281835556e-05
3019082,0.0016143711594625992
3019083,0.42888993434600864
3019084,0.2382022396209074
3019085,0.9748393453310605
3019086,0.02496749134407631
3019087,0.189050918608076
3019088,0.007998220195592223
3019089,0.20268926101373702
3019090,0.03240739881755112
3019091,0.55940670397398
3019092,4.966498164979051
3019093,0.03301989570288683
3019094,0.19884183239683811
3019095,1.1593426272524146e-05
3019096,1.047526044175972
3019097,0.14680712667293702
3019098,0.03487920981357093
3019099,0.0001340828401990217
3019100,0.0008175327613946067
3019101,3.1793841718010347e-06
3019102,0.0015989348669556182
3019103,0.48059323500582163
3019104,0.861619462364826
3019105,0.03187235496114695
3019106,1.5362065996464391
3019107,0.0805931601417358
3019108,4.57017780537524e-07
3019109,6.431851558020173e-07
3019110,0.013106025307748344
3019111,0.5118731348720871
3019112,0.0011960087175085894
3019113,0.027173070402815667
3019114,0.001320249228289757
3019115,0.0354992082514944
3019116,0.33224469146072844
3019117,0.20840889546858124
3019118,0.1566952107714617
3019119,0.003811926332109896
3019120,0.030036370756699904
3019121,0.004293451295786414
3019122,0.17661592832800363
3019123,0.052277715450544514
3019124,0.41202471129133644
3019125,5.130147806434985
3019126,0.017203636272612163
3019127,0.23990084528099936
3019128,2.9867092924979147e-05
3019129,0.747009448881346
3019130,0.08314497018536614
3019131,0.003791010957691406
3019132,5.0615974667772275e-05
3019133,0.0001806417690790224
3019134,2.5364680092718816e-06
3019135,0.2538562973915465
3019136,0.5217089628175645
3019137,1.3474265765937408
3019138,0.843461141677189
3019139,1.112941944915717
3019140,0.03523248266494316
3019141,4.57017780537524e-07
3019142,4.541673278771504e-06
3019143,0.012716098014061757
3019144,0.5227023138079385
3019145,0.0024139132968180018
3019146,0.012159437321501316
3019147,0.00031116698932608274
3019148,0.04269787703825719
3019149,0.19335515632920738
3019150,0.27021164064180087
3019151,0.286157911018853
3019152,0.028102518092959754
3019153,0.36614130687602703
3019154,0.01856483283394145
3019155,0.1528184402661053
3019156,0.03366566506588626
3019157,0.33286077925695856
3019158,5.100592952583247
3019159,0.01791779490358303
3019160,0.21526086675959788
3019161,0.0001331119697059594
3019162,0.7341103599886636
3019163,0.05380762179163989
3019164,0.0029872019189917326
3019165,6.77078827408014e-05
3019166,0.0009272584019636664
3019167,2.6050904557225886e-06
3019168,0.004866363574286469
3019169,0.41097640616978304
3019170,0.046801358427717335
3019171,0.019740301278602008
3019172,0.824565585595548
3019173,0.06012888463973953
3019174,4.57017780537524e-07
3019175,0.0009965586422871885
3019176,0.011804468607861086
3019177,0.2714393663022081
3019178,0.008907221693437611
3019179,6.629372128481817e-05
3019180,0.18649575170922805
3019181,0.04817768109761153
3019182,0.43430167340656683
3019183,0.1259295305921368
3019184,0.5500982278493772
3019185,0.021261304384546223
3019186,0.005678717044401801
3019187,0.004022067106802544
3019188,0.1252694057673077
3019189,0.1248502834793748
3019190,9.686898262858171e-05
3019191,1.7289353809553436
3019192,0.004443035983027558
3019193,0.14709179772703918
3019194,0.0006591402993346053
3019195,0.3281965320080532
3019196,0.09237416887655724
3019197,0.003385633735673127
3019198,3.649063544436164e-05
3019199,0.0002642022817645278
3019200,0.002643775683949557
3019201,0.02990805072384084
3019202,0.004547166877304022
3019203,0.0019079755428074532
3019204,0.0015939503135422878
3019205,0.2934728199696302
3019206,0.09659050727166835
3019207,0.00013567848915525645
3019208,0.0008792555073814198
3019209,0.0760085408163775
3019210,0.1076419382204094
3019211,0.007992879380678662
3019212,0.0002324306126218497
3019213,0.022289465593881768
3019214,0.0020762265061844707
3019215,0.14257293748381114
3019216,0.20966829811357998
3019217,0.11309886563233316
3019218,0.002387132072040635
3019219,0.19312021352391465
3019220,0.1271234240270972
3019221,0.23675210104323433
3019222,0.03427495921040622
3019223,0.2755049172756213
3019224,0.7346012860659422
3019225,0.027896865384265158
3019226,0.39677301191636144
3019227,5.020211773769897e-05
3019228,1.5447159870817897
3019229,0.06329106170856376
3019230,0.0035632965127726343
3019231,9.386176583267816e-05
3019232,0.0004519438965248286
3019233,7.851599121502516e-06
3019234,0.0028610056740192014
3019235,0.2690622835592254
3019236,0.003538021522627156
3019237,0.007691513736479582
3019238,0.8769475491668172
3019239,0.03563092682692686
3019240,1.4090300197876815e-06
3019241,0.00011607070175791857
3019242,0.18095469806826261
3019243,0.25782982560320916
3019244,0.00829385929327178
3019245,0.003990246234082127
3019246,2.259530230412199e-05
3019247,0.002074931449194221
3019248,0.17285868902999754
3019249,0.21495099147038718
3019250,0.2037109053033322
3019251,0.007561269706032381
3019252,0.26424000063876774
3019253,0.0013413057864582953
3019254,0.0910079582686616
3019255,0.033207961200443954
3019256,0.4724302541150179
3019257,4.583490235746618
3019258,0.03071112439032994
3019259,0.14530034043107132
3019260,3.1274974705113746e-05
3019261,0.8716253442689623
3019262,0.14315331465223294
3019263,0.025518183199683884
3019264,0.00013099906152745443
3019265,0.0006579223434824611
3019266,9.36197827542085e-07
3019267,0.0010554011247026745
3019268,0.45695000207449954
3019269,0.0052693837996603855
3019270,0.005565646075857597
3019271,0.24886641482704802
3019272,0.004884917501035667
3019273,7.562800569360449e-07
3019274,5.405215506104843e-05
3019275,0.00911922939287264
3019276,0.04422891042490076
3019277,0.0024784524085183714
3019278,0.005058714760368961
3019279,0.00011468909201403008
3019280,0.0005311868693491101
3019281,0.12268419263381827
3019282,0.06386394765714887
3019283,0.34164472301864796
3019284,0.0036705874487632
3019285,0.208149874503698
3019286,0.00026361834841415736
3019287,0.01519679788322618
3019288,8.013690486662016e-07
3019289,0.4120032345573637
3019290,0.25451002763865604
3019291,0.03165026127650958
3019292,0.1171160565059245
3019293,7.665991184422618e-06
3019294,0.06225017947482569
3019295,0.03519089407527342
3019296,0.005324648926561656
3019297,2.07799112515201e-05
3019298,0.00019868404481665426
3019299,3.5805404135509506e-07
3019300,0.00983847213275604
3019301,0.29568139645728825
3019302,0.009724956328887301
3019303,0.0015939503135422878
3019304,0.03217315286629611
3019305,0.06744673104768571
3019306,4.4412917738036266e-07
3019307,0.0015416144226731926
3019308,0.010305480661473417
3019309,0.0709665565176514
3019310,0.010415416177490835
3019311,4.88122483630068e-05
3019312,0.0020481445101125377
3019313,0.0008367560249293219
3019314,0.02698630470553104
3019315,0.08951934615495065
3019316,0.4307334985637388
3019317,0.006629228440202077
3019318,0.0030165592774758013
3019319,0.0035124445733148114
3019320,0.03235560820462366
3019321,0.02552943746329604
3019322,0.5229691011291511
3019323,0.7156434296806371
3019324,0.03784201755041915
3019325,0.08835605683258284
3019326,2.7673788813008142e-05
3019327,0.39923874197473064
3019328,0.1089899304186029
3019329,0.006998686043347008
3019330,3.6703007867724177e-05
3019331,0.0001555012409897789
3019332,4.6528578969137693e-05
3019333,0.006728968993406204
3019334,0.23945736894122122
3019335,0.8559322345608115
3019336,0.06170688644875936
3019337,0.4659363485477946
3019338,0.060639639101575125
3019339,0.007843379140461817
3019340,0.00023315147725660486
3019341,0.2107464081523894
3019342,0.1321234386973793
3019343,0.007306083397504691
3019344,0.013773829342650234
3019345,3.126544291730521e-05
3019346,0.0015603379534458645
3019347,0.27075709833044653
3019348,0.23749058962175135
3019349,1.1839555022288417
3019350,0.0049985199709080665
3019351,0.3854874682827718
3019352,0.012188549411095772
3019353,0.14947818171651753
3019354,0.03044845455623882
3019355,0.6085279068878742
3019356,3.1465779866249184
3019357,0.03190105195859948
3019358,0.206781656102997
3019359,5.11192543090492e-05
3019360,0.8810375933031772
3019361,0.21016049972721143
3019362,0.028449837297052874
3019363,0.000118089706024197
3019364,0.0006748251471477959
3019365,1.467028372858612e-06
3019366,0.011297605886557222
3019367,0.31941166573844465
3019368,1.2216036092110578
3019369,0.0003031460704695228
3019370,0.45719137049171593
3019371,0.06481978110447906
3019372,4.57017780537524e-07
3019373,3.238060759960605e-06
3019374,0.24239287422365835
3019375,0.45089411104193633
3019376,0.0007459095751095884
3019377,0.019711185720642902
3019378,0.00037545722364302575
3019379,0.04384740201645408
3019380,0.20302274557966768
3019381,0.17464372359508534
3019382,0.5827678988328348
3019383,0.03157135303733217
3019384,0.03884101047305695
3019385,0.004784866541238154
3019386,0.11643993765367361
3019387,8.013690486662016e-07
3019388,0.5109572984442025
3019389,4.731588555998145
3019390,0.020400738785750615
3019391,0.18231488216984115
3019392,8.799949750680429e-05
3019393,0.8168254351331927
3019394,0.08166373461483287
3019395,0.0025769463409943344
3019396,0.00011004754188775686
3019397,0.000576696423534998
3019398,1.7158976357018155e-06
3019399,0.0052809011747089515
3019400,0.2688084886230551
3019401,1.1446700820452935
3019402,0.31675992629066935
3019403,0.5032762567709866
3019404,0.08794907966486024
3019405,4.57017780537524e-07
3019406,2.967263925814517e-06
3019407,0.08717782867497317
3019408,0.3234748400427001
3019409,0.0023780622543337483
3019410,3.442067723166982e-05
3019411,0.00022596294441080058
3019412,0.07385054058840694
3019413,0.22663115448247387
3019414,0.19901963871172504
3019415,0.6231732059309895
3019416,0.023621470780453187
3019417,0.04964834654515911
3019418,0.005192460087426734
3019419,0.18644816484978796
3019420,8.013690486662016e-07
3019421,0.3617329059158789
3019422,2.3549091411338674
3019423,0.032087002179530595
3019424,0.24670617652436871
3019425,7.317137545091086e-05
3019426,0.5942172178053095
3019427,0.09974873637622134
3019428,0.0032207771510914876
3019429,0.00011997940065588321
3019430,0.00030536488667511877
3019431,1.843132404498603e-06
3019432,0.008607170045896315
3019433,0.3036822072760952
3019434,1.3935076898947492
3019435,0.030765402644449182
3019436,1.331897006699368
3019437,0.08201229793803472
3019438,3.180571000048968e-07
3019439,0.00024596565441631715
3019440,0.13878770438512938
3019441,0.1681474575851849
3019442,0.004067878390276629
3019443,0.020010584605224892
3019444,1.6205473520377776e-05
3019445,0.0036360398929877057
3019446,0.4619937436799134
3019447,0.16005852908628945
3019448,2.9935129095043416
3019449,0.017963738822726543
3019450,0.30495342394297215
3019451,0.009632411555130567
3019452,0.25297371328504475
3019453,0.03760570593549271
3019454,0.5917196559597893
3019455,11.670013075759279
3019456,0.034477591519120936
3019457,0.1757683563990203
3019458,4.177153985378609e-05
3019459,1.2509963417588859
3019460,0.1395294309215872
3019461,0.04958708483300176
3019462,3.474811590840389e-05
3019463,0.0007929423349963083
3019464,2.8128906121685016e-06
3019465,0.02106064070560897
3019466,0.4715144712539848
3019467,0.007186530477527902
3019468,0.0715295201198324
3019469,0.4304737689781759
3019470,0.10269992758229696
3019471,4.57017780537524e-07
3019472,0.007044601644414536
3019473,0.002593541856831779
3019474,0.09737577080600496
3019475,0.12478857060817909
3019476,0.00035510358851995885
3019477,0.007968016669964025
3019478,0.05642262724628641
3019479,0.05125131459271982
3019480,0.04305833374450805
3019481,0.11941033782163521
3019482,0.005115924149577802
3019483,0.0045337875909061045
3019484,0.007618334544182343
3019485,0.04296734922547744
3019486,0.05353984150464145
3019487,0.00019088056931909506
3019488,1.1709449955569273
3019489,0.0029983656765892822
3019490,0.35822062744494904
3019491,3.884357833297422e-05
3019492,0.05328310274022615
3019493,0.10321496334512847
3019494,0.0032629483557073476
3019495,0.00014141102921966773
3019496,0.00018550058160394698
3019497,8.027583962883074e-05
3019498,0.0018921902934205044
3019499,0.5445914431310123
3019500,0.9468882130254062
3019501,0.0353250829619607
3019502,0.43212267830056
3019503,0.015847669456353294
3019504,4.57017780537524e-07
3019505,7.094816267837575e-06
3019506,0.022563023257731383
3019507,0.3232473199302113
3019508,0.0011444751653288177
3019509,5.508955260975029e-05
3019510,0.00030457657080919796
3019511,0.06893365749756174
3019512,0.17498746718527075
3019513,0.15941752509180487
3019514,0.37887666597823794
3019515,0.015999372611688198
3019516,0.04409501098693434
3019517,0.0051441097048763075
3019518,0.1458672332121103
3019519,0.05167382576239779
3019520,0.3079920354742249
3019521,3.009289742743251
3019522,0.02583079883884868
3019523,0.163046275908888
3019524,4.485311404003568e-05
3019525,0.8268146739354664
3019526,0.09957035610117597
3019527,0.016164368806786743
3019528,2.1577105262871665e-05
3019529,0.0007593565643451881
3019530,2.0997256392404726e-06
3019531,0.02130611028026794
3019532,0.5885973293411445
3019533,0.0009799779664748521
3019534,0.0015939503135422878
3019535,0.20193856203152918
3019536,0.08101885257709988
3019537,4.57017780537524e-07
3019538,0.005332440733987009
3019539,0.0030352224673832638
3019540,0.05133850840466228
3019541,0.21120955627585222
3019542,0.0002697680573202392
3019543,0.00023384015611559454
3019544,0.011766622884721729
3019545,0.058189384624668494
3019546,0.16463802543797765
3019547,0.1591509956768531
3019548,0.0024188181666119904
3019549,0.002298267335815551
3019550,0.024290386488517127
3019551,0.08184250817252105
3019552,8.013690486662016e-07
3019553,0.00019088056931909506
3019554,0.6488907534417983
3019555,0.009482317286627167
3019556,0.13662130018644947
3019557,0.00015168706679411723
3019558,0.07204439549606925
3019559,0.19433252023159436
3019560,0.06010162867668796
3019561,4.792106201164263e-05
3019562,0.002592959020387572
3019563,0.0009885391671587012
3019564,1.482330342681545e-05
3019565,0.31502184997186605
3019566,1.0791727153229302
3019567,0.0015939503135422878
3019568,0.7786888914881664
3019569,0.0642295052931264
3019570,4.57017780537524e-07
3019571,1.5787448754446454e-05
3019572,0.012536720865904965
3019573,0.14189368475060593
3019574,0.00528707127723278
3019575,4.8273419879602336e-05
3019576,0.00047026002881693404
3019577,0.042541829908517084
3019578,0.2861291536569629
3019579,0.08183999870563607
3019580,0.14469231350474546
3019581,0.02848043571282978
3019582,0.004739501309091061
3019583,0.017254849054466923
3019584,0.10276258278749945
3019585,8.013690486662016e-07
3019586,9.686898262858171e-05
3019587,3.2740005088095314
3019588,0.004131282317069713
3019589,0.11913066051286432
3019590,3.3370912245544615e-05
3019591,0.6549765524271095
3019592,0.08102842372258524
3019593,0.003651967981303458
3019594,9.824865327802927e-05
3019595,5.2482189193820946e-05
3019596,2.1201815666515592e-06
3019597,5.307043734470486e-05
3019598,1.4791829184985004
3019599,0.005122303030062289
3019600,0.26903048986172
3019601,0.9100500275604348
3019602,0.024164834518187208
3019603,4.57017780537524e-07
3019604,8.178937601460994e-06
3019605,0.005375949338544374
3019606,0.21883849936165795
3019607,0.0015099398526894146
3019608,0.00013151976917971618
3019609,0.0004844249553365839
3019610,0.05547173546870417
3019611,0.495314028800474
3019612,0.14224529779539272
3019613,1.0162385213035026
3019614,0.020526365899846022
3019615,0.07655633707360439
3019616,0.005201407509860657
3019617,0.04242086831530796
3019618,0.017584812377494752
3019619,0.3841763013929378
3019620,1.8496261158011609
3019621,0.032050141548275304
3019622,0.21159781773565653
3019623,7.970347993279119e-05
3019624,0.8342366433257189
3019625,0.03161509524351798
3019626,0.0032057019242709888
3019627,2.2512652917302917e-05
3019628,0.00010949649983203731
3019629,4.11889326026031e-06
3019630,0.01901024644421005
3019631,1.0816343494637306
3019632,0.035574149186438066
3019633,0.0006873564534551243
3019634,0.12937698255785895
3019635,0.044822126335449484
3019636,4.57017780537524e-07
3019637,0.0005925720235176272
3019638,0.0031658136839902225
3019639,0.22687648230767743
3019640,0.03383630410529053
3019641,0.00017410972821142672
3019642,0.0010342271375801547
3019643,0.04029831178258767
3019644,0.2371323931175088
3019645,0.09457278063089758
3019646,0.1086914151873674
3019647,0.0034973772258027223
3019648,0.002714257057387466
3019649,0.04813935384173846
3019650,0.2128573891684377
3019651,8.013690486662016e-07
3019652,9.686898262858171e-05
3019653,0.3228161434244878
3019654,0.012075639897442739
3019655,0.3205937115263722
3019656,9.496024367746125e-05
3019657,0.08682526104022781
3019658,0.49441300059258303
3019659,0.006407770049025695
3019660,2.443244244550021e-05
3019661,0.009172045014622966
3019662,0.0015191790484917781
3019663,0.0016027499360577702
3019664,0.004009255885496306
3019665,0.04501821489988967
3019666,0.0041863767041468835
3019667,0.7099309997584123
3019668,0.016025369515121412
3019669,4.57017780537524e-07
3019670,1.1902386661921083e-05
3019671,0.019335810814787788
3019672,0.19444894839185523
3019673,0.0012241811576656166
3019674,4.717821571660611e-05
3019675,0.0012412985192127993
3019676,0.06759402766793968
3019677,0.29110877720348477
3019678,0.03783100469646783
3019679,0.0922568802794152
3019680,0.027594501083621565
3019681,0.259724399387382
3019682,0.01774946239579032
3019683,0.08925641797949299
3019684,8.013690486662016e-07
3019685,0.5036371087983994
3019686,1.3432931121930831
3019687,0.0388989216474049
3019688,0.3817166270663299
3019689,6.270113439901548e-05
3019690,0.7260893047958559
3019691,0.02754403008880521
3019692,0.00407634134082411
3019693,2.8605380609695e-05
3019694,0.000435593554173638
3019695,1.3429639356141152e-06
3019696,0.00691366222962819
3019697,2.1050100069137443
3019698,0.01728018111790645
3019699,0.0015297298019907551
3019700,1.047561672785136
3019701,0.01752453470775427
3019702,2.501979483867175e-07
3019703,0.0003134993123203964
3019704,0.018692396432589995
3019705,0.06235505793234677
3019706,0.004507493965590238
3019707,0.01321819345545972
3019708,0.00013892057374113645
3019709,0.001388484119508792
3019710,0.2755063683072274
3019711,0.22942495689765535
3019712,0.7255888034477412
3019713,0.017899688147046258
3019714,0.36228315955876583
3019715,0.016047893392274554
3019716,0.19010513265011503
3019717,0.03469971673885038
3019718,0.4884640758971033
3019719,0.9367116038682954
3019720,0.03047961813685974
3019721,0.13731209880143871
3019722,3.6530476055794114e-05
3019723,0.8108833775599282
3019724,0.09901168883357524
3019725,0.04000030429406819
3019726,7.9138894284329e-05
3019727,0.0007627149493700257
3019728,1.4992721412588e-06
3019729,0.0007601584727343009
3019730,0.15916191609233726
3019731,0.8759213903881806
3019732,0.0015939503135422878
3019733,1.029731237779507
3019734,0.01895899665712466
3019735,1.1659266876879748e-06
3019736,0.00020031320639209333
3019737,0.19942175778411145
3019738,0.1773442128614961
3019739,0.0069680133505297965
3019740,0.01514361781816454
3019741,0.00011039520023861772
3019742,0.0019530705382579414
3019743,0.24059414966155582
3019744,0.16439866091419142
3019745,0.6281272342074125
3019746,0.024031731363053612
3019747,0.32998768942553247
3019748,0.0012580757959626732
3019749,0.22342059920142568
3019750,0.03127223015758716
3019751,0.5801163222766196
3019752,3.8113409075689297
3019753,0.03159950306356673
3019754,0.16378697373919798
3019755,7.963182891121161e-05
3019756,0.679764313595928
3019757,0.11245863108734835
3019758,0.03839013815404581
3019759,2.337197312544598e-05
3019760,0.0007455958508728163
3019761,3.958524006164848e-06
3019762,0.01143894207239222
3019763,0.3296675455990571
3019764,1.3319862841939711
3019765,0.17938618658793237
3019766,0.9759700811040357
3019767,0.03229942543729268
3019768,4.57017780537524e-07
3019769,7.840213452020886e-06
3019770,0.003468703586924478
3019771,0.6552603700501862
3019772,0.0017524261585488794
3019773,0.056711519239789523
3019774,0.00025433997676110496
3019775,0.04254062561499639
3019776,0.36633055719120716
3019777,0.25378995064241605
3019778,1.4879979390447113
3019779,0.022541779619754322
3019780,0.20919475015223715
3019781,0.01922202119701498
3019782,0.1165628938670704
3019783,0.02358343655486048
3019784,0.6260859168985385
3019785,7.244396895813317
3019786,0.02480247870573122
3019787,0.18528795779955465
3019788,4.539851294255795e-05
3019789,0.8733283696539482
3019790,0.06322910934771601
3019791,0.04604253994574115
3019792,0.00012703973415620655
3019793,0.000543329398587187
3019794,3.3022453772017498e-06
3019795,0.12387731093850776
3019796,0.37131920198922747
3019797,0.007642497451019401
3019798,0.0012354670591507336
3019799,0.797245529578285
3019800,0.06965267059272286
3019801,3.9202888192145075e-06
3019802,0.0002470091776319972
3019803,0.009434814685309222
3019804,0.07135993809209862
3019805,0.007945889450310502
3019806,0.042989709062545366
3019807,8.526981366216278e-05
3019808,0.0017812417135419033
3019809,0.3132486011793707
3019810,0.19892616002675242
3019811,1.0016746597996178
3019812,0.0042433624714388685
3019813,0.024761455968181977
3019814,0.011611102647027534
3019815,0.11935739249879695
3019816,0.03407341482330846
3019817,0.6808014051857174
3019818,1.0435600428042375
3019819,0.02900801072405428
3019820,0.1661945704705323
3019821,5.7561285730168055e-05
3019822,1.0609183119154864
3019823,0.06905079920814937
3019824,0.03787706371818616
3019825,0.0001307148434716051
3019826,0.0005315556695552276
3019827,4.327323572129772e-06
3019828,0.004342030286692623
3019829,0.4792086115642324
3019830,0.012210508286115702
3019831,0.11887165266990636
3019832,2.8050960353434857
3019833,0.027076446172010632
3019834,4.57017780537524e-07
3019835,7.542373717893973e-06
3019836,0.006126592671393666
3019837,0.28563437668026087
3019838,0.0011049492276434308
3019839,0.00010323403173458953
3019840,0.00111666290864417
3019841,0.08785995906043714
3019842,0.27049429040915796
3019843,0.1321104803656855
3019844,0.49153570331066165
3019845,0.010484476487456271
3019846,0.06032955322409716
3019847,0.041366196193591304
3019848,0.22427074873337252
3019849,8.013690486662016e-07
3019850,0.03699487589348863
3019851,3.3052759174915973
3019852,0.004253453809079602
3019853,0.15167567197021087
3019854,0.0001230285460270897
3019855,0.9171110006265656
3019856,0.04843042096194051
3019857,0.03341027622571182
3019858,4.8951503741698195e-05
3019859,0.00046694802973587323
3019860,2.499728477601927e-06
3019861,3.699970459192304e-05
3019862,0.35173662114254595
3019863,0.9033779037675126
3019864,0.00010060678767386498
3019865,1.033631471262764
3019866,0.06700212998841519
3019867,8.686754114694209e-07
3019868,0.00013965175405905277
3019869,0.045887080624149874
3019870,0.22665657548738574
3019871,0.006303526581271372
3019872,0.013451975985152702
3019873,9.864607733926114e-05
3019874,0.0032094373100812674
3019875,0.2745315171204957
3019876,0.16812152868875124
3019877,0.7275703799537188
3019878,0.028204235513965698
3019879,0.30814587744523697
3019880,0.0004091748213816968
3019881,0.17015110494965346
3019882,0.02837176825157265
3019883,0.6883659650053334
3019884,4.690644152578634
3019885,0.03109096219643564
3019886,0.1688967174906723
3019887,3.3467178127673076e-05
3019888,0.5628039672395636
3019889,0.13174472385268526
3019890,0.030170831378623645
3019891,2.744987432179789e-05
3019892,0.0002000649006969915
3019893,4.4137359174309995e-06
3019894,0.007775912300627936
3019895,0.11100564045888449
3019896,0.008348475384259153
3019897,0.0015297298019907551
3019898,0.5835845363090266
3019899,0.030576187194944565
3019900,4.4412917738036266e-07
3019901,0.00019235611631138747
3019902,0.026960398039287445
3019903,0.07417376300270904
3019904,0.00807641550112318
3019905,0.007098467444452952
3019906,0.0001840791868755046
3019907,0.002540490902635239
3019908,0.32361985933026244
3019909,0.20932002526855933
3019910,0.7013922041703963
3019911,0.012294182156240518
3019912,0.30871544333573153
3019913,0.003168923637338299
3019914,0.16869092588328286
3019915,0.029472923732122604
3019916,0.558841141746361
3019917,1.4660276101205862
3019918,0.026866284084303197
3019919,0.1597032814577873
3019920,4.306602069186856e-05
3019921,0.6580595765336347
3019922,0.1242615934369321
3019923,0.03742033124521689
3019924,0.00011844752781430263
3019925,0.000651269560694522
3019926,2.9704339898943176e-06
3019927,0.01443655386318571
3019928,0.32645625492245406
3019929,0.3506423839357499
3019930,0.005962707508835787
3019931,0.41349409738631954
3019932,0.03907542031577436
3019933,4.57017780537524e-07
3019934,9.773235935205701e-06
3019935,0.06750129197855781
3019936,0.33536309610762055
3019937,0.0026837724397894744
3019938,4.196480970159709e-05
3019939,0.0006232064484943953
3019940,0.041962783743322345
3019941,0.26473511723841603
3019942,0.1016335255892619
3019943,0.020942620014866638
3019944,0.006640532873918303
3019945,0.06297107790309954
3019946,0.005571423089663218
3019947,0.11726390410871187
3019948,8.013690486662016e-07
3019949,0.4553621953070486
3019950,0.0918022115113791
3019951,0.024393349501255795
3019952,0.11482835953105892
3019953,4.868643070867154e-05
3019954,0.4574384796459924
3019955,0.1048312342313445
3019956,0.002508334632813467
3019957,1.8998758121165705e-05
3019958,0.0005581219912814987
3019959,1.4733276751135618e-06
3019960,0.014318713954781079
3019961,0.7721351489429312
3019962,1.6852529695302492
3019963,0.0015297298019907551
3019964,1.853168759448154
3019965,0.1115104919538421
3019966,2.93886864395682e-06
3019967,0.0002543733138384228
3019968,0.11636526358521472
3019969,0.2305050131077757
3019970,0.004872676047498399
3019971,0.03278085700861047
3019972,3.6677853195843e-05
3019973,0.0031149238555205168
3019974,0.3038286455167883
3019975,0.20433868565417085
3019976,2.4510238554906563
3019977,0.027622947640341018
3019978,0.352338558138013
3019979,0.008820815202781678
3019980,0.3013867651127505
3019981,0.04987198454839278
3019982,0.7479630783239892
3019983,11.10185820823841
3019984,0.03518301020376935
3019985,0.17073707426335172
3019986,5.046571712493603e-05
3019987,0.9619686606105422
3019988,0.17992515642685983
3019989,0.04328562386277207
3019990,4.2462540350068104e-05
3019991,0.0008304640817787477
3019992,1.587006930889653e-06
3019993,0.1000451788371294
3019994,0.47287825840202136
3019995,1.4440744607946243
3019996,0.0015297298019907551
3019997,1.2805991277188518
3019998,0.11902823267920992
3019999,6.652309814132874e-06
3020000,0.00022529688515771632
3020001,0.14837620671682716
3020002,0.32480560520846297
3020003,0.003655095178042941
3020004,0.024691391292272696
3020005,4.51066381685345e-05
3020006,0.003682586259287282
3020007,0.38432914345084407
3020008,0.20502196718252502
3020009,1.0313767796516675
3020010,0.03020770302596921
3020011,0.29530452500957627
3020012,0.002960903669141986
3020013,0.3321295179951208
3020014,0.04927676010118574
3020015,0.6059814853141419
3020016,9.345403670255354
3020017,0.03454856385789741
3020018,0.16980307099758118
3020019,5.193204063975706e-05
3020020,0.9617044907763536
3020021,0.17212755530175983
3020022,0.04398504135710559
3020023,1.4426720848959515e-05
3020024,0.0008922298336689693
3020025,2.5633600678880645e-06
3020026,0.23283393379074233
3020027,0.47130517135346933
3020028,1.3655632612013409
3020029,0.0015297298019907551
3020030,1.461621913381279
3020031,0.09718317157802946
3020032,0.00271955628589963
3020033,0.00014441904935319724
3020034,0.19373308097956632
3020035,0.3237005001639131
3020036,0.004244035514927972
3020037,0.0321265102066945
3020038,6.982213846691558e-05
3020039,0.003592742288836868
3020040,0.33137540093955026
3020041,0.20206033990934133
3020042,1.3935408909475526
3020043,0.028534889940904213
3020044,0.27812897959824484
3020045,0.007224999100563905
3020046,0.29330124993350987
3020047,0.053234061653056684
3020048,0.5476707665936424
3020049,7.713050166397976
3020050,0.023934025804017833
3020051,0.164036971345696
3020052,4.129075023866456e-05
3020053,0.9396609421366903
3020054,0.15676317053968067
3020055,0.05025341347859226
3020056,8.365241092084647e-05
3020057,0.0008018562345173173
3020058,1.3461632350156344e-06
3020059,0.15761703109626196
3020060,0.46157098513596795
3020061,1.2637849928252811
3020062,0.0015297298019907551
3020063,2.6765888672842784
3020064,0.09470901897221226
3020065,2.397586466595057e-06
3020066,0.00022107957779087247
3020067,0.22409747573840974
3020068,0.25578141896504214
3020069,0.004687563034218642
3020070,0.03895781449135944
3020071,4.320165268491304e-05
3020072,0.002806296371785704
3020073,0.37298386483865326
3020074,0.23514270091912293
3020075,1.076491237463927
3020076,0.023115350098207175
3020077,0.38941110071419044
3020078,0.009177034320472354
3020079,0.14635542763966136
3020080,0.051588971886115435
3020081,0.5401324022365743
3020082,3.7826729195504853
3020083,0.037121969078781604
3020084,0.1195752646463297
3020085,5.1151682022260674e-05
3020086,0.9372151312787906
3020087,0.19036095634606773
3020088,0.0451905949797222
3020089,3.4469063569037334e-05
3020090,0.0008893105425434006
3020091,2.094289621101166e-06
3020092,0.12874690038421158
3020093,0.4692794054012961
3020094,1.6722300666166807
3020095,0.0015297298019907551
3020096,1.406973383203072
3020097,0.04887859762493602
3020098,7.376555689661795e-07
3020099,6.490955142166476e-05
3020100,0.22862996616125764
3020101,0.25439175975275186
3020102,0.004242619778863448
3020103,0.02792867433358767
3020104,0.0001152931053481929
3020105,0.0025064066001934514
3020106,0.25772415023413164
3020107,0.18278922625671964
3020108,0.4237922670455135
3020109,0.03138978669896593
3020110,0.06872142134035729
3020111,0.0037963956968566034
3020112,0.10762685966189778
3020113,0.05114267742192897
3020114,0.6134504230122823
3020115,3.740889248448986
3020116,0.024228081124554404
3020117,0.28274863658011384
3020118,4.989972389316687e-05
3020119,0.945120916637736
3020120,0.16359280058088588
3020121,0.04232237328181448
3020122,5.236982650103454e-05
3020123,0.0006624728789262872
3020124,5.774313601860678e-07
3020125,0.10128889375769028
3020126,0.12018720912077638
3020127,1.4614991394530619
3020128,0.0015297298019907551
3020129,1.244624389218847
3020130,0.06647167099862256
3020131,4.7475163406100986e-07
3020132,0.00027414930273922513
3020133,0.13145421865017026
3020134,0.1654401527229299
3020135,0.0040484877078367405
3020136,0.016342166232892683
3020137,2.1507857126057737e-05
3020138,0.0038120647986564864
3020139,0.44232651432183817
3020140,0.20040612160396845
3020141,0.3609519615952971
3020142,0.018790155241696572
3020143,0.30366172560353183
3020144,0.0015079853891854826
3020145,0.3151540918858076
3020146,0.0455223969315131
3020147,0.6412645941522306
3020148,7.772346679087842
3020149,0.028401284935402456
3020150,0.15353312797054866
3020151,4.771511716769186e-05
3020152,1.1087694826519765
3020153,0.1710479350969636
3020154,0.03853463982521574
3020155,0.00010320578183095425
3020156,0.0008020102573886673
3020157,2.833462045364991e-06
3020158,0.17627486846648868
3020159,0.4715144712539848
3020160,0.3452743141290638
3020161,0.08318454543609387
3020162,0.8232096360121934
3020163,0.03010057624335722
3020164,2.1538137798790321e-07
3020165,0.0004982503609718702
3020166,0.12998213000331132
3020167,0.10632111985606489
3020168,0.007786556373382401
3020169,0.08640175138141634
3020170,0.0008759212567311232
3020171,0.0017601147549730488
3020172,0.25908246454486805
3020173,0.18333214281669055
3020174,0.5634863754259442
3020175,0.015973858090493676
3020176,0.2278111178293466
3020177,0.015015798387206368
3020178,0.09473028975489092
3020179,0.0287635503891429
3020180,0.5832095436769731
3020181,3.484276179946042
3020182,0.03193034432028217
3020183,0.21671265669573772
3020184,5.376223787267021e-05
3020185,0.8920336085103244
3020186,0.05198971165738864
3020187,0.014552731650384343
3020188,6.0435744771839923e-05
3020189,0.0009293500687718858
3020190,4.199496927202148e-06
3020191,0.026367306397881207
3020192,0.15956815950589026
3020193,1.3359880425304236
3020194,0.0015939503135422878
3020195,1.4037580594428476
3020196,0.07189538453844306
3020197,4.017799632794198e-06
3020198,0.00015652398625547547
3020199,0.15305746357741187
3020200,0.28342173288424355
3020201,0.007636140096373394
3020202,0.03030713116695676
3020203,0.0001386196279763202
3020204,0.0028644667385963026
3020205,0.2959603677592978
3020206,0.19595754583650668
3020207,0.70226818593341
3020208,0.03184089356381939
3020209,0.05441295229490989
3020210,0.002244632947127194
3020211,0.140488539548358
3020212,0.05374486558246855
3020213,0.5974029672307957
3020214,2.070908474510755
3020215,0.03372707491624361
3020216,0.13535321592459376
3020217,4.0647479115536496e-05
3020218,1.0486626880271308
3020219,0.13778182869467054
3020220,0.048700506184883446
3020221,8.654695364871079e-05
3020222,0.0005414406634095065
3020223,3.7962904957861117e-06
3020224,0.12581038940884273
3020225,0.3749466947113272
3020226,0.9537559308877972
3020227,0.0015939503135422878
3020228,0.8669117295620906
3020229,0.04605080244828696
3020230,3.4648638446130547e-06
3020231,0.0002181702462540008
3020232,0.07050086780473634
3020233,0.14252547733511856
3020234,0.0038267276224272398
3020235,0.002106874132203495
3020236,3.350675328241372e-05
3020237,0.03442564692761265
3020238,0.3433589718855507
3020239,0.17973556829761642
3020240,0.6256879550568316
3020241,0.025880489729618587
3020242,0.28531711889027883
3020243,0.0007719488668140468
3020244,0.09060641921732711
3020245,0.01805296952150517
3020246,0.6030361137035938
3020247,2.9156518819533663
3020248,0.035248778383502564
3020249,0.18458103877522541
3020250,4.9351901085585415e-05
3020251,0.9920266481904029
3020252,0.14538953429265788
3020253,0.039464955117459864
3020254,0.00010090026654891005
3020255,0.0005797182105374082
3020256,1.7193325924522197e-06
3020257,0.004149906454727006
3020258,0.4763116258455284
3020259,1.439425214546263
3020260,0.0015939503135422878
3020261,1.5558037463573784
3020262,0.05456041227693704
3020263,4.594642851301018e-07
3020264,0.0002999456578702845
3020265,0.19218666096505585
3020266,0.13851868431582162
3020267,0.006663525793953147
3020268,0.019595817340203707
3020269,3.435379599818589e-05
3020270,0.003396783068246189
3020271,0.3466763482461212
3020272,0.2288838877035154
3020273,1.7146517399465457
3020274,0.01879962816567885
3020275,0.05695196074413987
3020276,0.010367431999309604
3020277,0.16590167095181654
3020278,0.03454921358537744
3020279,0.6284322897102296
3020280,3.712973945389499
3020281,0.03472843107812628
3020282,0.1505136020767702
3020283,4.815364219937227e-05
3020284,0.9896845815524787
3020285,0.15718110692242618
3020286,0.04177874087228775
3020287,0.00014873916318220896
3020288,0.0008876037429237827
3020289,3.832812670030202e-06
3020290,0.01188280023017978
3020291,0.28704325383663415
3020292,1.3023950782366764
3020293,1.633500402427104e-06
3020294,1.121537464788759
3020295,0.018145015266634833
3020296,6.325615726258697e-07
3020297,0.00023961011071313936
3020298,0.010235666106145064
3020299,0.05059311619406785
3020300,0.009137357222937311
3020301,1.4582765959308106e-05
3020302,0.00021960619618066282
3020303,0.0016655067382255787
3020304,0.15030943334456884
3020305,0.1512673806507023
3020306,0.9487080462066838
3020307,0.0249130015528026
3020308,0.28261214397590817
3020309,0.0011981590239041277
3020310,0.08578776098128171
3020311,0.03206945669055526
3020312,0.7456352379052528
3020313,3.413232638541468
3020314,0.03474888513683869
3020315,0.2860559523007813
3020316,1.8418850827162548e-05
3020317,0.5576726746169457
3020318,0.0845718362277127
3020319,0.004732992186878589
3020320,4.6660169550736695e-05
3020321,0.00045369107152642534
3020322,2.4796218276493584e-06
3020323,0.0038871335545005497
3020324,0.20437215625198302
3020325,0.7416338458452733
3020326,0.0015939503135422878
3020327,0.16720177708459644
3020328,0.03065264983646068
3020329,4.57017780537524e-07
3020330,1.216739962179336e-05
3020331,0.003901337120032597
3020332,0.2949072622375556
3020333,0.12565785384580752
3020334,4.938909603063607e-05
3020335,0.008279174413398373
3020336,0.042139230789002245
3020337,0.2947425127080889
3020338,0.07078136541445729
3020339,0.808205766199213
3020340,0.009293939273861587
3020341,0.004152731132940745
3020342,0.009753908660814482
3020343,0.11434969957009256
3020344,8.013690486662016e-07
3020345,9.686898262858171e-05
3020346,3.258507793193549
3020347,0.008581718158843983
3020348,0.21102637304450306
3020349,0.0010538687711861498
3020350,0.697565159006062
3020351,0.01083162032948338
3020352,0.0065677378160001664
3020353,3.759504712420663e-05
3020354,0.0007404885590685781
3020355,4.201968333082316e-06
3020356,0.0004969915932178375
3020357,1.1763015972596866
3020358,0.17348814097532353
3020359,1.411800037531942e-06
3020360,1.27487426325729
3020361,0.08073804815489852
3020362,4.4412917738036266e-07
3020363,0.00021078388735423358
3020364,0.1719049712456022
3020365,0.2035266673510989
3020366,0.006628258024604772
3020367,0.012006312682073571
3020368,5.46950081745661e-05
3020369,0.0025383323925747894
3020370,0.557928403290435
3020371,0.23699647718952563
3020372,0.8776640848035098
3020373,0.025184094572559813
3020374,0.3911003036852214
3020375,0.0003291424893061001
3020376,0.15216284244287084
3020377,0.03211253446887704
3020378,0.6227967207878872
3020379,10.195072403931237
3020380,0.026925151276364197
3020381,0.1637039874967543
3020382,4.2583461354247207e-05
3020383,0.9921077928151502
3020384,0.14106782033710802
3020385,0.03421544268759347
3020386,0.00013333163336010735
3020387,0.0009070688621927667
3020388,2.565259892234177e-06
3020389,0.002685952299329014
3020390,0.4850780903772125
3020391,0.04350559008347367
3020392,0.000168299783656281
3020393,0.9269521941606559
3020394,0.04343410488992946
3020395,0.004990668104940183
3020396,0.00013708921083896157
3020397,0.1611567568360514
3020398,0.13305124618336844
3020399,0.006738234481730407
3020400,0.01830278827226154
3020401,1.901407068421549e-05
3020402,0.002678708859965657
3020403,0.2660256825743528
3020404,0.18062169992159388
3020405,1.482290387775147
3020406,0.02137680528029152
3020407,0.40306218922997145
3020408,0.0049660628600190285
3020409,0.04614948758230301
3020410,0.03431682490051884
3020411,0.5757160692186842
3020412,1.3906523780261166
3020413,0.034038147077374466
3020414,0.15434205119659833
3020415,4.740054655562341e-05
3020416,0.66001183624132
3020417,0.06016260127244019
3020418,0.03480640225438432
3020419,0.00011538175252858488
3020420,0.0008014337856453464
3020421,1.6401139192949514e-06
3020422,0.009683217357487834
3020423,0.5047454980591972
3020424,0.044900817839419786
3020425,0.2600561659131524
3020426,1.3147176124813744
3020427,0.06397751819992517
3020428,2.591834338343399e-06
3020429,0.0001901289409560232
3020430,0.10413923137573199
3020431,0.1275575827900533
3020432,0.005970615425922615
3020433,0.018015035579204745
3020434,3.9144328104625354e-05
3020435,0.002306537807249785
3020436,0.430376776677923
3020437,0.1386276184782567
3020438,2.9556135440848985
3020439,0.021684336689187993
3020440,0.2703894792512573
3020441,0.0010107522912054356
3020442,0.0943336939449537
3020443,0.03428051372286506
3020444,0.5646005975704894
3020445,8.182351580913858
3020446,0.028289982964624677
3020447,0.17986979122417993
3020448,4.302918449656567e-05
3020449,1.1618463350767398
3020450,0.17305412682138663
3020451,0.03768004014419338
3020452,0.00013320514223709613
3020453,0.0008827623778999481
3020454,1.701762387537109e-06
3020455,0.018026013931892796
3020456,0.4622897216658537
3020457,1.374344811351351
3020458,0.08027342884202715
3020459,1.3195567603496934
3020460,0.03363470817827386
3020461,4.57017780537524e-07
3020462,5.8444229267735425e-06
3020463,0.21535519496516436
3020464,0.39725039367771936
3020465,0.001400336338566183
3020466,0.02383030577630473
3020467,0.0004505119178501662
3020468,0.04929610677053349
3020469,0.30998169011747734
3020470,0.1719896994681188
3020471,1.3282152492534745
3020472,0.02518771842564097
3020473,0.05155397470048713
3020474,0.0012202065118786737
3020475,0.1425251871223045
3020476,0.029815057867032136
3020477,0.4991319311990812
3020478,5.177311923907682
3020479,0.029944443522033765
3020480,0.3879999353478241
3020481,5.2354086708730454e-05
3020482,1.053971573023531
3020483,0.08697099956812325
3020484,0.013948526591426353
3020485,0.00011177057778581752
3020486,0.0005475054195174414
3020487,2.123559614230516e-06
3020488,0.19433514816411282
3020489,0.5240835862057482
3020490,0.010781638280305848
3020491,0.0017850989729537726
3020492,0.977086109982243
3020493,0.026271889655829852
3020494,2.604763013468497e-05
3020495,0.00946084549571853
3020496,0.013924189755376121
3020497,0.12586476053460005
3020498,0.011243839474192907
3020499,7.209114094080862e-05
3020500,0.00010565881998256924
3020501,0.001957183066848185
3020502,0.08123915925477798
3020503,0.11126712902996348
3020504,0.422635343009064
3020505,0.0069236435901371355
3020506,0.004146252665084656
3020507,0.001841056316018039
3020508,0.011471722309880404
3020509,0.04598639533154779
3020510,0.3694997841398274
3020511,1.887231127092924
3020512,0.0033480858555225276
3020513,0.15692886229648323
3020514,1.5554761553213734e-05
3020515,0.1724571310457791
3020516,0.08167313300989422
3020517,0.009315477490082316
3020518,3.062911366745063e-05
3020519,0.0006192604647236244
3020520,2.8312144154936593e-06
3020521,0.0003664696708099245
3020522,0.13895277525262756
3020523,0.0020639670324845267
3020524,0.0017850989729537726
3020525,1.034060793874227
3020526,0.01686449287193406
3020527,3.152869538109231e-07
3020528,0.07126349640062865
3020529,0.0022509878135626217
3020530,0.11225099585655321
3020531,0.008839802684808289
3020532,4.934688143614191e-05
3020533,0.0016101279699058705
3020534,0.0018321868642064286
3020535,0.26286485445841434
3020536,0.06767740266346331
3020537,0.22048544414781526
3020538,0.0021477788509713966
3020539,0.0030512634235444307
3020540,0.0050196993762575024
3020541,0.026080511800638886
3020542,0.05191422489030496
3020543,0.0001545953213218936
3020544,0.8154007816614427
3020545,0.003054167948205178
3020546,0.2305758066565773
3020547,8.052513513925667e-05
3020548,0.618093839514439
3020549,0.44098826927031953
3020550,0.0036888772954276334
3020551,5.5114483857531015e-05
3020552,0.00012910546574179056
3020553,0.003003308693415222
3020554,0.016870324589255067
3020555,0.22027177066912706
3020556,0.5406788916808929
3020557,0.26817614059962386
3020558,1.06371529825772
3020559,0.005079940841016132
3020560,3.152869538109231e-07
3020561,3.013427734636061e-05
3020562,0.08778318695252964
3020563,0.7977578336979065
3020564,0.001427410380285377
3020565,0.027179225060593736
3020566,0.00037584546717666555
3020567,0.0018989320933139769
3020568,0.2599434349106025
3020569,0.36469293974093914
3020570,0.2355620260591628
3020571,0.013767621827425079
3020572,0.03084925364883959
3020573,0.023878073393335628
3020574,0.041131345969730206
3020575,0.04023834951598612
3020576,0.34582416397100785
3020577,2.6205839010975014
3020578,0.006490361214206227
3020579,0.25898336009275313
3020580,4.398690413739089e-05
3020581,0.57592689903601
3020582,0.04553127812144858
3020583,0.046931284664080086
3020584,0.00019101790042768942
3020585,0.000644207331307357
3020586,3.4784586841294896e-06
3020587,0.08658611211375308
3020588,0.17043795714691515
3020589,0.26105618010303017
3020590,0.0011884243610885976
3020591,0.23905962152600255
3020592,0.012574271868634425
3020593,3.152869538109231e-07
3020594,0.000644278758671187
3020595,0.10573079833245974
3020596,0.15228635547670727
3020597,0.004421098246271241
3020598,0.00010796231490589682
3020599,0.0013053501999620652
3020600,0.002500343777105762
3020601,0.23251657061095615
3020602,0.07819373114247852
3020603,0.2916618587647694
3020604,0.0030379415869515995
3020605,0.005849633516337631
3020606,0.000918470949176615
3020607,0.018778194450981275
3020608,0.04658110390081556
3020609,0.00016136755949028336
3020610,4.439938751363036
3020611,0.004540115304202605
3020612,0.19874009626627984
3020613,5.5296431510259884e-05
3020614,0.6776912957877868
3020615,0.12318505898073609
3020616,0.0034941593794565215
3020617,0.0001267352274620468
3020618,0.0004158212140117643
3020619,0.0012243488594664176
3020620,0.01875926530793798
3020621,0.24623100335989234
3020622,0.07663911627656927
3020623,0.0018600502438227387
3020624,1.166178940921897
3020625,0.01834534894702774
3020626,3.152869538109231e-07
3020627,0.0006638597069552361
3020628,0.006560984708287619
3020629,0.10764880712403434
3020630,0.009008480547680596
3020631,4.6000231055620464e-05
3020632,0.000748199928204121
3020633,0.0013819948842125728
3020634,0.08688312905677473
3020635,0.2732019969543188
3020636,0.01294260737505196
3020637,0.0031440684783399795
3020638,0.0028781184882206803
3020639,0.00021374460146507475
3020640,0.02700522056147654
3020641,0.04195619317577507
3020642,0.00016136755949028336
3020643,0.2560978594535915
3020644,0.0038575917837033896
3020645,0.22513982811371674
3020646,0.0003994094013317721
3020647,0.5808513503203611
3020648,0.4110549016473376
3020649,0.0040522135929369745
3020650,3.77608657648691e-05
3020651,0.00011632365940660109
3020652,0.0015511107047925926
3020653,0.016640919021896412
3020654,0.3453228659384923
3020655,0.013751924023028396
3020656,0.0018600502438227387
3020657,1.1945759156714988
3020658,0.025398979763306257
3020659,3.152869538109231e-07
3020660,0.10159572761230537
3020661,0.00659131681772692
3020662,0.11634307272651462
3020663,0.011865738205441137
3020664,6.929338161801783e-05
3020665,0.0014097701715025796
3020666,0.0023137515381953244
3020667,0.11522268436492898
3020668,0.31902975865348016
3020669,0.25021282666021327
3020670,0.0054124563985975946
3020671,0.0036162523311121225
3020672,0.028991567183261572
3020673,0.009434009009161476
3020674,0.06209011314439577
3020675,0.00016136755949028336
3020676,1.048857252945797
3020677,0.005331816238366679
3020678,0.16751014782940332
3020679,0.00039928077028436793
3020680,0.4465590713275427
3020681,0.1365624671139544
3020682,0.02358952240858111
3020683,3.374107045502395e-05
3020684,0.00036547866724128157
3020685,0.009714959540716817
3020686,0.01955658158206547
3020687,0.19353714954901505
3020688,0.009205285412237696
3020689,0.026819208893522233
3020690,1.0713629843507235
3020691,0.01719856419273818
3020692,3.152869538109231e-07
3020693,0.0004923346626093749
3020694,0.001139009530451665
3020695,0.24788053103169203
3020696,0.010709712832345298
3020697,0.0001239390855551741
3020698,0.005262105241796198
3020699,0.0020740733026550916
3020700,0.21778148181412163
3020701,0.00808050055107125
3020702,0.5870544376142769
3020703,0.00327773998706613
3020704,0.004214872665878388
3020705,0.011652302116383488
3020706,0.011408461248654491
3020707,0.03997490363890712
3020708,0.00016136755949028336
3020709,0.736181973737399
3020710,0.00459604122927445
3020711,0.1216781045208923
3020712,0.000158956035842917
3020713,0.8474481571119402
3020714,0.21971203230987424
3020715,0.004686911883865934
3020716,0.00012715154891046758
3020717,0.00011476064289268209
3020718,7.069451289785295e-06
3020719,0.02326012724431845
3020720,0.13962604758205785
3020721,0.02712056199126998
3020722,0.018960855074949472
3020723,1.341839991740766
3020724,0.025107435843939298
3020725,3.152869538109231e-07
3020726,0.03855356251223318
3020727,0.002216538504158757
3020728,0.21204255174204828
3020729,0.0047620173846979535
3020730,0.00012735905619520315
3020731,0.00015087077579494128
3020732,0.0015402412510483801
3020733,0.10620331511967981
3020734,0.15095909175687616
3020735,0.2733423997545235
3020736,0.0020609073267135788
3020737,0.004696305955860927
3020738,0.008978270995904595
3020739,0.018640743049394306
3020740,7.34960990068007e-07
3020741,0.00016136755949028336
3020742,0.3209909366387915
3020743,0.005228747315419608
3020744,0.2596040642841305
3020745,0.0008208871296055179
3020746,0.2775332604269757
3020747,0.5734695949688441
3020748,0.0027014912775051433
3020749,0.0005519405377141408
3020750,0.00023117091586119428
3020751,0.0020861296723253446
3020752,2.8174692749231804e-05
3020753,0.3493451329887519
3020754,0.9020188374745195
3020755,0.2291678807616895
3020756,1.0129576205039272
3020757,0.030488181269766514
3020758,3.152869538109231e-07
3020759,5.621255243624282e-05
3020760,0.006004977362860383
3020761,0.33881631606506374
3020762,0.0013622280700287183
3020763,0.00011691960494383298
3020764,0.0002603718810089148
3020765,0.0016710240925685417
3020766,0.18872859048000598
3020767,0.3986504828374864
3020768,0.7791106312650693
3020769,0.0338153275414706
3020770,0.006670715618629525
3020771,0.00045227223759063107
3020772,0.04399762627225019
3020773,0.3281548427168792
3020774,0.0001545953213218936
3020775,4.713571818454689
3020776,0.0037999907546215957
3020777,0.24450527727329927
3020778,4.7737740777658806e-05
3020779,0.6697775296270938
3020780,0.18308976417720096
3020781,0.04195111858872671
3020782,0.00019231250323565108
3020783,0.00037984596458860427
3020784,2.477523152936149e-06
3020785,0.0172208159285464
3020786,0.12418017496520982
3020787,0.005965126867526528
3020788,0.05202131623262992
3020789,0.6258352763975397
3020790,0.005546059164514822
3020791,3.152869538109231e-07
3020792,2.621326781823409e-05
3020793,0.002971520562329053
3020794,0.16093196441925425
3020795,0.0010683922011146395
3020796,1.242141203299586e-05
3020797,0.000126500488242457
3020798,0.0008898279269832815
3020799,0.10551559215359388
3020800,0.1266911924211279
3020801,0.1970766995998327
3020802,0.0015550446205366284
3020803,0.02452421981304575
3020804,0.0008498183273441278
3020805,0.017752881092207722
3020806,0.024743200956436114
3020807,0.3158286563746038
3020808,0.37091135503106976
3020809,0.004816783183395185
3020810,0.06937153754643924
3020811,2.7868770262568997e-05
3020812,0.10388762947638175
3020813,0.07818455618749436
3020814,0.00741247324466961
3020815,5.417796105329323e-05
3020816,5.8793516973616366e-05
3020817,7.29828786559913e-07
3020818,0.11795069179470911
3020819,0.04436450539477435
3020820,1.2048797523705999
3020821,0.16631335892818036
3020822,0.4838006790928288
3020823,0.004653476332785559
3020824,3.152869538109231e-07
3020825,0.0004275103774527493
3020826,0.006684506796942826
3020827,0.2490244862597735
3020828,0.004735622549009092
3020829,5.864176726845965e-05
3020830,0.017386131626582813
3020831,0.002224280828155337
3020832,0.26659423659649917
3020833,0.17964810802937903
3020834,1.4474451504906303
3020835,0.0027701001172777597
3020836,0.003043039515904312
3020837,0.009018691072931904
3020838,0.024336372730620785
3020839,0.029845472664411406
3020840,0.00016136755949028336
3020841,1.8131592564881898
3020842,0.005358451785060193
3020843,0.23747161574229927
3020844,0.0004582804702758397
3020845,0.386069573009185
3020846,0.11221306962277214
3020847,0.004067643112635475
3020848,6.977670066280689e-05
3020849,0.00012492190934547154
3020850,0.005290794658198142
3020851,0.016325097667729414
3020852,0.8494794496876882
3020853,0.9958761607801285
3020854,0.0015489897116064252
3020855,1.7782351232635016
3020856,0.024965573510490086
3020857,3.49047876793065e-07
3020858,0.00010593932365453822
3020859,0.02826281417638634
3020860,0.12996292599936715
3020861,0.006562641696600464
3020862,0.00018348256611931386
3020863,2.2828556454002013e-05
3020864,0.0020314071560162076
3020865,0.39647920614782894
3020866,0.1547883461679574
3020867,1.008649507477692
3020868,0.008770209361758456
3020869,0.2749851410163293
3020870,0.006457427477342899
3020871,0.0379975466313657
3020872,0.04218677666203523
3020873,0.5329758727840397
3020874,2.385351654847462
3020875,0.004533022956113411
3020876,0.19478825541905218
3020877,0.0008409946262714617
3020878,0.9141998050249431
3020879,0.15665814401459358
3020880,0.03572611525984849
3020881,0.0002481797766729598
3020882,0.0008277954145015681
3020883,3.6769288877133586e-06
3020884,0.0024356737359242076
3020885,0.5055271083424646
3020886,0.9362358918424892
3020887,0.04672092349506422
3020888,1.4373643435063435
3020889,0.022111367532411982
3020890,3.152869538109231e-07
3020891,2.1914751180622537e-05
3020892,0.006699831842574308
3020893,0.5934252244608622
3020894,0.0011894501193922054
3020895,0.026924826391137836
3020896,0.0003539975466891493
3020897,0.0014753875330815438
3020898,0.3341867698788478
3020899,0.4253772893297846
3020900,0.23347492781293963
3020901,0.0086337591663247
3020902,0.3834593227777906
3020903,0.0009987186356256875
3020904,0.04235206865597333
3020905,0.04236365481531473
3020906,0.32302524525731674
3020907,5.10625796874833
3020908,0.003240275165240432
3020909,0.21684396022994135
3020910,3.029808057206245e-05
3020911,0.7437684272670652
3020912,0.09219853014805572
3020913,0.003819541285459953
3020914,0.00010793772415613697
3020915,0.00018675760492456193
3020916,1.3677528685767703e-06
3020917,0.2080414956968557
3020918,0.1542292057611666
3020919,1.4659802312605326
3020920,0.5647745986429481
3020921,0.8842410461520837
3020922,0.008031462584346642
3020923,3.152869538109231e-07
3020924,4.0946997445533026e-05
3020925,0.005359793314056062
3020926,0.689124331815175
3020927,0.0020015797647097173
3020928,0.027495584378294097
3020929,0.00011802092318505901
3020930,0.0018660553831088336
3020931,0.17143887320899276
3020932,0.37904254862835185
3020933,0.2731273903221546
3020934,0.014106309265676213
3020935,0.36312251232522674
3020936,0.010949751327709954
3020937,0.03159830417489798
3020938,0.04094229767138649
3020939,0.29424524175758643
3020940,3.1237331951323983
3020941,0.007734143726620797
3020942,0.21771772190967403
3020943,0.00010408656622192431
3020944,0.7425948361411213
3020945,0.07052801677600865
3020946,0.0034256612135907067
3020947,0.00012025386053280467
3020948,0.0009251967176793416
3020949,2.3321581589591894e-06
3020950,0.0017961176143846912
3020951,0.07809329255513679
3020952,0.04822765257702935
3020953,0.018848548788199897
3020954,2.1977364605202068
3020955,0.035076462611063626
3020956,3.152869538109231e-07
3020957,0.0003371660255967547
3020958,0.0057233779295558585
3020959,0.2926792178166804
3020960,0.00895922085622942
3020961,0.00017488628174728717
3020962,0.002552431389906375
3020963,0.002204664922953763
3020964,0.3095055244431221
3020965,0.1406565809819635
3020966,0.6383428473778563
3020967,0.01595579484544562
3020968,0.038827151554223054
3020969,0.0031908940499132074
3020970,0.029553029534308908
3020971,0.039046451305892425
3020972,0.00016136755949028336
3020973,1.8927840735067978
3020974,0.004754810447106251
3020975,0.16237943855240503
3020976,0.0003942320560293823
3020977,0.33225220184440546
3020978,0.10269009013982867
3020979,0.0035857806914121135
3020980,0.0001829866268570677
3020981,0.0003258392110117385
3020982,0.0025313403389819788
3020983,0.02282317359063019
3020984,0.10820767570573372
3020985,0.003130203551448309
3020986,0.0018600502438227387
3020987,0.8792282446511979
3020988,0.01852042371113005
3020989,0.0001380947416735349
3020990,0.0005692954251090756
3020991,0.0317356796415258
3020992,0.09652738582479478
3020993,0.009231448690174848
3020994,0.00032077864238076254
3020995,0.001366050582594485
3020996,0.0020251613938334872
3020997,0.1463056355390578
3020998,0.12278956296404972
3020999,0.10159037619024043
3021000,0.002777404614253764
3021001,0.02677761735188718
3021002,0.08655523759836196
3021003,0.03129528621610053
3021004,0.05731292788661141
3021005,0.25703033256685
3021006,1.4871333139356344
3021007,0.009695045574999261
3021008,0.3020928949791626
3021009,2.36109050615456e-05
3021010,0.5380684748397493
3021011,0.08501230641920597
3021012,0.003838482536377382
3021013,0.00018394928405115666
3021014,0.00048438295026746194
3021015,6.436710966602208e-06
3021016,0.004142777280341085
3021017,0.3277891804782471
3021018,0.003980324803462577
3021019,0.006037918585494803
3021020,0.8559481755676634
3021021,0.013398133791241749
3021022,6.862490884192079e-07
3021023,9.307879172951106e-05
3021024,0.05417936284658632
3021025,0.1812408676585971
3021026,0.007486967411106725
3021027,0.007413261362520126
3021028,1.4005222679498151e-05
3021029,0.002412292633595527
3021030,0.19537466407263676
3021031,0.16067803894072633
3021032,0.20334568905762643
3021033,0.006524706228028242
3021034,0.37000254012907047
3021035,0.000645237419494324
3021036,0.026577140912522647
3021037,0.04590960580368843
3021038,0.3845932914494936
3021039,2.6292450370909077
3021040,0.004070475658696659
3021041,0.15540999299528857
3021042,3.7679014361802244e-05
3021043,0.5263516890163522
3021044,0.16589575436978718
3021045,0.034489233822159925
3021046,0.00022371021489320982
3021047,0.0006663232816783975
3021048,9.822764908090945e-07
3021049,0.001233577825908915
3021050,0.1707468728962211
3021051,0.005456819786813304
3021052,0.009526133368544892
3021053,0.48661250579756604
3021054,0.001233922375539827
3021055,6.584455383505871e-07
3021056,2.4573972473489865e-05
3021057,0.005879388878609023
3021058,0.03482300106653476
3021059,0.0023386296759977574
3021060,1.1811095969652738e-05
3021061,9.032524184889661e-05
3021062,0.00030793356074708465
3021063,0.03040350745336531
3021064,0.05651745578520512
3021065,0.38194686038494885
3021066,0.005716009490678841
3021067,0.024656927555590617
3021068,0.00021545504417175352
3021069,0.002571920960029626
3021070,7.34960990068007e-07
3021071,0.2527876704918063
3021072,0.20687773573009596
3021073,0.007620543168885265
3021074,0.10975146410022721
3021075,9.070207264670729e-06
3021076,0.05479292527507307
3021077,0.03403935896662014
3021078,0.005296105790345204
3021079,2.8662164379976235e-05
3021080,0.00017887221249864184
3021081,6.565832780392438e-07
3021082,0.005943556741720693
3021083,0.185360471285804
3021084,0.010494524298009903
3021085,0.0018600502438227387
3021086,0.09858680821905823
3021087,0.024856974963275956
3021088,3.49047876793065e-07
3021089,0.0012626399811246148
3021090,0.0072454971300700095
3021091,0.04193784962805062
3021092,0.004238193591404678
3021093,4.511635687471928e-05
3021094,0.0006172705824582312
3021095,0.0013786486063637974
3021096,0.016121333731711707
3021097,0.06065443700523937
3021098,0.3707674741810985
3021099,0.003256846103972718
3021100,0.004049044676431108
3021101,0.00605929468417887
3021102,0.0028850283663055436
3021103,0.05582488307603988
3021104,0.4144959974561183
3021105,0.5534982609720781
3021106,0.012362697691979287
3021107,0.1448695470679472
3021108,3.359756945377643e-05
3021109,0.11871157761955219
3021110,0.11624817555967894
3021111,0.011078566386429657
3021112,3.578750430353566e-05
3021113,0.00016629879852054604
3021114,4.690374566012531e-05
3021115,0.004796385047700002
3021116,0.5325461559075879
3021117,1.1209950170442449
3021118,0.0555821078139373
3021119,1.2240782903887837
3021120,0.01847372322396172
3021121,0.03624241593171353
3021122,0.00017504179697221746
3021123,0.09087553627665995
3021124,0.20346266538699873
3021125,0.007289563581391924
3021126,9.39932253057912e-05
3021127,2.4151304379468404e-05
3021128,0.0014743924111317792
3021129,0.25273494006347674
3021130,0.16013769596247762
3021131,1.0288676452681165
3021132,0.003798130601610991
3021133,0.38282376955779934
3021134,0.01133347682674211
3021135,0.0383286183770444
3021136,0.03806595895699921
3021137,0.5532797499462465
3021138,2.7838020630793965
3021139,0.009115994114978824
3021140,0.18616327499830992
3021141,4.9885040834982274e-05
3021142,0.7971963130253779
3021143,0.2398777701901521
3021144,0.03388323947280973
3021145,0.0003292464091286566
3021146,0.000680854449653903
3021147,1.6918998790577257e-06
3021148,0.004838959752700492
3021149,0.305625340162632
3021150,1.174940599004559
3021151,0.0005747615403550057
3021152,0.9593140826330611
3021153,0.01622370654732642
3021154,3.152869538109231e-07
3021155,4.86569932415695e-05
3021156,0.08475344028272247
3021157,0.5861222775635486
3021158,0.0008400469988456334
3021159,0.04960594245232829
3021160,0.00019868442410027006
3021161,0.001360632469078826
3021162,0.25991371876145114
3021163,0.2982541247574593
3021164,0.3424226374647975
3021165,0.03456890575641721
3021166,0.03251910935366916
3021167,0.002265101626110941
3021168,0.022745859650708387
3021169,7.34960990068007e-07
3021170,0.544895219537144
3021171,3.5325977746676744
3021172,0.004212800499588152
3021173,0.2415934830490469
3021174,6.191331236734609e-05
3021175,0.720510797530733
3021176,0.09526092299832893
3021177,0.002499001119768742
3021178,0.0001388894392643029
3021179,0.0005274526096141751
3021180,2.095401046758734e-06
3021181,0.004251524518414593
3021182,0.06385456561961757
3021183,0.8587177608075051
3021184,0.3280379929202215
3021185,0.7271455802333665
3021186,0.01764271193017162
3021187,3.152869538109231e-07
3021188,6.803450445687993e-05
3021189,0.0455399243428436
3021190,0.4080428905285719
3021191,0.0016906878855397218
3021192,0.014728093547430193
3021193,8.297624948931175e-05
3021194,0.0024498819123448226
3021195,0.23444802235476375
3021196,0.36315589816408694
3021197,0.6924504352111431
3021198,0.021283025420823044
3021199,0.31874073218404647
3021200,0.0018624319177905128
3021201,0.0436628793572009
3021202,7.34960990068007e-07
3021203,0.3633602667292516
3021204,2.4744842668565346
3021205,0.010819409002234987
3021206,0.24943438155567801
3021207,7.360852576842931e-05
3021208,0.5327831670623651
3021209,0.11098318902196737
3021210,0.0033390143886430097
3021211,0.0002911037618591979
3021212,0.00033888734650204283
3021213,1.7749445637244107e-06
3021214,0.0036643793887938805
3021215,0.13272839207916579
3021216,1.1904398864746624
3021217,0.027987892490576316
3021218,1.7222916151573726
3021219,0.037601019342909575
3021220,1.9339926685212317e-07
3021221,0.00014696219781054672
3021222,0.09432321164496647
3021223,0.2606310370927166
3021224,0.0030331403364044812
3021225,0.02159227445490536
3021226,9.83415177733627e-06
3021227,0.0038990842349828914
3021228,0.4211428775187281
3021229,0.10801487411850412
3021230,2.968539183299579
3021231,0.0168775043264711
3021232,0.2716356677528919
3021233,0.008078574785506115
3021234,0.0520023129514347
3021235,0.04547732853773377
3021236,0.6116026330269294
3021237,12.343482786634684
3021238,0.009213025231623075
3021239,0.174318261140802
3021240,4.056641282100817e-05
3021241,1.0824386028233512
3021242,0.17156588682124868
3021243,0.049629296868864095
3021244,5.811015611659637e-05
3021245,0.0008013158689753249
3021246,2.9471657363138233e-06
3021247,0.014864378822660947
3021248,0.48826202771396787
3021249,0.006308481847477792
3021250,0.06513916682891616
3021251,0.31188380685975947
3021252,0.02048478699344424
3021253,3.152869538109231e-07
3021254,0.0004515292544599694
3021255,0.003744720166384019
3021256,0.10264592502955752
3021257,0.009604891910738711
3021258,0.00034190597393349655
3021259,0.004364860961445083
3021260,0.002197972989826273
3021261,0.0473755516842443
3021262,0.13775727267935609
3021263,0.20085583459221143
3021264,0.003403104488049243
3021265,0.005164630070303688
3021266,0.004639016771744786
3021267,0.009030133252868234
3021268,0.08249468272417347
3021269,0.00031798512474087243
3021270,0.9868237714045276
3021271,0.003251392275086458
3021272,0.20484872106156052
3021273,2.988199343125775e-05
3021274,0.05148943270607008
3021275,0.09630036208024889
3021276,0.002655869552163621
3021277,0.000272516236806316
3021278,0.0002392262330144937
3021279,2.417333954186504e-06
3021280,0.001208926131938488
3021281,0.1675297944097695
3021282,0.877831942147695
3021283,0.05483191558201974
3021284,0.43540598980205275
3021285,0.00445560781917532
3021286,3.152869538109231e-07
3021287,8.745794128830907e-05
3021288,0.00849565197228329
3021289,0.3778590788107272
3021290,0.0012802072587777004
3021291,4.420806584685641e-05
3021292,0.00012066738772149853
3021293,0.0023202402909897613
3021294,0.2035722593805373
3021295,0.3444328213564069
3021296,0.5074232594638507
3021297,0.021084668726554897
3021298,0.06353486832862863
3021299,0.0031342042489526274
3021300,0.04641808694827049
3021301,0.09917408430029859
3021302,0.36543301800014627
3021303,2.3210132369815204
3021304,0.009908018968140215
3021305,0.2576464104726249
3021306,5.0705932816086517e-05
3021307,0.7404693020082682
3021308,0.10197123732111832
3021309,0.008606631391208479
3021310,2.8115939668629018e-05
3021311,0.0006975060610460353
3021312,2.2407702612369827e-06
3021313,0.007112265561170875
3021314,0.25189604076238575
3021315,0.0017332324846209928
3021316,0.0018600502438227387
3021317,0.20732736598043852
3021318,0.015143726286827709
3021319,3.152869538109231e-07
3021320,0.0003747745526495295
3021321,0.0017125677991007406
3021322,0.03262828225976292
3021323,0.013996730662338785
3021324,0.0001779763471808104
3021325,0.00022053255697350297
3021326,0.00037615552844460706
3021327,0.04499780404670278
3021328,0.11537837055862744
3021329,0.20153862914339687
3021330,0.007932672201648847
3021331,0.0026899858975358896
3021332,0.018367031907135362
3021333,0.0175937840069291
3021334,7.34960990068007e-07
3021335,0.00031798512474087243
3021336,0.49905933565232
3021337,0.008834265123256996
3021338,0.06558837994299216
3021339,0.00011313600177297662
3021340,0.10976827781704851
3021341,0.27348401922252463
3021342,0.17034789511266954
3021343,7.706454571892829e-05
3021344,0.0025006434046037163
3021345,0.0014187373463476853
3021346,1.256430220521303e-05
3021347,0.3863595472581547
3021348,1.0063810017920574
3021349,0.0018600502438227387
3021350,0.988440860397756
3021351,0.009756507415856737
3021352,3.152869538109231e-07
3021353,7.210750938933752e-05
3021354,0.0076746288830533155
3021355,0.14517770990443193
3021356,0.008336522311496184
3021357,5.390287353342728e-05
3021358,0.0003161434392975358
3021359,0.0016569001976997034
3021360,0.2578250238786459
3021361,0.30176410648347185
3021362,0.12534234702155153
3021363,0.01900711947513275
3021364,0.03742992243710668
3021365,0.011067763577110631
3021366,0.020039498924938517
3021367,7.34960990068007e-07
3021368,0.0001545953213218936
3021369,3.3558640854150403
3021370,0.0036062752461825994
3021371,0.13881672679671192
3021372,3.389284397500227e-05
3021373,0.6287900543750643
3021374,0.0773391988569545
3021375,0.0038415473415727365
3021376,0.00020971592337481692
3021377,6.783090078619576e-05
3021378,2.8362318204787467e-06
3021379,5.2393850648490176e-05
3021380,0.4685516236862119
3021381,0.009903702712458145
3021382,0.3675649142800234
3021383,0.35397809521097356
3021384,0.006048668538865513
3021385,3.152869538109231e-07
3021386,7.437697064854989e-05
3021387,0.004248993403118943
3021388,0.19423710533163258
3021389,0.0012197622498871226
3021390,0.00015403356228698442
3021391,0.0002823392558848257
3021392,0.0026469096126081797
3021393,0.3935675764175819
3021394,0.2272912680398348
3021395,0.9475074544417381
3021396,0.01273716982077239
3021397,0.006055736906512777
3021398,0.00347881403040289
3021399,0.003848195690957376
3021400,0.039251177428672415
3021401,0.27544666605473617
3021402,1.5053490066861064
3021403,0.011279159395033354
3021404,0.27267632024728733
3021405,6.339511618249652e-05
3021406,0.7554219245546216
3021407,0.039792218826622316
3021408,0.004934159446868525
3021409,9.313853985710065e-05
3021410,0.00013069906670199602
3021411,4.327628528136522e-06
3021412,0.014938445978479018
3021413,0.32493837968491845
3021414,0.034852663373746214
3021415,0.0006755693555190642
3021416,0.11998778629131407
3021417,0.013791158454491864
3021418,3.152869538109231e-07
3021419,0.03231893162019573
3021420,0.001981132945957013
3021421,0.18848568744338026
3021422,0.009738433352921117
3021423,0.00012812696191604974
3021424,0.0005335877206094203
3021425,0.0008409849262009963
3021426,0.10337329024175379
3021427,0.16320727637240595
3021428,0.11916770913812368
3021429,0.0028301065620970718
3021430,0.018813071925877414
3021431,0.02573001473995643
3021432,0.03952706909201689
3021433,7.34960990068007e-07
3021434,0.00016136755949028336
3021435,0.2608021974561476
3021436,0.0055702704070843875
3021437,0.2809459304289966
3021438,6.485467274387858e-05
3021439,0.10838471064722306
3021440,0.4144308626132027
3021441,0.009595607381862391
3021442,2.7933124599306196e-05
3021443,0.00025953344403018377
3021444,0.005967262731791034
3021445,0.0011841060498275478
3021446,0.07869395608929274
3021447,0.05265707004630529
3021448,0.005884847763252966
3021449,0.20242121751580264
3021450,0.004508793936995782
3021451,3.152869538109231e-07
3021452,0.00013116055155780454
3021453,0.010959689983124566
3021454,0.3075816155676225
3021455,0.0015106956532508974
3021456,5.493817946383573e-05
3021457,0.00211322154130507
3021458,0.0017757367237562082
3021459,0.2765795823519802
3021460,0.07601545404936697
3021461,0.12600734395993865
3021462,0.01182330251903408
3021463,0.030388418597655942
3021464,0.010964217841071712
3021465,0.019103302512418405
3021466,7.34960990068007e-07
3021467,0.5099790824656187
3021468,0.9566738598234028
3021469,0.006308796865517437
3021470,0.31898904093685465
3021471,6.259307967935972e-05
3021472,0.5601525687598103
3021473,0.04944647835460289
3021474,0.0041213260541607625
3021475,5.012832994128173e-05
3021476,0.0005084632511354794
3021477,1.9768809685725727e-06
3021478,0.0040958923134572
3021479,0.25040123198916525
3021480,0.016210759968584478
3021481,0.0017850989729537726
3021482,1.358951749327755
3021483,0.005367728416682577
3021484,2.78419592423151e-07
3021485,0.00018475165520144413
3021486,0.011891754907287694
3021487,0.0563131215866793
3021488,0.004978487226437529
3021489,0.018277641670636658
3021490,8.511873255642834e-05
3021491,0.0022103700050802627
3021492,0.10188104880988676
3021493,0.16857277623473355
3021494,0.7051600501813213
3021495,0.01761016549167476
3021496,0.36395612132860145
3021497,0.013439239279098429
3021498,0.026419593988242788
3021499,0.04117639539090058
3021500,0.38352842707402046
3021501,0.6215445643350113
3021502,0.004686150436554165
3021503,0.15216098540776396
3021504,5.307568517540978e-05
3021505,0.5441583030034597
3021506,0.1345441923552738
3021507,0.04704802374556314
3021508,0.00012956672401524623
3021509,0.0007717562407204198
3021510,1.918832164962862e-06
3021511,0.0010363020437500377
3021512,0.1723826796273001
3021513,0.438255523973821
3021514,0.0018600502438227387
3021515,1.9353207468556108
3021516,0.007175764858815556
3021517,2.1895722020048857e-07
3021518,0.00016168071386214996
3021519,0.12454042654061676
3021520,0.20512481465076005
3021521,0.005964538462384625
3021522,0.0001152669434686648
3021523,4.996316632377092e-05
3021524,0.002904980701023894
3021525,0.1913287398186117
3021526,0.12149603211221374
3021527,0.7134474516278592
3021528,0.026329505333978948
3021529,0.3241614136544929
3021530,0.0006185004494599506
3021531,0.0318208122536313
3021532,0.04008393128588915
3021533,0.5539917270165957
3021534,2.2806453653629646
3021535,0.009757338214366059
3021536,0.16206618762071304
3021537,0.00010104702702763081
3021538,0.42344756243243414
3021539,0.13605060049474726
3021540,0.04233930647653372
3021541,3.732934408663026e-05
3021542,0.0007564337928142649
3021543,4.5751712684485855e-06
3021544,0.007531130187012335
3021545,0.2981368677985165
3021546,1.1956485496240434
3021547,0.2635098081654248
3021548,1.190626894875664
3021549,0.010051947526466355
3021550,3.152869538109231e-07
3021551,6.498436889155166e-05
3021552,0.003525990461313735
3021553,0.7742007750900436
3021554,0.0012076176080152124
3021555,0.04766213376218627
3021556,0.0002632871825999678
3021557,0.0014753258497136905
3021558,0.33822319102069626
3021559,0.4431141837613453
3021560,1.919034958487647
3021561,0.020257199030521162
3021562,0.0037733709125925773
3021563,0.009024057418443773
3021564,0.03097667052214109
3021565,0.050940099945493
3021566,0.5851531024873922
3021567,4.0449888379198145
3021568,0.004617875562363089
3021569,0.19735974096560854
3021570,7.903155477718645e-05
3021571,0.7533015857685992
3021572,0.08637822209273299
3021573,0.045977034346030746
3021574,0.00013946117045688492
3021575,0.0005134432142742599
3021576,3.928567946326467e-06
3021577,0.09604107354869226
3021578,0.13264198073483202
3021579,0.010637290946787958
3021580,0.0014784697451323153
3021581,1.0222585202611518
3021582,0.02022157274000113
3021583,5.354503948263325e-07
3021584,0.00016164246768019888
3021585,0.00398693498451615
3021586,0.12183339244280096
3021587,0.008000795792668483
3021588,0.07079666399175423
3021589,3.3870238318109204e-05
3021590,0.0021844424805261653
3021591,0.28098904304138705
3021592,0.13340446416241192
3021593,1.442857889282184
3021594,0.0052188457585293415
3021595,0.025263229966601866
3021596,0.009709722712480204
3021597,0.034828810759483866
3021598,0.0431965319590822
3021599,0.6495985349200103
3021600,1.0636291384944083
3021601,0.003679594979328561
3021602,0.1411386424540143
3021603,5.6360412810079505e-05
3021604,0.940577293545419
3021605,0.10638529841208107
3021606,0.04415459450887426
3021607,0.00021431648899200275
3021608,0.0005381140307693164
3021609,4.574237254481045e-06
3021610,0.0026558705347953975
3021611,0.47355392549880554
3021612,0.012855866889191629
3021613,0.11025859282812801
3021614,0.7502188047293801
3021615,0.007655098885346195
3021616,3.152869538109231e-07
3021617,7.521248905669913e-05
3021618,0.00320476668428642
3021619,0.3693429884584863
3021620,0.0016614614898494734
3021621,0.00010879356395687236
3021622,0.001493802668722518
3021623,0.0026766846894886597
3021624,0.2466958400862972
3021625,0.37620667342014896
3021626,0.5987971621276841
3021627,0.020572147643040516
3021628,0.05861060371188545
3021629,0.05964461685673218
3021630,0.033527673557552214
3021631,7.34960990068007e-07
3021632,0.03171876701547794
3021633,2.3285483937487634
3021634,0.0044033219701220495
3021635,0.19378554547079116
3021636,9.790539693668971e-05
3021637,0.9210023321046356
3021638,0.06705519037151951
3021639,0.041740835398054996
3021640,7.375694227252883e-05
3021641,0.0004982957712459192
3021642,3.292824980980261e-06
3021643,3.8030897116149644e-05
3021644,0.07378224793949673
3021645,0.9786008178080443
3021646,0.00016699589738273233
3021647,2.0103318946560678
3021648,0.016718291265242827
3021649,8.047556115955395e-07
3021650,0.0002116274215273162
3021651,0.04654497173581835
3021652,0.31353941012439757
3021653,0.007219463684929891
3021654,0.011039606027868392
3021655,3.5540281492564394e-05
3021656,0.0023609021285863983
3021657,0.20394098195750412
3021658,0.12029158934668727
3021659,0.777555471273921
3021660,0.027735307676661648
3021661,0.0510595618446046
3021662,0.0003589664051924975
3021663,0.03505537013525933
3021664,0.03652710702224833
3021665,0.6704442295683095
3021666,3.838147133585931
3021667,0.006669451455927607
3021668,0.17929613200659358
3021669,3.0167582782899746e-05
3021670,0.5016801604712469
3021671,0.16252927245769155
3021672,0.03633576368347021
3021673,7.074462816741514e-05
3021674,0.00020278250529674876
3021675,5.083833147537102e-06
3021676,0.00604046658721275
3021677,0.11400965186658577
3021678,0.011107985924141599
3021679,0.0017850989729537726
3021680,1.3991500024224162
3021681,0.01043548237142283
3021682,3.49047876793065e-07
3021683,0.00015424237094857014
3021684,0.021734985595972815
3021685,0.07427136825421472
3021686,0.006667909772100248
3021687,0.006094903293380561
3021688,8.365324397956333e-05
3021689,0.002814683792596005
3021690,0.3217639087039955
3021691,0.15117118468349044
3021692,0.6820887516131189
3021693,0.011031861723918089
3021694,0.03132177469080057
3021695,0.0020350465083565
3021696,0.04813024438967753
3021697,0.03729060522605496
3021698,0.5536154910135718
3021699,1.2546689733110095
3021700,0.009557600615198189
3021701,0.1641208639037477
3021702,5.862649840485617e-05
3021703,0.5713426694110734
3021704,0.15326235323376564
3021705,0.038758486416289394
3021706,0.0001116500430314118
3021707,0.0006030181053663829
3021708,3.6235701066126544e-06
3021709,0.0058165590077319095
3021710,0.3125571029873084
3021711,0.3093349663969305
3021712,0.005495782155950909
3021713,1.3197026533039435
3021714,0.007225654865894784
3021715,3.152869538109231e-07
3021716,8.821594064282118e-05
3021717,0.05158670115974658
3021718,0.4730512992700376
3021719,0.0027291833559134394
3021720,0.01389532708149153
3021721,0.000248239587387178
3021722,0.002322986910924125
3021723,0.2686736222947162
3021724,0.16791158578855975
3021725,0.024568753072217838
3021726,0.005656302380270687
3021727,0.04307425882401011
3021728,0.009357988937395135
3021729,0.04839802160227898
3021730,7.34960990068007e-07
3021731,0.36722395686041426
3021732,0.08687381183723583
3021733,0.009104292536996387
3021734,0.13131074131388207
3021735,3.970233710625247e-05
3021736,0.4088944896768754
3021737,0.11781751714057695
3021738,0.002367314053446876
3021739,3.8527942673176964e-05
3021740,0.0004979668170941867
3021741,1.425797442238013e-06
3021742,0.005333757974527038
3021743,0.09889602051529624
3021744,1.5900160504664451
3021745,0.0017850989729537726
3021746,2.3995465489894205
3021747,0.045607513928795494
3021748,2.143769168918207e-06
3021749,0.00018613497515716052
3021750,0.13528649503858545
3021751,0.37578256765521667
3021752,0.00400496929666353
3021753,0.03238527394082824
3021754,2.25193606289295e-05
3021755,0.0030255740938706344
3021756,0.30668289843405355
3021757,0.14088708579614287
3021758,2.6629495786790844
3021759,0.023998644941718814
3021760,0.3178848704366877
3021761,0.008150697480998606
3021762,0.06049680474620367
3021763,0.06192279447099761
3021764,0.6748434712579424
3021765,8.83489807707136
3021766,0.00914348795882389
3021767,0.17407180316627274
3021768,4.457671188471857e-05
3021769,0.5728623344068029
3021770,0.2063891092707702
3021771,0.057572628404808576
3021772,7.273673131276848e-05
3021773,0.0008391338816229317
3021774,1.6615787911394832e-06
3021775,0.07159066120741375
3021776,0.4764352042836633
3021777,1.4444374921888734
3021778,0.0017850989729537726
3021779,1.710729236437517
3021780,0.039727167638379995
3021781,4.462418125726473e-06
3021782,0.00018221852854611686
3021783,0.12549876543119193
3021784,0.3771325078974408
3021785,0.0036888455059327545
3021786,0.024827370641634632
3021787,2.8146510292600443e-05
3021788,0.0038753401149002353
3021789,0.34777081735951954
3021790,0.13537909151353258
3021791,1.0984924998057823
3021792,0.016199047347838502
3021793,0.26506865035124655
3021794,0.002755680011543041
3021795,0.06585927673213549
3021796,0.06281856822888043
3021797,0.5532834501743145
3021798,5.427299428675032
3021799,0.00818038834854032
3021800,0.1631358610337562
3021801,5.0998679867294707e-05
3021802,0.8421471371142263
3021803,0.21149513387281385
3021804,0.054296065474117146
3021805,2.4099740883056176e-05
3021806,0.0009028145207709695
3021807,3.2784572154364676e-06
3021808,0.16152992632362573
3021809,0.4744954555316054
3021810,1.326734267980631
3021811,0.0017850989729537726
3021812,2.0754978224364113
3021813,0.04405986988606948
3021814,0.002876197412220016
3021815,0.00010494003204741756
3021816,0.05673593661073679
3021817,0.37475055601132906
3021818,0.003483283595750249
3021819,0.03313215275893997
3021820,1.943636251203531e-05
3021821,0.003876251690433916
3021822,0.37829263512562067
3021823,0.13799069367566616
3021824,1.3740173862168215
3021825,0.016442657653296576
3021826,0.2526382927533485
3021827,0.003933598928419601
3021828,0.05821563392140509
3021829,0.06621236828954316
3021830,0.5463381541393881
3021831,6.497869455940201
3021832,0.03881088701765042
3021833,0.1627065459184184
3021834,4.0233556503198727e-05
3021835,0.8220837527895531
3021836,0.1938463691569535
3021837,0.058774688500243956
3021838,9.693621783890561e-05
3021839,0.000811390927774811
3021840,1.4898655859246024e-06
3021841,0.12424354661235529
3021842,0.4586045639879315
3021843,1.2282080096136123
3021844,0.0017850989729537726
3021845,2.2286746635080505
3021846,0.038992965920032936
3021847,1.7789189177064722e-06
3021848,0.00019876367710756627
3021849,0.13100257704696944
3021850,0.2976297551890765
3021851,0.004682933279143459
3021852,0.04009410187460508
3021853,2.6864329362471025e-05
3021854,0.002989175671965433
3021855,0.3325386118957163
3021856,0.12889121836325307
3021857,1.3108360119329934
3021858,0.027865518048307468
3021859,0.3839691185699295
3021860,0.0060940325577071314
3021861,0.03816625125325686
3021862,0.06618549127333806
3021863,0.5642196353117869
3021864,4.719654109656046
3021865,0.008738576300594512
3021866,0.12102988163417215
3021867,4.990618620687328e-05
3021868,0.9578506488704122
3021869,0.21766891740948552
3021870,0.05106299164084103
3021871,9.583539360485188e-05
3021872,0.0008998605819904893
3021873,2.196259253166873e-06
3021874,0.10073122175682994
3021875,0.47402311617614956
3021876,1.5858736123153894
3021877,0.0017850989729537726
3021878,1.8676442689481951
3021879,0.01935608195200797
3021880,4.1857852009266833e-07
3021881,8.716700810989984e-05
3021882,0.14883871621267525
3021883,0.29665969409816845
3021884,0.0046942576724690625
3021885,0.027471771177813385
3021886,2.9619553176561943e-05
3021887,0.0027031116751992357
3021888,0.22596287446390118
3021889,0.11436493781431681
3021890,0.42883889595413
3021891,0.03218925124526945
3021892,0.41470025246880554
3021893,0.004366255974893778
3021894,0.031111647942740486
3021895,0.0654699927450634
3021896,0.5652347197122399
3021897,2.8321428833175673
3021898,0.03840552818971982
3021899,0.2607962732665632
3021900,4.799155932399743e-05
3021901,0.8299523338963958
3021902,0.21180449454530215
3021903,0.05061891403147353
3021904,4.0474442804609426e-05
3021905,0.0007424439273309772
3021906,6.834507716440618e-07
3021907,0.07706646742724556
3021908,0.13930593801475796
3021909,1.400769732231923
3021910,0.0017850989729537726
3021911,1.9110978218873782
3021912,0.025120500344719614
3021913,2.894878982849803e-07
3021914,0.00022222480697112814
3021915,0.13959652092035083
3021916,0.22841739886410076
3021917,0.0036894234438109284
3021918,0.017298735114055414
3021919,9.87168877348888e-06
3021920,0.0040733559283308235
3021921,0.4133345263430135
3021922,0.13970394678543305
3021923,0.372676167459858
3021924,0.01896952398064635
3021925,0.3056364005629078
3021926,0.003649207230107369
3021927,0.06321779424440528
3021928,0.056371203250149736
3021929,0.583531007724553
3021930,7.299543011197272
3021931,0.00754435054364655
3021932,0.15715222629974002
3021933,4.633348804579568e-05
3021934,0.9544923443065151
3021935,0.19536501943317855
3021936,0.04535130257541166
3021937,0.00011533279720199044
3021938,0.0008116551530892273
3021939,2.974553889177975e-06
3021940,0.1358492589617294
3021941,0.19395121407885188
3021942,0.3645346438882582
3021943,0.08028710636829406
3021944,0.9020985546814512
3021945,0.01354404674700303
3021946,1.666253324362159e-07
3021947,0.00030572530092209233
3021948,0.1129906433996117
3021949,0.20325292892210178
3021950,0.006039881769793787
3021951,0.1197346380175058
3021952,0.0003548845834945493
3021953,0.0027135349148719482
3021954,0.24587734289634014
3021955,0.12329997979868344
3021956,0.5414603376935394
3021957,0.028686016562273615
3021958,0.3441924134102126
3021959,0.009609670633790044
3021960,0.022762072244028077
3021961,0.03953197815582437
3021962,0.34512936385804993
3021963,3.381300751184097
3021964,0.011227098721483786
3021965,0.1955447149565448
3021966,6.626034821831702e-05
3021967,0.9094514410006725
3021968,0.05820036094428978
3021969,0.019040391277589525
3021970,0.00010201911187769537
3021971,0.0009851689795105833
3021972,4.98860916954721e-06
3021973,0.012226017628941597
3021974,0.4502968246712251
3021975,1.2782978847596604
3021976,0.0018600502438227387
3021977,1.733518196446583
3021978,0.024208066982178585
3021979,2.1838453542429555e-06
3021980,0.00012557155432054175
3021981,0.11462861763289822
3021982,0.326430047517739
3021983,0.006252985090737108
3021984,0.029737751872836136
3021985,4.909059466256282e-05
3021986,0.002998768575702257
3021987,0.40974002221231814
3021988,0.13527712620913504
3021989,0.6957166064560951
3021990,0.02985775062557917
3021991,0.2932908774944056
3021992,0.0020802977160556584
3021993,0.022544281296152203
3021994,0.06616042764553122
3021995,0.4633920913925667
3021996,1.6231435028680858
3021997,0.043830175094145815
3021998,0.13966231400791512
3021999,3.924050936612002e-05
3022000,0.6140443141645631
3022001,0.14849132320861244
3022002,0.0528465946333859
3022003,0.00015866538527535838
3022004,0.0005475653800227464
3022005,4.388658579936854e-06
3022006,0.09822772279432689
3022007,0.14439184869761143
3022008,1.0745080229141
3022009,0.0018600502438227387
3022010,1.6601715663164855
3022011,0.021998656038066278
3022012,1.0126170384964894e-06
3022013,0.00014444414615665156
3022014,0.019807102136875736
3022015,0.17779111903883885
3022016,0.003813007462520129
3022017,0.0025236439608409687
3022018,2.0768720487622344e-05
3022019,0.003881613378637313
3022020,0.35832157547000687
3022021,0.12726075699220463
3022022,0.5963021650464773
3022023,0.03200350046532176
3022024,0.2836469581673901
3022025,0.0005463844184652857
3022026,0.027929497436561868
3022027,0.051348420422393036
3022028,0.548707277972438
3022029,2.8645660410245375
3022030,0.007382984942419406
3022031,0.17185320666767834
3022032,4.851147210338587e-05
3022033,0.8591579918922349
3022034,0.1608221431871084
3022035,0.046770397469953186
3022036,0.00017495700520721918
3022037,0.0006452455958095095
3022038,1.9989218944883734e-06
3022039,0.0031924211263942965
3022040,0.49375277548857854
3022041,1.454799219198784
3022042,0.0018600502438227387
3022043,1.9236562649522049
3022044,0.01875211531141543
3022045,3.1697474574894433e-07
3022046,0.00017974999847028363
3022047,0.1347463680476157
3022048,0.3170222028962843
3022049,0.006650714622058816
3022050,0.016293273436558495
3022051,1.2729439476672811e-05
3022052,0.0037078255670381383
3022053,0.3481449421106876
3022054,0.1530407151146688
3022055,1.7208229141183133
3022056,0.03105622101872597
3022057,0.29670775008056977
3022058,0.012118645553927955
3022059,0.030982487985989772
3022060,0.05023125223119206
3022061,0.5941462716472894
3022062,3.1839815283270414
3022063,0.05713480595216448
3022064,0.1564866287220229
3022065,4.756987553396686e-05
3022066,0.8834608438980239
3022067,0.16864227223983366
3022068,0.04397601964405204
3022069,0.0002266245609166789
3022070,0.0009004848808151126
3022071,4.448715825101249e-06
3022072,0.010480417631647965
3022073,0.4279565472037364
3022074,1.237348650429081
3022075,3.0518887912875614e-06
3022076,1.4997060424210469
3022077,0.00554543335943833
3022078,4.6577822132873945e-07
3022079,0.00015955008582098804
3022080,0.008153468572310342
3022081,0.10780346541108
3022082,0.0078075388607892204
3022083,0.0056526942369366775
3022084,5.085806518771052e-05
3022085,0.0015101165534966428
3022086,0.15142209541705687
3022087,0.10372675203425524
3022088,0.9915402384433322
3022089,0.01578444971656709
3022090,0.27836458751325693
3022091,0.0010994626737416942
3022092,0.013166094421253808
3022093,0.047161490359133
3022094,0.6951086011823222
3022095,2.7664298602739503
3022096,0.00906766220394572
3022097,0.20118882773885563
3022098,1.8045452096394085e-05
3022099,0.4154131905470072
3022100,0.09987006971063722
3022101,0.005226430575323337
3022102,7.309937602519064e-05
3022103,0.0005574290616159345
3022104,2.9330976094676478e-06
3022105,0.003645861040488557
3022106,0.2055245791220172
3022107,0.8309664865656073
3022108,0.0018600502438227387
3022109,0.1585069293036049
3022110,0.010345478636703506
3022111,3.152869538109231e-07
3022112,8.901642127305648e-05
3022113,0.0028995533815950846
3022114,0.4985636976677545
3022115,0.0033767251513638886
3022116,1.2105220233633168e-05
3022117,0.0043877562258072345
3022118,0.0010093930715641775
3022119,0.2621390802162253
3022120,0.2112218961826895
3022121,1.0889304392732087
3022122,0.007856654524877644
3022123,0.0040479292520932755
3022124,0.005855733553015084
3022125,0.0464777113822524
3022126,7.34960990068007e-07
3022127,0.00016136755949028336
3022128,3.105522634172209
3022129,0.007559654753817753
3022130,0.22247551308407573
3022131,0.03865728388398535
3022132,0.7890738900875989
3022133,0.009379769187516478
3022134,0.0076889641408785635
3022135,6.271146671802259e-05
3022136,0.0009065436127647811
3022137,4.273146664788803e-06
3022138,0.0004234150771218048
3022139,0.28153828148107723
3022140,0.22882276809416324
3022141,1.4264377061848768e-06
3022142,2.1159243789779283
3022143,0.028567083674813535
3022144,3.49047876793065e-07
3022145,0.00017096082788684095
3022146,0.07281876544647477
3022147,0.24996150275738258
3022148,0.007435357083799022
3022149,0.02659645439706719
3022150,2.0699474157699896e-05
3022151,0.0025298627248409597
3022152,0.4848066893950635
3022153,0.16203735843030395
3022154,0.9013566400811159
3022155,0.030413435530985227
3022156,0.39716388095743665
3022157,0.0001688093967207597
3022158,0.02943112618653896
3022159,0.04223513039723688
3022160,0.604856235513069
3022161,7.604520852461985
3022162,0.007456382574307693
3022163,0.15565677697245134
3022164,4.092830261845189e-05
3022165,0.8729105087868023
3022166,0.1451924360497751
3022167,0.04297366115129644
3022168,0.00022336866722587497
3022169,0.0009205448718407038
3022170,2.9648271947747956e-06
3022171,0.003889145536742124
3022172,0.4766188057754571
3022173,0.03825600907444524
3022174,0.0002719325557952948
3022175,1.2444638113772561
3022176,0.01561706301130674
3022177,0.003476031303970748
3022178,0.00011062079959845245
3022179,0.04525451027214267
3022180,0.29728571197530473
3022181,0.007578852218122982
3022182,0.02219274610233392
3022183,6.378688433413455e-06
3022184,0.00318131556058149
3022185,0.27686880964811694
3022186,0.13078882297540387
3022187,1.4082074404467617
3022188,0.017522221178217837
3022189,0.39806426640586146
3022190,0.0038455649946202075
3022191,0.020647751626822596
3022192,0.04568460095721174
3022193,0.6009134253800602
3022194,3.324644395331016
3022195,0.05008878582307364
3022196,0.1614288483215899
3022197,3.8224757849857215e-05
3022198,0.7478818202304854
3022199,0.07344585423716674
3022200,0.04360272657738413
3022201,0.00019615959157377535
3022202,0.0008110717459451977
3022203,1.933439885795874e-06
3022204,0.005501948087093489
3022205,0.5159332353336373
3022206,0.044956444354179094
3022207,0.2924254107373817
3022208,1.6377559543098366
3022209,0.017161146019244185
3022210,1.1581797120892422e-06
3022211,0.00013875208102603583
3022212,0.10050428930178565
3022213,0.28865294756962506
3022214,0.004878850778423254
3022215,0.019695605883610367
3022216,2.6351450720473204e-05
3022217,0.0026657926697977786
3022218,0.4390626259423758
3022219,0.09063195078703347
3022220,3.3157474931791326
3022221,0.022885227037929775
3022222,0.2759236279665154
3022223,0.0004060206902182199
3022224,0.02461318791679204
3022225,0.041922151195412385
3022226,0.5946570530276533
3022227,6.99446253663475
3022228,0.0065816142676371255
3022229,0.1717336806818936
3022230,3.431202164065926e-05
3022231,1.0105445925979277
3022232,0.20924470357234837
3022233,0.04632225708845558
3022234,0.00022162456873245535
3022235,0.0008938034401381457
3022236,1.9737066224290784e-06
3022237,0.008495275118882104
3022238,0.5101073628437052
3022239,1.3892016346654519
3022240,0.11319491940279161
3022241,1.8827634041532038
3022242,0.008476276598576058
3022243,3.152869538109231e-07
3022244,6.506097177698315e-05
3022245,0.11273823245431397
3022246,0.4129700508378032
3022247,0.001165877335988847
3022248,0.02728426768432793
3022249,0.00019468464259676303
3022250,0.0026439930092061834
3022251,0.2814954069959673
3022252,0.414880534295859
3022253,1.5139793844887675
3022254,0.015548630568589884
3022255,0.2672954198406106
3022256,0.0006635974605641371
3022257,0.030044659569042148
3022258,0.043814810901187065
3022259,0.4616430330201335
3022260,6.241284384301733
3022261,0.0051488140191263895
3022262,0.2449628762397353
3022263,4.4044016699949495e-05
3022264,0.7995426511555238
3022265,0.10456672173653117
3022266,0.01489704796701686
3022267,0.00018770167597042517
3022268,0.0005134533147426306
3022269,2.286705363397646e-06
3022270,0.14157644243108916
3022271,0.15828479058329922
3022272,0.01787263845552237
3022273,0.0018768612568322049
3022274,1.3897878474771057
3022275,0.008635410650039187
3022276,0.00018428147144433112
3022277,3.4050287972008177e-06
3022278,0.02056795949441581
3022279,0.10681759301634798
3022280,0.007207282050754337
3022281,0.011787683475211076
3022282,4.73164769305947e-05
3022283,0.000841412171388555
3022284,0.07037042448532999
3022285,0.10174209763975962
3022286,0.7015080082130982
3022287,0.011916544559123596
3022288,0.03192227595494045
3022289,0.0017508307058322937
3022290,0.0019175643756788867
3022291,0.032593902813794824
3022292,0.26711384750708556
3022293,1.9767323101869385
3022294,0.012552639348712646
3022295,0.04830570320433908
3022296,1.82543783190816e-05
3022297,0.46050581508733873
3022298,0.09183586684999102
3022299,0.014927857702010848
3022300,0.00010168205286799493
3022301,0.000603237626354086
3022302,1.9101531043714846e-06
3022303,0.0005664860445560273
3022304,0.39698896503266934
3022305,0.0021762004103763576
3022306,0.0018768612568322049
3022307,0.7603023286104961
3022308,0.007175496849174139
3022309,3.0995293216500995e-07
3022310,0.0006809506617315595
3022311,0.001616138709388804
3022312,0.08587622814573405
3022313,0.007917982679129696
3022314,8.249226118860274e-06
3022315,0.13802639943313977
3022316,0.0008367282883505172
3022317,0.1538012749932736
3022318,0.01800818559497186
3022319,0.18701577596988805
3022320,0.0017609293355878468
3022321,0.0008505828780653662
3022322,0.008922458678507196
3022323,0.006200988197686473
3022324,0.019694684470180947
3022325,9.896452903565174e-05
3022326,0.203405456167694
3022327,0.029513421836135874
3022328,0.08935477914857749
3022329,8.742861848399204e-05
3022330,0.49482422949633
3022331,0.4700388811282465
3022332,0.0021698421774401537
3022333,1.8871562165442516e-05
3022334,0.00014242912241003953
3022335,0.0012911710826319883
3022336,0.032721902704370705
3022337,0.33561491207617405
3022338,0.4864283761574178
3022339,0.8220971405362515
3022340,1.2175868776684116
3022341,0.003221247520025263
3022342,3.0995293216500995e-07
3022343,1.9296233262494066e-06
3022344,0.09397715407263342
3022345,0.4790040665807354
3022346,0.0014548290309929018
3022347,0.01060881284012961
3022348,0.0004993057068426129
3022349,0.0011408914225817849
3022350,0.09724509275858294
3022351,0.1369741354859677
3022352,0.3932887091328092
3022353,0.009371128261490268
3022354,0.24094906032364685
3022355,0.026506512092225855
3022356,0.01062284278014763
3022357,0.031068035160243253
3022358,0.10474181219858957
3022359,1.3522227299960365
3022360,0.020496275862071815
3022361,0.06817760646526963
3022362,4.040066648224681e-05
3022363,0.5460568406819104
3022364,0.0308157454311256
3022365,0.039997214873146704
3022366,0.0001621385705527718
3022367,0.0007207732361470173
3022368,2.851576625595638e-06
3022369,0.11550629748578367
3022370,0.09223013540641035
3022371,0.15668132584182923
3022372,0.0010587081174884974
3022373,0.14982179013312763
3022374,0.012144039289467208
3022375,3.0995293216500995e-07
3022376,1.224700810082113e-05
3022377,0.04600840634831549
3022378,0.17293251089502337
3022379,0.0058675053117684
3022380,5.1891446100725704e-05
3022381,0.0011194156323878902
3022382,0.0022794124337465384
3022383,0.23900394949036735
3022384,0.03284024336999233
3022385,0.27357237998888934
3022386,0.0024025686721576467
3022387,0.00286650923809363
3022388,0.0011063997625608167
3022389,0.0033929256705861337
3022390,0.04265414656938544
3022391,0.00010329966608566483
3022392,2.019751599728367
3022393,0.018592657709161613
3022394,0.043215156930115795
3022395,0.00010760713311402145
3022396,0.5944856770253779
3022397,0.0821579274585154
3022398,0.0034582069474391294
3022399,0.0001506404187626771
3022400,0.0003672664966280633
3022401,0.0025417343940681986
3022402,0.023626661811421364
3022403,0.1709549884346567
3022404,0.11396589541997319
3022405,0.0018768612568322049
3022406,2.6486890778486414
3022407,0.003710712596776335
3022408,3.0995293216500995e-07
3022409,3.327541768908177e-05
3022410,0.002030420378567837
3022411,0.14585052646969632
3022412,0.008125386041873014
3022413,6.503324231038733e-05
3022414,0.07351907532406776
3022415,0.0006660686246928648
3022416,0.09674072609742776
3022417,0.1751807113301383
3022418,0.029614878063801427
3022419,0.0020260751296298546
3022420,0.009375364242875116
3022421,0.000482933275186093
3022422,0.007090255843310301
3022423,0.041961174303119075
3022424,0.00010329966608566483
3022425,0.08652257291541075
3022426,0.03830156050454588
3022427,0.07858445472768724
3022428,0.000479937363044858
3022429,0.40725730509455726
3022430,0.16115865153617534
3022431,0.002835270518474189
3022432,7.845469145672893e-05
3022433,0.00012366961081997096
3022434,0.0013603123963937568
3022435,0.025399377538420722
3022436,0.3697724063524708
3022437,0.014617562525510462
3022438,0.0018768612568322049
3022439,0.4758279594097531
3022440,0.007283230112168656
3022441,3.0995293216500995e-07
3022442,3.021334131406356e-05
3022443,0.006837155900498506
3022444,0.27391207917936167
3022445,0.00528050972284382
3022446,6.081791332853951e-05
3022447,0.007643638221056611
3022448,0.0019201240320479262
3022449,0.13855792489207353
3022450,0.035119802655920324
3022451,0.23885566900346927
3022452,0.001973883828693355
3022453,0.017623620895533394
3022454,0.025885707623565672
3022455,0.0031158535832330895
3022456,0.01214624575432738
3022457,0.00010329966608566483
3022458,0.6000310985814519
3022459,0.05612038550978668
3022460,0.06568937621260287
3022461,0.00041023539736503476
3022462,0.43164131180081255
3022463,0.06123609803903514
3022464,0.0027073682537007695
3022465,2.3690440328340957e-05
3022466,0.00039630306722571163
3022467,0.012152439966136932
3022468,0.0308618900504049
3022469,0.21285766496611858
3022470,0.012742592342318906
3022471,0.035886747770991566
3022472,0.7565173333667936
3022473,0.009966051073950532
3022474,3.0995293216500995e-07
3022475,0.0008094233823542778
3022476,0.0009749016455218694
3022477,0.2697503814331966
3022478,0.0043395962202298416
3022479,8.071084710371926e-05
3022480,0.009142899148746608
3022481,0.0012613933014862801
3022482,0.1973823338360637
3022483,0.0033478441481226717
3022484,0.5305923123094166
3022485,0.0031267351950090357
3022486,0.0025475338218347915
3022487,0.012608887109534317
3022488,0.007829187873107012
3022489,0.02857194468332297
3022490,0.00010329966608566483
3022491,0.3450853566230275
3022492,0.04260301157926728
3022493,0.04105060054041292
3022494,0.00019735192726767813
3022495,0.6596142977234395
3022496,0.15006450336443647
3022497,0.003237469076343367
3022498,4.5657923954876035e-05
3022499,0.0001217941990291893
3022500,8.575354712558276e-06
3022501,0.030289553831504203
3022502,0.37736608401860183
3022503,0.025038967868427964
3022504,0.05573846275716667
3022505,0.09667769201842578
3022506,0.00825281537809604
3022507,3.0995293216500995e-07
3022508,0.0003438824339258868
3022509,0.001969337759880346
3022510,0.0790195011175704
3022511,0.010603710738391798
3022512,8.518612534174654e-05
3022513,0.0004888844819576098
3022514,0.000441863941927951
3022515,0.07619912072422119
3022516,0.06781853903792559
3022517,0.13301418900545603
3022518,0.0019143425714950356
3022519,0.009753167865564499
3022520,0.009191195220711403
3022521,0.00304368741406238
3022522,4.491781604938516e-07
3022523,0.00010329966608566483
3022524,0.1270566546453133
3022525,0.023227319919465923
3022526,0.043597219876120696
3022527,0.0011966945080838308
3022528,0.23004012757859177
3022529,0.39772890481201906
3022530,0.0029148580578069864
3022531,0.00013201775780826108
3022532,0.00025358333945793863
3022533,0.0020394756872152693
3022534,4.095295537726415e-05
3022535,0.17212788378740515
3022536,0.9950330025453309
3022537,0.30306583441016305
3022538,0.9113674671450473
3022539,0.006683831642017842
3022540,3.0995293216500995e-07
3022541,4.886285062054924e-06
3022542,0.003532661147527134
3022543,0.26647475226907846
3022544,0.0010690887128965954
3022545,4.561408002013633e-05
3022546,0.0005754833197377964
3022547,0.0008702990093396769
3022548,0.15867824296966992
3022549,0.10389140935540271
3022550,0.5814399325493507
3022551,0.016364999060774967
3022552,0.030473275017554296
3022553,0.0012890321498405227
3022554,0.006930509514791219
3022555,0.041999721897242326
3022556,9.896452903565174e-05
3022557,1.0181741476161283
3022558,0.02630660554837468
3022559,0.06026414286194283
3022560,6.405387440124866e-05
3022561,0.5936944343873969
3022562,0.09338153297778798
3022563,0.028912284072804047
3022564,0.00026357591202003
3022565,0.0005136604323052606
3022566,4.07392823105705e-06
3022567,0.019578927148901575
3022568,0.1080794669163059
3022569,0.004528641494825461
3022570,0.08056328060990306
3022571,0.15492640001232957
3022572,0.008480334998974515
3022573,3.0995293216500995e-07
3022574,8.691587391891381e-07
3022575,0.003010058079682312
3022576,0.11548059925098134
3022577,0.0009288447946860113
3022578,0.0018799228622271953
3022579,0.0003812752916065993
3022580,0.00043017547995760055
3022581,0.0804075036825842
3022582,0.028809940054550415
3022583,0.1831471236094391
3022584,0.0015361268203985044
3022585,0.010199497548042079
3022586,0.0003985924881860231
3022587,0.0032317217777978876
3022588,0.016385517676288267
3022589,0.06696363620732607
3022590,0.14335644202734607
3022591,0.061294005803980006
3022592,0.020391798298035016
3022593,3.475618988486758e-05
3022594,0.09438384428202784
3022595,0.041787275306386394
3022596,0.005213968684135147
3022597,1.43781693355186e-05
3022598,6.525538478552054e-05
3022599,7.057431697193063e-07
3022600,0.134020489068955
3022601,0.04232831486205641
3022602,0.9452685230858587
3022603,0.1508665454670942
3022604,0.5225001437626968
3022605,0.0032343515452146207
3022606,3.0995293216500995e-07
3022607,7.358593812883057e-06
3022608,0.004553274665569197
3022609,0.24407656474820555
3022610,0.0047530617774569055
3022611,2.80968915411166e-05
3022612,0.009066997940948628
3022613,0.0016696618462475026
3022614,0.13309307107809218
3022615,0.06814870507961351
3022616,0.9183309179913544
3022617,0.002743689943753817
3022618,0.00202192992848635
3022619,0.04917357938454577
3022620,0.0038844299784575715
3022621,0.022959442245685635
3022622,0.00010329966608566483
3022623,0.7833579615962021
3022624,0.04337189205746864
3022625,0.06070184179816609
3022626,0.0004622378307818208
3022627,0.33333438914932134
3022628,0.08552078181974918
3022629,0.0028392516700709736
3022630,0.00012513486652621097
3022631,0.00012522427047707602
3022632,0.005629059725239255
3022633,0.01807553297414712
3022634,0.20427588795919885
3022635,1.0279367441264446
3022636,0.0029357969187192804
3022637,1.4913281577450104
3022638,0.008097248956473116
3022639,3.0121178417311463e-07
3022640,0.00011155163050928343
3022641,0.030174513704483815
3022642,0.09524999261636405
3022643,0.005897530296054699
3022644,0.030568987448033165
3022645,4.45191504212908e-05
3022646,0.0010143191008300735
3022647,0.1838865972875513
3022648,0.14283684885204445
3022649,1.0282593947143728
3022650,0.006423772765887793
3022651,0.033232629518417024
3022652,0.005483212022113719
3022653,0.0066057719626619075
3022654,0.03301416349410797
3022655,0.1772372133885169
3022656,1.0536404159758501
3022657,0.06357343236743064
3022658,0.040044013023546085
3022659,9.37571451749393e-06
3022660,0.8013678572306757
3022661,0.1688793964354693
3022662,0.02892749933409824
3022663,0.0002517114845055162
3022664,0.0008396404793109086
3022665,3.42587041127033e-06
3022666,0.0016466082980072477
3022667,0.18148726486510172
3022668,0.6277877022307675
3022669,0.11403882003377458
3022670,0.5532142589179234
3022671,0.008059778884088046
3022672,3.0995293216500995e-07
3022673,1.1286668797896195e-06
3022674,0.0026711451293593516
3022675,0.29183172561563797
3022676,0.000984905274564335
3022677,0.011987263987690277
3022678,0.0017961792117985366
3022679,0.0008417198816807839
3022680,0.19419771150552279
3022681,0.12956386102152032
3022682,0.09716691655363158
3022683,0.0029200809534154163
3022684,0.007402364347346076
3022685,0.001421007307549039
3022686,0.011426757140023253
3022687,0.01180715349224345
3022688,0.15202385465784501
3022689,0.6899078228366637
3022690,0.02111077746541308
3022691,0.03449735240078779
3022692,3.2479824575361034e-05
3022693,0.5875803306572832
3022694,0.0498457329181626
3022695,0.018445780158670072
3022696,4.2097958299632675e-05
3022697,0.00020325117155731303
3022698,6.243687713075128e-06
3022699,0.4332647390760466
3022700,0.08318177238236849
3022701,1.2180237068375215
3022702,0.37512765552120264
3022703,0.5397124004287105
3022704,0.003444368918573501
3022705,3.0995293216500995e-07
3022706,2.049828346058497e-06
3022707,0.0038896150961906122
3022708,0.47200105411517485
3022709,0.0014140453735568069
3022710,0.005719566763686631
3022711,0.0002521812737210262
3022712,0.000984998909140645
3022713,0.11219335208764868
3022714,0.12445964137136582
3022715,0.2808845256395943
3022716,0.020593704394477424
3022717,0.30435157087352693
3022718,0.016857325684688326
3022719,0.008846788032630068
3022720,0.03141540814059035
3022721,0.04547256062908011
3022722,1.3324079761965186
3022723,0.0184622882597306
3022724,0.05161880571959093
3022725,8.12342037444479e-05
3022726,0.576824047732526
3022727,0.03153782612330194
3022728,0.0029336708961901184
3022729,8.397427570807422e-05
3022730,0.0009498602167412949
3022731,3.060366881555837e-06
3022732,0.001734513813957077
3022733,0.05673509520516748
3022734,0.041989932144969815
3022735,0.036564345243488804
3022736,2.7550133454210757
3022737,0.005068500754287107
3022738,3.0995293216500995e-07
3022739,1.697171870462224e-05
3022740,0.006008594953065804
3022741,0.19999183748252544
3022742,0.005979430683693112
3022743,7.470180591403324e-05
3022744,0.0015867538286954632
3022745,0.0011563201854393205
3022746,0.22221296081614442
3022747,0.05950202985698217
3022748,0.4530253948671809
3022749,0.024991694177402067
3022750,0.01659400479976602
3022751,0.002827207275263345
3022752,0.008678893474272817
3022753,0.05201030031794189
3022754,0.00010329966608566483
3022755,0.776459620019822
3022756,0.018890462994954185
3022757,0.05607726345026613
3022758,0.0003747717875144794
3022759,0.31134004117419173
3022760,0.05768758143074563
3022761,0.002672295505282242
3022762,9.027862395150437e-05
3022763,0.00030390412150129597
3022764,7.584469334485427e-05
3022765,0.030215229385555688
3022766,0.19319041911524285
3022767,0.0024353839912505735
3022768,0.0018768612568322049
3022769,0.16014323553044293
3022770,0.01738609903420836
3022771,0.0001499293373734027
3022772,0.0002589795273917392
3022773,0.015667307682556326
3022774,0.06980678440544412
3022775,0.009921010217161375
3022776,9.941514869732348e-05
3022777,0.0016323556016012747
3022778,0.0008855339918331101
3022779,0.10795526814902802
3022780,0.0985599462189319
3022781,0.09654065342180641
3022782,0.0047381898367705386
3022783,0.021420262641343852
3022784,0.11395763473094742
3022785,0.006716268893480038
3022786,0.0344140612907334
3022787,0.10385083155574082
3022788,0.5228253107268316
3022789,0.03214753477168876
3022790,0.09820259885236914
3022791,5.178606476761756e-05
3022792,0.8844380786617835
3022793,0.04186912365083737
3022794,0.002646765047130486
3022795,0.00019308861465807368
3022796,0.0004455357576158047
3022797,8.039093510805407e-06
3022798,0.002751704585866978
3022799,0.29929791553277196
3022800,0.0036688322159189155
3022801,0.011939779630270122
3022802,1.2524325634816196
3022803,0.00572361398490897
3022804,2.1539039758682866e-06
3022805,8.894330555112722e-05
3022806,0.10494462573773145
3022807,0.20699298128619845
3022808,0.007496978170931768
3022809,0.0022261100340846577
3022810,1.5186194543337924e-05
3022811,0.0013103258837307557
3022812,0.11728125272431547
3022813,0.11657103055340318
3022814,0.256853143028431
3022815,0.00611536050757894
3022816,0.3718822658587564
3022817,0.0003361779633004626
3022818,2.6577742305591672e-05
3022819,0.032054953729308236
3022820,0.27000458950038514
3022821,1.8122398423718962
3022822,0.01287823074779054
3022823,0.03853209801268717
3022824,3.223646766110292e-05
3022825,0.4648326051063342
3022826,0.16377943351651192
3022827,0.026411577333111037
3022828,0.0002628784895717373
3022829,0.0006770901356557119
3022830,1.225408704156813e-06
3022831,0.0015226893510092525
3022832,0.4859962175087032
3022833,0.006171011333512055
3022834,0.020447437378210743
3022835,0.2374863425352546
3022836,0.002177312863762209
3022837,3.8870821783466286e-07
3022838,4.705661434735438e-05
3022839,0.004132878691722557
3022840,0.041849074201399196
3022841,0.002344444060484852
3022842,6.037714477955811e-06
3022843,0.00015602407831767163
3022844,0.00015418581718091223
3022845,0.028211722734112737
3022846,0.03894169342043054
3022847,0.35400992364071066
3022848,0.004967902597364769
3022849,0.1910174138174733
3022850,0.00024409556933629583
3022851,0.0008383810282799088
3022852,4.491781604938516e-07
3022853,0.11132627622250063
3022854,0.12296511162011997
3022855,0.014614773402478718
3022856,0.030508712325106477
3022857,7.83989268622235e-06
3022858,0.03927453436457262
3022859,0.029070959356606745
3022860,0.0040466952857491694
3022861,4.679555970145137e-05
3022862,0.0001638554051099757
3022863,8.764289278747862e-07
3022864,0.006070271169571924
3022865,0.07841139983133749
3022866,0.011237778352514235
3022867,0.0018768612568322049
3022868,0.03982199728228045
3022869,0.010711854016225939
3022870,3.0121178417311463e-07
3022871,0.0016089815434681548
3022872,0.003986984064846019
3022873,0.04945795324659346
3022874,0.008479107062027582
3022875,1.7882288207975995e-05
3022876,0.0007747517195196875
3022877,0.0007806448987060749
3022878,0.00972912664641353
3022879,0.03693505591532708
3022880,0.4900522894869011
3022881,0.0024427536845211973
3022882,0.0008598231325587104
3022883,0.010281826941604068
3022884,0.0010327616443324725
3022885,0.004078304897440615
3022886,0.232211070141319
3022887,0.11522341390642991
3022888,0.0519480421405426
3022889,0.04503319357408979
3022890,5.575248006075971e-05
3022891,0.09861902338783146
3022892,0.07414260264358893
3022893,0.005771119408585741
3022894,2.486379382669199e-05
3022895,0.00015540405600814744
3022896,0.0023209514246732774
3022897,0.010511626947091051
3022898,0.5689352613064492
3022899,0.7687984403788543
3022900,0.08515068650227313
3022901,1.2342032699854588
3022902,0.00682158440235104
3022903,0.001201180984145942
3022904,0.00020115170133175713
3022905,0.09506081615653729
3022906,0.1323710135630565
3022907,0.0050283676650805026
3022908,4.7493510200883454e-05
3022909,2.572651840710054e-05
3022910,0.0006553291220143215
3022911,0.16240494072057882
3022912,0.13898723804840243
3022913,0.8014316929284194
3022914,0.002727954466489046
3022915,0.3714180802325234
3022916,0.016233153792191733
3022917,0.005944521226548985
3022918,0.02878361818614164
3022919,0.1777034506714837
3022920,1.0096917356149822
3022921,0.022575621270313564
3022922,0.039786782990883326
3022923,6.198124919508459e-05
3022924,0.6469626560875513
3022925,0.20103548000301716
3022926,0.026122945463993744
3022927,0.0002097764528522331
3022928,0.0006896463325899469
3022929,1.5538645238795243e-06
3022930,0.006199253906967269
3022931,0.34043243450740973
3022932,0.7058481497022471
3022933,0.00041760986345759936
3022934,0.4336560681285753
3022935,0.00869334462904474
3022936,3.0995293216500995e-07
3022937,1.5969585778644281e-06
3022938,0.061217063639749214
3022939,0.36789980297746144
3022940,0.0005490083042414366
3022941,0.00953677116982544
3022942,0.0004728577533127389
3022943,0.000882575939213727
3022944,0.12062240683302707
3022945,0.09014166058566869
3022946,0.4096599970739511
3022947,0.018971811211557395
3022948,0.02495543013529024
3022949,0.003234973846755856
3022950,0.008229578274537335
3022951,4.491781604938516e-07
3022952,0.11346597532832127
3022953,1.297625118526155
3022954,0.01818717326662357
3022955,0.04729672324403659
3022956,7.923742870595397e-05
3022957,0.5914198248065443
3022958,0.09719043022388361
3022959,0.001623437842763866
3022960,9.267049248188042e-05
3022961,0.0005458499226210082
3022962,1.5061272393163682e-06
3022963,0.006691949813817767
3022964,0.06819051355888843
3022965,0.5800619246660087
3022966,0.26645968051557567
3022967,0.48726693884498096
3022968,0.007909061245656171
3022969,3.0995293216500995e-07
3022970,1.7278507267214635e-06
3022971,0.02149090710370357
3022972,0.32797171235918515
3022973,0.001320655114923743
3022974,1.6619520459956746e-05
3022975,0.00022514542772580733
3022976,0.0010043589134412592
3022977,0.10966933218428206
3022978,0.11695018278689921
3022979,0.6586251206160413
3022980,0.026930653044734975
3022981,0.002388989996265601
3022982,0.0015307154253494945
3022983,0.011247756436363625
3022984,4.491781604938516e-07
3022985,0.12354011367207217
3022986,1.211884364424013
3022987,0.026693237101443768
3022988,0.056904401522063976
3022989,7.12214501020212e-05
3022990,0.4305202265383404
3022991,0.08107954511848421
3022992,0.002328681701283386
3022993,0.00014373592170634317
3022994,0.0003523448460991022
3022995,3.850834568964234e-06
3022996,0.00496283997696268
3022997,0.1590183402788897
3022998,1.1095942424440874
3022999,0.033967386882958264
3023000,1.8366357776482432
3023001,0.012671394643679685
3023002,2.619299645728596e-07
3023003,0.00017119828219812054
3023004,0.08951599576578734
3023005,0.11358949466639742
3023006,0.003750081018456673
3023007,0.008546735836358196
3023008,1.5019495327460004e-05
3023009,0.002042072897617131
3023010,0.19264579333731638
3023011,0.08105844489979867
3023012,2.584415576591858
3023013,0.015548960076350494
3023014,0.3779791873590784
3023015,0.006776239206268991
3023016,0.011013114830355995
3023017,0.033594404367816307
3023018,0.26287008976663845
3023019,2.3670766690945806
3023020,0.06060354680229083
3023021,0.042517631030020875
3023022,3.892831772238504e-05
3023023,0.9383835998953942
3023024,0.1704853790197588
3023025,0.03775236839554104
3023026,0.004364310460330902
3023027,0.0008116046883883882
3023028,3.038091942999827e-06
3023029,0.018948704707796398
3023030,0.5305862769341065
3023031,0.006074618020663614
3023032,0.12490524707560535
3023033,0.24772927803534572
3023034,0.01229168630070064
3023035,3.0995293216500995e-07
3023036,0.002176337620813366
3023037,0.002170175637513218
3023038,0.04415975227244799
3023039,0.006212335981026828
3023040,0.0001265578121876477
3023041,0.001952481901122143
3023042,0.0018488641052902847
3023043,0.03932203633810678
3023044,0.04579243579206143
3023045,0.12211570684565445
3023046,0.0027415691997267812
3023047,0.0014824510644021354
3023048,0.0011473016422408962
3023049,0.0019759776945078
3023050,0.09542608762938873
3023051,0.00020355288203313971
3023052,0.4319532764167609
3023053,0.011934395900091141
3023054,0.0861455442982817
3023055,4.850931345142798e-05
3023056,0.046768374428323434
3023057,0.07743481665326042
3023058,0.0031241704896141594
3023059,0.0010922937587264292
3023060,0.00024719627440043053
3023061,0.0001468682112159382
3023062,0.001099156358271276
3023063,0.32639428004068716
3023064,0.8166615754701539
3023065,0.14364608656195196
3023066,0.22669119304525975
3023067,0.0017888264206163866
3023068,3.0995293216500995e-07
3023069,3.3136204099246654e-06
3023070,0.006195439853983428
3023071,0.2739666378455213
3023072,0.0011235451708733843
3023073,4.0845123350526766e-05
3023074,0.0002696057101169109
3023075,0.0013498163127546895
3023076,0.11673478220290931
3023077,0.08732522445018574
3023078,0.361355296816882
3023079,0.00686006314530856
3023080,0.022180325072686368
3023081,0.0022117799456778642
3023082,0.007972558936861798
3023083,0.04628023981984232
3023084,0.16068332583890557
3023085,1.226712370429162
3023086,0.04456388331467681
3023087,0.056489592915488364
3023088,5.6168879335408994e-05
3023089,0.6291518269652766
3023090,0.08177501822475647
3023091,0.0053318228848001515
3023092,2.4898044619533865e-05
3023093,0.0007203831888817072
3023094,5.968582643690526e-06
3023095,0.022657877541798203
3023096,0.21655552364809946
3023097,0.0015086926793686619
3023098,0.0018768612568322049
3023099,0.8691462142155978
3023100,0.020768108069677847
3023101,3.0995293216500995e-07
3023102,0.0005512459041871808
3023103,0.0015433956967000854
3023104,0.03569320931579463
3023105,0.07469886391966121
3023106,3.3538864790303295e-05
3023107,0.0003146513231463287
3023108,0.0003111662105784838
3023109,0.030170173010238766
3023110,0.018663123496346527
3023111,0.1973778636267483
3023112,0.001838299519005146
3023113,0.0009112315149415486
3023114,0.021866056114557993
3023115,0.0048450426800519955
3023116,4.491781604938516e-07
3023117,0.00020355288203313971
3023118,0.07578110917351226
3023119,0.063652320422507
3023120,0.02836498435671615
3023121,7.587497440619612e-05
3023122,0.19367437633130735
3023123,0.22320227800006448
3023124,0.060599135530910814
3023125,8.420852417139724e-05
3023126,4.938250147112904e-05
3023127,0.0009742907864966663
3023128,8.494664220860075e-06
3023129,0.5803070500024504
3023130,0.8665328018848832
3023131,0.0018768612568322049
3023132,0.6011323897948306
3023133,0.012057900124487419
3023134,3.0995293216500995e-07
3023135,9.42825406904828e-06
3023136,0.003067515276776756
3023137,0.16198078015878914
3023138,0.0036905927609880646
3023139,2.6071369968220507e-05
3023140,0.0006235600810641904
3023141,0.000727801372975683
3023142,0.1783405355326922
3023143,0.07081968233388672
3023144,0.2686079358746115
3023145,0.017993683694462442
3023146,0.2284507668229556
3023147,0.020423948890254867
3023148,0.003235532282631744
3023149,4.491781604938516e-07
3023150,9.896452903565174e-05
3023151,1.5351191950707983
3023152,0.016618398054637197
3023153,0.03283543373313277
3023154,8.731709157948506e-05
3023155,0.5932067456589548
3023156,0.056685718024976066
3023157,0.00301133866847455
3023158,5.8720901139803586e-05
3023159,5.593512894487874e-05
3023160,3.447112133743955e-06
3023161,6.681380124882555e-05
3023162,0.17105418108442527
3023163,0.006276991068853414
3023164,0.47675795098117224
3023165,0.39466790957459474
3023166,0.0063139517439260865
3023167,3.0995293216500995e-07
3023168,4.339602265116504e-06
3023169,0.01282758402009758
3023170,0.23413824904390707
3023171,0.0011101463552810771
3023172,3.0395573227171337e-05
3023173,0.0006095709743096237
3023174,0.0016088532893330976
3023175,0.13406330959942384
3023176,0.09805508685835065
3023177,1.7390107592654718
3023178,0.013067047236722817
3023179,0.03499678859622269
3023180,0.005659039060890734
3023181,0.002460516997345803
3023182,0.029884086140446978
3023183,0.16900294377819508
3023184,0.6104617621250666
3023185,0.07352846017753188
3023186,0.05453138421083599
3023187,4.274366906570682e-05
3023188,0.614885139373052
3023189,0.05021382838805137
3023190,0.0028409388732378677
3023191,8.077266049979747e-05
3023192,0.00012876701285907566
3023193,1.2150498583358946e-05
3023194,0.015748791365156164
3023195,0.4389251748013455
3023196,0.03268185626166147
3023197,0.001061812437334907
3023198,0.6851712091064489
3023199,0.00597512618028486
3023200,3.0995293216500995e-07
3023201,0.0005759755321409857
3023202,0.0020314207953501
3023203,0.12093750551792265
3023204,0.08261997744162804
3023205,4.510950696291001e-05
3023206,0.0008174791213191559
3023207,0.00029581170114748533
3023208,0.06231090570374747
3023209,0.03427138401726598
3023210,0.19160329038745597
3023211,0.004289756899590627
3023212,0.001156715629406342
3023213,0.04468244337746241
3023214,0.007741290735122643
3023215,4.491781604938516e-07
3023216,0.00010329966608566483
3023217,0.032913131975111046
3023218,0.04068619560175259
3023219,0.09665785020822823
3023220,6.97010864218052e-05
3023221,0.048580631403026424
3023222,0.27505803428989967
3023223,0.1646917510401019
3023224,0.00018079536121853315
3023225,0.012465461640156422
3023226,0.004870930804989238
3023227,0.001698482158229607
3023228,0.032259023038351195
3023229,0.03888660085941006
3023230,0.004890540531658971
3023231,0.26258838609965973
3023232,0.0035243401621529113
3023233,3.0995293216500995e-07
3023234,8.349158954605298e-06
3023235,0.013065663723399167
3023236,0.22269095955130483
3023237,0.0014990445441266983
3023238,7.5404366815045e-05
3023239,0.0014871616155767466
3023240,0.0007487604267096537
3023241,0.16325726025757595
3023242,0.01729657812341878
3023243,0.11319092140176024
3023244,0.01847291504055954
3023245,0.009624787206679825
3023246,0.0240383971751156
3023247,0.002891927082016962
3023248,4.491781604938516e-07
3023249,0.24680801391181786
3023250,0.5088615091391536
3023251,0.027731222786186387
3023252,0.06196982860784545
3023253,6.681144181133469e-05
3023254,0.43210697268819953
3023255,0.03751592823416145
3023256,0.002967220491192405
3023257,3.868934334313194e-05
3023258,0.0005235834755554603
3023259,3.926389101640288e-06
3023260,0.009248364661245713
3023261,0.3759660577028534
3023262,0.02197417164866465
3023263,0.0018768612568322049
3023264,1.3714808925769713
3023265,0.003273009454702334
3023266,8.970741266651662e-08
3023267,0.00017982094750207089
3023268,0.011122692637033289
3023269,0.07655582117424291
3023270,0.006659525643549882
3023271,2.0209481529334865e-05
3023272,8.648688283027297e-05
3023273,0.0011841349205923672
3023274,0.14325170671824725
3023275,0.1361406398908385
3023276,1.222047755116014
3023277,0.015704982995842165
3023278,0.3567817523989052
3023279,0.020358944463703534
3023280,0.007819223758560452
3023281,0.03283072352322209
3023282,0.2752832511302023
3023283,0.28193061760057614
3023284,0.05343967684358524
3023285,0.03827131210447231
3023286,5.284945247539837e-05
3023287,0.533892328418472
3023288,0.11257502191285462
3023289,0.037737848448467524
3023290,0.00014895354938341602
3023291,0.0007529240577624497
3023292,2.126615511986681e-06
3023293,0.0010004984995920054
3023294,0.1644301895463635
3023295,0.38230876375294076
3023296,0.0018768612568322049
3023297,1.5326255918645064
3023298,0.0020052451280710756
3023299,2.5151409264892653e-07
3023300,0.00016989264803798777
3023301,0.1080929419504478
3023302,0.16392799055655885
3023303,0.005301138782311425
3023304,0.030288514348394212
3023305,0.0003945436233877562
3023306,0.0011486957494049274
3023307,0.15809569521030578
3023308,0.1023290233209318
3023309,0.5287940694891475
3023310,0.021952064011752676
3023311,0.3875370103090101
3023312,0.0004455503237216891
3023313,0.006690229327833075
3023314,0.029826425247022195
3023315,0.22070161371924418
3023316,1.3402688657429045
3023317,0.058260087132790406
3023318,0.03660980720660304
3023319,5.3354073169045764e-05
3023320,0.3728649528099653
3023321,0.14737452085168565
3023322,0.031807825115775186
3023323,2.7233691835099034e-05
3023324,0.0007633000020561785
3023325,4.254585835359431e-06
3023326,0.010357158394281755
3023327,0.35486912699196455
3023328,1.1072806359698462
3023329,0.38952502734052247
3023330,1.3682866568598406
3023331,0.004385597901604328
3023332,3.0995293216500995e-07
3023333,3.7865999931871203e-06
3023334,0.0023658754914724755
3023335,0.461508965782146
3023336,0.0010847935091880068
3023337,0.01802413342963688
3023338,0.00046007069015369605
3023339,0.0010396975752556042
3023340,0.1749209267769755
3023341,0.13382656409965357
3023342,1.422205120026872
3023343,0.013832610269545987
3023344,0.020468073976713137
3023345,0.019857400884621106
3023346,0.00864330393137981
3023347,0.02153503315292917
3023348,0.28517163581127936
3023349,1.5663272964473876
3023350,0.035205129998689924
3023351,0.03473591486698974
3023352,4.194575961123657e-05
3023353,0.6569837421668746
3023354,0.07521010859923914
3023355,0.03410646806432378
3023356,0.00020935830385465233
3023357,0.0005315494754642209
3023358,3.2233433670996856e-06
3023359,0.18442036270620152
3023360,0.12232092649459765
3023361,0.008159061690005256
3023362,0.0028961999452288404
3023363,1.254140617527611
3023364,0.008693730916150909
3023365,7.195696702784332e-07
3023366,0.00020640378585383727
3023367,0.0043881099534744195
3023368,0.07010772709713503
3023369,0.00641046462946667
3023370,0.04056214218272394
3023371,5.471082989483748e-05
3023372,0.00126187103625085
3023373,0.1862697978995577
3023374,0.11532574893586992
3023375,1.1466880942558615
3023376,0.0017665739275033367
3023377,0.01202180998537535
3023378,0.001446492563652129
3023379,0.0033723753533010585
3023380,0.03503208122254639
3023381,0.203300154494304
3023382,0.23240218616178548
3023383,0.01712332511214081
3023384,0.0428599041887364
3023385,3.8022230753466644e-05
3023386,0.8244882814186113
3023387,0.08547317551077457
3023388,0.032879692585804664
3023389,0.0002652705961642699
3023390,0.0005946738889246873
3023391,4.245372592472668e-06
3023392,0.003819173445758208
3023393,0.537645907983125
3023394,0.009183586618460613
3023395,0.3544503491248931
3023396,2.0817287654658183
3023397,0.005963644775849066
3023398,3.0995293216500995e-07
3023399,4.85849104755039e-06
3023400,0.003691073840628162
3023401,0.23758598950733034
3023402,0.001475533181366197
3023403,5.263606477950245e-05
3023404,0.0009039898941089689
3023405,0.0015173561358476438
3023406,0.13401311332418608
3023407,0.07856807498767751
3023408,0.9039740387623915
3023409,0.02104795535810142
3023410,0.003127631188954821
3023411,0.05182155251523218
3023412,0.0122997194314168
3023413,4.491781604938516e-07
3023414,0.02626676114878045
3023415,1.322243028932673
3023416,0.018162735609409682
3023417,0.05116868241663756
3023418,6.967391002187876e-05
3023419,0.8057954252589331
3023420,0.049119879253695264
3023421,0.03526122447061593
3023422,7.465165961927683e-05
3023423,0.0004877978980964673
3023424,3.315228530373866e-06
3023425,1.6805260049602057e-05
3023426,0.09284616791203057
3023427,0.8501067626182807
3023428,0.0002130377342209037
3023429,1.624548120138231
3023430,0.008714567203963268
3023431,3.7703514513821583e-07
3023432,9.85489547748689e-05
3023433,0.04238640469185875
3023434,0.11664247573912585
3023435,0.005671918234677362
3023436,2.9576719715632743e-05
3023437,5.842116831233405e-05
3023438,0.0012041033814183838
3023439,0.1518021752948157
3023440,0.09621797923259194
3023441,0.6301627455833663
3023442,0.01935296399263204
3023443,0.32721033294350715
3023444,0.0003688766833424786
3023445,0.004357727753146743
3023446,0.03214947607872289
3023447,0.30057143450792156
3023448,0.9520159544958684
3023449,0.1874451437984226
3023450,0.05419954762137031
3023451,4.6960710594483636e-05
3023452,0.43293626432056553
3023453,0.15664642914503363
3023454,0.03233029481695298
3023455,6.978186964648166e-05
3023456,0.0002230208615115066
3023457,4.293187837401343e-06
3023458,0.009731391358665504
3023459,0.06751684992869825
3023460,0.011930296526024385
3023461,0.0018768612568322049
3023462,0.6708182931081342
3023463,0.004797106428655812
3023464,3.0121178417311463e-07
3023465,0.00016026706777124913
3023466,0.01976039521958203
3023467,0.07547595726417533
3023468,0.00671437462362213
3023469,0.007889112424781531
3023470,5.89781260516407e-05
3023471,0.0014966071026066795
3023472,0.15055622952684425
3023473,0.09586860652097406
3023474,0.5081391694527218
3023475,0.010901869682668708
3023476,0.3694562212275044
3023477,0.0011877598807509926
3023478,0.005242045747359337
3023479,0.03646881256657169
3023480,0.17708519976539724
3023481,1.074130958433422
3023482,0.02150289944150999
3023483,0.04918755161281696
3023484,5.2866231758001304e-05
3023485,0.47667669797467926
3023486,0.17031165899876288
3023487,0.030417850911674486
3023488,0.00011214253024513256
3023489,0.0005716345149959634
3023490,4.129836595725285e-06
3023491,0.004948956537886909
3023492,0.10284420824846602
3023493,0.1562861629176472
3023494,0.009506598762537536
3023495,0.40010162910221647
3023496,0.005393504111399377
3023497,3.0995293216500995e-07
3023498,3.892417694714112e-06
3023499,0.04140607918357456
3023500,0.4239991496686736
3023501,0.002730081108242027
3023502,0.0059965292402914434
3023503,0.0007047349449971157
3023504,0.007790826164439547
3023505,0.17939232767729568
3023506,0.07513095413140515
3023507,0.045410152941919246
3023508,0.0019990761743128383
3023509,0.002794804459671301
3023510,0.00334064298779409
3023511,0.012048720114883274
3023512,4.491781604938516e-07
3023513,0.12126641471131464
3023514,0.03572178918980399
3023515,0.02274385561555123
3023516,0.03606687535829719
3023517,3.2060026823360524e-05
3023518,0.35487965763015933
3023519,0.08226279312299224
3023520,0.043853252485579405
3023521,3.1667788519078855e-05
3023522,0.0005171996325256518
3023523,2.625501792834344e-06
3023524,0.008428875953724952
3023525,0.11084610323996157
3023526,1.5257490126036268
3023527,0.0018768612568322049
3023528,2.0865964472089953
3023529,0.01379443260533602
3023530,2.7110730753804953e-06
3023531,0.0002098628143642765
3023532,0.11145903341699509
3023533,0.20853067257249988
3023534,0.0033407679179255625
3023535,0.014250160959906824
3023536,3.472393476250882e-05
3023537,0.0015358717378449766
3023538,0.11358030904588749
3023539,0.13143553334779967
3023540,2.3494570996754556
3023541,0.023492612965357016
3023542,0.3703427811617327
3023543,0.007304141882014852
3023544,0.015447069954133518
3023545,0.055553055141998216
3023546,0.24781451328325796
3023547,2.1039992720213796
3023548,0.06808744334990544
3023549,0.04970838340339321
3023550,4.329424096494826e-05
3023551,0.47260581334819085
3023552,0.20484679720640359
3023553,0.053197948727442185
3023554,0.00010954613038463283
3023555,0.0008439317508542007
3023556,2.063020036164999e-06
3023557,0.10244024597963651
3023558,0.5325525073411133
3023559,1.1935782419311123
3023560,0.0018768612568322049
3023561,1.6895460146961627
3023562,0.012435266524149797
3023563,4.391618183341869e-06
3023564,0.00012449807045790073
3023565,0.14804504066852914
3023566,0.2768269792081911
3023567,0.00372235561757317
3023568,0.011944109893696223
3023569,2.3265644566899694e-05
3023570,0.001989083038673448
3023571,0.1944509013426143
3023572,0.1060287582923074
3023573,0.6002264048443432
3023574,0.016914514094660837
3023575,0.3813678460155832
3023576,0.004956307640493363
3023577,0.015419706524630962
3023578,0.05041081859411142
3023579,0.15275250566918772
3023580,2.4789694063437158
3023581,0.11456698597372819
3023582,0.044625947068544065
3023583,4.918120494226232e-05
3023584,0.8227952889711838
3023585,0.18553116614052165
3023586,0.03789619354119814
3023587,8.999664323712375e-05
3023588,0.000913174170566351
3023589,3.3958878047228323e-06
3023590,0.24943504893406968
3023591,0.5410134286556384
3023592,1.3156204931137179
3023593,0.0018768612568322049
3023594,1.7275850756354434
3023595,0.008000138191466203
3023596,0.005003609621118868
3023597,6.712813190771493e-05
3023598,0.14548687952033246
3023599,0.23211889102222108
3023600,0.0029000102615156275
3023601,0.015959774268863032
3023602,3.7651122437818763e-05
3023603,0.0017443932829116129
3023604,0.19111377554261866
3023605,0.0968921461202833
3023606,0.9907061672605344
3023607,0.011075781627508061
3023608,0.2819942221019744
3023609,0.0037484301658378223
3023610,0.01371569854558356
3023611,0.06555739702604918
3023612,0.2557183553644915
3023613,1.867111355574529
3023614,0.04964646834600477
3023615,0.04764113217287028
3023616,3.8805083727738825e-05
3023617,0.7029094462854115
3023618,0.16467809746935616
3023619,0.04924185713467408
3023620,0.00026426416312254385
3023621,0.0008209262364915695
3023622,1.4406439494587102e-06
3023623,0.17170639906415988
3023624,0.1495969561406182
3023625,1.143353663430673
3023626,0.0018768612568322049
3023627,1.9539736763242475
3023628,0.012000695586443653
3023629,1.3506242153256836e-06
3023630,0.00012457999712626867
3023631,0.10412203560253061
3023632,0.18890971928124928
3023633,0.0038535171071367993
3023634,0.01927823047800722
3023635,2.1989589024826428e-05
3023636,0.0013935178386405825
3023637,0.18720959554213634
3023638,0.11563274199583626
3023639,1.038782646791266
3023640,0.01992976363495527
3023641,0.3427423563319947
3023642,0.005540474283272133
3023643,0.007999163453085194
3023644,0.05486899032736002
3023645,0.24847326334953504
3023646,1.402166336847371
3023647,0.019773740663050647
3023648,0.035684157633338626
3023649,4.771832032109007e-05
3023650,0.8251316173991989
3023651,0.20821307925852872
3023652,0.04139950667870487
3023653,8.82649754824574e-05
3023654,0.0009095385402563176
3023655,2.2484053640461492e-06
3023656,0.20998822616612378
3023657,0.5407552143185578
3023658,1.5422342897866361
3023659,0.0018768612568322049
3023660,1.648045979273909
3023661,0.006046027800656029
3023662,3.40172144894988e-07
3023663,6.105880423892258e-05
3023664,0.12116347672083769
3023665,0.20555783299787134
3023666,0.0038845109243341564
3023667,0.016465702359767315
3023668,8.568587235205767e-05
3023669,0.001148053844277398
3023670,0.16310038302355762
3023671,0.13941561942025865
3023672,0.3315397759535505
3023673,0.01878872791397309
3023674,0.022539843645656473
3023675,0.005722403881386162
3023676,0.0063139681282370335
3023677,0.0642956659989211
3023678,0.15449643104250066
3023679,0.5008887387628108
3023680,0.1039431122338658
3023681,0.07260146586103801
3023682,4.6639311670288995e-05
3023683,0.7153704830188121
3023684,0.17407261392087459
3023685,0.04291421558947837
3023686,0.0001850227558973827
3023687,0.0007492752784678084
3023688,6.772780656686828e-07
3023689,0.11002834842853183
3023690,0.43526525239131697
3023691,1.376342144913501
3023692,0.0018768612568322049
3023693,1.683959760242834
3023694,0.01100434161587619
3023695,2.9106669241990016e-07
3023696,0.0001892241793031773
3023697,0.10246056958308626
3023698,0.22761566226719226
3023699,0.0046165392094478135
3023700,0.006935606843584156
3023701,1.1158915270990885e-05
3023702,0.00213101136838088
3023703,0.18550765875546266
3023704,0.11674410343185741
3023705,0.3995719293930778
3023706,0.018678502079647115
3023707,0.3770291267059486
3023708,0.005159636199201936
3023709,0.009859790718635695
3023710,0.047585617222070595
3023711,0.22277920061691164
3023712,4.111568474937284
3023713,0.10213523490866461
3023714,0.051318543191826715
3023715,4.397870377974596e-05
3023716,0.8337223719356244
3023717,0.20322625171020145
3023718,0.035709509926324566
3023719,0.00012120336480290374
3023720,0.0008208861170581598
3023721,3.3805038204426776e-06
3023722,0.2306294157993263
3023723,0.5324538545308519
3023724,0.34490048153515995
3023725,0.11089807207679171
3023726,1.7164969456192918
3023727,0.008471777115200144
3023728,1.1993521741837608e-07
3023729,0.0001260779753194564
3023730,0.10622511809498937
3023731,0.07507531218983288
3023732,0.0070711314987009595
3023733,0.04290251141818415
3023734,0.0004737985963525865
3023735,0.0010673382768092662
3023736,0.21373000152713423
3023737,0.09001519367665019
3023738,0.7673915961428598
3023739,0.0293624834293347
3023740,0.028855457030657422
3023741,0.013903477279308693
3023742,0.0032761668269121855
3023743,0.02741390296436203
3023744,0.1402977324836416
3023745,1.3581597332476756
3023746,0.06341204540273288
3023747,0.04489616050701082
3023748,6.145740664213134e-05
3023749,0.8374694603338206
3023750,0.02311645950024576
3023751,0.00994384551071682
3023752,0.0001256196407047389
3023753,0.0009964354599122714
3023754,5.230534230259704e-06
3023755,0.012515000283833164
3023756,0.6321754909694242
3023757,1.2072668958813626
3023758,0.0018768612568322049
3023759,1.9290153073656744
3023760,0.010565032613649059
3023761,2.408640194862792e-06
3023762,0.00010926322879327007
3023763,0.09946880107730537
3023764,0.11427392543774269
3023765,0.005173292271061587
3023766,0.010753540883610873
3023767,0.0002883592578973122
3023768,0.0015596402552969847
3023769,0.2402602423890812
3023770,0.11847631025347152
3023771,0.3962483856223483
3023772,0.01608260218463353
3023773,0.003334356052504182
3023774,0.00227747546495393
3023775,0.007907416355193393
3023776,0.06174337410110059
3023777,0.1174582415145128
3023778,0.6966710468606345
3023779,0.04923569273811611
3023780,0.035174239915808175
3023781,3.751327068289769e-05
3023782,0.5337340762292572
3023783,0.1560386155199271
3023784,0.03803428136028876
3023785,0.00018292390587766862
3023786,0.0005535466830782288
3023787,4.098493164397395e-06
3023788,0.13156375362019618
3023789,0.13393089670833766
3023790,0.8754146212793597
3023791,0.0018768612568322049
3023792,0.6968850208739814
3023793,0.008108821314914423
3023794,0.00013660257183391666
3023795,0.00013692478792006092
3023796,0.019855558017718388
3023797,0.11765565484941674
3023798,0.008507541636759621
3023799,6.230778088339806e-06
3023800,2.3363591780703054e-05
3023801,0.002049464236021182
3023802,0.18390220361193685
3023803,0.12691359841912897
3023804,0.9985508647988401
3023805,0.017710012056235663
3023806,0.36636109670916517
3023807,0.0011497937403832043
3023808,3.404923250916699e-05
3023809,0.053738832439639755
3023810,0.18112847194400894
3023811,1.0503133846712263
3023812,0.1131666782458622
3023813,0.06545218155762539
3023814,4.590872195641033e-05
3023815,0.7345086367332558
3023816,0.17151862623657088
3023817,0.03899159424476259
3023818,0.00017476330844903084
3023819,0.0006535050423532016
3023820,2.2401184863488275e-06
3023821,0.0052315488759623096
3023822,0.5715193450127491
3023823,1.236941017232349
3023824,0.0018768612568322049
3023825,1.7699150455713517
3023826,0.0066009132283691326
3023827,3.1161217005084136e-07
3023828,0.00020694720500068613
3023829,0.10515756654003419
3023830,0.20581856608276067
3023831,0.00675638658656918
3023832,1.1475974698741502e-05
3023833,2.1232023080921322e-05
3023834,0.0019162236515228633
3023835,0.14684460181096237
3023836,0.14073153818652212
3023837,2.123074569095915
3023838,0.028244830042430568
3023839,0.03407242015092518
3023840,0.021365745856255686
3023841,0.008043359304457211
3023842,0.03560502032723437
3023843,0.2608481515089279
3023844,1.3869447377538875
3023845,0.12895633654384772
3023846,0.04945528855852176
3023847,5.536746628993341e-05
3023848,0.7603475027640559
3023849,0.16426455186884062
3023850,0.03432842013126444
3023851,0.0002320195055142535
3023852,0.0009115086974066423
3023853,4.120611216954396e-06
3023854,0.009276057806515322
3023855,0.5041928044114389
3023856,0.8626124224034015
3023857,3.7870609280076236e-06
3023858,1.044293300685156
3023859,0.003830277125135141
3023860,2.11235256842857e-07
3023861,0.00018316804545888348
3023862,0.00357230270901665
3023863,0.05498156429505528
3023864,0.006908600447220535
3023865,0.0028371277596880256
3023866,0.0002584408809815672
3023867,0.0006072630134854724
3023868,0.10346228390474181
3023869,0.09377289114207413
3023870,0.8723057691777768
3023871,0.008828742764858767
3023872,0.022278601768360915
3023873,0.0018291640616397585
3023874,0.0034555703980430627
3023875,0.026457902350353897
3023876,0.1989329504279315
3023877,1.1323903639841948
3023878,0.017930312848888123
3023879,0.04510607896361062
3023880,3.323543392346712e-05
3023881,0.40524189919167963
3023882,0.09505402478092713
3023883,0.0022740449774336707
3023884,2.9440876610283097e-05
3023885,0.0005466123724225807
3023886,3.607890148494277e-06
3023887,0.005018609067899293
3023888,0.28263949128999494
3023889,0.593380045243018
3023890,0.0018768612568322049
3023891,0.15170177278555344
3023892,0.004643533522828045
3023893,3.0995293216500995e-07
3023894,5.419941247839414e-06
3023895,0.0022951151314753674
3023896,0.27153135724623534
3023897,0.0804434656929961
3023898,1.8987305145779107e-05
3023899,0.028307032292277313
3023900,0.0005320480026295685
3023901,0.14604150904452284
3023902,0.06679114069723507
3023903,0.5016658013463731
3023904,0.004436473998979395
3023905,0.0010341384873394476
3023906,0.010229661711240248
3023907,0.00878941073653027
3023908,4.491781604938516e-07
3023909,0.00010329966608566483
3023910,1.226801985988363
3023911,0.06674330826209005
3023912,0.03544662092667839
3023913,0.0013142328275144238
3023914,0.620456201746524
3023915,0.005240191927467824
3023916,0.0069267024279861195
3023917,0.0001810188554278007
3023918,0.0009201018191868759
3023919,0.00012632041665296408
3023920,0.00025708565875599495
3023921,0.27452461337927153
3023922,0.21464245846535576
3023923,3.36614268173319e-06
3023924,1.4171457187430916
3023925,0.010688828845943797
3023926,3.0121178417311463e-07
3023927,0.0001455040235742069
3023928,0.058087731408628725
3023929,0.09343716387432835
3023930,0.006152589324213923
3023931,0.009606158966269061
3023932,3.937235559076299e-05
3023933,0.0011244794338844256
3023934,0.2267805286427817
3023935,0.14175949153356915
3023936,0.5420574554389659
3023937,0.019754588892552296
3023938,0.40803640625292925
3023939,0.00015762967247106771
3023940,0.004901733169711043
3023941,0.03036557606567884
3023942,0.140399146589708
3023943,2.3269602915999275
3023944,0.12036272554786848
3023945,0.06443037149102687
3023946,4.815105196217864e-05
3023947,0.7259759261448983
3023948,0.13268625039805187
3023949,0.029120138062320312
3023950,0.00025279217559220804
3023951,0.0009304362866640291
3023952,2.7373560070612867e-06
3023953,0.002939731767968555
3023954,0.5345700909682943
3023955,0.0410845380639095
3023956,0.00017789866913528089
3023957,0.6777210827688479
3023958,0.007699682446520089
3023959,0.00826429237340191
3023960,0.00011877968760466809
3023961,0.10845639978696783
3023962,0.11663745481733577
3023963,0.008260159943150627
3023964,0.010379824901083549
3023965,8.80648253568437e-06
3023966,0.0017051520590967708
3023967,0.17482583176975683
3023968,0.08982673183521656
3023969,2.1434356793875056
3023970,0.02167854174246909
3023971,0.37807455646018
3023972,0.0028261625805290494
3023973,0.003217387800163086
3023974,0.035831006784063014
3023975,0.2682712725299857
3023976,1.1153890083815863
3023977,0.05046835351620691
3023978,0.05090781380616653
3023979,3.3766261794280625e-05
3023980,0.6266875658157034
3023981,0.11112564692436727
3023982,0.040629321760762546
3023983,0.00025302192400495044
3023984,0.0008227694606123393
3023985,2.698302761355565e-06
3023986,0.01057061455898383
3023987,0.5346089156889523
3023988,0.042093179042264645
3023989,0.2750303990529949
3023990,1.874578376381335
3023991,0.008002806470731049
3023992,1.5370820387153455e-06
3023993,0.0001786891350977433
3023994,0.09358337579469092
3023995,0.11620791582984212
3023996,0.005600551041396944
3023997,0.008911036274279385
3023998,2.6456090227038662e-05
3023999,0.0013929616067019257
3024000,0.1775407277095215
3024001,0.08959462314704807
3024002,1.8181920885351817
3024003,0.016811748534058358
3024004,0.36363302647750123
3024005,0.00038544898899533673
3024006,0.003176361785357268
3024007,0.035290665596592816
3024008,0.22588668661081485
3024009,2.07597864328104
3024010,0.0540252332360369
3024011,0.04816444680692212
3024012,3.1920451467191396e-05
3024013,0.899509322377994
3024014,0.1920071240322421
3024015,0.036528878141310485
3024016,0.0002516567983632331
3024017,0.0009033836102841517
3024018,2.0026458621104715e-06
3024019,0.013628099114742546
3024020,0.5499011692347188
3024021,1.1643610962884319
3024022,0.31065405545124253
3024023,1.244372055259937
3024024,0.003777836743306681
3024025,3.0995293216500995e-07
3024026,3.0591292975166553e-06
3024027,0.08364807612050153
3024028,0.2902909875861824
3024029,0.0009924165083434685
3024030,0.010524092353293858
3024031,0.0006443485764256951
3024032,0.0011426259937484917
3024033,0.1193696317339883
3024034,0.10124789370779862
3024035,0.9342901175024702
3024036,0.014924435576380417
3024037,0.0035595350329473575
3024038,0.0004330098538350821
3024039,0.010454981110228226
3024040,0.03201498303175847
3024041,0.16016959921149046
3024042,1.722169847520607
3024043,0.02298972215793941
3024044,0.05552149553432823
3024045,3.961874071312072e-05
3024046,0.6515319461062291
3024047,0.09526312369198432
3024048,0.011021827640879483
3024049,0.0001827991343778411
3024050,0.0005291639760487358
3024051,2.3044732986393536e-06
3024052,0.19418263199350444
3024053,0.13017170744881
3024054,0.012651066846891995
3024055,0.0016693235058332094
3024056,1.3572935290824213
3024057,0.0653474080517171
3024058,1.4278003759082466e-06
3024059,3.236267659423516e-05
3024060,0.055017626574517774
3024061,0.1677473749612495
3024062,0.01163802929727142
3024063,3.189483382610429e-05
3024064,0.00013928376642463648
3024065,0.0008616305778396167
3024066,0.11363505867574346
3024067,0.11647403078326919
3024068,0.6347025636671227
3024069,0.01248232742673345
3024070,0.3666997978960739
3024071,0.0005352131432983869
3024072,0.001343942789518594
3024073,0.02896547519032223
3024074,0.21627130958402221
3024075,2.96567456293682
3024076,0.05234430426118086
3024077,0.0593606092854988
3024078,1.5231759724774936e-05
3024079,0.15657218861815375
3024080,0.06377277560581586
3024081,0.01794669734520674
3024082,0.00011123403823864672
3024083,0.0006152482547360999
3024084,2.0300476807548616e-06
3024085,0.00028050962767733206
3024086,0.13193361236316054
3024087,0.0026863515314294924
3024088,0.0016693235058332094
3024089,0.6849266801448568
3024090,0.06646356017639707
3024091,4.1874934725654376e-07
3024092,0.0005547868608746363
3024093,0.0016338071129981867
3024094,0.14693243467647965
3024095,0.008495061475467549
3024096,6.750187816353689e-06
3024097,0.0983976204486248
3024098,0.0013432298060182851
3024099,0.2574515222513066
3024100,0.024222367456294202
3024101,0.1847348229306116
3024102,0.002090980674401024
3024103,0.0008144236481154956
3024104,0.008233185088126694
3024105,0.0015641115932189757
3024106,0.023850138689935144
3024107,7.419612080539732e-05
3024108,0.36745423916299147
3024109,0.024386517833887563
3024110,0.07364135297538658
3024111,7.158292079336904e-05
3024112,0.11434493754275553
3024113,0.32430674698788087
3024114,0.0029891076842201913
3024115,2.2018533216540866e-05
3024116,0.00014186795383654623
3024117,0.014334803868560229
3024118,0.039605465639669026
3024119,0.43096703191159375
3024120,0.4001275624016058
3024121,0.5110166022431822
3024122,1.439362441977214
3024123,0.021905655970699316
3024124,4.1874934725654376e-07
3024125,1.0571493811631327e-06
3024126,0.07562406944943362
3024127,0.7920696292400546
3024128,0.002810851953583669
3024129,0.02404527217303281
3024130,0.00031792900832489654
3024131,0.0013384358472576607
3024132,0.1900378406016927
3024133,0.1399756933927492
3024134,0.39814717661145943
3024135,0.017483680711179957
3024136,0.0018413877856348385
3024137,0.027273108187866546
3024138,0.0019540590475897726
3024139,0.029489444334013157
3024140,0.0672465698799893
3024141,1.7727537977602448
3024142,0.051295289021000244
3024143,0.05881982289764108
3024144,3.680992053003019e-05
3024145,0.1459045255325307
3024146,0.03143081359848226
3024147,0.045122571619703095
3024148,0.00021618584369382813
3024149,0.0007360819478540997
3024150,1.546271787590762e-05
3024151,0.13502546126806114
3024152,0.0914723335678917
3024153,0.13592920769108904
3024154,0.0032317291825451414
3024155,0.22964298871960775
3024156,0.09447856493898892
3024157,4.1874934725654376e-07
3024158,0.00023188663296084728
3024159,0.03557801333353043
3024160,0.24070208679006244
3024161,0.006980292636305526
3024162,2.3031152000118723e-05
3024163,0.0032426290862835306
3024164,0.012699123462647231
3024165,0.2906961637697543
3024166,0.04691821060695319
3024167,0.15749733890775447
3024168,0.0022732741944316843
3024169,0.028248634630985058
3024170,0.0010867631037593613
3024171,0.0019977985066227154
3024172,0.03010788508873987
3024173,7.744623676090785e-05
3024174,2.9423397690241826
3024175,0.033005423681327827
3024176,0.06342612040336452
3024177,7.44487934953361e-05
3024178,0.1323004803230194
3024179,0.08354098471493122
3024180,0.0033549161004708104
3024181,0.000227090415441986
3024182,0.00040282457390035934
3024183,0.022920765967753318
3024184,0.039294028556942355
3024185,0.11854636800500483
3024186,0.0536051112818256
3024187,0.0017394094724093759
3024188,0.6348213835424508
3024189,0.07774318058571088
3024190,4.1874934725654376e-07
3024191,0.0004144350031512036
3024192,0.0027010602157233315
3024193,0.19550506658666425
3024194,0.1427689783776719
3024195,5.3257559868069117e-05
3024196,0.0021113506491297904
3024197,0.009448491019175614
3024198,0.22232458515154513
3024199,0.15301249352622612
3024200,0.017137769088667883
3024201,0.0023244584108798117
3024202,0.00122497196885798
3024203,0.0003454400594412758
3024204,0.0036033461167667884
3024205,0.027802048165287977
3024206,7.744623676090785e-05
3024207,0.15718127728701473
3024208,0.013113500556702372
3024209,0.06507284086015551
3024210,0.0005176951233717499
3024211,0.1086319797854426
3024212,0.13003300852629845
3024213,0.003194672697068663
3024214,3.385590035881331e-05
3024215,0.00011243894515528886
3024216,0.00923103633602175
3024217,0.03205319280777882
3024218,0.5440507620374821
3024219,0.011851647731865667
3024220,0.0017394094724093759
3024221,1.3862395210407417
3024222,0.06236812699508777
3024223,4.1874934725654376e-07
3024224,0.0011132313827544246
3024225,0.008967597903926369
3024226,0.27169182845257045
3024227,0.013061295690726995
3024228,3.354558411718469e-05
3024229,0.04765446435967382
3024230,0.0011961200743949183
3024231,0.23275503153678356
3024232,0.03871537088677703
3024233,0.18412692449105764
3024234,0.002156786021915489
3024235,0.002247313978404055
3024236,0.014532435479397799
3024237,0.0016007783110259873
3024238,0.028644125657364246
3024239,7.744623676090785e-05
3024240,0.7544386432060154
3024241,0.043282054045783946
3024242,0.06464611198373126
3024243,0.0005552708551620505
3024244,0.1444101942568964
3024245,0.0596485902478388
3024246,0.02324277763382286
3024247,2.3326618101875008e-05
3024248,0.0003940371371318071
3024249,0.035386117614942925
3024250,0.0025157365237227906
3024251,0.33311845602913653
3024252,0.0079124969855777
3024253,0.03502962695162946
3024254,0.7887620347070351
3024255,0.044803568401033576
3024256,4.1874934725654376e-07
3024257,0.0025178590614349998
3024258,0.0007451094310592264
3024259,0.33873773513658834
3024260,0.006345770533612994
3024261,6.412768305981015e-05
3024262,0.010178471425602248
3024263,0.0012486364603387452
3024264,0.29891641998753776
3024265,0.0026379707729769237
3024266,0.47810430151850053
3024267,0.007497275760201474
3024268,0.01731730847798517
3024269,0.018358958868861703
3024270,0.0020417609274829803
3024271,0.02833132081495333
3024272,7.744623676090785e-05
3024273,0.6574023072779265
3024274,0.010449575774038267
3024275,0.037172998277712
3024276,0.00029830496683166187
3024277,0.11652031230508574
3024278,0.13923628959954462
3024279,0.003352553983361832
3024280,6.518960794971396e-05
3024281,0.0001148048246013393
3024282,2.557417183564107e-05
3024283,0.03411234642044027
3024284,0.3777553645985191
3024285,0.019585158244448564
3024286,0.046066665885620056
3024287,0.10267723161672522
3024288,0.0611144633995805
3024289,4.1874934725654376e-07
3024290,0.00019219293592157786
3024291,0.0025252243594430313
3024292,0.16922105062898624
3024293,0.15352662152573676
3024294,4.251269858421459e-05
3024295,0.0016842203454993513
3024296,0.0726964614835431
3024297,0.12961782011860334
3024298,0.09258652095109332
3024299,0.10703017812832766
3024300,0.0019925354155530244
3024301,0.0014207632117534741
3024302,0.01131450640620577
3024303,0.002077259111416144
3024304,5.272934709877211e-07
3024305,7.744623676090785e-05
3024306,0.15870474771831788
3024307,0.047153368025278586
3024308,0.04372676468723894
3024309,0.000632639355224289
3024310,0.05655692968635681
3024311,0.2768432386156119
3024312,0.0027428157423179853
3024313,0.00014570926094207228
3024314,0.00025326135568488184
3024315,0.00040678423805259173
3024316,1.3775657105994794e-05
3024317,0.16810020295458145
3024318,0.6817320664998567
3024319,0.260753650883
3024320,0.9948583445147862
3024321,0.08042095453835811
3024322,4.1874934725654376e-07
3024323,3.7011195033637517e-06
3024324,0.004685230053077122
3024325,0.3156035601646422
3024326,0.002084503930765817
3024327,0.00010537494700060383
3024328,0.0008204809687367518
3024329,0.008353083802228356
3024330,0.29101726358691954
3024331,0.09531747440533014
3024332,0.5741256546587526
3024333,0.021566349239590235
3024334,0.03200413055175771
3024335,0.0009650807565114504
3024336,0.004662403757820038
3024337,0.046012985837950396
3024338,7.419612080539732e-05
3024339,1.7970045424854955
3024340,0.026809700754126902
3024341,0.060768607243530025
3024342,4.660775924627315e-05
3024343,0.13050960851818275
3024344,0.08646153501718508
3024345,0.03331876037216825
3024346,0.0003018288274476478
3024347,0.0004685088283571665
3024348,1.8601867267700198e-05
3024349,0.02585449508809127
3024350,0.13677005318934454
3024351,0.0044141248340211475
3024352,0.06059925765879715
3024353,0.7746029493534402
3024354,0.026158620953356186
3024355,4.1874934725654376e-07
3024356,8.961095587197406e-07
3024357,0.00342987995213499
3024358,0.20951056475911764
3024359,0.0017930769012994559
3024360,0.0005649831218626694
3024361,0.00040648584980930994
3024362,0.00036156845638022245
3024363,0.14691209336684258
3024364,0.028922595927886298
3024365,0.21259091282217626
3024366,0.001140852542922103
3024367,0.010308873490568728
3024368,8.842270208058712e-05
3024369,0.0016295062146239863
3024370,0.019260998321794776
3024371,0.10094195061495072
3024372,0.1313321502412764
3024373,0.012060738634158697
3024374,0.019852324411055007
3024375,1.800166379378095e-05
3024376,0.02453376414213169
3024377,0.04921660145307136
3024378,0.006421671903143203
3024379,3.597940298111116e-05
3024380,6.576905412720962e-05
3024381,1.0552496456315934e-05
3024382,0.15891152821373025
3024383,0.04387599592058193
3024384,0.5038222315083614
3024385,0.10909606967209765
3024386,1.05203069688635
3024387,0.036690807719414714
3024388,4.1874934725654376e-07
3024389,0.0001967717973483437
3024390,0.004903477687492041
3024391,0.2733655003609113
3024392,0.01419310669957608
3024393,2.0947691009651593e-05
3024394,0.01326857663821671
3024395,0.019150534778617143
3024396,0.1976581944471644
3024397,0.05884755575026159
3024398,0.740053089726928
3024399,0.005711258680541283
3024400,0.0012971025393697295
3024401,0.015992721680645534
3024402,0.0014501162492851958
3024403,0.020740063538179147
3024404,7.744623676090785e-05
3024405,1.1469735160339154
3024406,0.014894173942864974
3024407,0.04530460405569182
3024408,0.00042590335772006553
3024409,0.0857395643478412
3024410,0.0872434693251909
3024411,0.002800874125253949
3024412,7.500265093386634e-05
3024413,0.00011313223439415677
3024414,0.03516992422487219
3024415,0.034976331505188266
3024416,0.3436076699662117
3024417,0.7290141274754699
3024418,0.0011434196425853275
3024419,0.8772391692555306
3024420,0.07869639252135499
3024421,4.6358902457374453e-07
3024422,8.242964920557097e-05
3024423,0.041494405709485205
3024424,0.12601799607214384
3024425,0.010615113112365048
3024426,0.020360127604817087
3024427,4.771141569195026e-05
3024428,0.0009386308659766485
3024429,0.3574586852347184
3024430,0.10964710445234058
3024431,0.8945587689677109
3024432,0.005388649093355652
3024433,0.33531180526472293
3024434,0.008192992576940353
3024435,0.001996850146979999
3024436,0.026588155166070906
3024437,0.136470506381315
3024438,1.528737361076195
3024439,0.012176564856366347
3024440,0.033750898959876284
3024441,0.0013260091419947642
3024442,0.17092706890666295
3024443,0.16054687982658677
3024444,0.02942852931293427
3024445,0.0002835783233679623
3024446,0.0008447138132117815
3024447,3.921755269692382e-06
3024448,0.0007291725062036561
3024449,0.5304883280029797
3024450,0.5455442196228427
3024451,0.04479718588025351
3024452,0.5716606197286869
3024453,0.054578713888576234
3024454,4.1874934725654376e-07
3024455,3.364993390726574e-07
3024456,0.0026524411128653145
3024457,0.5291637776851896
3024458,0.0018759031131689611
3024459,0.024315463344852024
3024460,0.006826815035071759
3024461,0.0009931735522236604
3024462,0.29538560453719226
3024463,0.1503794846064441
3024464,0.10492592057898928
3024465,0.004796874873051882
3024466,0.007938241541624307
3024467,0.001477272197858145
3024468,0.003936700996370957
3024469,0.02450790590477308
3024470,0.1446199490603626
3024471,1.0906544230811128
3024472,0.014225344127506062
3024473,0.05082288373163759
3024474,2.4040257731036054e-05
3024475,0.12733067109402782
3024476,0.047816160504985765
3024477,0.002735374117624921
3024478,7.622770842690233e-05
3024479,0.00020428564394082632
3024480,2.0197938209447123e-05
3024481,0.3330522350650434
3024482,0.08151664749314462
3024483,0.9340784150343291
3024484,0.31971688276833343
3024485,0.5266117590803648
3024486,0.031405998211597196
3024487,4.1874934725654376e-07
3024488,1.1673050837764969e-06
3024489,0.0038243920656905145
3024490,0.6856478742950164
3024491,0.0017544290464062329
3024492,0.0071906932042366855
3024493,0.0003860154216744325
3024494,0.011039113690992971
3024495,0.21658173696781893
3024496,0.12808924987686332
3024497,0.36357566529342106
3024498,0.02135938094513421
3024499,0.3030259122483239
3024500,0.013933427337780052
3024501,0.003941975685432977
3024502,0.01424683612800233
3024503,0.09548570169534656
3024504,1.7395649283673806
3024505,0.00929561335624404
3024506,0.07101100071187512
3024507,7.426434098182216e-05
3024508,0.12617335626673687
3024509,0.031213982584792754
3024510,0.0028315964851253067
3024511,7.318178231736325e-05
3024512,0.0009552251457783012
3024513,1.4310520579335426e-05
3024514,0.0012790358259911064
3024515,0.05480502021620368
3024516,0.0357060561692504
3024517,0.034749176303492106
3024518,2.211711639457169
3024519,0.061692510487776964
3024520,4.1874934725654376e-07
3024521,0.0002523001256752093
3024522,0.002754130268212585
3024523,0.2737158195000018
3024524,0.014521023847109035
3024525,6.009560215059603e-05
3024526,0.02070864240565243
3024527,0.010625063251208815
3024528,0.31734869561517404
3024529,0.06644861763856483
3024530,0.5537869524476139
3024531,0.032776707066542676
3024532,0.017877148897708844
3024533,0.001856770284927573
3024534,0.002883807623079757
3024535,0.07943428328012421
3024536,7.744623676090785e-05
3024537,1.0865274008495025
3024538,0.015417456887588572
3024539,0.0397811246804733
3024540,0.000355440605650132
3024541,0.055313235881335486
3024542,0.0553599905029826
3024543,0.0028115248844117558
3024544,0.00012901116286551383
3024545,0.000297813671056968
3024546,0.009493434833661952
3024547,0.03280161851500892
3024548,0.14965657568994192
3024549,0.0026078772813409364
3024550,0.0017394094724093759
3024551,0.8535490170018332
3024552,0.15279694952817266
3024553,0.00016221004398266615
3024554,0.00023269808552395832
3024555,0.028098110510838232
3024556,0.118072018674306
3024557,0.006702380260833473
3024558,0.00010061968723578097
3024559,0.017187957658070914
3024560,0.01010498498240042
3024561,0.10562621289424756
3024562,0.0983464199299839
3024563,0.06101252942091001
3024564,0.002534002459700349
3024565,0.01943869588282916
3024566,0.12159207293823243
3024567,1.4418839902005748e-05
3024568,0.030267789319544332
3024569,0.09980232088685968
3024570,1.0465773072422706
3024571,0.03986979736343334
3024572,0.072811224607478
3024573,4.2065823035585334e-05
3024574,0.1774513240954326
3024575,0.04182599324224453
3024576,0.003154575732720427
3024577,0.0002643103274716085
3024578,0.0004928098660243924
3024579,9.336318063465946e-06
3024580,0.0007483598638030863
3024581,0.9329528126951806
3024582,0.0027984773886711688
3024583,0.011626082652011954
3024584,0.5902903558269502
3024585,0.048219575043702785
3024586,2.407695871182752e-06
3024587,6.507176027111642e-05
3024588,0.1108603493723296
3024589,0.17903803813231917
3024590,0.012329700169666034
3024591,0.0025365978386807757
3024592,2.1624901423085642e-05
3024593,0.017703424097746903
3024594,0.15994953466245973
3024595,0.11329616157829973
3024596,0.37092743365621794
3024597,0.003693826037699334
3024598,0.39129053371021205
3024599,0.00042352709024176327
3024600,0.0011917421960164658
3024601,0.021176479544111122
3024602,0.24078345133251447
3024603,2.00738961537478
3024604,0.03614357964430524
3024605,0.03316813388818302
3024606,3.650796286709173e-05
3024607,0.17267333558833878
3024608,0.17102352665367723
3024609,0.026943977134785708
3024610,0.0002884359952163433
3024611,0.0006799922968962295
3024612,1.3000753900524308e-06
3024613,0.00028552096129622377
3024614,0.17587339850740313
3024615,0.004534856526370133
3024616,0.010575984788776457
3024617,0.26172782618260665
3024618,0.020293091696815178
3024619,9.179143291549168e-07
3024620,3.397306164690042e-05
3024621,0.0036896623599937065
3024622,0.05706730747187047
3024623,0.005222029886487914
3024624,4.835885511949632e-06
3024625,0.0005996665885666024
3024626,0.005612096446369597
3024627,0.05154819756504663
3024628,0.031027421240554638
3024629,0.25517433688099544
3024630,0.004084025918751931
3024631,0.010395061355518058
3024632,0.00031134801592905005
3024633,2.750477663233057e-06
3024634,5.272934709877211e-07
3024635,0.09575967354629013
3024636,0.14474512849691856
3024637,0.03945389777185954
3024638,0.024490700010327042
3024639,1.0007747542270792e-05
3024640,0.014354946007012953
3024641,0.0342580627908645
3024642,0.003975056439715718
3024643,4.893656385986902e-05
3024644,0.00016293523014323166
3024645,1.4308517192615142e-06
3024646,0.004323034565011081
3024647,0.23570916023465358
3024648,0.007550985972351989
3024649,0.0017394094724093759
3024650,0.03853726691955174
3024651,0.20469013951180806
3024652,4.6358902457374453e-07
3024653,0.0029601176294337087
3024654,0.0034596930051083875
3024655,0.053832164635870074
3024656,0.13494319100059823
3024657,1.326734939119591e-05
3024658,0.007566905841497409
3024659,0.00036828538073742806
3024660,0.013336007631396196
3024661,0.039350750126727424
3024662,0.5141701290509302
3024663,0.005059706388366402
3024664,0.0009149788400084504
3024665,0.007553403854558834
3024666,0.0005615130221257865
3024667,0.005637843785071862
3024668,0.13456465093588826
3024669,0.2855360955575571
3024670,0.0372788967940277
3024671,0.0415346517663086
3024672,7.96016072855384e-05
3024673,0.03067508391593686
3024674,0.07249122361180153
3024675,0.12088300239524052
3024676,4.942883655019979e-05
3024677,0.00015165063312108664
3024678,0.002918994784443453
3024679,0.007843203825181663
3024680,0.49681704170654417
3024681,0.5646926483196488
3024682,0.10589705119721145
3024683,1.1288103092032942
3024684,0.06437314929975328
3024685,0.0013062096576475037
3024686,0.0001618025183157825
3024687,0.09456858918172911
3024688,0.10367561200658212
3024689,0.010440238730208056
3024690,0.004842268000324928
3024691,2.8693048240592054e-05
3024692,0.010380791241312677
3024693,0.25843697111488784
3024694,0.11480651195484973
3024695,0.8326940001491626
3024696,0.0026164074072041526
3024697,0.38491846808082547
3024698,0.013180467221411193
3024699,0.0013250500893137913
3024700,0.015282676953603061
3024701,0.1377410112946629
3024702,1.245659822596303
3024703,0.04868351535071381
3024704,0.054126990266597244
3024705,7.674047162759965e-05
3024706,0.1464210766054095
3024707,0.26025384720087463
3024708,0.026524263893152367
3024709,0.00037734285397722045
3024710,0.0006926023311489793
3024711,1.4652465481493536e-06
3024712,0.011349729172193308
3024713,0.09479745064166728
3024714,0.7846594973023441
3024715,0.00038879382817460844
3024716,1.2783559368712207
3024717,0.04473140816636533
3024718,4.1874934725654376e-07
3024719,1.1905441430395624e-06
3024720,0.11767573166944705
3024721,0.671315945116375
3024722,0.0013880552021848839
3024723,0.011996938589340388
3024724,0.000570200898203133
3024725,0.01221053060126068
3024726,0.18906582364812488
3024727,0.09447587027481842
3024728,0.339828828302611
3024729,0.019267557376689923
3024730,0.016926129923007637
3024731,0.007021199848039235
3024732,0.004093180842707112
3024733,5.272934709877211e-07
3024734,0.14010750922559811
3024735,1.3744020841642943
3024736,0.011410835710089016
3024737,0.029110711041969512
3024738,4.918160985301098e-05
3024739,0.14022454842066712
3024740,0.0878027253350727
3024741,0.001970405854554863
3024742,0.000167897101431445
3024743,0.0005607271293901358
3024744,1.3305638281098858e-05
3024745,0.0050635440678704555
3024746,0.1136328611060697
3024747,0.5350136963502888
3024748,0.32175983961585203
3024749,0.5248738813038187
3024750,0.07303939006330465
3024751,4.1874934725654376e-07
3024752,8.963780459277863e-07
3024753,0.05247989592725781
3024754,0.5039741871042868
3024755,0.002585964208330855
3024756,0.0026368305878339505
3024757,0.00022698796516636575
3024758,0.01205569430349506
3024759,0.19193438713762534
3024760,0.11765092856296833
3024761,0.5609604324119548
3024762,0.026546103826269117
3024763,0.020156838177908254
3024764,0.0017466059792694893
3024765,0.004288829038582593
3024766,5.272934709877211e-07
3024767,0.17996230081454884
3024768,1.5152422307702136
3024769,0.016972842547971198
3024770,0.06134813848175365
3024771,4.9892408364554306e-05
3024772,0.09941082322855686
3024773,0.061587743911568536
3024774,0.002535482184549553
3024775,0.0002333611911304912
3024776,0.0003512329041692674
3024777,1.4132744729134372e-05
3024778,0.006545089968526111
3024779,0.07488880631514197
3024780,0.9732440795446716
3024781,0.02290069476047682
3024782,1.7880648456216648
3024783,0.08385836526415204
3024784,3.7172505700162193e-07
3024785,0.00012329613886996748
3024786,0.08735296419395622
3024787,0.1723512117174617
3024788,0.0073676858824128595
3024789,3.200055594669384e-05
3024790,1.3989203031486412e-05
3024791,0.023193618245295304
3024792,0.24848447088002093
3024793,0.07805967023909366
3024794,1.9461998130608456
3024795,0.016156328027000046
3024796,0.37585625607000644
3024797,0.0049839470139203855
3024798,0.0035680384268014717
3024799,0.028675422284861706
3024800,0.23832364661651642
3024801,2.7914645117197816
3024802,0.017069072825458394
3024803,0.03840571143758004
3024804,3.946996527787343e-05
3024805,0.205205493385006
3024806,0.1606732089522842
3024807,0.04038157668963924
3024808,0.00011385418223737029
3024809,0.0008153259561158606
3024810,2.861382287987052e-06
3024811,0.022275944191891255
3024812,0.5088911298960151
3024813,0.005810682248305535
3024814,0.06431056333120286
3024815,0.19123545322405833
3024816,0.0512532201148743
3024817,4.1874934725654376e-07
3024818,0.0013412138355741161
3024819,0.0021489749931432067
3024820,0.09610370128568262
3024821,0.012486102129509655
3024822,0.00010742820767687348
3024823,0.013424480509094238
3024824,0.01493310320265477
3024825,0.12291484458059444
3024826,0.050521106121216956
3024827,0.10904645096755732
3024828,0.005958218279999044
3024829,0.0013890625546044825
3024830,0.001313328532327905
3024831,0.0009956020954441402
3024832,0.12444407903378966
3024833,0.00015260656254658774
3024834,0.6424238132403567
3024835,0.008677467619480421
3024836,0.08503827727414867
3024837,2.9457218162451347e-05
3024838,0.019556494593805696
3024839,0.07140142179894343
3024840,0.00307948242113898
3024841,0.00016553170311019253
3024842,0.011842595607518443
3024843,8.99828463394973e-06
3024844,0.002041655672701799
3024845,0.21005969570875482
3024846,0.8122446299110245
3024847,0.06162390765760768
3024848,0.24508788268348725
3024849,0.015875075006780297
3024850,4.1874934725654376e-07
3024851,2.8084753571886687e-06
3024852,0.011500932553248576
3024853,0.3826593891865208
3024854,0.001645581095210878
3024855,1.4691244455307326e-05
3024856,0.0004197409612127968
3024857,0.013262467314502072
3024858,0.20715577185887812
3024859,0.10511606273742705
3024860,0.21725576651905204
3024861,0.005669515155435497
3024862,0.02111995657738232
3024863,0.002144677039521526
3024864,0.004014506434902691
3024865,0.04708179494479427
3024866,0.08126536458665182
3024867,2.095446937092987
3024868,0.06478932847374833
3024869,0.051224608917311974
3024870,3.75859614508043e-05
3024871,0.14355723312687488
3024872,0.07883219628719665
3024873,0.006835905725082245
3024874,4.683555462979515e-05
3024875,0.0007186169541701805
3024876,1.1922084810761818e-05
3024877,0.014221333508573205
3024878,0.28450973256565887
3024879,0.0016138544597183433
3024880,0.0017394094724093759
3024881,0.1886751752208011
3024882,0.1297390026466246
3024883,4.1874934725654376e-07
3024884,0.00020659578984983726
3024885,0.0017124195650753647
3024886,0.04018659303323879
3024887,0.0616462030025999
3024888,1.5241503755017454e-05
3024889,0.0003171133354786878
3024890,0.00020956174088977074
3024891,0.09101842970997444
3024892,0.02528668068846439
3024893,0.18362693621669543
3024894,0.001964074757931069
3024895,0.0008627789078383246
3024896,0.0166819980265643
3024897,0.003298554907513031
3024898,5.272934709877211e-07
3024899,0.00015260656254658774
3024900,0.08503691757234924
3024901,0.06177116801277845
3024902,0.029564986863973516
3024903,8.383783117352054e-05
3024904,0.04753657471170152
3024905,0.21000277675438572
3024906,0.008932431100316255
3024907,0.00013841817519324442
3024908,0.002735193896965223
3024909,0.0198286383442357
3024910,8.571987269364375e-06
3024911,0.4412833931695265
3024912,0.7767411724815122
3024913,0.0017394094724093759
3024914,0.5438945211836183
3024915,0.05985893670450295
3024916,4.1874934725654376e-07
3024917,5.246157490292756e-06
3024918,0.007297001247621318
3024919,0.2216903320818375
3024920,0.007366967193517824
3024921,6.475836281419712e-05
3024922,0.0006757479077021741
3024923,0.010022515539591194
3024924,0.3785860258264314
3024925,0.092576817348826
3024926,0.23920864029297495
3024927,0.021763065510629575
3024928,0.0022608679862166667
3024929,0.01935187748856164
3024930,0.0026848902893242678
3024931,5.272934709877211e-07
3024932,7.419612080539732e-05
3024933,1.5566519233853653
3024934,0.013395923933284962
3024935,0.030620746910964797
3024936,3.698238486073763e-05
3024937,0.13413005005364687
3024938,0.05342152901856407
3024939,0.0028412130230779384
3024940,0.00011927680691637402
3024941,8.210866255124573e-05
3024942,8.88304790913119e-06
3024943,4.4216669649173676e-05
3024944,0.7606078839108625
3024945,0.007850066873109893
3024946,0.5396669062871279
3024947,0.32268386910276403
3024948,0.035503808155949564
3024949,4.1874934725654376e-07
3024950,2.8924108982069416e-06
3024951,0.006050488728606339
3024952,0.36903412577870326
3024953,0.0014649355694719148
3024954,2.8042726323456952e-05
3024955,0.0010684661055680915
3024956,0.019322716606110707
3024957,0.2491891246039996
3024958,0.1024291644484179
3024959,1.3931643637373907
3024960,0.023565093494434704
3024961,0.03776091236362509
3024962,0.007893263285567761
3024963,0.0017818599767211653
3024964,0.03175178529726781
3024965,0.20576813237961428
3024966,1.149587443829583
3024967,0.04484598868605824
3024968,0.04993606879064664
3024969,7.301454694882343e-05
3024970,0.14407956004842318
3024971,0.03669267893276352
3024972,0.0031918294170448494
3024973,8.254200548110283e-05
3024974,0.00012725650088150445
3024975,4.821281951842331e-05
3024976,0.017433300218072163
3024977,0.4008541395630522
3024978,0.030735696415295888
3024979,0.0010829359614763774
3024980,0.04608177953797184
3024981,0.04678624923411634
3024982,4.1874934725654376e-07
3024983,0.0005304721839240898
3024984,0.0018587740369218398
3024985,0.10560279762526341
3024986,0.11291469659076973
3024987,3.383298078103545e-05
3024988,0.0013898990003236738
3024989,0.0062674546463423325
3024990,0.10236425403438848
3024991,0.05552396024317432
3024992,0.21810518245797317
3024993,0.002190806261595968
3024994,0.0012253727545799627
3024995,0.06922423536504892
3024996,0.0029786099273282378
3024997,5.272934709877211e-07
3024998,7.744623676090785e-05
3024999,0.03709314913759366
3025000,0.02416748667898729
3025001,0.06297412353071874
3025002,4.942324907573445e-05
3025003,0.02879009202175996
3025004,0.21650250736183507
3025005,0.08041508694666362
3025006,8.527054535287685e-05
3025007,0.010248772343516349
3025008,0.0005632831550291479
3025009,0.002200576399528483
3025010,0.09536323692465215
3025011,0.035176830940417556
3025012,0.003243616021958504
3025013,0.18130901520240228
3025014,0.024025586961861398
3025015,4.1874934725654376e-07
3025016,1.9060674534464743e-06
3025017,0.009069121646692782
3025018,0.4304578864392601
3025019,0.001839056648505904
3025020,1.8602651403682506e-05
3025021,0.0018890112271011197
3025022,0.014436922087393611
3025023,0.3207713336133693
3025024,0.0389787551448071
3025025,0.1032428805936423
3025026,0.012949815048038852
3025027,0.0016775906662779836
3025028,0.025985631404716925
3025029,0.001307263456182347
3025030,5.272934709877211e-07
3025031,0.32610193588629544
3025032,0.5589308290021016
3025033,0.017713912768391588
3025034,0.06660322253271994
3025035,9.401940965372168e-05
3025036,0.14425696171024316
3025037,0.04118227319053645
3025038,0.0034708911384281173
3025039,8.576108992375587e-05
3025040,0.0005274546258823302
3025041,1.0743637250779741e-05
3025042,0.007376311452343548
3025043,0.37300528435773794
3025044,0.018284517575602413
3025045,0.0016693235058332094
3025046,0.9818043539026725
3025047,0.031363909339219766
3025048,3.4112564596601356e-07
3025049,0.00013160098711029495
3025050,0.015292811273252944
3025051,0.09307683987208788
3025052,0.011977238936939458
3025053,0.00923262173354787
3025054,0.00010305304194803018
3025055,0.012137723863648116
3025056,0.21633490853866807
3025057,0.10073378402248973
3025058,1.2350198767249292
3025059,0.013117689325233542
3025060,0.35350287010268894
3025061,0.01055974912842629
3025062,0.0022503287465696436
3025063,0.027409890824603527
3025064,0.24096783253753914
3025065,0.49549111759282155
3025066,0.0446933164439336
3025067,0.030788962228923366
3025068,5.0311858508005896e-05
3025069,0.1389150188849415
3025070,0.14543113989584305
3025071,0.04357915866910838
3025072,0.00019468581917563284
3025073,0.0007585560448186237
3025074,2.2592689739977207e-06
3025075,0.0003219207857585694
3025076,0.16694496247412247
3025077,0.2693852790465421
3025078,0.0017394094724093759
3025079,0.7955658528307555
3025080,0.014158028044221775
3025081,3.434746481588838e-07
3025082,0.00018541780957751668
3025083,0.07527447392481437
3025084,0.25112538483496055
3025085,0.010564186403888542
3025086,3.8916225581712304e-05
3025087,0.0005252180282854396
3025088,0.000921093226972548
3025089,0.3084387237624791
3025090,0.10362323324061479
3025091,0.5282880415021817
3025092,0.02266724047694498
3025093,0.3982358725212304
3025094,0.0004292151418853497
3025095,0.002336083819865402
3025096,0.023701232734627285
3025097,0.2092827661980959
3025098,1.6313272488270685
3025099,0.057111040641917125
3025100,0.04456313729909303
3025101,4.693045864460061e-05
3025102,0.1247151662159049
3025103,0.14101599705856974
3025104,0.03744312276686199
3025105,2.6195806062960044e-05
3025106,0.0007660117407636157
3025107,4.3876103477232015e-06
3025108,0.012539208871777214
3025109,0.09354440273083871
3025110,0.8218034187316788
3025111,0.19216193998308242
3025112,1.0517366562175083
3025113,0.024625190480981402
3025114,4.1874934725654376e-07
3025115,2.0707770845843744e-06
3025116,0.002952717584553678
3025117,0.6643157231854505
3025118,0.0027675674564287614
3025119,0.02032683540207678
3025120,0.0004666715932469888
3025121,0.013216735697562688
3025122,0.2720489731016007
3025123,0.1414502255787808
3025124,1.3686717770161776
3025125,0.025507411695530693
3025126,0.002324432749035002
3025127,0.016001985033006223
3025128,0.0037000028849382745
3025129,0.019699837447397454
3025130,0.32316051285230724
3025131,1.0887122687466522
3025132,0.012902791255853122
3025133,0.03844145376475055
3025134,4.8291626203579715e-05
3025135,0.14894319443350074
3025136,0.07562363140659382
3025137,0.03724722681172845
3025138,0.00028413949525603945
3025139,0.0005349048267237333
3025140,1.3822505569100775e-05
3025141,0.10754260365475804
3025142,0.12728515361853107
3025143,0.009017870048722034
3025144,0.0020653248594397714
3025145,1.1977547586236672
3025146,0.1126503945508773
3025147,2.2395629055904283e-06
3025148,0.00013448262616065819
3025149,0.003699939942102784
3025150,0.08548140909299343
3025151,0.008534831700029267
3025152,6.73755923929147e-05
3025153,8.165750526414436e-05
3025154,0.0011508173144087364
3025155,0.25050247053549896
3025156,0.09727123186085755
3025157,0.801222493386576
3025158,0.005507945186006223
3025159,0.010321309614167407
3025160,0.0022201428797355978
3025161,0.00132759551793141
3025162,0.0281920918805853
3025163,0.17624421518912292
3025164,0.4440371029989121
3025165,0.011217991705479755
3025166,0.039755927942625266
3025167,5.171041522696898e-05
3025168,0.16639287372361392
3025169,0.05903283539848593
3025170,0.0341048343918318
3025171,0.0002985672638899238
3025172,0.0005962990293885888
3025173,4.87642711232061e-06
3025174,0.0037508061816355666
3025175,0.453575627714097
3025176,0.010696883450983474
3025177,0.05749976458831873
3025178,2.428228123100075
3025179,0.036739079869232534
3025180,4.1874934725654376e-07
3025181,2.67372153827927e-06
3025182,0.0053413769381876275
3025183,0.30196597421816673
3025184,0.0017835930943680336
3025185,3.6668902466210284e-05
3025186,0.00129760924756206
3025187,0.019632124445507097
3025188,0.19702068297782419
3025189,0.0927792822368413
3025190,0.8748008366564464
3025191,0.02593845167552973
3025192,0.371305653294036
3025193,0.03452726067158474
3025194,0.0037059667553837124
3025195,5.272934709877211e-07
3025196,0.006879697906557844
3025197,1.770191913660781
3025198,0.012022368243500474
3025199,0.04015674419583671
3025200,6.949788182354561e-05
3025201,0.16168392005824372
3025202,0.0322500410764171
3025203,0.041294085879130374
3025204,0.00012604382663152498
3025205,0.00048128358253946685
3025206,1.1165405550571208e-05
3025207,1.9936278789408e-05
3025208,0.08395187799256298
3025209,0.6623024598923247
3025210,0.0006439406044088942
3025211,0.9932329793632247
3025212,0.0709194669801381
3025213,6.331434493875025e-07
3025214,7.966382255054688e-05
3025215,0.03883430769561942
3025216,0.2813999661678083
3025217,0.007605792244797923
3025218,0.026414550541843856
3025219,6.468402510303539e-05
3025220,0.01485335034144128
3025221,0.20688847359008497
3025222,0.0830140421981042
3025223,0.5337562443429344
3025224,0.01444770583170602
3025225,0.21178864064556174
3025226,0.0005120187718557598
3025227,0.002396241916751234
3025228,0.019634525440988634
3025229,0.2714761594879482
3025230,1.2084283181824191
3025231,0.023121049892021104
3025232,0.04779061037196341
3025233,3.852092255394493e-05
3025234,0.10409515909941204
3025235,0.15732262769078006
3025236,0.03414429905199109
3025237,7.49275728160471e-05
3025238,0.00022194077294774748
3025239,3.3065274724308985e-06
3025240,0.008829968506432228
3025241,0.4388941106695043
3025242,0.010356393229428343
3025243,0.0016693235058332094
3025244,1.0176398928996628
3025245,0.04289089095936051
3025246,4.6358902457374453e-07
3025247,0.00011676402551981834
3025248,0.009174942045192864
3025249,0.10081142360472119
3025250,0.011877505392256713
3025251,0.008214208675097862
3025252,8.728603747218432e-05
3025253,0.023848279801487054
3025254,0.22100960040720133
3025255,0.10621836725909495
3025256,0.5156837702950559
3025257,0.013141440031866323
3025258,0.03007392642398801
3025259,0.0013046374945441081
3025260,0.002588318816030574
3025261,0.02206322072818443
3025262,0.17003362919840578
3025263,0.6020714642954595
3025264,0.016047466911338258
3025265,0.04332836355000539
3025266,5.2050962137928565e-05
3025267,0.10363441223124234
3025268,0.20851480005927822
3025269,0.031603135881113416
3025270,0.00016356491507034634
3025271,0.0005756044565495031
3025272,4.322404193120168e-06
3025273,0.007842177753157719
3025274,0.09517351946255218
3025275,0.11786751071409922
3025276,0.0061610277390825125
3025277,1.7535342780643268
3025278,0.04517682348533866
3025279,4.1874934725654376e-07
3025280,2.6054383158207917e-06
3025281,0.049006001555748246
3025282,0.5417796903448729
3025283,0.005133004267505308
3025284,2.001350582636227e-05
3025285,0.0008659518470494973
3025286,0.008905903136104504
3025287,0.2435052223418336
3025288,0.07289893527431253
3025289,0.051416428899907225
3025290,0.005567196270465241
3025291,0.01870539426493312
3025292,0.0039005585452233644
3025293,0.0019566964009077453
3025294,5.272934709877211e-07
3025295,0.1772497575339637
3025296,0.044927005395112934
3025297,0.014075216277785078
3025298,0.031189158141897017
3025299,3.2510677931182984e-05
3025300,0.09536444689033807
3025301,0.07829947210870115
3025302,0.02185476793530519
3025303,5.68244536697778e-05
3025304,0.0005202454729426309
3025305,1.0276517741473212e-05
3025306,0.011047019212374474
3025307,0.12279272569376601
3025308,0.9500836436340965
3025309,0.0016693235058332094
3025310,2.049241559982237
3025311,0.10681398333791203
3025312,3.529661359169724e-06
3025313,0.0001544461471076762
3025314,0.10477362115462487
3025315,0.32600802240036664
3025316,0.006587871486990819
3025317,0.015914594659869837
3025318,3.2359820315879514e-05
3025319,0.014322338594084388
3025320,0.3432199763006005
3025321,0.1078720897704515
3025322,1.817729779624815
3025323,0.02530870778099369
3025324,0.3809136615195332
3025325,0.0036387410895932838
3025326,0.004290156501822899
3025327,0.047185806664497315
3025328,0.20774280603994516
3025329,3.762386343733955
3025330,0.129046410584946
3025331,0.04843338593240736
3025332,4.3921339572208976e-05
3025333,0.16229961200150203
3025334,0.19767303368011993
3025335,0.04083673679057814
3025336,0.00020733074067985673
3025337,0.0008475493357319387
3025338,1.989389117956698e-06
3025339,0.1734330689037043
3025340,0.5107644395407742
3025341,1.0735285841866102
3025342,0.0016693235058332094
3025343,1.9653048498745724
3025344,0.0745894838169842
3025345,5.532622795670352e-06
3025346,9.200928507498867e-05
3025347,0.11090406857216165
3025348,0.3658379256998952
3025349,0.005984899056868655
3025350,0.018000107219145706
3025351,2.9063988176294785e-05
3025352,0.022185258252998667
3025353,0.19419947235201673
3025354,0.08204575596305604
3025355,0.46689390520204577
3025356,0.017463028906432514
3025357,0.3880784269071973
3025358,0.005175426757484382
3025359,0.005535300914694203
3025360,0.05513998824927753
3025361,0.13875845020048796
3025362,2.7748647758885983
3025363,0.019160527459810985
3025364,0.04237837919815585
3025365,4.93149272222689e-05
3025366,0.1804995363940255
3025367,0.20070973157773622
3025368,0.038042634159018957
3025369,9.997463050114656e-05
3025370,0.0009186920187203564
3025371,3.872602349369177e-06
3025372,0.3431688171728588
3025373,0.5188245934852207
3025374,0.9647672798994114
3025375,0.0016693235058332094
3025376,1.5733665510522843
3025377,0.07059159905843485
3025378,0.0068038071032030766
3025379,5.475300418972783e-05
3025380,0.06060103170656533
3025381,0.3618672551424493
3025382,0.005691668363709103
3025383,0.026578671096980148
3025384,0.00018207287204768921
3025385,0.01801932200339374
3025386,0.27338953184991316
3025387,0.09653384675998636
3025388,1.069128175915323
3025389,0.01952787700401035
3025390,0.2764984283059102
3025391,0.003412348314343741
3025392,0.002427675481805449
3025393,0.05443417217792397
3025394,0.23171714937749155
3025395,2.389951596285281
3025396,0.0756606051747994
3025397,0.04151251004700012
3025398,4.338332815003074e-05
3025399,0.15751840889667854
3025400,0.16380142088703295
3025401,0.05586940296493583
3025402,0.00017895421056402227
3025403,0.0008258634847254469
3025404,1.6088350430261514e-06
3025405,0.18683737329823866
3025406,0.1519974269769582
3025407,0.9460933065499026
3025408,0.0016693235058332094
3025409,1.9974553837896758
3025410,0.09195542755069706
3025411,2.2340920017914727e-06
3025412,0.00010065406293383516
3025413,0.1040639978388774
3025414,0.28910559260512453
3025415,0.006202008201445983
3025416,0.03180326275120511
3025417,2.2679156391496115e-05
3025418,0.013267743188541686
3025419,0.3330424372469505
3025420,0.11210510072939035
3025421,0.8904098461305849
3025422,0.02063606873972733
3025423,0.3527780685081139
3025424,0.006068699693373304
3025425,0.004070455371949433
3025426,0.05170844511322574
3025427,0.22133047236563283
3025428,1.4985439180392128
3025429,0.07625237325953603
3025430,0.03185752144265776
3025431,4.4302170015564897e-05
3025432,0.18019135713674317
3025433,0.19977565687078305
3025434,0.04262508234248146
3025435,0.0001097043705280076
3025436,0.0009150344101009773
3025437,2.3481225516150765e-06
3025438,0.245496099408463
3025439,0.5228204728867872
3025440,0.9938622569865574
3025441,0.0016693235058332094
3025442,1.508444796366389
3025443,0.04549827554349191
3025444,3.1557011894102525e-07
3025445,4.956036158338367e-05
3025446,0.10440130756528727
3025447,0.2905788628750914
3025448,0.005615912259798014
3025449,0.02732949494777436
3025450,0.00016361564320519016
3025451,0.013336309968095879
3025452,0.2537038868762477
3025453,0.13647036663163678
3025454,0.28479368782525444
3025455,0.02547614155466472
3025456,0.1617062914796784
3025457,0.005112488196090918
3025458,0.002331521176520454
3025459,0.05389627007910768
3025460,0.14623137228888114
3025461,0.8854271279419148
3025462,0.04956239825463677
3025463,0.0709643833918139
3025464,4.281331611289263e-05
3025465,0.16044908649500056
3025466,0.16542573905518695
3025467,0.04711912812370178
3025468,0.00010259348188724049
3025469,0.0007540264830062266
3025470,6.986279938573879e-07
3025471,0.1026502157016267
3025472,0.3782715322582221
3025473,0.902552850467252
3025474,0.0016693235058332094
3025475,1.8278596078016747
3025476,0.0636189994190082
3025477,3.5734740882912776e-07
3025478,0.0001378647823156072
3025479,0.10514281146856974
3025480,0.2834565885794777
3025481,0.006730526047123997
3025482,0.005513433424867658
3025483,1.0502002571003737e-05
3025484,0.023878344783410377
3025485,0.3380843426225147
3025486,0.08923834408517893
3025487,0.36364440747162907
3025488,0.019364683348804212
3025489,0.4028486092301551
3025490,0.0028055399610385627
3025491,0.004256403793753335
3025492,0.044144555527221505
3025493,0.20769412815148544
3025494,4.286458502633993
3025495,0.04331462792947964
3025496,0.04696710496987913
3025497,4.427677994110001e-05
3025498,0.1805311336368391
3025499,0.18947130730519568
3025500,0.0374563579111646
3025501,0.0003618113656725278
3025502,0.0008258460853051287
3025503,3.183419903540992e-06
3025504,0.26519855148518706
3025505,0.5106704508189928
3025506,0.29044946951124334
3025507,0.07601316856899429
3025508,1.6349316315239708
3025509,0.04369713699390441
3025510,2.6388793093036047e-07
3025511,0.00015273453115048665
3025512,0.10416895005402381
3025513,0.16282057710880174
3025514,0.010730681945470572
3025515,0.008736295269938174
3025516,0.0005310041480372326
3025517,0.001086313902140008
3025518,0.30477213986983226
3025519,0.07051348527281277
3025520,0.5843674929241016
3025521,0.028828420243893715
3025522,0.24206800476824358
3025523,0.015404473728890419
3025524,0.0016527963901245544
3025525,0.023539464996295587
3025526,0.10843560500322874
3025527,1.7349579641340613
3025528,0.14976880186903457
3025529,0.03153214303055265
3025530,5.0201522452978404e-05
3025531,0.15595128334825678
3025532,0.02492972599384857
3025533,0.009518715930539623
3025534,0.0001400285075792603
3025535,0.001001170897160201
3025536,5.436376631493806e-06
3025537,0.01559349897997158
3025538,0.5216691471012382
3025539,0.8259584504519508
3025540,0.0017394094724093759
3025541,1.6440911174641268
3025542,0.07282073785830914
3025543,3.7816039589258783e-06
3025544,8.028447475114533e-05
3025545,0.09520366007316795
3025546,0.17461541981212558
3025547,0.010112929586528778
3025548,0.009791771699235207
3025549,0.0003169252155643068
3025550,0.014484702663955542
3025551,0.3456331760885728
3025552,0.09066729343432343
3025553,0.3576753883825866
3025554,0.02875879762475358
3025555,0.36856717374726394
3025556,0.001588346534890922
3025557,0.0024482620374084436
3025558,0.0311762906828107
3025559,0.09456347088177074
3025560,0.9742400162317183
3025561,0.08508800353599309
3025562,0.03249081822312706
3025563,3.764806558131703e-05
3025564,0.1784095167367145
3025565,0.15279213553443738
3025566,0.04469285947529313
3025567,0.0002449866263088984
3025568,0.0005547414128011473
3025569,4.254501089405714e-06
3025570,0.22390651109632811
3025571,0.3752244897692961
3025572,0.7917869334435462
3025573,0.0017394094724093759
3025574,1.3553291032899855
3025575,0.0618626171651532
3025576,0.000223269438694209
3025577,0.00011176733981576197
3025578,0.030770291914572295
3025579,0.1806112076657001
3025580,0.013971270421803217
3025581,0.0015083101159079593
3025582,2.389480720427792e-05
3025583,0.021952856121337166
3025584,0.28792434555735513
3025585,0.12125420980167173
3025586,0.8670723141340216
3025587,0.024344095055595573
3025588,0.3702881427307508
3025589,0.0007224899366546422
3025590,0.0022317368264145733
3025591,0.0168671714399213
3025592,0.1492486185705273
3025593,1.634536398712624
3025594,0.02120411024625968
3025595,0.045665533828542854
3025596,5.158625463526528e-05
3025597,0.16387211932499687
3025598,0.16865717879645964
3025599,0.040020739497287114
3025600,0.00018278118744900103
3025601,0.0005948757831592304
3025602,2.385523060419519e-06
3025603,0.004952426526007371
3025604,0.5516669582585824
3025605,0.9583254831866648
3025606,0.0017394094724093759
3025607,1.4824051974168302
3025608,0.055140461013845544
3025609,4.209909934793445e-07
3025610,0.00016683599891905118
3025611,0.12078961551813187
3025612,0.17846001833840938
3025613,0.009777282622022286
3025614,9.14967203022456e-06
3025615,4.019680497331747e-05
3025616,0.02063643524502286
3025617,0.35334210638673413
3025618,0.11390349427276399
3025619,1.8771128957925285
3025620,0.029044971906570547
3025621,0.38276547854564846
3025622,0.03912196396364441
3025623,0.0020140619932362356
3025624,0.031250019924537846
3025625,0.29970339027661447
3025626,1.8115314861144665
3025627,0.0593243363239305
3025628,0.04410352539780537
3025629,4.1205019859844214e-05
3025630,0.16983295257495826
3025631,0.1681287029485257
3025632,0.037509949998790044
3025633,0.00025383647681762446
3025634,0.0009170164773420996
3025635,4.351360706147873e-06
3025636,0.012321460971557846
3025637,0.44984066452295773
3025638,0.8555639432250919
3025639,5.16754311370135e-06
3025640,0.5378824743338451
3025641,0.04184740989059619
3025642,5.052668061123434e-07
3025643,0.0001486841555975204
3025644,0.004221066365370472
3025645,0.07482053395075088
3025646,0.008476620368586492
3025647,8.051591782916383e-06
3025648,0.0003057012500667052
3025649,0.012028802677644787
3025650,0.1909254337696097
3025651,0.07829332175937669
3025652,0.8683645318888595
3025653,0.009307595319376227
3025654,0.22329516854632286
3025655,0.000903232541545984
3025656,0.0011020073142269924
3025657,0.017129880863960133
3025658,0.18201534360997396
3025659,1.6658125265355888
3025660,0.013412168301033079
3025661,0.0430115798312887
3025662,4.866778236961989e-05
3025663,0.12117034328519198
3025664,0.0634492653579384
3025665,0.0022091405765019283
3025666,4.814719078291205e-05
3025667,0.0005485540845815215
3025668,4.141909074515652e-06
3025669,0.00440520420981507
3025670,1.2528820936335876
3025671,0.5369072295981034
3025672,0.0017394094724093759
3025673,1.0612865535088825
3025674,0.0348917851992983
3025675,4.1874934725654376e-07
3025676,2.0465903908804693e-06
3025677,0.0019164643329366829
3025678,0.32197396861297056
3025679,0.010121872636632636
3025680,3.592689211859032e-06
3025681,0.010759651509381503
3025682,0.007184630711903379
3025683,0.2679713123614402
3025684,0.07138950051795136
3025685,0.4310461795460869
3025686,0.00569472525283407
3025687,0.0014984827969494285
3025688,0.011477424571100668
3025689,0.0019476312866054636
3025690,5.272934709877211e-07
3025691,7.744623676090785e-05
3025692,1.4346911515810705
3025693,0.06155433684213151
3025694,0.04018964705843592
3025695,0.0012731144189844846
3025696,0.12506678517403472
3025697,0.0013350532780310536
3025698,0.008262707828219192
3025699,8.067063879637624e-05
3025700,0.0009224622912385222
3025701,1.1690701220855178e-05
3025702,0.0005549300576799367
3025703,0.39283266943597905
3025704,0.18205825614667126
3025705,2.579426292348281e-06
3025706,1.4248130665096854
3025707,0.07055440036748502
3025708,4.6358902457374453e-07
3025709,0.000130560436027108
3025710,0.10610287381889252
3025711,0.1424043320824869
3025712,0.008828560891598766
3025713,0.00805269757981732
3025714,4.5224648579073965e-05
3025715,0.0009373305042986736
3025716,0.27482431546344205
3025717,0.13330393558088255
3025718,0.650035005946715
3025719,0.009225171024797
3025720,0.034278116476594116
3025721,0.00020246265494752627
3025722,0.0018222841217572622
3025723,0.024616028503605357
3025724,0.15412638125206873
3025725,2.553172086323706
3025726,0.017193407038275724
3025727,0.05310317933230986
3025728,3.94654936445953e-05
3025729,0.1632833041204872
3025730,0.15474073446764414
3025731,0.030564895663422326
3025732,0.000257480767542361
3025733,0.000933097206991692
3025734,2.8635121070358923e-06
3025735,0.0007994415884921751
3025736,0.5139506695848325
3025737,0.040392413856307395
3025738,0.00029290834760984426
3025739,0.8120264277145643
3025740,0.060932912975731335
3025741,0.01109021468374733
3025742,7.939865342050503e-05
3025743,0.07734891668431096
3025744,0.3234398512413708
3025745,0.012258876025651205
3025746,0.009325380770402
3025747,9.069511241624944e-06
3025748,0.018603274080545795
3025749,0.2450082340135407
3025750,0.09586360446113391
3025751,1.8145046674069534
3025752,0.0255802505120571
3025753,0.3938281147648254
3025754,0.0032392819302966107
3025755,0.001488177349198492
3025756,0.029858628927101092
3025757,0.24196374261057058
3025758,3.353921695789287
3025759,0.013941976886003224
3025760,0.043534138550182476
3025761,4.128650394505324e-05
3025762,0.15756477768023494
3025763,0.09923978108161044
3025764,0.03520585220333836
3025765,0.0002741712537582143
3025766,0.0008277408131261659
3025767,2.5542619924389118e-06
3025768,0.012715156920766928
3025769,0.5326167714930155
3025770,0.03746531963905255
3025771,0.2796323239111761
3025772,1.1853300013121215
3025773,6.10890866769055e-05
3025774,2.134019154909707e-06
3025775,1.984409975228923e-06
3025776,0.11684184816621003
3025777,0.00017999197309683456
3025778,8.398440679958003e-06
3025779,1.5901390741927972e-05
3025780,2.9846745983426858e-05
3025781,0.0014310878733348959
3025782,0.0002387127781465254
3025783,0.11415923695857079
3025784,1.6778301949700332
3025785,0.01325588114348854
3025786,0.003737389790126495
3025787,0.000542484972144454
3025788,7.634186846022566e-06
3025789,0.028580468892896938
3025790,0.21205683942278247
3025791,1.684097944681781
3025792,0.015042396145610457
3025793,0.04526651840399114
3025794,3.526116878469637e-05
3025795,0.0007030590399905942
3025796,0.17805449725495787
3025797,0.03777829795826652
3025798,0.00025920021161070006
3025799,0.0009091124698238689
3025800,1.723130104780387e-06
3025801,0.019345144434555418
3025802,0.17472811350299353
3025803,1.0441447385965374
3025804,0.19302713237529848
3025805,1.5292995388867454
3025806,0.025395583734799103
3025807,4.1874934725654376e-07
3025808,1.8393281257979342e-06
3025809,0.1315449617214524
3025810,0.468832424606881
3025811,0.0015899254869248098
3025812,0.02192663020374504
3025813,0.0008725977843102225
3025814,0.0009574817787684416
3025815,0.16681355927741068
3025816,0.09686014384858237
3025817,0.7959121865254583
3025818,0.026840111681127057
3025819,0.3273348968615432
3025820,0.0005129968689654053
3025821,0.003522152899246234
3025822,0.022943619846632048
3025823,0.16501019326628236
3025824,2.2801616847356265
3025825,0.014629990537177756
3025826,0.04648757030584481
3025827,2.9623815999278914e-05
3025828,0.1716117787476148
3025829,0.08389923319740836
3025830,0.01215298302127469
3025831,0.00023612922913600578
3025832,0.0005124195870435769
3025833,1.5439658246096003e-05
3025834,0.20033188052980963
3025835,0.13070694095335136
3025836,0.010199852503453857
3025837,0.0014467116651095163
3025838,0.40094274219716003
3025839,0.07723988341566321
3025840,1.0415079695110742e-06
3025841,4.0377167073369445e-05
3025842,0.023083752520160577
3025843,0.08541572252175346
3025844,0.006876047701175062
3025845,0.00019193022536323484
3025846,3.927544693417406e-05
3025847,0.004514905753373304
3025848,0.15858809908941057
3025849,0.13583152170285687
3025850,0.9729941156713319
3025851,0.014696198223405977
3025852,0.22868216046688852
3025853,0.0003933860159929749
3025854,0.00025300480164892067
3025855,0.031380185568531414
3025856,0.24556652919785818
3025857,1.5422108709804905
3025858,0.0008840739227164941
3025859,0.03930895829303136
3025860,6.975187633827205e-05
3025861,0.012735611958177195
3025862,0.11061298942596566
3025863,0.01880810225428514
3025864,7.31186710186214e-05
3025865,0.0006368208324895486
3025866,1.34714006673929e-05
3025867,0.0009487744590091239
3025868,0.20050172542847583
3025869,0.00341978175028184
3025870,0.0014467116651095163
3025871,1.6687608178382278
3025872,0.2727161780364162
3025873,3.7946455869058046e-07
3025874,0.012829213946765871
3025875,0.003044748340678749
3025876,0.12305254991979776
3025877,0.0016173390602520223
3025878,0.0022362553209091256
3025879,0.07615019789608231
3025880,0.02366351256641958
3025881,0.26951337865115266
3025882,0.06931292675818064
3025883,0.27863599988980003
3025884,0.005480485114594067
3025885,0.15813342029038108
3025886,0.005636887211620789
3025887,0.0007147363390156565
3025888,0.0599410943229278
3025889,3.888699213965332e-05
3025890,0.21382535317932203
3025891,0.037173771273762646
3025892,0.08271093757161894
3025893,0.018513867129188517
3025894,0.010560291785479518
3025895,0.7925090523029068
3025896,0.0023565189947472804
3025897,0.001257685279943417
3025898,0.0002425861768634476
3025899,0.013711005602715376
3025900,0.0035698308281952476
3025901,1.4525088272695306
3025902,0.3732992262018467
3025903,0.20687784400514933
3025904,1.2958899477601709
3025905,0.02694968197845514
3025906,3.7946455869058046e-07
3025907,5.390814312027573e-07
3025908,0.08943369934217614
3025909,0.2940064194126148
3025910,0.00033819801855656455
3025911,0.024336035123783063
3025912,0.0005508354914469268
3025913,0.0076770154137379585
3025914,0.11483426872230952
3025915,0.22271348710184172
3025916,0.4302684912776549
3025917,0.017065842350455218
3025918,0.015979057083182275
3025919,0.032244493722933525
3025920,0.00036843456577446016
3025921,0.0437836550071786
3025922,0.054733105743649126
3025923,1.50494039161042
3025924,0.00012636200651197025
3025925,0.06172625887665594
3025926,0.00025877241096555504
3025927,0.012335666322601928
3025928,0.03441875356581089
3025929,0.04466202198496975
3025930,0.00010997905401408872
3025931,0.0004939618896140519
3025932,1.916068323241415e-06
3025933,0.12515530323976803
3025934,0.057775040018836155
3025935,0.10150767547772711
3025936,0.0021023062360286783
3025937,0.2430950700536061
3025938,0.1394001766157697
3025939,3.7946455869058046e-07
3025940,0.0008337272464506509
3025941,0.033986660338354915
3025942,0.10361966238833233
3025943,0.0013206687937065255
3025944,2.870220116028848e-05
3025945,0.0026337627879320373
3025946,0.000656282475761062
3025947,0.45462289916032655
3025948,0.06156585350694669
3025949,0.18678487587461737
3025950,0.002001584910458314
3025951,0.0016921319085729208
3025952,0.001523932545190359
3025953,0.0003168507133951215
3025954,0.041189945890769214
3025955,4.059038179625677e-05
3025956,1.4773529168768065
3025957,0.00012200180133624692
3025958,0.05174600904703406
3025959,0.00011863363609059856
3025960,0.010016392467281797
3025961,0.09106661801159775
3025962,0.0029972501208876596
3025963,0.00010454687509006642
3025964,0.00031373098186985633
3025965,0.0015021071380797266
3025966,0.08562698462166457
3025967,0.05640475781085899
3025968,0.08001740172210477
3025969,0.0015074443198355326
3025970,0.5991976861583571
3025971,0.07792553514423571
3025972,3.7946455869058046e-07
3025973,0.0001795400896752634
3025974,0.0031220898525194845
3025975,0.09510419389358918
3025976,0.019190558046296824
3025977,2.07505314582324e-05
3025978,0.027577631010314733
3025979,0.0075388905144857365
3025980,0.27617577819941286
3025981,0.2855152733048774
3025982,0.012826966447828084
3025983,0.0022594016787646108
3025984,0.0013466608943791605
3025985,0.0004064319622958295
3025986,0.0005546933350463578
3025987,0.03590367646486814
3025988,4.059038179625677e-05
3025989,0.12408406441230353
3025990,0.00021714239479280956
3025991,0.0439140051307428
3025992,0.00081502215267587
3025993,0.009641269002604095
3025994,0.1279475311565556
3025995,0.002492808977968313
3025996,9.66583190570222e-05
3025997,0.004129701538593962
3025998,0.000730133747530153
3025999,0.002300059281287309
3026000,0.49216071345250767
3026001,0.009062802170148552
3026002,0.0015074443198355326
3026003,1.198994266867158
3026004,0.029976365679732008
3026005,3.7946455869058046e-07
3026006,0.00030773457308966507
3026007,0.008932832267431707
3026008,0.10807922754528387
3026009,0.0010584180627018012
3026010,2.1459648670273802e-05
3026011,0.018546997289486073
3026012,0.000666486137554933
3026013,0.19318857153853083
3026014,0.08270354745924026
3026015,0.15018522746673085
3026016,0.00484127133126114
3026017,0.016241632140874877
3026018,0.023540532154964895
3026019,0.0001702595089859319
3026020,0.08304679965045725
3026021,4.059038179625677e-05
3026022,0.5231657212771246
3026023,0.00028704567385053325
3026024,0.05959685265696849
3026025,0.0006766527545103722
3026026,0.011103383089273658
3026027,0.07450002362081568
3026028,0.0026054583651446733
3026029,4.91056298725888e-05
3026030,0.00034416640387027454
3026031,0.005264941584124166
3026032,0.03699585165057223
3026033,0.2098813144796578
3026034,0.009205100641771493
3026035,0.024837446667094136
3026036,0.5278974041183719
3026037,0.04641167839626519
3026038,3.7946455869058046e-07
3026039,0.0005737489431257741
3026040,0.0008256481088550568
3026041,0.15200200165909208
3026042,0.0013616185243650674
3026043,9.042296632422066e-05
3026044,0.003273751144505653
3026045,0.006463650771050079
3026046,0.326546207732225
3026047,0.0042535298788615415
3026048,0.5050089178292634
3026049,0.005930579918226027
3026050,0.016994374261792525
3026051,0.019779807631665293
3026052,0.00040576880241277374
3026053,0.030860563831969435
3026054,4.059038179625677e-05
3026055,0.5499645599491748
3026056,0.0001511708799311768
3026057,0.023392955898401315
3026058,0.0005688103661660228
3026059,0.012330957169135726
3026060,0.11042444168985925
3026061,0.0031595591649263076
3026062,5.9214423270357185e-05
3026063,0.00015592571411088827
3026064,0.00013446107298476206
3026065,0.03393940195092494
3026066,0.1857338589529127
3026067,0.035402414715498626
3026068,0.03428041948838983
3026069,0.09600920367186803
3026070,0.278215805140714
3026071,3.7946455869058046e-07
3026072,0.008939346013139325
3026073,0.0043350453225336405
3026074,0.15239631596696934
3026075,0.003944229283223124
3026076,0.008492450303673921
3026077,0.0002922428843250931
3026078,0.034047229343108484
3026079,0.1680070343605052
3026080,0.2325378850830696
3026081,0.127521780714783
3026082,0.004521463147889074
3026083,0.19147470433033098
3026084,0.012295872821424133
3026085,0.00039726082658643176
3026086,4.5249820471298597e-07
3026087,4.059038179625677e-05
3026088,0.09935741015037813
3026089,0.0013027504913279426
3026090,0.05074484329943912
3026091,0.07287400037008583
3026092,0.006381604451955004
3026093,0.2711029898747894
3026094,0.02062797417310483
3026095,0.006456052430265859
3026096,0.00028865471702770073
3026097,0.009901386559384976
3026098,2.674369246982549e-05
3026099,1.2801968970936144
3026100,0.464399857882156
3026101,0.2063088784147967
3026102,0.2402707601972448
3026103,0.0704137374635122
3026104,3.7946455869058046e-07
3026105,1.928269486250818e-06
3026106,0.00505333312917987
3026107,0.14193954096743303
3026108,0.0002280162054514999
3026109,4.9100822066081746e-05
3026110,0.000579302333717863
3026111,0.0005169206380255014
3026112,0.1745819308396777
3026113,0.10714680862047474
3026114,0.5524920285321991
3026115,0.022632991924899076
3026116,0.016761852784096924
3026117,0.00018334476158394144
3026118,0.0005626906532386638
3026119,5.660338590349231e-05
3026120,3.888699213965332e-05
3026121,1.082453505088122
3026122,7.282419036902056e-05
3026123,0.058590775478332795
3026124,0.00018481135740893454
3026125,0.010935948675990298
3026126,0.09951821301330933
3026127,0.028355087255807553
3026128,8.57312480152198e-05
3026129,0.00034354081260989434
3026130,1.8502455867361617e-06
3026131,0.0193470766808886
3026132,0.06686072763981013
3026133,0.00322502265629819
3026134,0.11170496690484727
3026135,0.5497447413206307
3026136,0.029136851160420658
3026137,3.7946455869058046e-07
3026138,4.253439574793126e-07
3026139,0.0032386659937593495
3026140,0.10434787165165828
3026141,0.00023794407785270713
3026142,2.584690504859122e-06
3026143,0.00031172625519646315
3026144,9.358823744717303e-05
3026145,0.1631106390041483
3026146,0.03223697224720024
3026147,0.2630134065654204
3026148,0.003771694383715708
3026149,0.12404725020819675
3026150,0.0001010900808692292
3026151,0.00026322456087035667
3026152,0.017086667376587074
3026153,0.041535758887716386
3026154,0.1420793386188435
3026155,6.258946658844131e-05
3026156,0.012409564357471993
3026157,2.6822152239144293e-05
3026158,0.0020768881627770625
3026159,0.047728431646660144
3026160,0.005510223396906535
3026161,2.5024374323859018e-05
3026162,5.733301679722466e-05
3026163,7.334087332836455e-07
3026164,0.14046958675841933
3026165,0.03083515887261843
3026166,0.2559764906901724
3026167,0.11142371050762526
3026168,1.2530298411046117
3026169,0.04337039891038813
3026170,3.7946455869058046e-07
3026171,0.0002134793035854212
3026172,0.004326657705198116
3026173,0.125425615537882
3026174,0.003774626601568446
3026175,1.3790585053108614e-05
3026176,0.1000548152304752
3026177,0.009289314706134857
3026178,0.21035835796754068
3026179,0.1073742900003021
3026180,0.8655803977539643
3026181,0.0028412599731224737
3026182,0.001034446823944352
3026183,0.011494912715181839
3026184,0.0002220775469191361
3026185,0.03610837238648475
3026186,4.059038179625677e-05
3026187,0.5654700637277035
3026188,9.011230537847978e-05
3026189,0.04414658992539748
3026190,0.0005891751655479655
3026191,0.009055406695236133
3026192,0.08252227386253744
3026193,0.0025747415621453695
3026194,5.22067099373959e-05
3026195,0.00010127324548258369
3026196,0.004401177985436813
3026197,0.10628663575418111
3026198,0.2811910944630763
3026199,0.5895738924232508
3026200,0.0016323789319701958
3026201,0.6512618593509331
3026202,0.08400585342337152
3026203,3.68763075874925e-07
3026204,4.463647526717596e-05
3026205,0.04133643408911511
3026206,0.05998563010838965
3026207,0.006026173429339182
3026208,0.053282343139340216
3026209,3.645626339600033e-05
3026210,0.006889301433411174
3026211,0.24932039414949678
3026212,0.1436369989513527
3026213,0.9711365716434578
3026214,0.008908568557109095
3026215,0.19246620632233571
3026216,0.012257428525683923
3026217,0.00022986959818632386
3026218,0.03185596161098931
3026219,0.16030648239703288
3026220,1.244274045851077
3026221,0.00038866379570599873
3026222,0.03987174888473038
3026223,6.26777024271549e-05
3026224,0.012608315007666978
3026225,0.15152157479430187
3026226,0.029228652518485436
3026227,0.00014130743690365734
3026228,0.0005710834631904425
3026229,3.133282159350851e-05
3026230,0.0025793976913368144
3026231,0.2348604508680162
3026232,0.5141142699045649
3026233,0.09274770999627814
3026234,1.1043739941894644
3026235,0.05472329584147882
3026236,3.7946455869058046e-07
3026237,2.422852104715666e-07
3026238,0.002840102454725437
3026239,0.13307326418605134
3026240,0.00025202098282514846
3026241,7.460846712003197e-05
3026242,0.013197685964321098
3026243,0.0004481744283821363
3026244,0.19998018541603937
3026245,0.2043168535596239
3026246,0.12756113936210184
3026247,0.0045901373838056385
3026248,0.006538800319432325
3026249,0.0022779540686137284
3026250,0.0004439754745079407
3026251,0.033891773011060035
3026252,0.0634208677029901
3026253,0.7972972040420777
3026254,9.43070173378141e-05
3026255,0.03755570602610659
3026256,0.00011237600579225107
3026257,0.010641175730866545
3026258,0.05190184315517726
3026259,0.002342374047831997
3026260,2.9144473280814907e-05
3026261,0.0001942632772163473
3026262,1.8406585480017584e-06
3026263,0.361979118084325
3026264,0.056019495562436655
3026265,0.725490508600572
3026266,0.2878575303066191
3026267,0.4205561476057972
3026268,0.031820064586098255
3026269,3.7946455869058046e-07
3026270,1.2993685547972974e-06
3026271,0.0033134557158925443
3026272,0.2573009664674675
3026273,0.0002764308087117359
3026274,0.0009517173071011998
3026275,0.0004149012060094717
3026276,0.008124331300383012
3026277,0.14305016504963805
3026278,0.2103633614796454
3026279,0.33576724284958054
3026280,0.015965438606032015
3026281,0.017015586675416396
3026282,0.02936320747077318
3026283,0.00025508277656791073
3026284,0.0339250510411195
3026285,0.03000193479129964
3026286,1.7418179439101311
3026287,0.00034281424593086464
3026288,0.06500802935726134
3026289,0.00011183616414356157
3026290,0.01054323824176734
3026291,0.05984195585176305
3026292,0.0024633063572244967
3026293,6.967677389653753e-05
3026294,0.0006395982011475377
3026295,1.9072254495671847e-06
3026296,0.003550122184620611
3026297,0.036004789494142195
3026298,0.03973809441315344
3026299,0.019538418804520157
3026300,0.5970004675617818
3026301,0.13307128628794762
3026302,3.7946455869058046e-07
3026303,0.00041589242498170945
3026304,0.0039566592229785535
3026305,0.07239873483714006
3026306,0.003153016313809711
3026307,6.18823263878304e-05
3026308,0.08962489183303912
3026309,0.0053290609033660365
3026310,0.28763168680896867
3026311,0.07881162412393802
3026312,0.5400405962572903
3026313,0.02131904340538526
3026314,0.010992182708497125
3026315,0.0022346169531306573
3026316,0.0005532665764907173
3026317,0.13595108692513727
3026318,4.059038179625677e-05
3026319,0.8217208641269131
3026320,0.0001412965643878939
3026321,0.06947531062070533
3026322,0.0006761808578323429
3026323,0.005647930291168654
3026324,0.06178746138480182
3026325,0.0028183788368594965
3026326,3.9404348353936284e-05
3026327,0.00019924326766895725
3026328,0.002301741134630803
3026329,0.031616382380737405
3026330,0.11840364840398994
3026331,0.00184813578097912
3026332,0.0015074443198355326
3026333,0.1764476607928313
3026334,0.21153899588839728
3026335,0.00019896293106476403
3026336,8.089975302915251e-05
3026337,0.013406383337797452
3026338,0.180518716839031
3026339,0.00821964215987166
3026340,0.00012142385860470774
3026341,0.000935436780908944
3026342,0.0005026818477726512
3026343,0.5548832747580792
3026344,0.17599243282580063
3026345,0.09138582591393815
3026346,0.0021999064013605322
3026347,0.009540841557035114
3026348,0.09369207704283948
3026349,2.122271762992597e-06
3026350,0.035877468403411245
3026351,0.08123292000676179
3026352,0.4808907011768754
3026353,0.00012379868269693506
3026354,0.052859855312436546
3026355,0.00030163441138109456
3026356,0.007895025911866907
3026357,0.05374738444494969
3026358,0.00287644824248536
3026359,0.00013479509538661137
3026360,0.0003188103394665806
3026361,1.8761032304245764e-05
3026362,0.004141024298502741
3026363,0.862671780376653
3026364,0.0028044985259921967
3026365,0.00011472608529140665
3026366,0.6159258242510923
3026367,0.062430958075072755
3026368,3.122683555080284e-06
3026369,3.8971091804685304e-05
3026370,0.09750818515157342
3026371,0.2168875781454184
3026372,0.0077214538824353675
3026373,0.010607295000110845
3026374,1.8724061708558794e-05
3026375,0.012988913041735101
3026376,0.16453193933045276
3026377,0.20926427209245244
3026378,0.4412122512165426
3026379,0.007199109227546252
3026380,0.22694134210069467
3026381,0.0005959166505679801
3026382,1.1097715019776355e-06
3026383,0.03339947890026309
3026384,0.2584866639910264
3026385,1.847561528946738
3026386,9.627765475930386e-05
3026387,0.036368779359952606
3026388,0.0001915373303188036
3026389,0.010398139914386439
3026390,0.18427816445677622
3026391,0.02531318987597468
3026392,0.00014984345064657093
3026393,0.00047535928281819195
3026394,4.147773042353743e-06
3026395,0.001161039599956989
3026396,0.08041246832321333
3026397,0.004498000768592452
3026398,0.0103438565453699
3026399,0.6854680368436952
3026400,0.02795876407285105
3026401,9.023532526548838e-07
3026402,1.5085408417573856e-05
3026403,0.00373305897887453
3026404,0.03721869167755343
3026405,0.0029929442448662904
3026406,0.011313259733321725
3026407,5.481301589067409e-05
3026408,0.00015213892461528113
3026409,0.13832243053250975
3026410,0.06022494674748158
3026411,0.3686382428637157
3026412,0.004696720577189978
3026413,0.18472058375340306
3026414,0.00025419358030137016
3026415,3.972901842681133e-07
3026416,4.5249820471298597e-07
3026417,0.19204102359169867
3026418,0.13630832820271532
3026419,0.0005369321787579397
3026420,0.01714397709587441
3026421,2.9102563411748272e-05
3026422,0.0012942950297342355
3026423,0.0352268733542403
3026424,0.008109735396791905
3026425,3.0030870331061708e-05
3026426,0.00013851159049008542
3026427,1.0267697549183657e-06
3026428,0.005257607947525575
3026429,0.1719415558033981
3026430,0.007460729460802801
3026431,0.0015074443198355326
3026432,0.05175232470938555
3026433,0.26207183679308543
3026434,3.68763075874925e-07
3026435,5.278572731394642e-05
3026436,0.0038111277747653076
3026437,0.030621862714433085
3026438,0.13196262622332972
3026439,2.9434223500578257e-05
3026440,0.002729170970727691
3026441,0.004565050822629014
3026442,0.031071117798467177
3026443,0.08610791353194117
3026444,0.4616161655313159
3026445,0.002663670690877172
3026446,0.0008271604386382942
3026447,0.01265958104713865
3026448,0.0001421970913059201
3026449,0.015527257636525316
3026450,0.12744219517922992
3026451,0.20234137388784235
3026452,0.00011019502166685592
3026453,0.03386370534057757
3026454,0.00014371227858181332
3026455,0.005060638325083179
3026456,0.07941702577871518
3026457,0.006913285277379717
3026458,1.5339354284129886e-05
3026459,0.006491085857837836
3026460,0.00020237097321059013
3026461,0.008703955462795246
3026462,0.48310478972331905
3026463,0.4205007821842235
3026464,0.054672488340316044
3026465,1.2865112889374406
3026466,0.07247985489841655
3026467,0.004398970325310535
3026468,8.71618455916267e-05
3026469,0.06524826641076911
3026470,0.04754029952184353
3026471,0.006063890620136026
3026472,0.007528127138338378
3026473,2.4313360015912948e-05
3026474,0.00762804174461943
3026475,0.20649462823495218
3026476,0.17615680086645433
3026477,0.9219146288486496
3026478,0.004789884764942581
3026479,0.23882740501164634
3026480,0.01590526303844793
3026481,0.00021699608913259473
3026482,0.02483280785062778
3026483,0.16143820779127566
3026484,1.018678619059323
3026485,0.0006637859089831277
3026486,0.041805535432041664
3026487,0.00032842465509875363
3026488,0.010560550571982456
3026489,0.23523898969889961
3026490,0.02696034139123018
3026491,0.0001274492778964718
3026492,0.00046549674534076684
3026493,4.102290877163401e-06
3026494,0.011973532233926089
3026495,0.18831174188334499
3026496,0.5272692274037587
3026497,0.000563721135363961
3026498,1.3954046296656495
3026499,0.04923947267188237
3026500,3.7946455869058046e-07
3026501,6.816277750414451e-07
3026502,0.10044443536257305
3026503,0.28082512200795223
3026504,0.0001352443800634126
3026505,5.575105265021432e-06
3026506,0.00034168345491564174
3026507,0.004350214959035199
3026508,0.15557032288870656
3026509,0.14377433659401126
3026510,0.3304368621669559
3026511,0.023193493797600072
3026512,0.015627219469092304
3026513,0.0034681966737349864
3026514,0.0003570010330373751
3026515,4.5249820471298597e-07
3026516,0.0841691282547528
3026517,1.3143055723941282
3026518,0.00011750480048216111
3026519,0.029878841952887477
3026520,0.00020577338130404107
3026521,0.010923661896893037
3026522,0.09312220564302301
3026523,0.0017080247763269136
3026524,5.18480204320993e-05
3026525,0.0005304810465782349
3026526,1.3017058623881762e-06
3026527,0.008359619550446173
3026528,0.07292728002972444
3026529,0.36014317339268026
3026530,0.2982782197806525
3026531,0.5367654182229342
3026532,0.0871710869559474
3026533,3.7946455869058046e-07
3026534,6.511298530444154e-07
3026535,0.025021233685108918
3026536,0.22827917535900302
3026537,0.0003350366116772452
3026538,0.0010455004217779134
3026539,0.00035122647560561587
3026540,0.005991328511801155
3026541,0.1588613048936277
3026542,0.1717760037130194
3026543,0.62431397316891
3026544,0.019123450246078585
3026545,0.21889371129943883
3026546,0.0024301234291477973
3026547,0.0005038893435961577
3026548,4.5249820471298597e-07
3026549,0.05427275612241009
3026550,1.3513686295854277
3026551,0.0005179604059649965
3026552,0.03769373079714969
3026553,9.130891720561707e-05
3026554,0.007318966722762658
3026555,0.05793574867952399
3026556,0.037574612927610294
3026557,8.408091102631463e-05
3026558,0.00034384520859646097
3026559,1.7151629736867393e-06
3026560,0.011415713943137118
3026561,0.12257931036501167
3026562,0.8539870785934396
3026563,0.02477759689154319
3026564,1.437373977555105
3026565,0.12109459477126792
3026566,4.071468976901172e-07
3026567,9.012922714359934e-05
3026568,0.0837396218579115
3026569,0.12660751126474237
3026570,0.003833292298740693
3026571,2.523120196340337e-05
3026572,2.8388397990887794e-05
3026573,0.01407736893407232
3026574,0.2971003813922056
3026575,0.14247809238990397
3026576,2.239023173714087
3026577,0.012586063903370194
3026578,0.240245062788492
3026579,0.010550152524382168
3026580,0.00024941413489744
3026581,0.03468736719994066
3026582,0.2500203205713379
3026583,3.330159384779548
3026584,0.0003801861532197941
3026585,0.03636703817519133
3026586,0.0002837361954432281
3026587,0.013233513182581109
3026588,0.14997946646195415
3026589,0.049925038632722143
3026590,9.21005966647404e-05
3026591,0.0005490037673219617
3026592,1.8381709907208897e-05
3026593,0.03640681341993839
3026594,0.21472469378052902
3026595,0.005339914593425295
3026596,0.08336259914630545
3026597,0.1389191031219338
3026598,0.10565473234117567
3026599,3.7946455869058046e-07
3026600,0.0002565891893049065
3026601,0.0022343009580092325
3026602,0.08603182271557387
3026603,0.003057244258677183
3026604,4.41433870798998e-05
3026605,0.020434809839143676
3026606,0.00035868718914400764
3026607,0.1391852041439267
3026608,0.12422672605111149
3026609,0.23623434532797613
3026610,0.0030952073102402545
3026611,0.0010651659330044125
3026612,0.00028883542833375376
3026613,8.727223670384825e-05
3026614,0.3083404960150749
3026615,7.998126352212249e-05
3026616,0.3857039578152276
3026617,6.37592443366922e-05
3026618,0.06995539767249308
3026619,3.589948767195906e-05
3026620,0.0013585572251813883
3026621,0.08126425707134402
3026622,0.0029655111708411833
3026623,7.174861881342264e-05
3026624,0.008607182046491755
3026625,5.5387269778273224e-05
3026626,0.0021892896107797806
3026627,0.2611668087337117
3026628,0.726113012429118
3026629,0.04820253582587354
3026630,0.21809707943856932
3026631,0.018029926413181387
3026632,3.7946455869058046e-07
3026633,1.5438746666188966e-06
3026634,0.005645259275030075
3026635,0.16992069183140548
3026636,0.0002900076028476158
3026637,4.882510052772452e-05
3026638,0.0002571536236745815
3026639,0.0063285881610630965
3026640,0.15199396109087193
3026641,0.18238242904101493
3026642,0.36551380759754715
3026643,0.008454181866808224
3026644,0.20399927799718287
3026645,0.0034767012698278922
3026646,0.00032665143716910177
3026647,0.13637751304963236
3026648,0.1023621434916318
3026649,1.4713147140379084
3026650,0.004933330509019526
3026651,0.038184320590834014
3026652,0.00019182715902093958
3026653,0.011057277488230474
3026654,0.08568588898998936
3026655,0.005821272065319479
3026656,0.00013715266235559133
3026657,0.0007383342712077377
3026658,2.835863997923451e-06
3026659,0.014566038441471675
3026660,0.6178269625907715
3026661,0.001587849617046024
3026662,0.0015074443198355326
3026663,0.11820928994239124
3026664,0.16496864716488158
3026665,3.7946455869058046e-07
3026666,0.00012968641826933397
3026667,0.0018477532414134814
3026668,0.03690711014695806
3026669,0.03706857341965607
3026670,3.094210259260554e-05
3026671,0.0009528652697376714
3026672,0.002355867519215944
3026673,0.10998656450922695
3026674,0.04972734565177891
3026675,0.16586163450299465
3026676,0.005244659393974019
3026677,0.0006188793722911611
3026678,0.016299543377652496
3026679,0.0004157288021637104
3026680,4.5249820471298597e-07
3026681,7.998126352212249e-05
3026682,0.05943138328054503
3026683,0.00035645081907393847
3026684,0.008508466912524803
3026685,0.00014107017060517878
3026686,0.0055912859449347
3026687,0.18047259465988807
3026688,0.07026968387046716
3026689,0.00015703632700174807
3026690,0.002150643934627116
3026691,0.0005970456229354496
3026692,7.537698864735217e-06
3026693,0.5209432167824474
3026694,0.6141334047291299
3026695,0.0015074443198355326
3026696,0.4111432849702529
3026697,0.10114001520555257
3026698,3.7946455869058046e-07
3026699,1.1568576316364411e-06
3026700,0.003023626562183044
3026701,0.08244466770538243
3026702,0.0009377473196940698
3026703,1.572764745209012e-05
3026704,0.0015574646314024765
3026705,0.004396480495060256
3026706,0.24430450225632755
3026707,0.20379162607802734
3026708,0.10364758034893898
3026709,0.02610685277959372
3026710,0.0015620419427398598
3026711,0.009219344890465254
3026712,0.00035630317407648514
3026713,4.5249820471298597e-07
3026714,3.888699213965332e-05
3026715,1.7258267982834172
3026716,0.00010799479710553362
3026717,0.027443144049284766
3026718,0.0002618514831473462
3026719,0.009382564189122962
3026720,0.06271198829980097
3026721,0.002554694224122023
3026722,0.00010072783241640646
3026723,6.241255151590356e-05
3026724,1.725802909175286e-06
3026725,6.255493947783637e-05
3026726,0.2244986072622096
3026727,0.0057443826977313
3026728,0.3586971089794757
3026729,0.2683059297646367
3026730,0.059721636103857646
3026731,3.7946455869058046e-07
3026732,7.717533343314274e-07
3026733,0.004306255403393492
3026734,0.1699031475533972
3026735,0.0002687153970567533
3026736,0.00010329553732287348
3026737,0.000677409169097738
3026738,0.00922343021123765
3026739,0.25582601893090456
3026740,0.13556223385801608
3026741,1.314454074736717
3026742,0.020612127321502915
3026743,0.02178362954842452
3026744,0.003773415475221506
3026745,9.217370873896014e-05
3026746,0.04129929935299344
3026747,0.08224519974513397
3026748,0.6902661885106062
3026749,0.00010774001132355518
3026750,0.034756072668455325
3026751,0.00014625217366555314
3026752,0.01179574169109164
3026753,0.025838823458559892
3026754,0.002756876028558469
3026755,4.1969240221619605e-05
3026756,0.00011517776159233393
3026757,0.00015473411629749102
3026758,0.02113905834001441
3026759,0.3618808522611024
3026760,0.02785347021944329
3026761,0.0014472524424101608
3026762,0.07452341729494616
3026763,0.17167133241314375
3026764,3.7946455869058046e-07
3026765,0.00010765545950608968
3026766,0.0016559583374112978
3026767,0.09878936170389342
3026768,0.09308453852607723
3026769,1.1103273323567938e-05
3026770,0.001684920869549595
3026771,0.00012837780234022895
3026772,0.16027409751087132
3026773,0.07990211277315015
3026774,0.27262203468692464
3026775,0.001895903483351904
3026776,0.001008963612405856
3026777,0.027366237840476492
3026778,0.0004114284905799717
3026779,4.5249820471298597e-07
3026780,4.059038179625677e-05
3026781,0.013315884094038282
3026782,0.00036970976042975814
3026783,0.055355351708974855
3026784,0.00016577944039311232
3026785,0.0013329490663445461
3026786,0.4493541421478705
3026787,0.07537121527128503
3026788,8.528074842164223e-05
3026789,0.008388790729882658
3026790,0.00273689336787025
3026791,0.0021229022497814168
3026792,0.03942647391586505
3026793,0.0369862663784431
3026794,0.0045478012862668225
3026795,0.6904631026313813
3026796,0.08566251955827116
3026797,3.7946455869058046e-07
3026798,9.315335025110914e-05
3026799,0.02713678817051524
3026800,0.2865427615366547
3026801,0.00022942505648424939
3026802,0.0024880551685860595
3026803,0.0029820467324099707
3026804,0.029284255424163737
3026805,0.4210455553586025
3026806,0.07596056792301756
3026807,0.14030379264838025
3026808,0.020755197700186086
3026809,0.18600205093666283
3026810,0.009533138402173846
3026811,0.00046438715731320616
3026812,4.5249820471298597e-07
3026813,0.25004418427156194
3026814,0.875189509231841
3026815,0.0011701455234363156
3026816,0.06733094250948624
3026817,0.04123416120339041
3026818,0.012385106182337386
3026819,0.09242377468485007
3026820,0.0027838551795904805
3026821,0.0031714305893898813
3026822,0.0010833883939175117
3026823,7.1577852518170085e-06
3026824,0.0058481618495292665
3026825,0.4445574394962518
3026826,0.014508295323542099
3026827,0.0014467116651095163
3026828,1.1760058904863915
3026829,0.047179939327006384
3026830,4.0504370272136107e-07
3026831,7.283104748550542e-05
3026832,0.01604080072836868
3026833,0.04353346040371517
3026834,0.005596343784757987
3026835,0.04879985901708963
3026836,9.957364670853434e-05
3026837,0.008412984675934272
3026838,0.3332404112679622
3026839,0.16970831830368457
3026840,1.4869243048512908
3026841,0.0117730616845517
3026842,0.01975479866227312
3026843,0.041873550919082916
3026844,0.000502479688320171
3026845,0.03128361374984793
3026846,0.26310364729620983
3026847,0.2627129699437541
3026848,0.0006756663526310973
3026849,0.037900622485975775
3026850,0.00017842542372387788
3026851,0.012803048618008793
3026852,0.18633356892985323
3026853,0.03563625478369728
3026854,0.00010520296789900773
3026855,0.0005056309097217169
3026856,4.3410778930406356e-06
3026857,0.0010638960831329581
3026858,0.09659378508754393
3026859,0.2795389404715026
3026860,0.0015074443198355326
3026861,1.1156697598858065
3026862,0.01250270066011805
3026863,3.560473292535344e-07
3026864,7.584949747692269e-05
3026865,0.06356871851760591
3026866,0.10336787150561674
3026867,0.006804963007286366
3026868,0.029979457743058876
3026869,0.00016840929434122843
3026870,0.0005242381401989153
3026871,0.25531517537219467
3026872,0.14944480164615884
3026873,0.5628223658942536
3026874,0.014795347822835692
3026875,0.21893746820568322
3026876,0.0004538661698014591
3026877,0.0002721201439454491
3026878,0.02563562827629463
3026879,0.21332426039063307
3026880,1.547527533377501
3026881,0.00047790335640829796
3026882,0.03221558102667349
3026883,0.02750259993897159
3026884,0.00910174967221326
3026885,0.1397659252336805
3026886,0.032014764492291306
3026887,3.1822526401939665e-05
3026888,0.0005412102865142546
3026889,1.3704655178212378e-05
3026890,0.01550628071735754
3026891,0.1662302667933909
3026892,0.6442801915026949
3026893,0.32314193151803805
3026894,0.8471514245308389
3026895,0.033207247471872495
3026896,3.7946455869058046e-07
3026897,1.9650928389769925e-06
3026898,0.0037010230161761987
3026899,0.2798209213886399
3026900,0.00027592390874235705
3026901,2.1776218011956662e-05
3026902,0.00023001069499647644
3026903,0.005649024305702299
3026904,0.1985491056376025
3026905,0.24027814755343216
3026906,1.45995471662236
3026907,0.010572252063968819
3026908,0.002010504491417518
3026909,0.03592135047580991
3026910,0.0002565107539214561
3026911,0.033171416030602696
3026912,0.1691664693659836
3026913,0.9566951894676923
3026914,0.00013529289118531247
3026915,0.04001163983689337
3026916,0.0001310776844802606
3026917,0.012183196430047333
3026918,0.09825981931232465
3026919,0.034837682911445685
3026920,0.00012238271767732573
3026921,0.0005228354114698824
3026922,1.8582599050035535e-06
3026923,0.12743492567090817
3026924,0.0708124977634169
3026925,0.008146113284184684
3026926,0.0017534083571491851
3026927,0.6466946087368617
3026928,0.09467486804861175
3026929,2.0059567836370577e-06
3026930,6.237330854855644e-05
3026931,0.004559340264107282
3026932,0.0773579192558309
3026933,0.0053984196868850955
3026934,0.024834807429310615
3026935,5.5035977440738995e-05
3026936,0.00046362568581034645
3026937,0.3817985448844318
3026938,0.10165315211896077
3026939,1.054647535060161
3026940,0.0016427150134268533
3026941,0.010409124265405217
3026942,0.02228998663005671
3026943,5.713383938671193e-05
3026944,0.03414437796522526
3026945,0.17420432035886294
3026946,0.2083614333748268
3026947,0.00036317380358379646
3026948,0.03336619241251306
3026949,0.026071368357755115
3026950,0.012521635013948563
3026951,0.10488055375200848
3026952,0.03373015164378917
3026953,0.00016051970650599338
3026954,0.00038896470951974916
3026955,1.0451352397507216e-05
3026956,0.0045599549151180115
3026957,0.2300154783791441
3026958,0.007383803559017593
3026959,0.00012095815288707034
3026960,2.1261219533100575
3026961,0.05115602185745255
3026962,3.7946455869058046e-07
3026963,2.206670824812018e-06
3026964,0.008205641894126186
3026965,0.1699608875423521
3026966,0.0003149349050547697
3026967,8.113401011100147e-05
3026968,0.0009835664334272845
3026969,0.0004976076239725596
3026970,0.17804965185627952
3026971,0.1595168282069062
3026972,0.696905070018448
3026973,0.01980904853054695
3026974,0.018205431892164226
3026975,0.05545557721619507
3026976,0.00034309326277134943
3026977,4.5249820471298597e-07
3026978,0.0047134365093652614
3026979,1.4403869712351407
3026980,0.000223857865101867
3026981,0.03594705414013952
3026982,0.00015519304610789872
3026983,0.012905568042643843
3026984,0.04847210388684351
3026985,0.03810024575697291
3026986,0.00015610616763539053
3026987,0.00048059614933273565
3026988,1.6712351367220985e-06
3026989,2.6495903735672634e-05
3026990,0.04832680566041924
3026991,0.6329242834868704
3026992,0.0007856308252051118
3026993,0.5889380491897925
3026994,0.05772273240562646
3026995,5.53538341941598e-07
3026996,4.3962313594069397e-05
3026997,0.08032376309449403
3026998,0.07955764404760167
3026999,0.005170330167085187
3027000,0.01280563121778145
3027001,6.667337437261474e-05
3027002,0.008215910744039238
3027003,0.2096560304718667
3027004,0.16171087190217692
3027005,0.7809332527243643
3027006,0.00939778004728597
3027007,0.19167667752371081
3027008,0.0006635355169714099
3027009,0.0001980711220797715
3027010,0.024947380027353215
3027011,0.2715491539308674
3027012,1.2519477381183277
3027013,0.00016439357484536275
3027014,0.05340467898859853
3027015,7.993184935300545e-05
3027016,0.006422552278962397
3027017,0.14480003052093765
3027018,0.028585944052948273
3027019,4.0997997848019695e-05
3027020,0.00015075523556360844
3027021,1.6699657954267814e-05
3027022,0.008995546792298695
3027023,0.07864718680593157
3027024,0.00835097957447725
3027025,0.0014467116651095163
3027026,0.8308977262378076
3027027,0.047714642090217675
3027028,3.68763075874925e-07
3027029,5.316990205777372e-05
3027030,0.016635367208751844
3027031,0.048177393500477256
3027032,0.006081204000068278
3027033,0.05553834879253332
3027034,0.00015515750352883357
3027035,0.011097099559386226
3027036,0.515671219880027
3027037,0.1956414323351053
3027038,0.5676150783877519
3027039,0.010077595360086103
3027040,0.017369777625720284
3027041,0.00269218893847327
3027042,0.0001754158500793485
3027043,0.025458656477423094
3027044,0.17889900433355568
3027045,0.5581965269834049
3027046,0.00040469992389211424
3027047,0.04940799595320894
3027048,0.00015085186546818087
3027049,0.00905767232467558
3027050,0.19082717212082984
3027051,0.02966155609638574
3027052,7.99307903841876e-05
3027053,0.0003958285725467884
3027054,9.873791942698021e-06
3027055,0.01192719981665407
3027056,0.18729837703973773
3027057,0.19801860219444414
3027058,0.0075295803176277645
3027059,1.4814900514300302
3027060,0.050321427815122534
3027061,3.7946455869058046e-07
3027062,3.0015853741882453e-06
3027063,0.03607679310411602
3027064,0.23311685215557623
3027065,0.00045083782323867313
3027066,3.170210583018913e-06
3027067,0.0006174357651918724
3027068,0.004740007992187988
3027069,0.16021773067623
3027070,0.07103456732486045
3027071,0.048443191958218765
3027072,0.002310550465253178
3027073,0.01586585270120441
3027074,0.03783282608791661
3027075,0.00028297466579099364
3027076,4.5249820471298597e-07
3027077,0.0997838385783675
3027078,0.03766211003845342
3027079,0.00017231861313623005
3027080,0.023834345845875418
3027081,9.742692987512702e-05
3027082,0.008470387317878508
3027083,0.09259082300685069
3027084,0.019332350536196558
3027085,3.0200162707981544e-05
3027086,0.0004528126245315269
3027087,1.3332740356184365e-06
3027088,0.026143960629380226
3027089,0.1869487509098839
3027090,0.9177968237299458
3027091,0.0014467116651095163
3027092,1.6358643611489405
3027093,0.0892979544037899
3027094,4.717641573814286e-06
3027095,9.14235709244103e-05
3027096,0.10149646147644213
3027097,0.1466959289112851
3027098,0.003358020383021574
3027099,0.014236397048281621
3027100,3.739779561603225e-05
3027101,0.010808296221671593
3027102,0.25164717059515757
3027103,0.14000232755319858
3027104,2.16067771732445
3027105,0.021959158344284278
3027106,0.24336634537585278
3027107,0.0017466061842470004
3027108,0.0002876519682416429
3027109,0.04359892442301722
3027110,0.22630390810531315
3027111,2.6614241706810504
3027112,0.0006338182418204464
3027113,0.043090804676158494
3027114,0.00031693770457949744
3027115,0.011607160160297936
3027116,0.18318638053513317
3027117,0.05489383132027256
3027118,0.00013702867806537515
3027119,0.0005779567581371067
3027120,7.02905907789718e-06
3027121,0.17080300179486743
3027122,0.21636995712895257
3027123,1.0833416680436492
3027124,0.0014467116651095163
3027125,1.5123686361625108
3027126,0.09836499692514637
3027127,4.709963764576235e-06
3027128,6.57908698587446e-05
3027129,0.09707055743691045
3027130,0.14369746163190045
3027131,0.0030737025204208117
3027132,0.021453566133679054
3027133,2.431592236447891e-05
3027134,0.014086110756075913
3027135,0.25376294895718227
3027136,0.13487806197280436
3027137,0.6105702420329246
3027138,0.021538109314424885
3027139,0.24156684061697747
3027140,0.006602547439940474
3027141,0.0004718047067844234
3027142,0.03924641946428868
3027143,0.14939057256683755
3027144,2.7994913320443513
3027145,0.0006310827034278441
3027146,0.04221974463051171
3027147,0.0003181313544891542
3027148,0.013382287040818116
3027149,0.1862106824011546
3027150,0.0465320702584075
3027151,9.107598026977916e-05
3027152,0.0006228661692509565
3027153,1.3661736143892971e-05
3027154,0.36088190352464056
3027155,0.21930058717079648
3027156,0.8632532647406892
3027157,0.0014467116651095163
3027158,1.4161103134627986
3027159,0.08813796784832299
3027160,0.010660802979384614
3027161,3.961856189223477e-05
3027162,0.09755519021862469
3027163,0.16139142212284951
3027164,0.0029179415766427052
3027165,0.01569729539477346
3027166,3.508334606116615e-05
3027167,0.011266908186224294
3027168,0.21751861669928796
3027169,0.16793163237619915
3027170,1.2134246523765357
3027171,0.015441976226918433
3027172,0.17628286187279296
3027173,0.004260384475202551
3027174,0.0004282732420888843
3027175,0.04836018044868401
3027176,0.26727059228221695
3027177,2.3625989338554274
3027178,0.0003588647365567095
3027179,0.06739442973619257
3027180,0.000318824263027025
3027181,0.011762805873179467
3027182,0.18512514117388185
3027183,0.06149550555927844
3027184,0.00016239151313626686
3027185,0.0005596863656041734
3027186,5.471581989545576e-06
3027187,0.1925870970481018
3027188,0.23755200158659132
3027189,0.999725614047647
3027190,0.0014467116651095163
3027191,1.619813880312851
3027192,0.07582365644108413
3027193,3.801025767699866e-06
3027194,7.328553338081746e-05
3027195,0.10191895088101666
3027196,0.15305177073114348
3027197,0.0032064618351697553
3027198,0.03512166637657019
3027199,2.3254311755723726e-05
3027200,0.010615484431226592
3027201,0.24225171243039734
3027202,0.1782325333245715
3027203,0.9647195829751963
3027204,0.015544842711894848
3027205,0.2241105977435066
3027206,0.006739630958834967
3027207,0.00042203819244787715
3027208,0.04236263102499041
3027209,0.23291378378654937
3027210,1.698465690305867
3027211,0.0004926080838949982
3027212,0.0349606500541548
3027213,0.0002877329827119004
3027214,0.013405417880939068
3027215,0.17270033056260695
3027216,0.050410414760969406
3027217,8.992639721496218e-05
3027218,0.0006303727562244069
3027219,7.287721501099843e-06
3027220,0.2308167341041851
3027221,0.22722292075935205
3027222,0.9300584863507704
3027223,0.0014467116651095163
3027224,1.3788764102084212
3027225,0.05361055071392493
3027226,5.850699203480263e-07
3027227,2.1754895242030897e-05
3027228,0.08626995892059933
3027229,0.1311886735512293
3027230,0.0029190590392119617
3027231,0.03334752944561935
3027232,0.00012760736369210905
3027233,0.008539778171466306
3027234,0.17079178549089205
3027235,0.183583778097458
3027236,0.26460132872082254
3027237,0.02006177478515201
3027238,0.1511577565949614
3027239,0.0047538394561969
3027240,0.0002512647916565227
3027241,0.04597906798094948
3027242,0.16872877235418646
3027243,0.4579389958775478
3027244,0.001024769962485315
3027245,0.0741328300054026
3027246,0.0002784187765472521
3027247,0.012010300903522207
3027248,0.1644342837925492
3027249,0.05030522607736537
3027250,6.899518140922282e-05
3027251,0.0005714990145656855
3027252,2.565710015374963e-06
3027253,0.1566203594169319
3027254,0.2013117912476439
3027255,0.9434591526933448
3027256,0.0014467116651095163
3027257,1.4638551733738083
3027258,0.0746053036722968
3027259,3.665706339680401e-07
3027260,9.979041170430069e-05
3027261,0.09923960800820172
3027262,0.39054565960940435
3027263,0.0030880509675254445
3027264,0.006952442968333843
3027265,2.9214012653367166e-05
3027266,0.014995287273429631
3027267,0.21858166282365968
3027268,0.14642732667275957
3027269,0.4481538458606834
3027270,0.008381500651467064
3027271,0.22458778468756974
3027272,0.004129187487826296
3027273,0.00044477543319745134
3027274,0.04150393564952212
3027275,0.2300188680993172
3027276,2.9439253410038444
3027277,0.00038932673951523497
3027278,0.038854537985024085
3027279,0.00032055822765301366
3027280,0.013292010285711165
3027281,0.18087820989924094
3027282,0.04641594759835662
3027283,9.802304888285637e-05
3027284,0.0005579710831106892
3027285,1.2412356975080539e-05
3027286,0.2621751043527943
3027287,0.21619060349910701
3027288,0.2248876413262999
3027289,0.058830620831858915
3027290,1.3906356449675414
3027291,0.06411561501785475
3027292,4.4098416432891786e-07
3027293,6.320642170187973e-05
3027294,0.10355142118777068
3027295,0.06884079895655638
3027296,0.006823862578777988
3027297,0.019748987291565986
3027298,0.0003510241866782663
3027299,0.00047268143537667056
3027300,0.28197425547250443
3027301,0.11581007699600407
3027302,0.6522584295455102
3027303,0.02368251263488708
3027304,0.21453376369397173
3027305,0.017413320984358664
3027306,0.00018313370780045408
3027307,0.027474416155566523
3027308,0.11375297498025
3027309,1.9786153188767355
3027310,0.00047469529704444413
3027311,0.046238452523069774
3027312,0.00016154678822546232
3027313,0.012831861317967446
3027314,0.0260990918018047
3027315,0.009863524779321493
3027316,9.513641956835748e-05
3027317,0.0006878738125713412
3027318,2.8101892316182855e-05
3027319,0.02141061451159982
3027320,0.2782067770499526
3027321,0.7237567312884446
3027322,0.0015074443198355326
3027323,1.4279879174035437
3027324,0.08669030113684778
3027325,3.3586402982469666e-06
3027326,4.866113020671161e-05
3027327,0.09211533909115607
3027328,0.0540955525051359
3027329,0.005191391467374891
3027330,0.008229348651843877
3027331,0.0001690873155511015
3027332,0.010364245830277475
3027333,0.31836483405739213
3027334,0.1727150560546151
3027335,0.40154966612421916
3027336,0.023142811531165583
3027337,0.23548465700123442
3027338,0.0008727440258796961
3027339,0.00023158606943240304
3027340,0.04116087577758403
3027341,0.12328624986114993
3027342,0.7853942414560279
3027343,0.00039965972987673925
3027344,0.03429581900650215
3027345,0.00026974157381633054
3027346,0.0129368213307787
3027347,0.16422603066127878
3027348,0.03989169436622061
3027349,0.00012707745664297416
3027350,0.0004582583687259741
3027351,9.885491048819402e-06
3027352,0.20936477002106643
3027353,0.1860519227062789
3027354,0.5099191762897933
3027355,0.0015074443198355326
3027356,1.2889686550179098
3027357,0.06833374776793935
3027358,0.00020442117443241384
3027359,6.239855332410104e-05
3027360,0.04562222978161153
3027361,0.12990607162465515
3027362,0.007961592694176357
3027363,0.0036936716185446213
3027364,2.487359250547647e-05
3027365,0.014412862037522841
3027366,0.230149114539979
3027367,0.23055254727037502
3027368,1.0826478726981852
3027369,0.019825864702750922
3027370,0.2027888217993475
3027371,0.0008268215590516965
3027372,0.00028528672212227327
3027373,0.053782987556365666
3027374,0.1559584704465075
3027375,1.1522273114138943
3027376,0.00011733451252110009
3027377,0.05284999004325061
3027378,0.00033211786268130193
3027379,0.01077611440945019
3027380,0.18663211225746443
3027381,0.03776426856799522
3027382,0.00011205496774333619
3027383,0.0004462141593441321
3027384,9.32533681253769e-06
3027385,0.006303430156685894
3027386,0.22747489696090523
3027387,0.8889062485171182
3027388,0.0015074443198355326
3027389,0.7549063473777379
3027390,0.050721848385637376
3027391,3.814959058041954e-07
3027392,0.0001087326397032202
3027393,0.08118478508508457
3027394,0.16015068475739244
3027395,0.005496572816968418
3027396,0.002554664974701473
3027397,2.9839479562031755e-05
3027398,0.013190552258885423
3027399,0.2528973762896856
3027400,0.17139435651107301
3027401,1.9411806834433198
3027402,0.013240656872097226
3027403,0.23373905196215206
3027404,0.023026697489433458
3027405,0.0002554502195517152
3027406,0.05085947811454612
3027407,0.2505652410531733
3027408,2.086528495419607
3027409,0.0010496572272246112
3027410,0.045970804595642935
3027411,0.0002909093296944937
3027412,0.012401434147941957
3027413,0.16548934337900406
3027414,0.04680444873812797
3027415,0.00015645161275802035
3027416,0.0006195599004083841
3027417,6.451300928424625e-06
3027418,0.01413825835715255
3027419,0.2884523940041687
3027420,0.6760892828031039
3027421,4.24533623213191e-06
3027422,0.8868548532507858
3027423,0.03924906462117463
3027424,4.4710391285838137e-07
3027425,7.46448897891412e-05
3027426,0.0030213722429090137
3027427,0.06747443953090754
3027428,0.0064931845892331344
3027429,0.019701425686951782
3027430,0.00011789614626720944
3027431,0.0004959072792164913
3027432,0.26315001613059524
3027433,0.15857352053993323
3027434,0.942621111705161
3027435,0.009276478739552403
3027436,0.20693728671268827
3027437,0.000323524465234676
3027438,0.0002188178795285186
3027439,0.035516172597664736
3027440,0.1921288732765067
3027441,1.5566282711665065
3027442,0.0007053327808432443
3027443,0.05024703323824454
3027444,9.42264548849229e-05
3027445,0.011031361026233838
3027446,0.07335803082785873
3027447,0.0023901126313248563
3027448,4.68387869158645e-05
3027449,0.0005696719106518237
3027450,1.1348642842368559e-05
3027451,0.004893086527238568
3027452,0.6357210264884852
3027453,0.4942668476866868
3027454,0.0015074443198355326
3027455,0.1577576470355257
3027456,0.03842251352845176
3027457,3.7946455869058046e-07
3027458,1.6433721307443723e-06
3027459,0.0022131179163007247
3027460,0.14673624668979937
3027461,0.02218887095400711
3027462,4.404433044955661e-06
3027463,0.004763708794133874
3027464,0.00012502979737326306
3027465,0.24725317705993563
3027466,0.14136747201015684
3027467,0.41116145116732555
3027468,0.003179044754998294
3027469,0.0009214708218274986
3027470,0.031011834403493088
3027471,0.0004060622775261153
3027472,4.5249820471298597e-07
3027473,4.059038179625677e-05
3027474,1.2850537119029197
3027475,0.0016024403295008239
3027476,0.024890569961027845
3027477,0.0012367424851094564
3027478,0.009361281151129199
3027479,0.0016197127942743342
3027480,0.006291792810367439
3027481,0.00029434508994783884
3027482,0.0006783720693962769
3027483,7.183199764117975e-05
3027484,0.00022351695817229597
3027485,0.28989274676242693
3027486,0.30930267881316686
3027487,1.620284039960154e-06
3027488,0.7140831875390634
3027489,0.08650803657643971
3027490,3.68763075874925e-07
3027491,6.544029925848211e-05
3027492,0.10387366802199692
3027493,0.10397708923620728
3027494,0.004953153609444199
3027495,0.006559959785009592
3027496,3.284013237845269e-05
3027497,0.00723876066578708
3027498,0.2803233029142998
3027499,0.18493052151168035
3027500,0.5332970228022442
3027501,0.016547187084131294
3027502,0.22587546969727287
3027503,0.0002971671036653077
3027504,0.00025840106309730023
3027505,0.031529897563674414
3027506,0.16006499910389066
3027507,1.9202787616454995
3027508,0.0007317860573615147
3027509,0.06733364859308921
3027510,0.0326174611635062
3027511,0.012042857519761026
3027512,0.15490894634696326
3027513,0.034910448557768974
3027514,0.00012822863894150515
3027515,0.0006329529461144096
3027516,2.0585827537157154e-05
3027517,0.00422203438553219
3027518,0.2261197838989165
3027519,0.03485895665198198
3027520,0.0002806782662342117
3027521,0.5001917646551628
3027522,0.075434912920168
3027523,0.009380242871678626
3027524,3.921178330929026e-05
3027525,0.07264592131096502
3027526,0.07412178616549105
3027527,0.007006741204712057
3027528,0.07882288247141227
3027529,2.6182579590476515e-05
3027530,0.013995374592277758
3027531,0.30720039729470927
3027532,0.18827676084740508
3027533,2.076586977193665
3027534,0.01688157834572722
3027535,0.22049243607982474
3027536,0.007465913696442336
3027537,0.0001696494877119627
3027538,0.034397385845265124
3027539,0.2715637763857609
3027540,2.105732866908335
3027541,0.000300677197308261
3027542,0.04520861054102919
3027543,0.0002879362491429843
3027544,0.01282924157278297
3027545,0.07920718941606145
3027546,0.03231588410435339
3027547,0.00014176622433746317
3027548,0.00055989689020015
3027549,1.6724933180170203e-05
3027550,0.015177659138019174
3027551,0.21382076225795435
3027552,0.03715571195428076
3027553,0.3583119948223095
3027554,1.3003513639914335
3027555,0.05077209190525847
3027556,4.033342927777914e-06
3027557,8.244685283271458e-05
3027558,0.09930224540084105
3027559,0.12862887831353662
3027560,0.005056427084445167
3027561,0.009943011005638437
3027562,2.4526856194549323e-05
3027563,0.0008762821031035439
3027564,0.2815117672260594
3027565,0.14442303497461226
3027566,2.1227313084963004
3027567,0.018207962846882107
3027568,0.022028834325614425
3027569,0.001134527222982487
3027570,0.00021858998759122003
3027571,0.03266745942235765
3027572,0.22343737910390207
3027573,2.7896691101218707
3027574,0.000566372880489695
3027575,0.04452735721963427
3027576,0.00022537139217454044
3027577,0.012616307712115032
3027578,0.18677340243049018
3027579,0.04473209570205108
3027580,0.0001438137447436744
3027581,0.0006169335364589858
3027582,1.1205513705584181e-05
3027583,0.015327352122394056
3027584,0.2113769225016393
3027585,1.0117606743807346
3027586,0.19351391456009753
3027587,1.30693177122257
3027588,0.024546054496163372
3027589,3.7946455869058046e-07
3027590,2.118007089042583e-06
3027591,0.07098885848321988
3027592,0.18605470534772706
3027593,0.0003017442292031107
3027594,3.8273260879613415e-05
3027595,0.0014423741202528402
3027596,0.0006583367232983284
3027597,0.19247067717372834
3027598,0.11625325027606073
3027599,0.7859542382559752
3027600,0.019867419313566146
3027601,0.19769866026936922
3027602,0.0004457143124204827
3027603,0.00036196898836272337
3027604,0.03757422719505149
3027605,0.09454257627392763
3027606,2.012370256000974
3027607,0.00037486371949700214
3027608,0.09182275449948527
3027609,0.0002065936778110054
3027610,0.012178922142248692
3027611,0.12357943428258188
3027612,0.012379449143770586
3027613,0.00013488284165323478
3027614,0.0005366651406759333
3027615,1.6697839743492412e-06
3027616,0.2017940169744531
3027617,0.05782363789564184
3027618,0.010636758994953715
3027619,0.00219660942808354
3027620,1.0193445480966696
3027621,0.11095491744907499
3027622,8.764224496917127e-07
3027623,3.237540925409992e-06
3027624,0.0487630360544974
3027625,0.16145334490381902
3027626,0.006066280507251361
3027627,0.00014229527907455496
3027628,0.0005439714159687245
3027629,0.005214237488973234
3027630,0.11975541857720616
3027631,0.12636062764071565
3027632,0.6373473551869487
3027633,0.01698649813085713
3027634,0.22871004880013804
3027635,0.0003985446379454874
3027636,9.279835877722625e-05
3027637,0.039049910056302484
3027638,0.19385106633648705
3027639,1.6537376368199423
3027640,0.0005539013544829249
3027641,0.04318949808782582
3027642,0.00010143673594543389
3027643,0.015533861128437338
3027644,0.09610976221636947
3027645,0.015912651105557347
3027646,5.8776511343632206e-05
3027647,0.000634536969443207
3027648,1.573168872116662e-06
3027649,0.0007826536064464422
3027650,0.0757609040711471
3027651,0.001691623007188384
3027652,0.00219660942808354
3027653,0.530798719522149
3027654,0.27099042997348527
3027655,3.4267474420567187e-07
3027656,0.00021022137589213818
3027657,0.0027838334728370506
3027658,0.18746315457025248
3027659,0.11044449304821057
3027660,7.314676744649864e-06
3027661,0.11007932474832685
3027662,0.004800360155263402
3027663,0.15160383211902576
3027664,0.029117959052034407
3027665,0.18389216476437004
3027666,0.004703934679969163
3027667,0.005615530444608721
3027668,0.005005808952483192
3027669,0.0003727351896054135
3027670,0.056248357593029645
3027671,6.33278371959748e-05
3027672,0.24055724241686374
3027673,0.0006807213659843404
3027674,0.047778182469828644
3027675,0.03911571309650948
3027676,0.012482131381621757
3027677,0.2566738270758822
3027678,0.0030244608622317045
3027679,0.00012491614044974196
3027680,0.014659632174628656
3027681,0.0007314628928053066
3027682,0.035280551546422116
3027683,0.49192459165129054
3027684,0.41722581592719593
3027685,0.10989914938389221
3027686,1.0791743019417421
3027687,0.03363748055333157
3027688,3.4267474420567187e-07
3027689,5.242542831228365e-07
3027690,0.10722089119329316
3027691,0.6732169078826703
3027692,0.001354165091475208
3027693,0.02307930392106467
3027694,0.0007704034419279633
3027695,0.008011839588596333
3027696,0.155416220978292
3027697,0.22991529718507966
3027698,0.41100829453433546
3027699,0.017301180443244732
3027700,0.0017807030622357496
3027701,0.03841626597914841
3027702,0.0007373387030906611
3027703,0.04863834969401606
3027704,0.06393422782875383
3027705,2.2560529327172323
3027706,0.00010326608882567796
3027707,0.045983639038376344
3027708,0.06354257291643702
3027709,0.01390270608687878
3027710,0.058543979209990354
3027711,0.07467926635571595
3027712,0.00017223900066768558
3027713,0.0004973586506418919
3027714,1.4712809824365663e-06
3027715,0.1425947925754975
3027716,0.07965106644357998
3027717,0.08990641975515243
3027718,0.003941524077739372
3027719,0.4606905882111375
3027720,0.14926398222557366
3027721,3.4267474420567187e-07
3027722,1.5415327567389636e-05
3027723,0.03463293977706603
3027724,0.1992906576047092
3027725,0.005911295249753838
3027726,4.7407007826331836e-05
3027727,0.10355580689233736
3027728,0.000632850213245662
3027729,0.3125699550980488
3027730,0.05376496223460384
3027731,0.1809640500831323
3027732,0.0020926513328837493
3027733,0.0022413808879856293
3027734,0.0011750552986442113
3027735,0.0005313837441228729
3027736,0.04488074795249141
3027737,6.610185886312424e-05
3027738,1.711575220214114
3027739,0.0001467072592286576
3027740,0.029057762405278954
3027741,0.041985263558135436
3027742,0.011928003311495527
3027743,0.08934253822964869
3027744,0.0039168388350207676
3027745,0.0001416367715753612
3027746,0.0003167842093993063
3027747,0.002363942772542983
3027748,0.007707490600762817
3027749,0.3281867614383064
3027750,0.10347822800870134
3027751,0.002288858591550297
3027752,0.7873648790382
3027753,0.09465650775811552
3027754,3.4267474420567187e-07
3027755,0.0008042396523330373
3027756,0.006206587441884137
3027757,0.19307460294837436
3027758,0.0819194018667467
3027759,2.5966346358576638e-05
3027760,0.01213831169097865
3027761,0.004401449841616704
3027762,0.21942795125046943
3027763,0.2659738747739547
3027764,0.04232812456222622
3027765,0.0023618360995609094
3027766,0.001314385904465177
3027767,0.00013149463821584783
3027768,0.00042044325230268384
3027769,0.040284217966781354
3027770,6.610185886312424e-05
3027771,0.1687775236946922
3027772,9.271090437399503e-05
3027773,0.028779835050154606
3027774,0.11672279781039364
3027775,0.010049381883263776
3027776,0.12017830146518842
3027777,0.004580159220855683
3027778,9.983180500194759e-05
3027779,8.798295124020692e-05
3027780,0.0009351485536159873
3027781,0.03275314064521516
3027782,0.7592579165274401
3027783,0.00813153957808428
3027784,0.002288858591550297
3027785,0.8443762704674924
3027786,0.060085153653083215
3027787,3.4267474420567187e-07
3027788,0.0014650275113214644
3027789,0.01613419511775907
3027790,0.2037339365769465
3027791,0.0037394241395590938
3027792,4.265010289377426e-05
3027793,0.0948006782251466
3027794,0.0006404248697563992
3027795,0.15564676493790125
3027796,0.07108703938361093
3027797,0.09280801520266958
3027798,0.005255376268900081
3027799,0.016554330918079563
3027800,0.009781770812909228
3027801,0.0005554234099020608
3027802,0.2068250325249057
3027803,6.610185886312424e-05
3027804,0.8166125175622004
3027805,0.0003169988610408374
3027806,0.044008747674389156
3027807,0.04804625618756051
3027808,0.012132495660960686
3027809,0.06674300075360019
3027810,0.00369099522625876
3027811,7.910886891557064e-05
3027812,0.000487845054400704
3027813,0.003194301239327549
3027814,0.04686086272845965
3027815,0.20154309767270898
3027816,0.010342316249938114
3027817,0.018020564335562275
3027818,0.8818620131552939
3027819,0.12881648428612547
3027820,3.4267474420567187e-07
3027821,0.00031211782363823996
3027822,0.0008679717378298702
3027823,0.2949130049076058
3027824,0.009536592689480473
3027825,5.44498206660085e-05
3027826,0.014051318058795715
3027827,0.007193387109983476
3027828,0.2898114979990162
3027829,0.003232667995407362
3027830,0.48947559878081864
3027831,0.0074437957589656035
3027832,0.015061880783697894
3027833,0.003580250705740527
3027834,0.0002342986148373557
3027835,0.04689321533687529
3027836,6.610185886312424e-05
3027837,1.4591569145758427
3027838,0.00012001491879784477
3027839,0.027555826466399626
3027840,0.07353618172475701
3027841,0.01278761044298788
3027842,0.11981830264064768
3027843,0.056063096225256286
3027844,6.825400527067733e-05
3027845,0.00026530236408812665
3027846,5.4459540207142975e-06
3027847,0.036197608499611095
3027848,0.31166717024540425
3027849,0.035232929956661836
3027850,0.014337966325867632
3027851,0.9616185654488989
3027852,0.07284523340779159
3027853,3.4267474420567187e-07
3027854,0.00014870742627024193
3027855,0.0020901108920769076
3027856,0.16415249319299804
3027857,0.14876269539146686
3027858,4.173148032229364e-05
3027859,0.0015090744131001073
3027860,0.006866513703678316
3027861,0.04166980872258121
3027862,0.13111468160775963
3027863,0.1084084733847034
3027864,0.003210761212938651
3027865,0.008475781641481614
3027866,0.002209820698917904
3027867,0.00018624500794899742
3027868,1.3617752403680297e-06
3027869,6.610185886312424e-05
3027870,0.2129653133983277
3027871,0.00023887291240760712
3027872,0.01824215133692666
3027873,0.0903918374405006
3027874,0.006885113747218885
3027875,0.24301005121446456
3027876,0.0022198925278166214
3027877,0.00021246222385096688
3027878,0.00023261111422303015
3027879,0.0016897767338363687
3027880,5.635875593380427e-05
3027881,0.4265953568697427
3027882,0.5613568859682909
3027883,0.19848072464917912
3027884,0.8183309218239202
3027885,0.09596163261351837
3027886,3.4267474420567187e-07
3027887,2.1208820777179447e-06
3027888,0.0050846599525493415
3027889,0.23525112978739907
3027890,0.0007777015113637818
3027891,4.993892301814075e-05
3027892,0.0012928311639735744
3027893,0.00639958626930421
3027894,0.2200561322500515
3027895,0.09946448601097282
3027896,0.5159700255538765
3027897,0.013000727580551635
3027898,0.01683543134620847
3027899,0.00024755887602366793
3027900,0.00046251744365540497
3027901,9.807576634862524e-05
3027902,6.33278371959748e-05
3027903,2.411371057698302
3027904,8.692679658268882e-05
3027905,0.03865224395551865
3027906,0.0817650471134764
3027907,0.012292426000329476
3027908,0.10457699504244201
3027909,0.05202730265591596
3027910,0.00013683520057680327
3027911,0.00033019490478414096
3027912,2.057568097223825e-06
3027913,0.013957224128593359
3027914,0.07659200735655514
3027915,0.0030401379676220086
3027916,0.04401586059724224
3027917,0.43947273637955514
3027918,0.04861711083547105
3027919,3.4267474420567187e-07
3027920,5.168210579260418e-07
3027921,0.006622004838024615
3027922,0.17396700389003725
3027923,0.0010393815471629437
3027924,0.0006909068601230782
3027925,0.0037994698890636493
3027926,0.002675338469451403
3027927,0.16300175439508074
3027928,0.023368146525607304
3027929,0.25398448181429484
3027930,0.00129689861398788
3027931,0.0069434706643464895
3027932,3.43663969430994e-05
3027933,0.00046444761642901313
3027934,0.02492699340722202
3027935,0.056820768734304805
3027936,0.1594201776984835
3027937,9.60373052903583e-05
3027938,0.013584492375022036
3027939,0.010922893659110627
3027940,0.0032163971968034648
3027941,0.054032447921415795
3027942,0.007420704246109918
3027943,2.3008087364284912e-05
3027944,9.928497209774966e-05
3027945,8.324963037852423e-07
3027946,0.16370607577201468
3027947,0.0341108411967912
3027948,0.3022396662967726
3027949,0.12617132242167223
3027950,0.384885888658183
3027951,0.04835075257683638
3027952,3.4267474420567187e-07
3027953,0.0006646619248414379
3027954,0.005421081219296034
3027955,0.27739621501742484
3027956,0.012616569289292993
3027957,1.1830562854330586e-05
3027958,0.25739299687075373
3027959,0.000655658041173467
3027960,0.21301697253661633
3027961,0.12803577125198107
3027962,0.8584433035825605
3027963,0.005991528841843675
3027964,0.001147194289928009
3027965,0.035925388332054074
3027966,0.0003048439091496602
3027967,0.046235531909546525
3027968,6.610185886312424e-05
3027969,1.1849212392355797
3027970,0.00015478269016446218
3027971,0.04753315590338257
3027972,0.07144962439793365
3027973,0.010500133677254431
3027974,0.08822048438025236
3027975,0.0037549955055418385
3027976,9.194939310267485e-05
3027977,0.007587458030220229
3027978,0.003953859311957969
3027979,0.37059064543171455
3027980,0.2056143541482696
3027981,0.5929133665839635
3027982,0.003603987147852461
3027983,1.477235447134839
3027984,0.06468169400002764
3027985,3.793683519893282e-07
3027986,3.7336062726216145e-05
3027987,0.051314634279763016
3027988,0.15833811104536077
3027989,0.005682929485111736
3027990,0.0575600312588285
3027991,0.0002095493498943444
3027992,0.0007077422550763286
3027993,0.1704430821491372
3027994,0.16929682475722382
3027995,0.8953445395220812
3027996,0.0052194828569759235
3027997,0.18670522723440108
3027998,0.014740696984794946
3027999,0.0001568045779080835
3028000,0.03910703786283254
3028001,0.11782485851566651
3028002,3.4512743192582414
3028003,0.00015032500840295605
3028004,0.04345376871226493
3028005,8.192007414421056e-05
3028006,0.012140515379295558
3028007,0.15818942741679093
3028008,0.042090523384055514
3028009,0.0001530330445991547
3028010,0.0006327442269495359
3028011,3.5059774862188626e-06
3028012,0.002501134092873476
3028013,0.08703029128366001
3028014,0.5523251149130702
3028015,0.08309882106883322
3028016,0.9856677644544382
3028017,0.06947056430124388
3028018,3.4267474420567187e-07
3028019,3.635712116511434e-07
3028020,0.0028255667684919366
3028021,0.4118797692936597
3028022,0.0006814061434390726
3028023,0.020272873873162824
3028024,0.0030829223901200228
3028025,0.0005141371988653857
3028026,0.21675110755524232
3028027,0.19377873495519907
3028028,0.15509603782810358
3028029,0.002929780395705081
3028030,0.001212171502819103
3028031,0.0023492028819587342
3028032,0.0006325313315021586
3028033,0.04088300714310429
3028034,0.0688100878003732
3028035,1.253188590944275
3028036,0.00011345204113944284
3028037,0.04542390238897584
3028038,0.07221738294313819
3028039,0.01204250078927456
3028040,0.06505982392933411
3028041,0.0036660119367882896
3028042,3.1106966018794434e-05
3028043,0.0002134665851441431
3028044,1.3332733627775317e-06
3028045,0.3421784117605837
3028046,0.08713611539481872
3028047,0.8284163064789618
3028048,0.19104718040704968
3028049,0.8157721926273522
3028050,0.0444258212899065
3028051,3.4267474420567187e-07
3028052,9.125139264258965e-07
3028053,0.005782697556082822
3028054,0.45417575799814486
3028055,0.0008544770873126621
3028056,0.0010832909238190495
3028057,0.0005591222049114663
3028058,0.008343815320464515
3028059,0.14299691472535644
3028060,0.20879503022498577
3028061,0.29366969053815756
3028062,0.016605982209757654
3028063,0.017167413167110217
3028064,0.007398951959609128
3028065,0.0006541937682916888
3028066,0.04318536702436181
3028067,0.03420350074716536
3028068,2.3353065460805196
3028069,0.00013055953101033537
3028070,0.06317057501960628
3028071,0.040466377256796984
3028072,0.012300711761147474
3028073,0.05191300732594539
3028074,0.00437855100518362
3028075,5.708126592950255e-05
3028076,0.0007275681507357525
3028077,2.517554450284658e-06
3028078,0.006610275516230139
3028079,0.07145954573143269
3028080,0.03528669894280348
3028081,0.009951238743338914
3028082,0.8260206897453733
3028083,0.15015766426582172
3028084,3.4267474420567187e-07
3028085,6.615863458519155e-06
3028086,0.004590321928108675
3028087,0.24412124114811082
3028088,0.008831415199405135
3028089,0.00010441342163844024
3028090,0.21336931293725292
3028091,0.005395755945991993
3028092,0.25094532264180197
3028093,0.07189017460612877
3028094,0.4568256003028361
3028095,0.024051956326291424
3028096,0.19363472859284936
3028097,0.0025667821046796275
3028098,0.00048772270234309856
3028099,0.3693686988523495
3028100,6.610185886312424e-05
3028101,1.8397612380532502
3028102,0.00018613201742915714
3028103,0.06362354012032344
3028104,0.1021983901748806
3028105,0.005825070263851962
3028106,0.07190173461656243
3028107,0.028046337790138806
3028108,7.298311625505229e-05
3028109,0.00022032106788153556
3028110,0.0019373696930143434
3028111,0.03221035760934123
3028112,0.12881538452548863
3028113,0.0022638203100378415
3028114,0.002288858591550297
3028115,0.2564930313140257
3028116,0.20811907090118675
3028117,9.726423066729262e-05
3028118,7.439539743830034e-05
3028119,0.02789503745832973
3028120,0.39700419144044097
3028121,0.004824877163697271
3028122,0.00012287137108897445
3028123,0.01674447499072208
3028124,0.006927430869749725
3028125,0.3438028600797466
3028126,0.16443996363282432
3028127,0.11501786889241272
3028128,0.00248408971427397
3028129,0.009622026591653376
3028130,0.030107390699771516
3028131,3.481422398927598e-06
3028132,0.06534229135769593
3028133,0.06945961070409962
3028134,0.8147379564565964
3028135,0.0004357880181308785
3028136,0.059485208747386165
3028137,0.00036024175465187666
3028138,0.017272844567588836
3028139,0.05797924520147599
3028140,0.004600216487412546
3028141,0.0001117598847391492
3028142,0.0003182391745260751
3028143,4.337689159207573e-06
3028144,0.005361402390801989
3028145,0.2524565323509998
3028146,0.003053497530099772
3028147,0.00011162289681293129
3028148,1.0606271766911033
3028149,0.059267215388030405
3028150,4.306880012470974e-07
3028151,3.1152655940724116e-05
3028152,0.11499440780519976
3028153,0.9870216936713514
3028154,0.00589702709859956
3028155,0.04269841610927146
3028156,5.975413758721291e-05
3028157,0.013278091493100273
3028158,0.13562177808546969
3028159,0.2072340676901811
3028160,0.3845547482572574
3028161,0.007225858083562961
3028162,0.2375417134319133
3028163,0.0008617145593407769
3028164,2.078901625546475e-06
3028165,0.03499480732501321
3028166,0.2034359663737429
3028167,2.6745220818677047
3028168,0.000121328227628198
3028169,0.03980268065651853
3028170,0.000249006610534335
3028171,0.01272384862863873
3028172,0.18718648893003434
3028173,0.04453191180741181
3028174,0.00014777749463455186
3028175,0.0004776721816580531
3028176,1.2507599224598765e-06
3028177,0.001085104802994389
3028178,0.2507150345377008
3028179,0.004727943797637651
3028180,0.007111631933727492
3028181,0.18102521811270567
3028182,0.02165211187219064
3028183,9.816607664651617e-07
3028184,2.090449736341438e-05
3028185,0.007055011636604765
3028186,0.06280055119524564
3028187,0.002505941249474932
3028188,1.834838992042916e-05
3028189,0.002796769032572013
3028190,0.00017363957471294846
3028191,0.09626096029308519
3028192,0.0655998947343046
3028193,0.30793499393634477
3028194,0.013263611431013046
3028195,0.2105782658146828
3028196,8.55410370782371e-05
3028197,1.538924102975671e-07
3028198,1.3617752403680297e-06
3028199,0.09288867580442939
3028200,0.14588393595315063
3028201,0.0006250109354149673
3028202,0.033270171328248915
3028203,0.0034909350501859016
3028204,0.002262337828454745
3028205,0.056208869668553964
3028206,0.007674479179419644
3028207,4.3950251864935515e-05
3028208,0.006645099202705199
3028209,6.569623637703183e-07
3028210,0.0045245971468317065
3028211,0.06310806084581766
3028212,0.010391445665574496
3028213,0.002288858591550297
3028214,0.9535746459344834
3028215,0.2625149522548757
3028216,3.793683519893282e-07
3028217,0.024264468027380318
3028218,0.004648814648459354
3028219,0.05713157281304781
3028220,0.13195873648806075
3028221,1.5572324707284846e-05
3028222,0.00800779146631375
3028223,0.0036905621672061683
3028224,0.06215273042538766
3028225,0.046548406167049326
3028226,0.3433047756644485
3028227,0.005014388109954951
3028228,0.009396493161036003
3028229,0.01697467979742806
3028230,0.0003238455290596738
3028231,0.2542425543995865
3028232,0.11223777935907041
3028233,0.28257710878643516
3028234,0.00032115102506056386
3028235,0.058036436232240966
3028236,0.00018900784966465609
3028237,0.005270559675047244
3028238,0.08009219507801711
3028239,0.12482340320419032
3028240,1.6105316494921873e-05
3028241,0.006995566831172538
3028242,0.001253787165521805
3028243,0.01060638241638165
3028244,0.9520118112936983
3028245,0.4693713372162627
3028246,0.04064430532787931
3028247,0.4227663748624994
3028248,0.05252305869020184
3028249,0.004612304122181749
3028250,4.888427678335946e-05
3028251,0.08396612274128248
3028252,0.10035671285539564
3028253,0.00508047170478353
3028254,1.7737532118483882e-05
3028255,6.253650358528662e-05
3028256,0.008021415986559718
3028257,0.14995608007955577
3028258,0.20328414640533943
3028259,0.7240940006775934
3028260,0.0025931845135969108
3028261,0.23305201816235982
3028262,0.008193952993230636
3028263,0.00020810537374200505
3028264,0.0357674106388858
3028265,0.12425774605397691
3028266,1.2199118287340007
3028267,0.0006964437001685302
3028268,0.045371401875913826
3028269,0.00036531783843131953
3028270,0.011833221751113163
3028271,0.2802332776707719
3028272,0.043688103124507466
3028273,0.00014424111717498177
3028274,0.00046632787836914575
3028275,8.636213775996988e-07
3028276,0.010697446461756587
3028277,0.19880212127835248
3028278,0.5949681375436437
3028279,0.0014341555512302458
3028280,0.27824230369400266
3028281,0.055871912652135036
3028282,3.4267474420567187e-07
3028283,6.616626177863536e-07
3028284,0.09064209540771248
3028285,0.46097309709648965
3028286,0.0006261020153962963
3028287,7.864929027628948e-06
3028288,0.0007823108491904259
3028289,0.00041615211283766346
3028290,0.11261068199224109
3028291,0.13927818564332023
3028292,0.3387909552435961
3028293,0.026144352515852173
3028294,0.01503633365487483
3028295,0.0024907418048219125
3028296,0.00046525643360123255
3028297,1.3617752403680297e-06
3028298,0.09389899873252988
3028299,1.6027176543896697
3028300,0.0001150686770799305
3028301,0.02872268294242668
3028302,0.05219367780865103
3028303,0.011954572266330636
3028304,0.10900810801018053
3028305,0.01709320217329238
3028306,3.951414258952267e-05
3028307,0.0007468483924030868
3028308,1.435408510690969e-06
3028309,0.007861457262571758
3028310,0.08586746340059274
3028311,0.5158696720446806
3028312,0.17954309228296259
3028313,0.8532105883456298
3028314,0.07469190589006464
3028315,3.4267474420567187e-07
3028316,7.432434001104478e-07
3028317,0.04639376221142148
3028318,0.45633966529133896
3028319,0.0008679495217690604
3028320,0.0009827741625596082
3028321,0.0003165617208404559
3028322,0.0059463314630773395
3028323,0.14332777847575637
3028324,0.16582916930113703
3028325,0.6043207118959794
3028326,0.022315972485594037
3028327,0.2140080670029757
3028328,0.0015060795138407536
3028329,0.0007795752069251558
3028330,1.3617752403680297e-06
3028331,0.06422677407929521
3028332,2.230635824214328
3028333,0.0002604330062010835
3028334,0.04135155361885927
3028335,0.03437631744829758
3028336,0.007860112088512637
3028337,0.07184002477128301
3028338,0.0035097789886561624
3028339,8.95976834230846e-05
3028340,0.0005435599638572439
3028341,1.1971684700671874e-06
3028342,0.008211231470072659
3028343,0.061867571821728036
3028344,1.073230754182195
3028345,0.04092144486418805
3028346,0.9901233266021231
3028347,0.08407015336379747
3028348,3.384490153016349e-07
3028349,7.51015606804168e-05
3028350,0.12035379698243409
3028351,0.379942609144815
3028352,0.0034867369270322256
3028353,0.006914086941506689
3028354,5.584386690642491e-05
3028355,0.015112918168205366
3028356,0.3052614380749017
3028357,0.15456062737435391
3028358,1.792960100816946
3028359,0.01255790308539879
3028360,0.23253517128991794
3028361,0.013368940387096195
3028362,0.000401585239808738
3028363,0.04457335680810928
3028364,0.18394709140257626
3028365,3.3970713146868143
3028366,0.0006426968429329851
3028367,0.03879643727128332
3028368,0.00032930529462579913
3028369,0.014758225841801378
3028370,0.18229420419173942
3028371,0.0725155950890231
3028372,0.00010084573483930358
3028373,0.0005503628112042178
3028374,2.016581581423439e-06
3028375,0.043121967000678
3028376,0.2569597227023005
3028377,0.005799216799193847
3028378,0.05893239435764646
3028379,0.2266016975755079
3028380,0.11011407221636403
3028381,3.4267474420567187e-07
3028382,0.0012633768139327132
3028383,0.0032496116593281983
3028384,0.1683078587417421
3028385,0.15257572905390976
3028386,8.184170248560043e-05
3028387,0.010531230637176101
3028388,0.009248235992991079
3028389,0.10905937803749993
3028390,0.08114489438857968
3028391,0.15675088181753974
3028392,0.0061087929766077105
3028393,0.008423518096574125
3028394,6.841277375944427e-05
3028395,0.00023726306149692597
3028396,0.6715806212172043
3028397,0.00013025193163111208
3028398,0.6103534362829506
3028399,6.227662262746372e-05
3028400,0.07799971230488896
3028401,0.026419200828204197
3028402,0.001632592218056641
3028403,0.07854376932328326
3028404,0.00498174584481165
3028405,0.00013381097558144318
3028406,0.0002014167202565127
3028407,5.522751772174858e-05
3028408,0.0020183466417405564
3028409,0.2548247338821564
3028410,0.9928622902190032
3028411,0.028848747975398513
3028412,0.20336530754826454
3028413,0.02065446388801604
3028414,3.4267474420567187e-07
3028415,1.5645408927306814e-06
3028416,0.014212699468679788
3028417,0.2620190630156655
3028418,0.0008215651345887646
3028419,6.116157577750889e-05
3028420,0.0011229959946047904
3028421,0.007465522666483798
3028422,0.16800997785315927
3028423,0.14285293735083934
3028424,0.3054390021834649
3028425,0.009413253645730174
3028426,0.019700811661652395
3028427,0.0011427658516033657
3028428,0.0006756264449533432
3028429,0.1602043158572783
3028430,0.1236618503262423
3028431,2.1806593982997127
3028432,0.005191269214247594
3028433,0.043608975332507204
3028434,0.0630472433308673
3028435,0.012584342509746002
3028436,0.08194207705852707
3028437,0.008528467002175319
3028438,2.809817266297835e-05
3028439,0.0007475073552174066
3028440,2.015426970691377e-06
3028441,0.018772403993401254
3028442,0.313051210079544
3028443,0.001811072174610051
3028444,0.002288858591550297
3028445,0.16270126530906634
3028446,0.1754073177157915
3028447,3.4267474420567187e-07
3028448,0.00021633866676816144
3028449,0.002146799753043006
3028450,0.14931124590275774
3028451,0.060198699827821535
3028452,5.2734416895204726e-05
3028453,0.0003206686328095357
3028454,0.0001169591100207463
3028455,0.16862009929373487
3028456,0.068856835004076
3028457,0.11958871962680506
3028458,0.001911346552566204
3028459,0.0009057587389098345
3028460,0.029027346599021685
3028461,0.0007535459267913046
3028462,1.3617752403680297e-06
3028463,0.00013025193163111208
3028464,0.08560507579672183
3028465,0.00016028283157410188
3028466,0.021529621514716202
3028467,0.02677219612452257
3028468,0.005516623432762134
3028469,0.21169620490263202
3028470,0.1592030740182486
3028471,0.00023148345609712753
3028472,0.0038761046531027234
3028473,0.0005220116408003052
3028474,1.6895391969136768e-05
3028475,0.5584688624102817
3028476,0.6385083329111089
3028477,0.002288858591550297
3028478,1.7063662979505794
3028479,0.21019289181406692
3028480,3.4267474420567187e-07
3028481,0.0013028818470682646
3028482,0.006181320272295982
3028483,0.15426474391478315
3028484,0.011525895343389228
3028485,0.018620265909535617
3028486,0.0029970959472299186
3028487,0.023076323068890667
3028488,0.32336305142866034
3028489,0.27077060816573534
3028490,0.10152880790455872
3028491,0.027478400116426372
3028492,0.21599741508937967
3028493,0.009530075186707704
3028494,0.0006849899285642705
3028495,1.3617752403680297e-06
3028496,6.33278371959748e-05
3028497,3.5716610511860756
3028498,0.0011707960435965279
3028499,0.03247611484127565
3028500,0.06194925629741495
3028501,0.015412257206407473
3028502,0.1000638406431119
3028503,0.0039657688437384694
3028504,0.0021350350597095133
3028505,0.0002601121422984053
3028506,8.06867328358644e-06
3028507,8.681970493788003e-05
3028508,1.741454695169968
3028509,0.008805647773390516
3028510,0.2600379913412551
3028511,0.2685594139700558
3028512,0.05580878563093725
3028513,3.4267474420567187e-07
3028514,6.513803409107744e-07
3028515,0.006763308400649777
3028516,0.240349063831807
3028517,0.0008415623415834863
3028518,0.000151856633143595
3028519,0.0015157936246946292
3028520,0.0008052599916950778
3028521,0.2369174328868529
3028522,0.15290541188867565
3028523,1.565268938292539
3028524,0.014597653359743425
3028525,0.22872809356971438
3028526,0.0021068627220436594
3028527,0.00022199376877116785
3028528,0.0379570317123576
3028529,0.10852627484672824
3028530,0.870618886888325
3028531,0.0001582353606263551
3028532,0.054109432546922714
3028533,0.04056609736058627
3028534,0.015015842615118614
3028535,0.02228321139214676
3028536,0.0047530783487232135
3028537,4.499656734428546e-05
3028538,0.00020107595027850383
3028539,0.0001936042690982491
3028540,0.026824999733539363
3028541,0.48173220107266274
3028542,0.030966675256788836
3028543,0.004860703777671651
3028544,1.2063453968170361
3028545,0.07678370967024246
3028546,3.4267474420567187e-07
3028547,7.866462645676762e-05
3028548,0.0020961664574889283
3028549,0.23330821355308623
3028550,0.0987058490826163
3028551,2.111735206166495e-05
3028552,0.013534561741537202
3028553,0.00018561363904497284
3028554,0.22291792849579461
3028555,0.06620500697099206
3028556,0.1709367888273983
3028557,0.004746272086156719
3028558,0.0012282971239580267
3028559,0.0116447073003666
3028560,0.0009501837159883396
3028561,1.3617752403680297e-06
3028562,6.610185886312424e-05
3028563,0.03608508538224809
3028564,0.0003660560435743405
3028565,0.08276054946178142
3028566,0.03799171692513979
3028567,0.0012059066459202139
3028568,0.28803619338829867
3028569,0.15109122782422846
3028570,7.970675757986772e-05
3028571,0.01000125006080904
3028572,0.002713704688233902
3028573,0.0027909831214201074
3028574,0.10429226998789362
3028575,0.022280694239981896
3028576,0.0021252554485353447
3028577,0.30520801820396004
3028578,0.03645160770127032
3028579,3.4267474420567187e-07
3028580,1.2979813718955882e-06
3028581,0.02087497642840543
3028582,0.33108556604986394
3028583,0.0008836670290718293
3028584,9.590403644828094e-06
3028585,0.0020387079311333153
3028586,0.007096263911755048
3028587,0.12361330085211253
3028588,0.02892543330587427
3028589,0.12367336553641914
3028590,0.014786195870421277
3028591,0.008640011756591081
3028592,0.014658691730721719
3028593,8.563730027060965e-05
3028594,1.3617752403680297e-06
3028595,0.17697285831342588
3028596,0.46739004169840653
3028597,0.00028412224991011424
3028598,0.038448741854988165
3028599,0.050426350382711774
3028600,0.016926857813441495
3028601,0.05808548859961064
3028602,0.0024270997827048396
3028603,2.739280647194958e-05
3028604,0.0005625409121303036
3028605,1.1907704122939244e-06
3028606,0.009825606610436717
3028607,0.2655362763617141
3028608,0.015033295638305195
3028609,0.00219660942808354
3028610,0.9763888866379234
3028611,0.034311164065930426
3028612,2.3778028982843564e-07
3028613,5.418465414727528e-05
3028614,0.01384852156339179
3028615,0.0925075913390547
3028616,0.005059292514692494
3028617,0.06765743303174437
3028618,0.00043169834937056877
3028619,0.0006099945403866998
3028620,0.21806241326747147
3028621,0.19468859178210796
3028622,1.2340572151651887
3028623,0.013147190027391687
3028624,0.019166946698492855
3028625,0.014071690571855386
3028626,0.0001578101333958038
3028627,0.03911536463083017
3028628,0.20768656648166492
3028629,0.38298695307678227
3028630,0.000533279211390799
3028631,0.03927409911716577
3028632,0.00023676274456678462
3028633,0.012703645409597094
3028634,0.216475378554807
3028635,0.061452110755851094
3028636,9.39343353429999e-05
3028637,0.0005025924114998305
3028638,1.984572562026987e-06
3028639,0.001437321806756474
3028640,0.11499277560574914
3028641,0.2816171558892624
3028642,0.002288858591550297
3028643,0.9051935859490197
3028644,0.03646098442965809
3028645,3.068157576883819e-07
3028646,6.984007451199877e-05
3028647,0.10101391724665977
3028648,0.22214956501710045
3028649,0.004662642836342282
3028650,0.045038214304320166
3028651,0.0013608639487542303
3028652,0.005615085175474839
3028653,0.2550233617087637
3028654,0.1440054058085318
3028655,0.5144259169934836
3028656,0.01643256544488752
3028657,0.21808555772773813
3028658,0.00047536890266290535
3028659,0.0003581620082185479
3028660,0.036064214109714554
3028661,0.15530596164135074
3028662,1.9647685311711818
3028663,0.0005612987290940658
3028664,0.036246751357160316
3028665,0.00018017365722248092
3028666,0.009424707974706105
3028667,0.1396415907540009
3028668,0.054068107701052456
3028669,2.7987295696201704e-05
3028670,0.0005380845488542225
3028671,3.171506922446194e-06
3028672,0.01494505201467734
3028673,0.05282855815783839
3028674,0.7136024615385024
3028675,0.3890755737513155
3028676,0.8477383248670227
3028677,0.029819731097244423
3028678,3.4267474420567187e-07
3028679,1.6065508951825113e-06
3028680,0.003557598653784004
3028681,0.5040712364990529
3028682,0.0012132442582016563
3028683,5.355060216391473e-05
3028684,0.0007446259261607264
3028685,0.00588429219753869
3028686,0.20223906339108355
3028687,0.21517155737703786
3028688,1.3555811860835525
3028689,0.009892383760876877
3028690,0.17285172299673782
3028691,0.02239427759432495
3028692,0.000278239909620146
3028693,0.04877228898214346
3028694,0.2107862127623713
3028695,3.1012442493526264
3028696,0.00014732435591736966
3028697,0.050772376366882414
3028698,0.045377668847845234
3028699,0.013700442408436719
3028700,0.11025186320710713
3028701,0.058513171150006614
3028702,0.00011127022547851895
3028703,0.0005884890725984676
3028704,2.360533118774884e-06
3028705,0.13196090493727722
3028706,0.08539046182566587
3028707,0.008254924105903397
3028708,0.0019778342838070767
3028709,0.8064089965002992
3028710,0.19896531699582368
3028711,1.8355380335320814e-06
3028712,4.552666193295384e-05
3028713,0.006004421649702672
3028714,0.1624000623543278
3028715,0.004538946536087658
3028716,0.02449231854883177
3028717,0.0004921839769500906
3028718,0.0067524486865866646
3028719,0.3078373617748698
3028720,0.14779162029111936
3028721,0.8884775510047124
3028722,0.0017216279871744501
3028723,0.010583871494596168
3028724,0.0038835190081518865
3028725,7.088901968981342e-05
3028726,0.040974488442482686
3028727,0.1175706079852835
3028728,0.3930269241090771
3028729,0.0008792034900116567
3028730,0.03240951678824431
3028731,0.0002358354645935582
3028732,0.012646986525543663
3028733,0.09564408737255725
3028734,0.05475820895851841
3028735,0.00017201927994569188
3028736,0.00038629449139204806
3028737,2.31651118986831e-06
3028738,0.003464349954754439
3028739,0.25249603049822716
3028740,0.009025494451419962
3028741,0.0001912250900919607
3028742,1.2403306507856129
3028743,0.04705584058636662
3028744,3.4267474420567187e-07
3028745,1.6975324278486729e-06
3028746,0.005628769199403998
3028747,0.3354837898714523
3028748,0.0009968977221686064
3028749,7.587902378752681e-05
3028750,0.0026979478779555577
3028751,0.007599530905589832
3028752,0.1475201238665276
3028753,0.11871586600884729
3028754,0.361530303332373
3028755,0.02168927334142857
3028756,0.01912738363975144
3028757,0.012659535113428063
3028758,0.0005976563734228201
3028759,1.3617752403680297e-06
3028760,0.006666561742317245
3028761,2.489330636759865
3028762,0.00017141744619997043
3028763,0.043159255872405086
3028764,0.03278578921827324
3028765,0.014783961091085564
3028766,0.059845940959881196
3028767,0.06595408081302472
3028768,7.674605334406697e-05
3028769,0.000549989866214643
3028770,2.24296463877646e-06
3028771,3.0254903926526487e-05
3028772,0.08321612139548205
3028773,0.7118419235110203
3028774,0.002251533070283431
3028775,0.4631992850301567
3028776,0.11389662105913013
3028777,6.716928716123191e-07
3028778,3.97639729860849e-05
3028779,0.10702663487556932
3028780,0.1389519753569375
3028781,0.003613815230725009
3028782,6.961535393093707e-05
3028783,0.0005529403047745937
3028784,0.008470024691865065
3028785,0.14952981736619342
3028786,0.13881040703301983
3028787,0.6216529483856003
3028788,0.010123505689048275
3028789,0.018339788693974575
3028790,0.0004350486422727342
3028791,0.0002845706541159452
3028792,0.04411519985489009
3028793,0.16567564628719725
3028794,1.410883431399098
3028795,0.00016669119351953596
3028796,0.055899892867362286
3028797,9.104933031409949e-05
3028798,0.007922309317262108
3028799,0.17071521856787555
3028800,0.044223323229010514
3028801,3.30699920732107e-05
3028802,0.00016714921518475788
3028803,3.3499716929261237e-06
3028804,0.011305952287865224
3028805,0.11022517183937658
3028806,0.007732339404982715
3028807,0.00219660942808354
3028808,0.3203475589584327
3028809,0.09007559697128416
3028810,3.793683519893282e-07
3028811,4.2200283344207623e-05
3028812,0.010746188445359421
3028813,0.09882076271994422
3028814,0.005677279962917216
3028815,0.06736528627421372
3028816,0.0004342017036147287
3028817,0.011223138863174059
3028818,0.36447458488581136
3028819,0.18894414819171063
3028820,0.46475489475399184
3028821,0.011785829529948577
3028822,0.002058757966665812
3028823,0.0007764215105854168
3028824,0.00011682974062871331
3028825,0.04026019756404765
3028826,0.14418096710783548
3028827,1.3122567006168044
3028828,0.0009859793398769717
3028829,0.055646850356095304
3028830,0.00019588380419685445
3028831,0.009007110257620373
3028832,0.20999796339031804
3028833,0.044488736327675436
3028834,8.820942576610776e-05
3028835,0.0003939517577160299
3028836,2.428600276450676e-06
3028837,0.0031991710224767845
3028838,0.21729520820224815
3028839,0.20620494364059413
3028840,0.006068633379624395
3028841,0.3452294334364015
3028842,0.04209816053152692
3028843,3.4267474420567187e-07
3028844,2.971547045013757e-06
3028845,0.02417528817700158
3028846,1.3746057940084073
3028847,0.0019029280621602053
3028848,3.236858050700957e-05
3028849,0.0009843723861216612
3028850,0.000454295421757794
3028851,0.2045573711063045
3028852,0.06606372676195499
3028853,0.021355407919407713
3028854,0.005021073021804324
3028855,0.001890294493152343
3028856,0.006106779963188093
3028857,0.00040598602072887743
3028858,1.3617752403680297e-06
3028859,0.10043570014076753
3028860,0.03189100750592935
3028861,0.00017023675977216983
3028862,0.04160705547389856
3028863,0.027722396142861892
3028864,0.01295440508503303
3028865,0.0970728352930799
3028866,0.018680085541086647
3028867,2.2100007913649925e-05
3028868,0.00046226094334383684
3028869,1.6642404191444757e-06
3028870,0.018901183006746845
3028871,0.18703141367285817
3028872,1.0060430782286864
3028873,0.00219660942808354
3028874,1.1277987800498153
3028875,0.08987485903759501
3028876,3.921369164877812e-06
3028877,7.64241644294454e-05
3028878,0.1276295606668169
3028879,0.31778748469080853
3028880,0.0030944054342879447
3028881,0.009474920775144245
3028882,7.307054483839679e-05
3028883,0.01275417684985339
3028884,0.1649921534758113
3028885,0.167381784858877
3028886,1.7819479038986066
3028887,0.022022295074718982
3028888,0.2412290520811849
3028889,0.010477550155262041
3028890,0.0005659447451894289
3028891,0.043684842529179466
3028892,0.17506392551756905
3028893,3.48693215951632
3028894,0.0016911760116845567
3028895,0.04287627153549521
3028896,0.00033855595765566304
3028897,0.011464128250652504
3028898,0.20059732878765862
3028899,0.07908394132398468
3028900,0.00010457622022354214
3028901,0.0005792824158713728
3028902,1.8561931364623256e-06
3028903,0.2022572107523584
3028904,0.25638045789176694
3028905,1.2242583985300148
3028906,0.00219660942808354
3028907,1.2340542397679513
3028908,0.08795538604512151
3028909,4.197811157678352e-06
3028910,3.354441595207187e-05
3028911,0.11866203649523534
3028912,0.3120538620970572
3028913,0.0025640048060692924
3028914,0.02112019926596045
3028915,5.889680282758639e-05
3028916,0.0013627210678663715
3028917,0.1659241593036581
3028918,0.14857401079630567
3028919,0.4649730975429147
3028920,0.02408803911628058
3028921,0.24153246209952772
3028922,0.0035858365010282196
3028923,0.0005659846070111914
3028924,0.0444341143252817
3028925,0.10994981611015645
3028926,3.6289500675938
3028927,0.0014012810488332234
3028928,0.04446291317777876
3028929,0.0003336486376988115
3028930,0.014960897048069138
3028931,0.20618680088889732
3028932,0.06574100807976023
3028933,0.00012568302221640737
3028934,0.0006211148591591069
3028935,2.348207833108868e-06
3028936,0.3103754283578712
3028937,0.2593804667104047
3028938,1.0276240337099223
3028939,0.00219660942808354
3028940,1.0966767862231617
3028941,0.06908856329854199
3028942,0.0011061391069365216
3028943,3.3406035120681894e-05
3028944,0.11746413406839683
3028945,0.3183657700092919
3028946,0.0029539081632243983
3028947,0.017177492432982222
3028948,0.00032113876400086
3028949,0.011877832091092118
3028950,0.1772089327421263
3028951,0.14818176378269318
3028952,1.1494315607143355
3028953,0.008231501069563493
3028954,0.1822415104239867
3028955,0.004546423868934212
3028956,0.0004981842409868347
3028957,0.05083938612396616
3028958,0.20067877696092712
3028959,3.178493536163108
3028960,0.0010729079945629816
3028961,0.04674296032176542
3028962,0.0003384641867381533
3028963,0.013236523102729523
3028964,0.23344452644595196
3028965,0.06787040680238715
3028966,0.00010472273623113501
3028967,0.0005581299146116731
3028968,9.022365189067205e-07
3028969,0.1824319341558061
3028970,0.26683287493420277
3028971,1.1484314107688451
3028972,0.00219660942808354
3028973,1.2680010326910969
3028974,0.09894093286507401
3028975,2.193565170349729e-06
3028976,2.5086732177020693e-05
3028977,0.11907335334139939
3028978,0.26353342113608935
3028979,0.002951548514650143
3028980,0.016679999445538534
3028981,4.992538900264996e-05
3028982,0.011383226816101842
3028983,0.24815979565991025
3028984,0.16884698605654788
3028985,0.8686634564708903
3028986,0.015545249875807984
3028987,0.22141607142633066
3028988,0.005317359263615585
3028989,0.0004970732727425015
3028990,0.0511506781760988
3028991,0.1483612497084626
3028992,1.975072532267498
3028993,0.0012186436729259163
3028994,0.03716281356149131
3028995,0.00033660744738969853
3028996,0.015156988006159425
3028997,0.19021821502285008
3028998,0.07725671117171734
3028999,0.00018057954049753412
3029000,0.0006286289264912072
3029001,1.4247495674846521e-06
3029002,0.19500602549718438
3029003,0.25984031546205283
3029004,0.9835231428551791
3029005,0.00219660942808354
3029006,1.1065686647425734
3029007,0.04221919511502027
3029008,3.6802128495709586e-07
3029009,1.4970506891574424e-05
3029010,0.09285888496060526
3029011,0.28209248442007534
3029012,0.002627534339678217
3029013,0.03322942186496807
3029014,0.0005241638978715729
3029015,0.00917152582413418
3029016,0.15242759255781582
3029017,0.17012774021525728
3029018,0.20714731655329952
3029019,0.019141219460209212
3029020,0.14716265459491318
3029021,0.0013978919826476747
3029022,0.0004903263295877369
3029023,0.05017077941083168
3029024,0.11260144729160587
3029025,0.3924034148761621
3029026,0.0006259737293876866
3029027,0.07629966882559265
3029028,0.00033988932534472426
3029029,0.01356981465934011
3029030,0.2079056795307481
3029031,0.06553400792496895
3029032,6.688273711216513e-05
3029033,0.0005770971992085443
3029034,4.956052312982749e-07
3029035,0.16317850286026347
3029036,0.21743160422961286
3029037,1.3041702793261076
3029038,0.00219660942808354
3029039,1.168789525527436
3029040,0.06886911740197245
3029041,3.263008417984691e-07
3029042,8.319967600876974e-05
3029043,0.11801293783334542
3029044,1.1107652960292134
3029045,0.0031269464142134945
3029046,0.0033281925887533536
3029047,5.771698597467128e-05
3029048,0.015746475621771647
3029049,0.25586943440524085
3029050,0.1580709588081532
3029051,0.41234845626410543
3029052,0.01859819246206772
3029053,0.22615459779401098
3029054,0.001593471678641465
3029055,0.0005084908061284861
3029056,0.042987180774975105
3029057,0.16722012479429169
3029058,3.684621154836664
3029059,0.0006145709982355482
3029060,0.04100302077590198
3029061,0.0003397533219364255
3029062,0.013326057344332351
3029063,0.2063230509215563
3029064,0.07346742477230722
3029065,0.00012582391101897036
3029066,0.0005564904587758555
3029067,1.853330449342695e-06
3029068,0.24633682093951106
3029069,0.2559927860664368
3029070,0.227587897193186
3029071,0.04085590774105694
3029072,0.47608266378272074
3029073,0.10799789329263773
3029074,1.9873789080780874e-07
3029075,6.960290482134066e-05
3029076,0.11161734517345433
3029077,0.18258207125003442
3029078,0.006411331502368104
3029079,2.562225659733887e-05
3029080,0.0007566400038939909
3029081,0.0004903327081878489
3029082,0.20238565801187808
3029083,0.1295824791626211
3029084,0.5967242223057602
3029085,0.012351622835600574
3029086,0.21429824806884024
3029087,0.012514451945767266
3029088,3.171700703478932e-07
3029089,0.039374133020390056
3029090,0.09123265891583217
3029091,2.5526102608791073
3029092,0.0005521896993069535
3029093,0.04241698962589723
3029094,0.0002556334463274912
3029095,0.01294979145920042
3029096,0.041954719186258704
3029097,0.016229240863847284
3029098,0.00012522532682550863
3029099,0.0006850245483738936
3029100,5.3914833144759175e-06
3029101,0.03974578815833917
3029102,0.37540263936428425
3029103,0.8044107012271373
3029104,0.002288858591550297
3029105,0.6570276142054263
3029106,0.07385074079148622
3029107,3.341753674191237e-06
3029108,3.3325414944261924e-05
3029109,0.09925216397902414
3029110,0.28184420337249577
3029111,0.0043678020334576365
3029112,0.00893432446715809
3029113,0.0004125531400886422
3029114,0.001041110101302002
3029115,0.24720532193953978
3029116,0.2113534980264088
3029117,0.39807870044793864
3029118,0.013024371402481676
3029119,0.22694344762351992
3029120,6.927740106960803e-05
3029121,0.00038002834409813256
3029122,0.04439851099096765
3029123,0.10067105438064541
3029124,1.2819444828233837
3029125,0.0009877159770987581
3029126,0.035514896239546775
3029127,0.0002522689900621072
3029128,0.014654079700019444
3029129,0.17735759387050376
3029130,0.05985905360006845
3029131,0.00010564890333769146
3029132,0.0005073593114994732
3029133,2.720532194504039e-06
3029134,0.19577446549746666
3029135,0.21832957798156177
3029136,0.5080291156756194
3029137,0.002288858591550297
3029138,0.5142239789577868
3029139,0.07544672355847419
3029140,0.00018250677355801853
3029141,3.67245381883876e-05
3029142,0.05446393538834002
3029143,0.15928601410875637
3029144,0.0059875723741907305
3029145,0.003951152687244106
3029146,4.831855390259929e-05
3029147,0.0146863449625654
3029148,0.169010006239174
3029149,0.21936447668365636
3029150,0.9288979412477439
3029151,0.017389668764404956
3029152,0.21496384239150113
3029153,0.00030331346524813525
3029154,1.0927117466034703e-06
3029155,0.16017449140280918
3029156,0.10490845548202266
3029157,1.5127945500120568
3029158,0.0005120955465731838
3029159,0.052130904177601925
3029160,0.000319549269274068
3029161,0.011175541647129967
3029162,0.2022981469774785
3029163,0.05363589865233412
3029164,0.0001153812293526984
3029165,0.0004533663649279917
3029166,1.3572244536914313e-06
3029167,0.007924284787147809
3029168,0.2696989646229529
3029169,0.9981816643174719
3029170,0.002288858591550297
3029171,0.6051607670198178
3029172,0.04639637971369659
3029173,3.445091482988495e-07
3029174,0.00010081648503641638
3029175,0.10583726606584964
3029176,0.3534874571960318
3029177,0.004604816787015781
3029178,0.0033266497350132574
3029179,6.624180776950542e-05
3029180,0.014039203963137948
3029181,0.18590165498294972
3029182,0.2092836414715759
3029183,1.9992894395287724
3029184,0.01372785383908939
3029185,0.02514285528406353
3029186,0.021297382428316133
3029187,0.0004255359916955759
3029188,0.04123751981307573
3029189,0.19269445659061654
3029190,2.1487466641222075
3029191,0.0007037855401835598
3029192,0.050313718362580244
3029193,0.00024735724681510196
3029194,0.013687396495569762
3029195,0.19004797153767183
3029196,0.07517681022696979
3029197,0.00014617803994072841
3029198,0.0006151716420840698
3029199,2.89974676917975e-06
3029200,0.014240721568500182
3029201,0.3514274067074325
3029202,0.6417719201263687
3029203,4.970259955942404e-06
3029204,0.45116187343155806
3029205,0.09061518660637784
3029206,4.993605238949936e-07
3029207,7.682614577673659e-05
3029208,0.00918418759395269
3029209,0.14498513587218656
3029210,0.00536029690546773
3029211,4.681924081018625e-05
3029212,0.0010020170636857086
3029213,0.0005197802266328166
3029214,0.15316333732543055
3029215,0.1379411374461656
3029216,0.9360475397456762
3029217,0.009457809137369377
3029218,0.20896502469917863
3029219,0.0011343120628247206
3029220,8.721948897909656e-07
3029221,0.03270821380513078
3029222,0.13627583209440328
3029223,2.1797222196149852
3029224,0.0005612473650664129
3029225,0.04313296956295901
3029226,0.00012650223848777327
3029227,0.011504012129575945
3029228,0.09328786664007717
3029229,0.0035351838626869023
3029230,3.890215616283757e-05
3029231,0.0005373520988319144
3029232,6.603940355427665e-06
3029233,0.0030022307871173546
3029234,0.39677729692945013
3029235,0.6158578381655324
3029236,0.002288858591550297
3029237,0.2299583638169058
3029238,0.04333750048393759
3029239,3.4267474420567187e-07
3029240,0.00036977286357475206
3029241,0.002300110978313103
3029242,0.28310315371107136
3029243,0.06380560067897924
3029244,4.071248031316721e-06
3029245,0.36547007760327405
3029246,0.0041132723431873955
3029247,0.17687361515439967
3029248,0.09631692190620922
3029249,0.33300889158909
3029250,0.00466609774809532
3029251,0.008510936005651223
3029252,0.01108983759957859
3029253,0.00031365597166139314
3029254,1.3617752403680297e-06
3029255,6.610185886312424e-05
3029256,1.8110224016404837
3029257,0.0008007490504428913
3029258,0.03307088557094241
3029259,0.13482105481897605
3029260,0.010961036809769996
3029261,0.0015821161123603428
3029262,0.08856225419263865
3029263,0.0003195806026362047
3029264,0.000671726132095878
3029265,9.886178679641546e-05
3029266,0.00011486933324925213
3029267,0.31134328550695034
3029268,0.3667075461888164
3029269,2.7537916881917993e-06
3029270,0.9761972825477083
3029271,0.12104776341851874
3029272,3.793683519893282e-07
3029273,6.6841642418613e-05
3029274,0.11688224852228914
3029275,0.22388317991431267
3029276,0.004603322414550003
3029277,0.008773442412984882
3029278,0.00011681800842143727
3029279,0.010391288645668155
3029280,0.22567921030585367
3029281,0.17095684021340216
3029282,0.6058757255311235
3029283,0.009548315888035933
3029284,0.2241471892157815
3029285,9.326943297480563e-05
3029286,0.00020901703900712723
3029287,0.03897887977262354
3029288,0.12888947373666412
3029289,2.674557654089019
3029290,0.0009873036626708487
3029291,0.06584490454313985
3029292,0.0002161203563973402
3029293,0.012112144226668828
3029294,0.1757828958610436
3029295,0.051858215710073964
3029296,0.0001378850096619614
3029297,0.0006280026684223948
3029298,3.222283520100281e-06
3029299,0.00546635141689019
3029300,0.2683839006795948
3029301,0.03460976116448795
3029302,0.00030805429256709684
3029303,0.8224979351065677
3029304,0.06982661171801711
3029305,0.01674292755528229
3029306,2.4773396777705708e-05
3029307,0.08825687218170122
3029308,0.15927396365249613
3029309,0.006484743758043864
3029310,0.08754945542470681
3029311,6.28239002334944e-05
3029312,0.014821770357715354
3029313,0.22819805534612106
3029314,0.16473199989942855
3029315,1.9310920891884953
3029316,0.018012335865174253
3029317,0.21281583780866464
3029318,0.00830848068666298
3029319,5.96606816693883e-07
3029320,0.05865011997633456
3029321,0.20842274421263166
3029322,1.6503106920213806
3029323,0.0005476799397575019
3029324,0.0494974690862892
3029325,0.0003057358868096445
3029326,0.011459193914737917
3029327,0.11362041468724135
3029328,0.051235985878561215
3029329,0.0001558517318753413
3029330,0.0005584111541444135
3029331,1.6937025736358281e-06
3029332,0.00963143671440972
3029333,0.2674816882570611
3029334,0.037638918699073064
3029335,0.23784301566115115
3029336,0.9434859823301817
3029337,0.06541938224668684
3029338,2.1464236561389385e-06
3029339,6.659201754229336e-05
3029340,0.11148579966034837
3029341,0.19404625935475878
3029342,0.005203516276358097
3029343,0.026197267359299954
3029344,5.879415345166349e-05
3029345,0.010246487156773731
3029346,0.3172301554776853
3029347,0.143973640381543
3029348,1.8013813377409191
3029349,0.019907535655392106
3029350,0.205527382884667
3029351,0.000588053979123529
3029352,1.6687671391273426e-06
3029353,0.04194585663682185
3029354,0.16979235443116106
3029355,4.205708704984525
3029356,0.0006297016830162219
3029357,0.04707798833378591
3029358,0.00021419277267005095
3029359,0.014533785255239446
3029360,0.20716087946292783
3029361,0.07398288911640562
3029362,0.000155519374182419
3029363,0.000615381783255049
3029364,1.839279220752211e-06
3029365,0.017415745027517027
3029366,0.2645063370848154
3029367,1.1421098554432103
3029368,0.11997195312642109
3029369,0.9797956249145244
3029370,0.03151002330535322
3029371,3.4267474420567187e-07
3029372,1.3042565321702814e-06
3029373,0.08396182282875093
3029374,0.3212047550063156
3029375,0.0007695225201042562
3029376,0.02041636627174607
3029377,0.0031699216790941954
3029378,0.0006758057676106306
3029379,0.2428932515325569
3029380,0.1389186237235593
3029381,0.6689543864899138
3029382,0.021344492152898947
3029383,0.19762374752065065
3029384,0.0008030565157232897
3029385,0.0006713496856581983
3029386,0.04291845410608182
3029387,0.1055965319175028
3029388,2.7020989151849117
3029389,0.00017814284329767348
3029390,0.05425366828369685
3029391,0.06121478820502297
3029392,0.013863848867577142
3029393,0.10478918276140009
3029394,0.02160683451898645
3029395,0.00021627444290488952
3029396,0.0005531072778587507
3029397,1.9218912532409094e-06
3029398,0.2220401391357011
3029399,0.0704699504696455
