iter	RMSE
0	0.3962844415
1	0.393289657
2	0.3905929502
3	0.3876842415
4	0.3850157042
5	0.3822039043
6	0.3796729675
7	0.3768529528
8	0.3741848453
9	0.3714813179
10	0.3687423301
11	0.3661606394
12	0.3635572265
13	0.3610138498
14	0.3584328369
15	0.3557355641
16	0.3532199309
17	0.3507893089
18	0.3484493373
19	0.3459389932
20	0.3435051821
21	0.3412467826
22	0.338962368
23	0.3366838858
24	0.3343424378
25	0.3319555934
26	0.3294779529
27	0.3272142556
28	0.324974997
29	0.3229236095
30	0.321021382
31	0.3188719414
32	0.3170079548
33	0.3149522572
34	0.3129358135
35	0.310948633
36	0.3088772588
37	0.3069000438
38	0.3050968247
39	0.3031617062
40	0.3013487455
41	0.2994556416
42	0.2975571088
43	0.2956186277
44	0.2937483952
45	0.2918787019
46	0.2901249027
47	0.2882602628
48	0.2865371045
49	0.2847882235
50	0.2830788993
51	0.2814018958
52	0.2796767576
53	0.2780894626
54	0.276418044
55	0.274745592
56	0.2731700473
57	0.2714478009
58	0.2697470749
59	0.2681065175
60	0.2664672297
61	0.264951273
62	0.2632672845
63	0.2619231878
64	0.2604724275
65	0.258958203
66	0.2573547597
67	0.2558419299
68	0.2545770539
69	0.2530941853
70	0.2516926585
71	0.2502776497
72	0.2488853301
73	0.2475143017
74	0.2462254034
75	0.2448017053
76	0.2435486826
77	0.2421506001
78	0.2408408055
79	0.2395870402
80	0.2382257114
81	0.2369905813
82	0.2356256831
83	0.2342606516
84	0.2329856018
85	0.2317692112
86	0.2305669987
87	0.2293356435
88	0.2281588508
89	0.2269898249
90	0.225749137
91	0.2246371031
92	0.2234210896
93	0.2222385027
94	0.2210307761
95	0.2199014915
96	0.2187314184
97	0.2176772581
98	0.2165783714
99	0.2154877671
100	0.2144241438
101	0.2134437402
102	0.2123339814
103	0.21134492
104	0.2104079315
105	0.2094265909
106	0.2084135697
107	0.2074447604
108	0.2064981396
109	0.2054153542
110	0.2044541541
111	0.2035203736
112	0.2027056442
113	0.2017753923
114	0.2009007857
115	0.2000306285
116	0.1991529474
117	0.1982587572
118	0.197444119
119	0.1965608951
120	0.1956691064
121	0.1948336882
122	0.1939865324
123	0.1930631476
124	0.1922291003
125	0.1914520208
126	0.190617916
127	0.1898132325
128	0.1890903091
129	0.1883343196
130	0.1874793895
131	0.1866929355
132	0.1859354863
133	0.1851844763
134	0.1844341339
135	0.1837505184
136	0.1830513862
137	0.1823384445
138	0.1816853047
139	0.1809458644
140	0.1802201404
141	0.1796435146
142	0.1790076853
143	0.1782818567
144	0.1776362061
145	0.1769879125
146	0.176359863
147	0.1757432965
148	0.17510029
149	0.1744907968
150	0.1738702676
151	0.1732682575
152	0.1726047825
153	0.1719478509
154	0.171325353
155	0.1707393877
156	0.1700792852
157	0.1693824126
158	0.1687862305
159	0.1682114144
160	0.1676819939
161	0.1670531415
162	0.1665627494
163	0.165986764
164	0.1654213426
165	0.1648122388
166	0.1643181819
167	0.163831291
168	0.1632914589
169	0.1628205641
170	0.1622858799
171	0.1617364433
172	0.161182001
173	0.1606572894
174	0.1601466266
175	0.1596812495
176	0.1591678369
177	0.1586717761
178	0.1581642093
179	0.1576848891
180	0.1571748042
181	0.1567920382
182	0.1563661021
183	0.1558701268
184	0.155454251
185	0.1550419587
186	0.1546025975
187	0.1541407843
188	0.1537275285
189	0.153244208
190	0.1528181997
191	0.1523975278
192	0.1518743177
193	0.151373048
194	0.1509718274
195	0.1505075588
196	0.1500500508
197	0.1495938223
198	0.1492563249
199	0.1487242523
200	0.1482639451
201	0.1478251682
202	0.1473379103
203	0.1469273916
204	0.1465096819
205	0.1461337075
206	0.145703195
207	0.145257155
208	0.1448381595
209	0.1444492649
210	0.1440330555
211	0.1436663342
212	0.1432811483
213	0.1428278657
214	0.1424006243
215	0.1420128901
216	0.1415731962
217	0.1411253528
218	0.1408112811
219	0.1404332726
220	0.1400923297
221	0.1397510735
222	0.1393736018
223	0.1390439497
224	0.1387275325
225	0.1382868262
226	0.1379191864
227	0.1376227989
228	0.1372680639
229	0.1369807341
230	0.1366628794
231	0.1363384315
232	0.1360019219
233	0.1356782346
234	0.135375867
235	0.1350251439
236	0.1347195585
237	0.1344264
238	0.1341233789
239	0.1338020466
240	0.1334641763
241	0.1331553744
242	0.1328779502
243	0.1325694316
244	0.1322916079
245	0.1320046091
246	0.1316589627
247	0.1313767576
248	0.1311335919
249	0.130870804
250	0.1305515914
251	0.1303274105
252	0.1301004471
253	0.1298653735
254	0.1295932333
255	0.1293418803
256	0.1290694977
257	0.1287500913
258	0.1284963082
259	0.1282092247
260	0.1279632503
261	0.1277111824
262	0.1274682324
263	0.1272548052
264	0.126984963
265	0.1267681214
266	0.1264801623
267	0.1262543194
268	0.1259780509
269	0.1257406384
270	0.125471419
271	0.1252470759
272	0.1250498315
273	0.1248143373
274	0.1245912155
275	0.1243833261
276	0.1240703457
277	0.1238626742
278	0.1236258073
279	0.1234057099
280	0.1231812767
281	0.1229254034
282	0.1227112132
283	0.1224704942
284	0.122226954
285	0.122010622
286	0.1217771617
287	0.1215559685
288	0.1213957968
289	0.1212192555
290	0.1210258103
291	0.1208051216
292	0.1206344267
293	0.1203890048
294	0.1202458623
295	0.120046573
296	0.1199118386
297	0.1197175075
298	0.1195737371
299	0.1193746959
300	0.1191685717
301	0.1189311016
302	0.1187776927
303	0.1185869168
304	0.1184291146
305	0.1182408872
306	0.1180886691
307	0.1179348183
308	0.1177229701
309	0.1175445953
310	0.1173256239
311	0.1171226422
312	0.1168860488
313	0.1167407787
314	0.1165540801
315	0.1164176641
316	0.1162898568
317	0.1161149387
318	0.1159413133
319	0.1158031294
320	0.1156536571
321	0.1154972591
322	0.1153861095
323	0.1152135169
324	0.1150739763
325	0.1149020962
326	0.1147550255
327	0.1146253133
328	0.1144828277
329	0.1143378906
330	0.1142129719
331	0.1140392176
332	0.1139346655
333	0.1137659131
334	0.1136069608
335	0.1134484252
336	0.1132970402
337	0.1131086324
338	0.1129634393
339	0.1128200096
340	0.112640842
341	0.1124715765
342	0.1122898246
343	0.1121502102
344	0.1119518928
345	0.1118155698
346	0.1116876165
347	0.111581139
348	0.1114541935
349	0.1113176663
350	0.1111772494
351	0.1110152621
352	0.1108882938
353	0.1107256865
354	0.1105970877
355	0.1104765864
356	0.1103564472
357	0.1102167633
358	0.1100925339
359	0.1100102349
360	0.1098784033
361	0.1097946544
362	0.1096433826
363	0.1095062391
364	0.1093787071
365	0.1092430059
366	0.109063984
367	0.1089585065
368	0.108852227
369	0.108710518
370	0.1086295292
371	0.1085191557
372	0.1084194088
373	0.1083030045
374	0.1082120375
375	0.108055446
376	0.1079271821
377	0.1078238481
378	0.1076722372
379	0.1075336564
380	0.1073958731
381	0.1072990201
382	0.1071891902
383	0.107043551
384	0.1069331965
385	0.1068420635
386	0.1067032569
387	0.1066252853
388	0.106502176
389	0.1063664865
390	0.1062572061
391	0.1061466136
392	0.1060537813
393	0.1059270414
394	0.1058218736
395	0.1057299863
396	0.1056029452
397	0.1054995384
398	0.1053811245
399	0.1052643541
400	0.1051188436
401	0.1050439868
402	0.1049318991
403	0.1048202788
404	0.1047227849
405	0.1046153095
406	0.1044503379
407	0.1043449275
408	0.1042848224
409	0.104179151
410	0.1040889776
411	0.1039966757
412	0.1039290688
413	0.1038349509
414	0.1037298508
415	0.1035657566
416	0.1034754499
417	0.1033774419
418	0.1032669565
419	0.1031487164
420	0.1030096912
421	0.1028912451
422	0.1028049029
423	0.102729668
424	0.1026162937
425	0.1025154032
426	0.1024181327
427	0.102312765
428	0.1022334514
429	0.1021350117
430	0.1020514621
431	0.1019527819
432	0.1018479707
433	0.101793812
434	0.1017182613
435	0.1016492441
436	0.1015695849
437	0.1014927712
438	0.1013749973
439	0.101272336
440	0.1012238341
441	0.1011284703
442	0.1010330848
443	0.100946943
444	0.1007930663
445	0.100698745
446	0.1006206365
447	0.1005063771
448	0.1004007478
449	0.1002956758
450	0.1002366678
451	0.1001671173
452	0.1000982983
453	0.1000215695
454	0.09992153712
455	0.09979486949
456	0.09974428813
457	0.09963480872
458	0.09953675953
459	0.09943265601
460	0.09933501989
461	0.09926445701
462	0.09921319518
463	0.09911430957
464	0.09903352642
465	0.09895642305
466	0.09887146879
467	0.09877619512
468	0.0986606826
469	0.09859512411
470	0.09848246944
471	0.0984012148
472	0.09829267224
473	0.09822696035
474	0.09812341023
475	0.09800022452
476	0.09792867857
477	0.09785311781
478	0.09778673028
479	0.09770704268
480	0.09764174342
481	0.09759208525
482	0.09746940798
483	0.09739669754
484	0.09733332287
485	0.09726087598
486	0.09716197285
487	0.09711923678
488	0.09701651398
489	0.09697125297
490	0.09689116823
491	0.09680943094
492	0.09676151588
493	0.09671907537
494	0.096628997
495	0.09656513681
496	0.09649380375
497	0.09641248791
498	0.09634616161
499	0.09628295298
500	0.09621099475
501	0.09615431265
502	0.09610261999
503	0.09602381892
504	0.09591819875
505	0.09579497228
506	0.09570463241
507	0.09563691256
508	0.09559174707
509	0.09552596923
510	0.09545693734
511	0.09537254643
512	0.09530063562
513	0.09525365229
514	0.09520336297
515	0.09513401848
516	0.09506410548
517	0.09498250904
518	0.09490163356
519	0.0948629441
520	0.09484902236
521	0.09478619006
522	0.09471035069
523	0.09461949817
524	0.09451516741
525	0.09441396562
526	0.09432759691
527	0.09429693254
528	0.09423416671
529	0.09414982984
530	0.09407411496
531	0.0939876482
532	0.09390442443
533	0.09383922499
534	0.09379037184
535	0.0937111632
536	0.09361880097
537	0.0935363867
538	0.09348388317
539	0.09340051745
540	0.09333339677
541	0.09327250513
542	0.09320904305
543	0.09316662537
544	0.09308128762
545	0.09304950269
546	0.09298839044
547	0.09289406093
548	0.09283861546
549	0.09276650045
550	0.09270592873
551	0.09264539273
552	0.09255859821
553	0.09250624671
554	0.09246143031
555	0.09242417123
556	0.09235975278
557	0.09229134918
558	0.09219882377
559	0.09212736566
560	0.09208549736
561	0.09202494325
562	0.09199778687
563	0.09194754653
564	0.09188975215
565	0.09180212049
566	0.09174620935
567	0.09166072867
568	0.09160006708
569	0.09154673245
570	0.09146343619
571	0.0914190773
572	0.09136921896
573	0.09131699974
574	0.09128560353
575	0.09118409165
576	0.09112790957
577	0.09103626916
578	0.09100045103
579	0.09094875429
580	0.0908624841
581	0.09081607322
582	0.09073595023
583	0.09065729773
584	0.09061293812
585	0.09056034466
586	0.0905269801
587	0.09045752799
588	0.09041219304
589	0.09036176975
590	0.09029321221
591	0.09024683765
592	0.09017600077
593	0.09015286513
594	0.0900735872
595	0.09002488022
596	0.08997756145
597	0.08992715491
598	0.08986574936
599	0.08983112252
600	0.08976815158
601	0.0897122419
602	0.08969232874
603	0.08965238359
604	0.08960675353
605	0.08951887651
606	0.08948933654
607	0.08942484028
608	0.08937251673
609	0.08932281653
610	0.08927353195
611	0.08921941857
612	0.08918721109
613	0.08916414945
614	0.08910963152
615	0.08905176432
616	0.08899721262
617	0.08890040475
618	0.0888685539
619	0.08880935279
620	0.08876193248
621	0.08871644967
622	0.08867513191
623	0.08863003577
624	0.08858562932
625	0.088541935
626	0.08846421166
627	0.08840629492
628	0.08836319527
629	0.08830352324
630	0.08826784424
631	0.08817804006
632	0.08814045184
633	0.08809550412
634	0.08801765973
635	0.08796389076
636	0.08787777357
637	0.08782025022
638	0.08776368475
639	0.08772311209
640	0.08762966599
641	0.08756842965
642	0.08753041177
643	0.08747696111
644	0.08742800349
645	0.0873838457
646	0.0873070052
647	0.08727930595
648	0.08720594465
649	0.08716716071
650	0.08710622748
651	0.08704541564
652	0.08699159336
653	0.08696442507
654	0.0869122447
655	0.08687828572
656	0.08680944314
657	0.08675316631
658	0.08669933447
659	0.08668170747
660	0.08663797735
661	0.08658581391
662	0.08651716491
663	0.08649446759
664	0.08645747367
665	0.08638966707
666	0.08632416429
667	0.08628356176
668	0.08621386253
669	0.08617890878
670	0.08609865867
671	0.086042881
672	0.08598419456
673	0.08595459155
674	0.08589790654
675	0.08586327838
676	0.08580616693
677	0.085765577
678	0.08571362347
679	0.08567486671
680	0.08562327304
681	0.08556007401
682	0.08548423158
683	0.085424443
684	0.08536645663
685	0.08532827922
686	0.08529263549
687	0.08525892679
688	0.08521383801
689	0.08514475435
690	0.08511369625
691	0.08506336085
692	0.08501345105
693	0.08497385837
694	0.08493810565
695	0.08485442081
696	0.08480943795
697	0.08478836771
698	0.08475526464
699	0.08471569834
700	0.08464119512
701	0.08459058389
702	0.0845611454
703	0.08453268929
704	0.08446869065
705	0.08442138593
706	0.08438103531
707	0.0843066549
708	0.08425764313
709	0.08423081867
710	0.08419674636
711	0.08415610597
712	0.08407156028
713	0.08403184113
714	0.08400535646
715	0.08396231651
716	0.08391677234
717	0.08387959862
718	0.08382118997
719	0.08375633509
720	0.08372458835
721	0.08367861525
722	0.0836329417
723	0.08356580582
724	0.08352509263
725	0.08347235331
726	0.08342016224
727	0.08337824608
728	0.08336069759
729	0.08331486501
730	0.0832596148
731	0.08322191602
732	0.08318988219
733	0.08313759116
734	0.08310476459
735	0.08306092956
736	0.08299969224
737	0.08292809934
738	0.08290144811
739	0.08288903114
740	0.08282831645
741	0.08279524698
742	0.08274704144
743	0.08271511609
744	0.08267580403
745	0.08260635084
746	0.08254237677
747	0.08249264714
748	0.08243283257
749	0.08235302223
750	0.08231444743
751	0.08226708094
752	0.08221937712
753	0.08217087243
754	0.08212675639
755	0.08209827959
756	0.08205455852
757	0.08201883428
758	0.08200240448
759	0.08192317796
760	0.08185985007
761	0.08180781248
762	0.08176130821
763	0.08173648431
764	0.08169960033
765	0.08163420035
766	0.08157652338
767	0.0815449751
768	0.08148715145
769	0.08145124906
770	0.08138930986
771	0.08136769477
772	0.08134416945
773	0.08129460705
774	0.08126950502
775	0.08122696223
776	0.08118634569
777	0.08114102524
778	0.081105385
779	0.08105305456
780	0.08101598499
781	0.08098269919
782	0.08095384368
783	0.08089074375
784	0.0808496445
785	0.08079920556
786	0.08076396946
787	0.08074403593
788	0.08068766387
789	0.0806582938
790	0.080626062
791	0.08059999328
792	0.08054795458
793	0.08051098314
794	0.08046471353
795	0.08042999322
796	0.08038469163
797	0.08034772235
798	0.08029925853
799	0.08022989485
800	0.08019234723
801	0.0801760374
802	0.0801607874
803	0.08013014604
804	0.08008525481
805	0.08004654247
806	0.08002718918
807	0.07998347395
808	0.07996105824
809	0.07988830046
810	0.07984332683
811	0.07981452451
812	0.07978539532
813	0.07974003399
814	0.07970281694
815	0.07966539188
816	0.07962926606
817	0.07959991654
818	0.07954288771
819	0.07947938236
820	0.0794498705
821	0.07942304132
822	0.07937968997
823	0.07931747541
824	0.07928260113
825	0.07924421699
826	0.0791834414
827	0.07914324855
828	0.07912598453
829	0.07908614796
830	0.07906782021
831	0.07902396427
832	0.07898348379
833	0.07895465883
834	0.07889679882
835	0.07887139321
836	0.07883255968
837	0.07878863747
838	0.07875729079
839	0.07869830386
840	0.07866775332
841	0.07863227359
842	0.07860759996
843	0.07854749671
844	0.07850949577
845	0.07846014617
846	0.0784351571
847	0.07840269953
848	0.07835359834
849	0.07830101491
850	0.07827471571
851	0.07822930299
852	0.07819035411
853	0.07815429424
854	0.07809757393
855	0.07807047042
856	0.07800279688
857	0.07792890913
858	0.07787849098
859	0.07784662519
860	0.07778448385
861	0.07775399776
862	0.07768714658
863	0.07765705901
864	0.0776306571
865	0.07759017665
866	0.07756472593
867	0.07751620176
868	0.07746698017
869	0.07744416188
870	0.07742624048
871	0.07739790371
872	0.07734642891
873	0.0773102617
874	0.07725949914
875	0.07718754713
876	0.0771444322
877	0.07711807965
878	0.07708294314
879	0.07703193856
880	0.07695495909
881	0.07692035837
882	0.07687484067
883	0.07683198941
884	0.07680461342
885	0.07673669172
886	0.07667024372
887	0.07663896686
888	0.07662643766
889	0.07661112956
890	0.07654908092
891	0.07651910138
892	0.07649778063
893	0.07647706453
894	0.07645360563
895	0.07638705245
896	0.07635757082
897	0.07632634901
898	0.07626070512
899	0.07621094921
900	0.07614758349
901	0.07611978407
902	0.07605444994
903	0.07599129389
904	0.0759442676
905	0.07590973937
906	0.07586545099
907	0.0758491158
908	0.07579526733
909	0.07576993018
910	0.07573323065
911	0.07567151792
912	0.07562893809
913	0.07557445989
914	0.07550632931
915	0.07546547568
916	0.07543656232
917	0.07537241366
918	0.07530975991
919	0.07526549447
920	0.07523134976
921	0.07520271097
922	0.07519201243
923	0.07514966318
924	0.07509640646
925	0.07507415905
926	0.07502515822
927	0.07498301887
928	0.07495541966
929	0.07493860056
930	0.07489623416
931	0.07486051933
932	0.07482356356
933	0.07478002632
934	0.07473435377
935	0.07468715949
936	0.07466241565
937	0.07463048425
938	0.0746196966
939	0.07459967397
940	0.07456179348
941	0.07450300012
942	0.07445466103
943	0.07443199605
944	0.07440438061
945	0.07437386258
946	0.07432176322
947	0.07428799221
948	0.07426396551
949	0.07422932948
950	0.07420456655
951	0.07417737778
952	0.07414644296
953	0.07410982277
954	0.07406565032
955	0.07403661351
956	0.07399213381
957	0.07394831938
958	0.07391616748
959	0.07389423805
960	0.07386149695
961	0.07384941444
962	0.07382810514
963	0.07380595556
964	0.07378362925
965	0.07374259808
966	0.07370104467
967	0.07367149728
968	0.0736402155
969	0.07360214373
970	0.07356088468
971	0.07353356552
972	0.07350865871
973	0.07347967814
974	0.07344509949
975	0.07343125757
976	0.07338434821
977	0.07334095205
978	0.07332240698
979	0.0732999025
980	0.07325949065
981	0.07321529144
982	0.07320108403
983	0.07317736944
984	0.07314743713
985	0.07310822045
986	0.07308273182
987	0.07305213418
988	0.07302249371
989	0.07295847319
990	0.07294127739
991	0.07290005079
992	0.07286275594
993	0.07282360693
994	0.0727960699
995	0.07275599609
996	0.07272713935
997	0.07269456758
998	0.07265329466
999	0.07261573585
1000	0.07259098484
1001	0.07254905204
1002	0.07251826837
1003	0.07248067906
1004	0.07245857128
1005	0.07242837215
1006	0.07239521378
1007	0.07236484335
1008	0.0722979246
1009	0.07227082619
1010	0.07223693991
1011	0.07219660028
1012	0.07216448633
1013	0.07210244931
1014	0.07205866683
1015	0.07202833842
1016	0.07198461811
1017	0.07194821508
1018	0.07191486772
1019	0.07187837026
1020	0.07182686261
1021	0.07179044452
1022	0.07176619602
1023	0.07174260726
1024	0.07172660744
1025	0.07168542109
1026	0.071674777
1027	0.07164080232
1028	0.07159805228
1029	0.07155156783
1030	0.07153597758
1031	0.07149943531
1032	0.07147666467
1033	0.07142726628
1034	0.07137329888
1035	0.0713523563
1036	0.07130605283
1037	0.07128132872
1038	0.07124874421
1039	0.07121133606
1040	0.07119455755
1041	0.07116078855
1042	0.07114082234
1043	0.0710914409
1044	0.07106763853
1045	0.07103800006
1046	0.07096981403
1047	0.07091889942
1048	0.07090093405
1049	0.07086985058
1050	0.07081752974
1051	0.07079081846
1052	0.07075036152
1053	0.07070038313
1054	0.07064746411
1055	0.07061931552
1056	0.07060521597
1057	0.07055399379
1058	0.07051001327
1059	0.07047693151
1060	0.07046478997
1061	0.07043953704
1062	0.07040776194
1063	0.07036244146
1064	0.07033165592
1065	0.0703159332
1066	0.07030558669
1067	0.0702837669
1068	0.070250829
1069	0.07023127315
1070	0.07019166243
1071	0.07016363243
1072	0.0701450461
1073	0.0701175069
1074	0.07008743175
1075	0.07005004702
1076	0.0700247256
1077	0.06999323612
1078	0.0699560154
1079	0.0699441328
1080	0.06991714852
1081	0.06989610373
1082	0.06986133304
1083	0.0698026762
1084	0.06976325426
1085	0.06975085878
1086	0.06969096327
1087	0.06964927118
1088	0.06960898544
1089	0.06955099817
1090	0.06950734496
1091	0.06946952618
1092	0.06944892904
1093	0.06942763778
1094	0.06938380359
1095	0.06935886678
1096	0.0693389438
1097	0.06931120808
1098	0.06927560624
1099	0.06921865287
1100	0.06916371423
1101	0.06914041608
1102	0.06910941245
1103	0.06907444433
1104	0.06906759742
1105	0.06903087834
1106	0.06899718265
1107	0.06897259137
1108	0.06893603303
1109	0.06890342291
1110	0.0688865343
1111	0.06884037066
1112	0.06880888973
1113	0.06877123496
1114	0.06874471919
1115	0.06872130099
1116	0.06869671938
1117	0.06865997214
1118	0.06861625854
1119	0.06858654808
1120	0.06855792465
1121	0.06853409958
1122	0.06852313201
1123	0.06847775509
1124	0.06845945273
1125	0.06842406883
1126	0.06839794486
1127	0.06835514225
1128	0.06833760435
1129	0.06830657865
1130	0.06827776679
1131	0.06822947463
1132	0.06819120301
1133	0.06816557652
1134	0.06813633432
1135	0.06810545375
1136	0.06806133377
1137	0.06802801254
1138	0.06799640504
1139	0.06797599305
1140	0.06794208359
1141	0.06790717746
1142	0.06787196687
1143	0.06785730418
1144	0.06783348006
1145	0.06781076511
1146	0.06775483401
1147	0.06771120722
1148	0.06767966271
1149	0.0676602163
1150	0.06762614858
1151	0.06756831269
1152	0.06755186594
1153	0.06753520461
1154	0.06751663587
1155	0.06746993417
1156	0.06742180728
1157	0.06740756651
1158	0.06737612893
1159	0.0673511192
1160	0.06730050262
1161	0.06725907274
1162	0.06722642712
1163	0.06717586947
1164	0.06714379786
1165	0.06711519176
1166	0.06709108774
1167	0.06704498063
1168	0.06703522499
1169	0.06698105471
1170	0.066958759
1171	0.066932015
1172	0.06691069787
1173	0.06687333101
1174	0.0668342203
1175	0.06679094955
1176	0.06675793022
1177	0.06673140614
1178	0.06671148014
1179	0.0666738984
1180	0.06665600617
1181	0.06662650211
1182	0.06658413125
1183	0.06653521997
1184	0.06651069318
1185	0.06647830966
1186	0.06645138747
1187	0.06643511891
1188	0.0664058254
1189	0.06638374016
1190	0.06636588089
1191	0.06633446232
1192	0.06628805523
1193	0.0662513979
1194	0.06623742265
1195	0.06620584633
1196	0.06617238582
1197	0.06614002431
1198	0.06611411854
1199	0.06607682444
1200	0.06606098418
1201	0.06602515385
1202	0.06599624218
1203	0.06597104296
1204	0.06594227448
1205	0.06589949151
1206	0.06587325283
1207	0.0658446368
1208	0.06581693839
1209	0.06580310749
1210	0.06577552514
1211	0.06575740501
1212	0.06574150024
1213	0.06570979408
1214	0.06569382684
1215	0.06565741175
1216	0.06562988054
1217	0.06559931043
1218	0.065579372
1219	0.06552779468
1220	0.06550118445
1221	0.06546324263
1222	0.06541475228
1223	0.06538896383
1224	0.06535429223
1225	0.06532338667
1226	0.06531490767
1227	0.06529057978
1228	0.06525224853
1229	0.06519718452
1230	0.06517994171
1231	0.06513274955
1232	0.06510519917
1233	0.06509396331
1234	0.06504763164
1235	0.06502077162
1236	0.06499935507
1237	0.06498764576
1238	0.064933119
1239	0.06490192366
1240	0.06486721406
1241	0.06483432825
1242	0.06479262557
1243	0.06474879349
1244	0.06472277886
1245	0.06469933544
1246	0.06467777705
1247	0.0646628132
1248	0.06463382337
1249	0.06460156254
1250	0.06458959375
1251	0.06455000807
1252	0.06451775399
1253	0.06448664614
1254	0.06446139791
1255	0.06444333057
1256	0.06441769292
1257	0.06438342341
1258	0.06437552989
1259	0.06433527454
1260	0.06429264085
1261	0.06426862502
1262	0.06423909512
1263	0.06420033245
1264	0.06416740631
1265	0.06415505991
1266	0.06411103671
1267	0.06408725132
1268	0.06406816713
1269	0.06404652943
1270	0.06400901938
1271	0.06396702032
1272	0.0639493013
1273	0.06391454467
1274	0.0638817828
1275	0.06383670404
1276	0.06381996085
1277	0.06379204249
1278	0.06375592848
1279	0.0637218726
1280	0.06369639685
1281	0.06366396351
1282	0.0636236794
1283	0.06359193869
1284	0.06357626889
1285	0.06355331391
1286	0.06351469456
1287	0.06349852343
1288	0.06346469339
1289	0.06345408784
1290	0.06341502419
1291	0.0633919846
1292	0.06337127389
1293	0.06334942145
1294	0.06332733976
1295	0.06330755644
1296	0.06328345491
1297	0.06327489243
1298	0.06323356808
1299	0.06320815294
1300	0.06318158187
1301	0.06315508971
1302	0.063123806
1303	0.06309401458
1304	0.06307378793
1305	0.06303491533
1306	0.06299290812
1307	0.06296720147
1308	0.06293668931
1309	0.0629053514
1310	0.06288498978
1311	0.06285049017
1312	0.06281476699
1313	0.06278231511
1314	0.06273607659
1315	0.06271016353
1316	0.06267192724
1317	0.06264347028
1318	0.06261181851
1319	0.06259036558
1320	0.06257157007
1321	0.06252406374
1322	0.0624950338
1323	0.06247837571
1324	0.06243640005
1325	0.06241414959
1326	0.06236063673
1327	0.06233786259
1328	0.0623172496
1329	0.06225660256
1330	0.06220693472
1331	0.06217659196
1332	0.06216320964
1333	0.06215058116
1334	0.06213938012
1335	0.06211302463
1336	0.06207571362
1337	0.06203044798
1338	0.06200728352
1339	0.06198156018
1340	0.06195265815
1341	0.061936321
1342	0.06191297085
1343	0.06187567592
1344	0.06182479825
1345	0.0618004638
1346	0.06178563905
1347	0.06176587121
1348	0.06172252958
1349	0.06168818414
1350	0.06166216424
1351	0.06163806994
1352	0.06161245455
1353	0.06158351544
1354	0.06155932158
1355	0.06152747273
1356	0.06149424696
1357	0.06146914639
1358	0.06144832707
1359	0.06142573579
1360	0.06139351245
1361	0.06136316546
1362	0.06135296841
1363	0.06130071603
1364	0.06127634217
1365	0.06125021665
1366	0.06121824254
1367	0.06118698005
1368	0.06116326993
1369	0.06113887354
1370	0.06111691897
1371	0.06108843976
1372	0.06106147773
1373	0.06101752189
1374	0.06100172351
1375	0.06098079958
1376	0.06096350898
1377	0.06093699406
1378	0.06092186934
1379	0.06091108974
1380	0.06089587583
1381	0.0608789904
1382	0.06084851326
1383	0.06082886394
1384	0.06081017675
1385	0.06079060547
1386	0.06077397595
1387	0.06073558014
1388	0.06071709105
1389	0.06067703395
1390	0.06065850967
1391	0.0606214992
1392	0.0605900006
1393	0.06056313739
1394	0.06053927201
1395	0.06049992454
1396	0.06047169865
1397	0.06044390302
1398	0.06043496439
1399	0.06042199103
1400	0.06039281809
1401	0.06036455505
1402	0.06032731179
1403	0.06031063863
1404	0.06029133111
1405	0.06025977655
1406	0.06024172604
1407	0.06021631389
1408	0.06019629937
1409	0.06016890422
1410	0.06012935181
1411	0.06011122725
1412	0.0600852924
1413	0.06006759147
1414	0.0600321157
1415	0.06000922241
1416	0.05996806247
1417	0.05993971491
1418	0.05993023799
1419	0.05991465801
1420	0.0598974543
1421	0.05986995166
1422	0.05982807199
1423	0.0598112357
1424	0.05977724456
1425	0.05974709534
1426	0.05971919685
1427	0.05968281788
1428	0.05967080561
1429	0.05963118435
1430	0.05960951954
1431	0.05959584087
1432	0.05956233657
1433	0.05953187637
1434	0.05949093566
1435	0.05946081556
1436	0.05944468495
1437	0.05941887688
1438	0.05940648206
1439	0.05939050617
1440	0.05935368919
1441	0.059345064
1442	0.05932252868
1443	0.05929317911
1444	0.05926607574
1445	0.05922577107
1446	0.0592019403
1447	0.05917261184
1448	0.05913765069
1449	0.05911590861
1450	0.05909975708
1451	0.05906573354
1452	0.05904492908
1453	0.05902800653
1454	0.05899651285
1455	0.05898659273
1456	0.05895601632
1457	0.05892166955
1458	0.05889536693
1459	0.05887206979
1460	0.0588577697
1461	0.05882976298
1462	0.05880916017
1463	0.05879331511
1464	0.05876624625
1465	0.05874168115
1466	0.05872094244
1467	0.05870840102
1468	0.05868484078
1469	0.05864962576
1470	0.05862621067
1471	0.05860485901
1472	0.05856899511
1473	0.05854246373
1474	0.05852023932
1475	0.05848400922
1476	0.0584589709
1477	0.05842489908
1478	0.05840851406
1479	0.05839318345
1480	0.05837080153
1481	0.058349689
1482	0.05832358634
1483	0.05830356485
1484	0.05826267403
1485	0.05823451189
1486	0.05819712417
1487	0.0581632386
1488	0.0581448852
1489	0.05811858522
1490	0.05806870681
1491	0.0580525615
1492	0.05801453815
1493	0.05796986235
1494	0.05796094147
1495	0.05793595985
1496	0.05790727982
1497	0.05788823519
1498	0.05785021401
1499	0.05782000973
1500	0.05780680869
1501	0.05779343796
1502	0.05777717162
1503	0.05776385735
1504	0.05773907661
1505	0.05770650317
1506	0.05769719809
1507	0.05768121345
1508	0.05767135771
1509	0.05763896823
1510	0.05760177362
1511	0.05757843171
1512	0.0575434363
1513	0.05751595457
1514	0.05748222038
1515	0.05745990679
1516	0.05744343207
1517	0.05742185432
1518	0.05739244834
1519	0.05736780075
1520	0.05734945736
1521	0.05733185872
1522	0.05728812162
1523	0.05725363087
1524	0.05721336148
1525	0.05717580514
1526	0.05714177333
1527	0.05710828091
1528	0.05707347817
1529	0.05704214176
1530	0.05701424247
1531	0.0570039634
1532	0.05697015404
1533	0.05695276048
1534	0.05692268
1535	0.05691344302
1536	0.05686976588
1537	0.05685602656
1538	0.05682429795
1539	0.05679351539
1540	0.05677090618
1541	0.05674947046
1542	0.05673466024
1543	0.0566921655
1544	0.05666887682
1545	0.05665129777
1546	0.05661754396
1547	0.05659542058
1548	0.05658686543
1549	0.05655753039
1550	0.05652026541
1551	0.05650226382
1552	0.0564755318
1553	0.05646053882
1554	0.05643432054
1555	0.05640881789
1556	0.05637347213
1557	0.05634915104
1558	0.05633758639
1559	0.05632589401
1560	0.05631618506
1561	0.05628233278
1562	0.0562620473
1563	0.05623328512
1564	0.05621889201
1565	0.05621173744
1566	0.05618908247
1567	0.05615058927
1568	0.05613945535
1569	0.05611786721
1570	0.05608111407
1571	0.05605039436
1572	0.05603126149
1573	0.05601791657
1574	0.05598887758
1575	0.05595139291
1576	0.05592845242
1577	0.05591626291
1578	0.05588927324
1579	0.05587874846
1580	0.05587305004
1581	0.05585905405
1582	0.05582680086
1583	0.05581710631
1584	0.05578236062
1585	0.05576053894
1586	0.05573795183
1587	0.05571712465
1588	0.05569600013
1589	0.05566421968
1590	0.05564025377
1591	0.05562545392
1592	0.05561259169
1593	0.05557493551
1594	0.05554209906
1595	0.0555238428
1596	0.05550822789
1597	0.0554832906
1598	0.05546478053
1599	0.05544853642
1600	0.05542840113
1601	0.0553985574
1602	0.05536672548
1603	0.05535584857
1604	0.055345122
1605	0.05533199565
1606	0.05532392051
1607	0.05531337167
1608	0.05528543833
1609	0.05527020285
1610	0.05525943892
1611	0.05523585751
1612	0.05522298498
1613	0.05520142053
1614	0.05518674971
1615	0.05518046296
1616	0.0551576498
1617	0.05512008825
1618	0.05509593972
1619	0.05508489895
1620	0.05507027553
1621	0.05505368579
1622	0.05504501083
1623	0.05500841761
1624	0.05497494598
1625	0.05496203868
1626	0.05494669767
1627	0.05493807017
1628	0.05490462043
1629	0.05486922258
1630	0.05486314716
1631	0.05484663481
1632	0.05483576413
1633	0.05481398382
1634	0.0548059546
1635	0.05477860319
1636	0.05477104762
1637	0.05475322761
1638	0.05472901351
1639	0.05471370443
1640	0.05467843646
1641	0.05465779041
1642	0.05463184492
1643	0.05461029023
1644	0.05459535062
1645	0.05456715873
1646	0.05453238437
1647	0.05450672094
1648	0.0544881925
1649	0.05445592492
1650	0.0544345003
1651	0.05442154192
1652	0.05441109319
1653	0.05438703772
1654	0.05437552864
1655	0.05435177438
1656	0.05432509586
1657	0.05430981207
1658	0.05428981243
1659	0.0542765985
1660	0.05425917631
1661	0.05423659804
1662	0.05420843644
1663	0.0541775089
1664	0.05414890131
1665	0.05413919319
1666	0.05411371987
1667	0.05410932836
1668	0.05407766916
1669	0.05406294779
1670	0.0540496673
1671	0.05402868048
1672	0.05400288687
1673	0.05398488573
1674	0.0539638751
1675	0.05394416956
1676	0.05391631106
1677	0.05388155136
1678	0.05384995556
1679	0.05382914781
1680	0.05379861024
1681	0.05377143253
1682	0.0537424459
1683	0.05370347544
1684	0.05367356632
1685	0.05366060074
1686	0.05364767613
1687	0.05363284754
1688	0.05361644145
1689	0.05360425563
1690	0.05358545371
1691	0.053560057
1692	0.05352498729
1693	0.05350409055
1694	0.05348817266
1695	0.0534732311
1696	0.05345673962
1697	0.05344737026
1698	0.0534164873
1699	0.05338429316
1700	0.05335067805
1701	0.05332978138
1702	0.05330914869
1703	0.05328344575
1704	0.05327229316
1705	0.05323346935
1706	0.0532216274
1707	0.05321009441
1708	0.05316586613
1709	0.05314459131
1710	0.05313943491
1711	0.05311470773
1712	0.05308519962
1713	0.05305023988
1714	0.05303959599
1715	0.05301450819
1716	0.05297805857
1717	0.05294854084
1718	0.05291521018
1719	0.0529021303
1720	0.05286860806
1721	0.05285933626
1722	0.05283456916
1723	0.05280843318
1724	0.05278581216
1725	0.05276863157
1726	0.05275811949
1727	0.05273426836
1728	0.05271961107
1729	0.05269102294
1730	0.05267547016
1731	0.05264573939
1732	0.05262617362
1733	0.0526084336
1734	0.0525914016
1735	0.05257662994
1736	0.05253860354
1737	0.0525200899
1738	0.05250140682
1739	0.05249131968
1740	0.05246108768
1741	0.05244068224
1742	0.05242690658
1743	0.05241050972
1744	0.05238569707
1745	0.05237044762
1746	0.05232412081
1747	0.05230643582
1748	0.05230003359
1749	0.05227537294
1750	0.05225757922
1751	0.05223482244
1752	0.05221451416
1753	0.05219836788
1754	0.05218186878
1755	0.05217584756
1756	0.05214810201
1757	0.05213764204
1758	0.0521205038
1759	0.05210747213
1760	0.05208864656
1761	0.05206592871
1762	0.05205574887
1763	0.05205141555
1764	0.05201759006
1765	0.0520093344
1766	0.05198207846
1767	0.0519730253
1768	0.05194998267
1769	0.05193493828
1770	0.05190604731
1771	0.05189900648
1772	0.05186138644
1773	0.05183076245
1774	0.05180147753
1775	0.05178805481
1776	0.05176987897
1777	0.05175481606
1778	0.05173499997
1779	0.05172080637
1780	0.05169566749
1781	0.05167834927
1782	0.05167074757
1783	0.05165463239
1784	0.05164076025
1785	0.05163057015
1786	0.05160812693
1787	0.05159119958
1788	0.0515649467
1789	0.05154855625
1790	0.05153544619
1791	0.05151465116
1792	0.0514932684
1793	0.05147990302
1794	0.05146451451
1795	0.05145524993
1796	0.05143009308
1797	0.05141356124
1798	0.05140191137
1799	0.05137674277
1800	0.05136505551
1801	0.05134917857
1802	0.05132321309
1803	0.05129457499
1804	0.05128394806
1805	0.05127243507
1806	0.05124750015
1807	0.05121475914
1808	0.05119089479
1809	0.05118214534
1810	0.05115502093
1811	0.05114499533
1812	0.05112727695
1813	0.0511074767
1814	0.05108345274
1815	0.05104917928
1816	0.05103728013
1817	0.05101802394
1818	0.05100725249
1819	0.05099853116
1820	0.05097095715
1821	0.05095504542
1822	0.05094373613
1823	0.05092236353
1824	0.05090249633
1825	0.0508787835
1826	0.05086012591
1827	0.05085172521
1828	0.05082814145
1829	0.05080145352
1830	0.05077293356
1831	0.05076993582
1832	0.05076773966
1833	0.05075484718
1834	0.05071689407
1835	0.05071255632
1836	0.05069682747
1837	0.05067905164
1838	0.05065830034
1839	0.05062638356
1840	0.05060693507
1841	0.05058357019
1842	0.05057883865
1843	0.05055931802
1844	0.050537061
1845	0.05052291784
1846	0.0505154663
1847	0.05049493212
1848	0.05048004388
1849	0.05046709756
1850	0.05045617115
1851	0.05043816526
1852	0.05040783116
1853	0.05037782215
1854	0.0503640747
1855	0.05034740988
1856	0.05033744952
1857	0.0503217763
1858	0.05030185384
1859	0.05028928904
1860	0.05026151106
1861	0.05025226889
1862	0.05021667516
1863	0.05020949948
1864	0.0501949414
1865	0.0501710882
1866	0.05013840829
1867	0.05012874509
1868	0.0501146642
1869	0.05009313256
1870	0.05008092609
1871	0.05004387792
1872	0.05003003007
1873	0.05002587868
1874	0.05000563859
1875	0.04996921942
1876	0.04994593251
1877	0.04993023344
1878	0.04991387289
1879	0.04989769774
1880	0.04986529104
1881	0.0498519616
1882	0.04982972236
1883	0.04981266171
1884	0.0497876071
1885	0.04975759029
1886	0.04973420405
1887	0.04972399566
1888	0.04970685754
1889	0.04967912426
1890	0.04966166703
1891	0.04964677965
1892	0.04962447509
1893	0.04959213087
1894	0.04958191211
1895	0.04957192521
1896	0.04955955404
1897	0.04954101861
1898	0.04951462643
1899	0.04949967981
1900	0.04948923155
1901	0.04947453353
1902	0.04946489906
1903	0.04945587908
1904	0.04942826375
1905	0.04940279176
1906	0.04939082853
1907	0.04937519635
1908	0.04935943855
1909	0.04933331514
1910	0.04931383377
1911	0.04928661097
1912	0.0492737495
1913	0.04924453653
1914	0.04922141804
1915	0.04920200133
1916	0.04919861348
1917	0.04918787962
1918	0.04916561518
1919	0.04913897552
1920	0.04911794034
1921	0.04910828014
1922	0.04908789566
1923	0.04906594133
1924	0.04906045572
1925	0.04904491026
1926	0.04903114302
1927	0.04901844866
1928	0.0489976097
1929	0.04897932428
1930	0.04895064024
1931	0.04891279303
1932	0.04889309915
1933	0.04888545836
1934	0.0488654127
1935	0.04885271757
1936	0.04884273563
1937	0.04882964758
1938	0.04881145813
1939	0.04880292536
1940	0.04879479028
1941	0.04877878862
1942	0.04876804229
1943	0.04874302958
1944	0.04871540364
1945	0.04868825056
1946	0.04865894293
1947	0.04864130991
1948	0.04862529738
1949	0.04861149809
1950	0.04859221393
1951	0.04856445876
1952	0.04854539416
1953	0.04853215568
1954	0.04851384165
1955	0.04848947039
1956	0.0484789199
1957	0.04845924568
1958	0.04843034303
1959	0.0484237047
1960	0.04841695763
1961	0.04839791976
1962	0.04838079015
1963	0.04835800498
1964	0.04833044365
1965	0.04831802787
1966	0.04830906546
1967	0.0482875451
1968	0.0482806482
1969	0.04826332324
1970	0.04824291463
1971	0.04823659457
1972	0.04823135372
1973	0.04821071699
1974	0.04820534339
1975	0.04819516297
1976	0.04818514298
1977	0.04816746153
1978	0.04814225454
1979	0.04811112679
1980	0.04809914181
1981	0.04808731612
1982	0.04807443432
1983	0.04805716797
1984	0.04803965029
1985	0.04803422209
1986	0.04801671989
1987	0.04800751554
1988	0.04797467
1989	0.04796917443
1990	0.0479610483
1991	0.04794688194
1992	0.04793464259
1993	0.04792496439
1994	0.04790914322
1995	0.04788986874
1996	0.04787971279
1997	0.04786616613
1998	0.04783898206
1999	0.0478119432
2000	0.04780404491
2001	0.04779662456
2002	0.04779085219
2003	0.04776787252
2004	0.04775391824
2005	0.04772943903
2006	0.04772186176
2007	0.04770788836
2008	0.0476946189
2009	0.04767498763
2010	0.04765878173
2011	0.0476381296
2012	0.04762618213
2013	0.04762170408
2014	0.04761086084
2015	0.04759590336
2016	0.04758509713
2017	0.04755386065
2018	0.04753096588
2019	0.0475007164
2020	0.04748338544
2021	0.04747181893
2022	0.04745423999
2023	0.04743540575
2024	0.04740775196
2025	0.04738531282
2026	0.04737451725
2027	0.04735950665
2028	0.04735019653
2029	0.04733204617
2030	0.04732103223
2031	0.04730984643
2032	0.04729417956
2033	0.04729133965
2034	0.0472749571
2035	0.04726894297
2036	0.04724353468
2037	0.04722222332
2038	0.04721050475
2039	0.04718298267
2040	0.04717360411
2041	0.04715023503
2042	0.0471336853
2043	0.04712649326
2044	0.04710455411
2045	0.04709070794
2046	0.04706339883
2047	0.04704393737
2048	0.04703638572
2049	0.04702428658
2050	0.04699648085
2051	0.04699036838
2052	0.04698455911
2053	0.04696233968
2054	0.04694335645
2055	0.04693752401
2056	0.0469238156
2057	0.04690985748
2058	0.04689644829
2059	0.04687612021
2060	0.04685610484
2061	0.04683450227
2062	0.04681960384
2063	0.04680713961
2064	0.04679751425
2065	0.04678003332
2066	0.04676486187
2067	0.04674076577
2068	0.04671769051
2069	0.0466888826
2070	0.0466846396
2071	0.0466761538
2072	0.04666874172
2073	0.04664087923
2074	0.04662902809
2075	0.04661801629
2076	0.04661208768
2077	0.04660472706
2078	0.04658953991
2079	0.04657530688
2080	0.04655309762
2081	0.04653607357
2082	0.04651843293
2083	0.04649124486
2084	0.04646486365
2085	0.04645561162
2086	0.04644957117
2087	0.04644017985
2088	0.04643553451
2089	0.04640943447
2090	0.0463977771
2091	0.04638764485
2092	0.04638390497
2093	0.04635442172
2094	0.04634456973
2095	0.0463378298
2096	0.04632180262
2097	0.04630349882
2098	0.04629958691
2099	0.04628338695
2100	0.04626294072
2101	0.04626059182
2102	0.04624841962
2103	0.04623514172
2104	0.04622854641
2105	0.04621423271
2106	0.04619476654
2107	0.0461727245
2108	0.04615707773
2109	0.04614203179
2110	0.0461241285
2111	0.04610475974
2112	0.04608399954
2113	0.04606902363
2114	0.0460637813
2115	0.04605515784
2116	0.04604278535
2117	0.04602368119
2118	0.04600890398
2119	0.04599054355
2120	0.0459600596
2121	0.04594579471
2122	0.04592801092
2123	0.04592072201
2124	0.04590002429
2125	0.04587163656
2126	0.04584277445
2127	0.04583220746
2128	0.04581423591
2129	0.04580821573
2130	0.04578663522
2131	0.04577606625
2132	0.04575268307
2133	0.04574326276
2134	0.04571447741
2135	0.04570696209
2136	0.04569783074
2137	0.04567227839
2138	0.04566293237
2139	0.04564193522
2140	0.04561502092
2141	0.04560539604
2142	0.04558745196
2143	0.04557895383
2144	0.04556910144
2145	0.04555569588
2146	0.0455405383
2147	0.04552648254
2148	0.04551776888
2149	0.04551314699
2150	0.04549775076
2151	0.04548270342
2152	0.045460425
2153	0.04545048902
2154	0.04542798114
2155	0.04541853713
2156	0.04540804843
2157	0.04539354507
2158	0.0453813856
2159	0.04534643612
2160	0.04532768243
2161	0.04531173903
2162	0.04528815999
2163	0.04526843087
2164	0.04522890045
2165	0.04521579862
2166	0.04520005709
2167	0.04519732688
2168	0.04517407027
2169	0.04516353019
2170	0.04515520034
2171	0.04513596188
2172	0.04512435904
2173	0.04511160052
2174	0.04510789943
2175	0.04508852717
2176	0.04506442477
2177	0.04504296036
2178	0.04502727331
2179	0.0450102598
2180	0.04498588658
2181	0.04494997133
2182	0.04492661185
2183	0.04491340953
2184	0.0448956777
2185	0.04487746013
2186	0.04486358506
2187	0.04485403089
2188	0.04482770799
2189	0.04481603283
2190	0.04479860022
2191	0.044787348
2192	0.04477760168
2193	0.04475654999
2194	0.04474329726
2195	0.0447194809
2196	0.04470385194
2197	0.04469569441
2198	0.04469019778
2199	0.04468187263
2200	0.04466455248
2201	0.04466056451
2202	0.04464338705
2203	0.04462161005
2204	0.04460034687
2205	0.04458541568
2206	0.04457945771
2207	0.04455967059
2208	0.04454725076
2209	0.04453520971
2210	0.04452593995
2211	0.04451576123
2212	0.04450830028
2213	0.04449211652
2214	0.04448412082
2215	0.04447201155
2216	0.04446155097
2217	0.0444536518
2218	0.04443654712
2219	0.04441920925
2220	0.04439726632
2221	0.04438031681
2222	0.04436701693
2223	0.04436085948
2224	0.04435266191
2225	0.04433072343
2226	0.04432313265
2227	0.04431164249
2228	0.04430101303
2229	0.04429899211
2230	0.04428117471
2231	0.0442639911
2232	0.04425992314
2233	0.04425035707
2234	0.04423752679
2235	0.04421984961
2236	0.04420363942
2237	0.04420002896
2238	0.04418882612
2239	0.04416260664
2240	0.04413599609
2241	0.04412439389
2242	0.04410481779
2243	0.0440857288
2244	0.04406075299
2245	0.04403692443
2246	0.04402964331
2247	0.04400779424
2248	0.0440036906
2249	0.04398710966
2250	0.04396940723
2251	0.04395595322
2252	0.04393924463
2253	0.04392358389
2254	0.04391678732
2255	0.04390716325
2256	0.04389068406
2257	0.04388296596
2258	0.04386441743
2259	0.04383496264
2260	0.043830353
2261	0.04382460637
2262	0.04381602898
2263	0.04380880595
2264	0.04379408804
2265	0.04378827314
2266	0.04376340839
2267	0.04374794661
2268	0.04374431449
2269	0.04373471447
2270	0.04372807482
2271	0.04371716637
2272	0.04371359834
2273	0.04370331704
2274	0.04368509114
2275	0.04366816841
2276	0.04365917551
2277	0.04364467993
2278	0.04363609625
2279	0.04361668623
2280	0.04359941303
2281	0.04357943401
2282	0.04356502784
2283	0.04355689012
2284	0.04354656043
2285	0.0435362293
2286	0.04352388887
2287	0.04350949467
2288	0.04348666229
2289	0.04346486177
2290	0.04344795207
2291	0.04341910334
2292	0.0434093019
2293	0.04339212265
2294	0.04337602476
2295	0.04336347078
2296	0.04335415235
2297	0.04334890741
2298	0.04332665548
2299	0.04328549998
2300	0.04325786768
2301	0.04324685635
2302	0.04323778742
2303	0.04322426372
2304	0.04320593873
2305	0.04319555548
2306	0.04317304382
2307	0.04315335395
2308	0.04313321928
2309	0.0431236596
2310	0.04310126838
2311	0.04307712986
2312	0.04305863896
2313	0.04304914287
2314	0.04304343356
2315	0.04302870833
2316	0.04302128601
2317	0.0430110715
2318	0.04299657059
2319	0.04298144472
2320	0.0429572527
2321	0.04294112092
2322	0.04292779028
2323	0.04292204467
2324	0.04289850147
2325	0.04289035563
2326	0.04286670954
2327	0.04285293434
2328	0.04284350393
2329	0.04283023973
2330	0.04281642639
2331	0.04280075433
2332	0.04278109948
2333	0.0427722684
2334	0.04276592247
2335	0.04274866045
2336	0.04274181799
2337	0.04271194468
2338	0.04268749834
2339	0.04267379097
2340	0.04265432569
2341	0.04263736307
2342	0.04261367244
2343	0.04259468394
2344	0.04258060259
2345	0.04256476942
2346	0.04255638271
2347	0.04254657686
2348	0.04252532498
2349	0.04251912676
2350	0.0425029528
2351	0.04247914826
2352	0.04247446883
2353	0.04245225356
2354	0.04243872211
2355	0.04241749755
2356	0.04240515437
2357	0.04238974076
2358	0.04237246573
2359	0.04235433641
2360	0.04233955797
2361	0.04232077288
2362	0.04230611939
2363	0.04229621246
2364	0.04228352612
2365	0.04226084402
2366	0.04225083273
2367	0.04223996829
2368	0.04222600116
2369	0.04220938917
2370	0.04219092386
2371	0.04218552128
2372	0.04217284954
2373	0.04216525869
2374	0.0421494729
2375	0.04213769973
2376	0.04212828897
2377	0.04211781962
2378	0.04210584352
2379	0.04209355385
2380	0.04207990353
2381	0.04206525756
2382	0.04206387267
2383	0.04204766296
2384	0.04203889172
2385	0.04203190603
2386	0.04201927918
2387	0.04201275896
2388	0.04199907182
2389	0.04198791742
2390	0.04197218615
2391	0.04194657112
2392	0.04192508048
2393	0.04191463364
2394	0.04190389948
2395	0.04189164521
2396	0.04187733185
2397	0.04186401889
2398	0.04184436987
2399	0.04182915349
2400	0.04180553723
2401	0.04177759112
2402	0.04176564239
2403	0.04175068738
2404	0.04172870703
2405	0.04171170112
2406	0.04169884635
2407	0.04167880584
2408	0.04166594653
2409	0.04165081505
2410	0.04162591417
2411	0.0416122423
2412	0.04160899648
2413	0.04159233261
2414	0.04158288455
2415	0.04156248707
2416	0.04155277362
2417	0.04153785474
2418	0.04153217178
2419	0.04152376034
2420	0.04150591052
2421	0.04149308244
2422	0.04148011332
2423	0.04146429225
2424	0.04145661904
2425	0.04145102278
2426	0.04144353453
2427	0.04143838907
2428	0.04142869707
2429	0.04141982491
2430	0.04140641948
2431	0.04139994047
2432	0.04138888318
2433	0.04136461811
2434	0.04135009238
2435	0.04133564088
2436	0.04132692296
2437	0.04130293154
2438	0.04128549999
2439	0.04126085202
2440	0.04125363249
2441	0.04124647024
2442	0.04123699613
2443	0.04123697041
2444	0.04121975324
2445	0.04120481438
2446	0.04119109022
2447	0.04117582591
2448	0.04114509288
2449	0.04113025752
2450	0.04112150873
2451	0.04110744409
2452	0.0410879345
2453	0.04108081042
2454	0.04107227794
2455	0.04105031868
2456	0.04104409134
2457	0.04103048277
2458	0.04101617085
2459	0.0410035789
2460	0.04098897802
2461	0.04097158391
2462	0.04096289845
2463	0.04095014409
2464	0.04093498207
2465	0.04091895814
2466	0.04090683448
2467	0.04087844143
2468	0.04086814135
2469	0.04086033532
2470	0.04085308523
2471	0.04083786389
2472	0.04082837882
2473	0.04081558498
2474	0.04079413022
2475	0.04077286507
2476	0.0407536936
2477	0.04074750658
2478	0.04072186258
2479	0.04071145178
2480	0.04069140777
2481	0.04067562759
2482	0.04066698207
2483	0.04066347435
2484	0.04065339641
2485	0.04063930592
2486	0.04063184853
2487	0.04061673291
2488	0.04059022564
2489	0.04057878281
2490	0.04056730593
2491	0.04055528199
2492	0.04054366385
2493	0.0405212948
2494	0.04051498236
2495	0.04050332228
2496	0.04049717562
2497	0.04047224196
2498	0.04046812692
2499	0.04045427762
2500	0.04045184637
2501	0.04044494822
2502	0.04043663019
2503	0.04042970123
2504	0.04041163239
2505	0.04039913881
2506	0.04038165682
2507	0.04036139873
2508	0.04034643012
2509	0.04033373239
2510	0.04032098009
2511	0.04030424689
2512	0.04028601522
2513	0.04026947484
2514	0.04024442676
2515	0.04022978716
2516	0.040209898
2517	0.04019897517
2518	0.04018231999
2519	0.04017961241
2520	0.04016750351
2521	0.04016030554
2522	0.04014979414
2523	0.04014275516
2524	0.04012885955
2525	0.04011706372
2526	0.04011158396
2527	0.04008962401
2528	0.04007848106
2529	0.04005779828
2530	0.04003655164
2531	0.04002890167
2532	0.04001636889
2533	0.04000857864
2534	0.04000159536
2535	0.03998384676
2536	0.03996837523
2537	0.03996197877
2538	0.03994742014
2539	0.0399353278
2540	0.03992788246
2541	0.03991376563
2542	0.03990684106
2543	0.03988408443
2544	0.03986353129
2545	0.03984681314
2546	0.03983420191
2547	0.03982872285
2548	0.03981979758
2549	0.03980737672
2550	0.03980159152
2551	0.03979149994
2552	0.03976504886
2553	0.03976162902
2554	0.03975341808
2555	0.03973874979
2556	0.03971686571
2557	0.0397079321
2558	0.03968623083
2559	0.03967040677
2560	0.03964880453
2561	0.03963943373
2562	0.03962902503
2563	0.03961530036
2564	0.0396014103
2565	0.03958851778
2566	0.03957736559
2567	0.03957198535
2568	0.03955993614
2569	0.03954645828
2570	0.03952961397
2571	0.03951038059
2572	0.03950222891
2573	0.03949427755
2574	0.03947544532
2575	0.03946332995
2576	0.03944910134
2577	0.03944534622
2578	0.03942376755
2579	0.0394091606
2580	0.03939730786
2581	0.0393827056
2582	0.0393641376
2583	0.03935146704
2584	0.03934491556
2585	0.03933253114
2586	0.03932972133
2587	0.0393114398
2588	0.03930159524
2589	0.03927733563
2590	0.03926725198
2591	0.03925860682
2592	0.03924145228
2593	0.03922577841
2594	0.03920991622
2595	0.03918874167
2596	0.0391732182
2597	0.03916180697
2598	0.0391522587
2599	0.03913820152
2600	0.03911732356
2601	0.03909555383
2602	0.03908910386
2603	0.03907723235
2604	0.03906602881
2605	0.03905074754
2606	0.03904671318
2607	0.03903222094
2608	0.03902638703
2609	0.03901128896
2610	0.03900276595
2611	0.03899014079
2612	0.03897828695
2613	0.03895561594
2614	0.03894126636
2615	0.03893507743
2616	0.03891630397
2617	0.03890493462
2618	0.0388871812
2619	0.03887952664
2620	0.03886724923
2621	0.038860565
2622	0.03884571677
2623	0.03883318207
2624	0.03881950171
2625	0.03881202225
2626	0.03879553385
2627	0.03878579366
2628	0.03877378858
2629	0.03876196562
2630	0.03874326724
2631	0.03873185444
2632	0.03872863674
2633	0.0387244805
2634	0.03871001618
2635	0.03870055112
2636	0.03868617065
2637	0.03867309606
2638	0.03865473761
2639	0.03864051308
2640	0.03863216473
2641	0.03860899983
2642	0.03859175651
2643	0.03858374154
2644	0.03856883982
2645	0.03855797801
2646	0.03854268572
2647	0.03853304605
2648	0.03852969117
2649	0.03851123056
2650	0.03850015571
2651	0.03848606328
2652	0.03847113838
2653	0.03845501474
2654	0.03845386091
2655	0.03844569001
2656	0.03844338923
2657	0.03843820416
2658	0.03843130079
2659	0.03841316254
2660	0.03840300708
2661	0.03838797641
2662	0.03838275605
2663	0.03836932904
2664	0.03835453564
2665	0.03833824084
2666	0.03833518099
2667	0.03832127979
2668	0.03829900301
2669	0.03828871981
2670	0.03828043131
2671	0.03826733576
2672	0.03826595014
2673	0.03824853423
2674	0.03821911323
2675	0.03821349416
2676	0.03820107587
2677	0.03818817119
2678	0.03816376207
2679	0.03815580527
2680	0.03813973009
2681	0.03812351688
2682	0.03811617296
2683	0.03810801793
2684	0.03809458586
2685	0.03809042479
2686	0.03807734781
2687	0.03806556573
2688	0.03805514811
2689	0.03805074062
2690	0.03803079419
2691	0.03802036004
2692	0.03801299216
2693	0.03800254348
2694	0.03799268777
2695	0.0379828637
2696	0.0379663046
2697	0.03795680663
2698	0.03795185794
2699	0.03794419957
2700	0.03793547394
2701	0.03793058403
2702	0.03791798518
2703	0.03789649505
2704	0.03788933113
2705	0.03787877779
2706	0.03785345305
2707	0.03784005857
2708	0.03782149379
2709	0.03779793518
2710	0.03779404795
2711	0.03778993378
2712	0.03777912132
2713	0.03776739642
2714	0.03776519364
2715	0.03775598196
2716	0.03775286278
2717	0.0377455463
2718	0.03773010576
2719	0.03771200593
2720	0.03770279231
2721	0.03767946661
2722	0.03766324207
2723	0.03765648266
2724	0.03764574232
2725	0.03763323305
2726	0.03762278784
2727	0.0376084763
2728	0.03759510423
2729	0.03758201018
2730	0.03756433072
2731	0.03755082309
2732	0.03754555771
2733	0.03753849718
2734	0.03753238779
2735	0.03751957247
2736	0.03749759256
2737	0.03749017956
2738	0.03746335042
2739	0.03745240115
2740	0.03744210685
2741	0.03742316949
2742	0.03739851759
2743	0.03737820383
2744	0.03735948393
2745	0.03734751102
2746	0.03732552298
2747	0.03731673996
2748	0.0373071216
2749	0.03729369984
2750	0.03728426504
2751	0.03727545259
2752	0.0372549003
2753	0.0372284158
2754	0.03721723582
2755	0.03719877619
2756	0.03718461884
2757	0.0371813017
2758	0.03716379996
2759	0.03714632161
2760	0.03713568423
2761	0.03711145559
2762	0.03709780537
2763	0.03709076774
2764	0.0370708965
2765	0.03706542878
2766	0.03706319714
2767	0.03705477392
2768	0.03704577487
2769	0.03703927839
2770	0.03703374915
2771	0.03702167013
2772	0.03700895764
2773	0.03698503652
2774	0.03696527878
2775	0.03695369245
2776	0.03694883704
2777	0.036935865
2778	0.03692387965
2779	0.03691461901
2780	0.03690891455
2781	0.03688945529
2782	0.03687856048
2783	0.03687302293
2784	0.0368621014
2785	0.03684712128
2786	0.03684305933
2787	0.0368280411
2788	0.03682574394
2789	0.03682178442
2790	0.03681075161
2791	0.0367975764
2792	0.03677620734
2793	0.03676267956
2794	0.03675006933
2795	0.0367455829
2796	0.03672675698
2797	0.03670493055
2798	0.03669059189
2799	0.03668423358
2800	0.03667683317
2801	0.03665763128
2802	0.03664008948
2803	0.03662602941
2804	0.03660464586
2805	0.03658888569
2806	0.03658305978
2807	0.03656754883
2808	0.0365532206
2809	0.03653662949
2810	0.03650731693
2811	0.03649135946
2812	0.03647606314
2813	0.03645961298
2814	0.03643794963
2815	0.0364244373
2816	0.03641572801
2817	0.03640825406
2818	0.03640327505
2819	0.03639147893
2820	0.03637247172
2821	0.03636003881
2822	0.03634974099
2823	0.03633745822
2824	0.03633436778
2825	0.03631843081
2826	0.0363114147
2827	0.03629765926
2828	0.03629094735
2829	0.03628513834
2830	0.036273207
2831	0.03626305501
2832	0.03625360743
2833	0.03624050775
2834	0.03623417131
2835	0.03621722237
2836	0.03620729853
2837	0.03619622825
2838	0.03618637503
2839	0.03617424454
2840	0.03616031869
2841	0.03614222141
2842	0.03613749639
2843	0.03612541824
2844	0.03611838515
2845	0.03610985857
2846	0.03610538049
2847	0.03608830549
2848	0.03607836612
2849	0.03606104081
2850	0.03604596497
2851	0.03603633859
2852	0.03602845775
2853	0.03602369825
2854	0.03601017081
2855	0.03600490548
2856	0.03599809846
2857	0.03598800306
2858	0.03598285268
2859	0.03597235163
2860	0.03596556028
2861	0.03595615968
2862	0.03593851232
2863	0.03592723481
2864	0.03591287954
2865	0.03590584337
2866	0.03589939583
2867	0.03589501436
2868	0.03588456453
2869	0.03588031922
2870	0.03587927263
2871	0.03587189262
2872	0.03585868853
2873	0.03585335342
2874	0.03584337543
2875	0.03583372125
2876	0.03582018088
2877	0.03581092559
2878	0.03580376742
2879	0.03579660269
2880	0.0357923399
2881	0.03578371902
2882	0.0357748635
2883	0.03575575624
2884	0.03573510188
2885	0.03572674294
2886	0.03570260873
2887	0.03568711248
2888	0.03567628254
2889	0.0356650529
2890	0.03564950408
2891	0.0356407544
2892	0.03562064496
2893	0.03561031968
2894	0.03559960956
2895	0.03559504899
2896	0.03558097937
2897	0.03556092366
2898	0.03555357069
2899	0.03553107075
2900	0.0355243995
2901	0.03550450325
2902	0.03549334027
2903	0.03548909528
2904	0.03547691029
2905	0.03547113288
2906	0.03546310377
2907	0.03545717186
2908	0.03545007329
2909	0.03544670642
2910	0.03543820341
2911	0.03542099416
2912	0.03541309727
2913	0.03539381067
2914	0.03537605969
2915	0.03535835541
2916	0.03534358744
2917	0.03532839406
2918	0.03531060751
2919	0.03529481185
2920	0.03527635863
2921	0.03527340807
2922	0.0352612679
2923	0.03525558281
2924	0.03524381487
2925	0.03523033743
2926	0.03521233355
2927	0.03520148539
2928	0.03519331529
2929	0.03518881526
2930	0.035172475
2931	0.03516518403
2932	0.03515166004
2933	0.03514329686
2934	0.03512467848
2935	0.03511489101
2936	0.03510954744
2937	0.0350983062
2938	0.03509103567
2939	0.0350824735
2940	0.03507048597
2941	0.03505215338
2942	0.0350370174
2943	0.03502788524
2944	0.03502623481
2945	0.03501642539
2946	0.0350042955
2947	0.03499387523
2948	0.03498867279
2949	0.0349759756
2950	0.03497005727
2951	0.03496055285
2952	0.03495333285
2953	0.03493372062
2954	0.03493116643
2955	0.03492080256
2956	0.03491358205
2957	0.03490162319
2958	0.03488489798
2959	0.03487029293
2960	0.03486559529
2961	0.0348577187
2962	0.03484429459
2963	0.03482565892
2964	0.03481968687
2965	0.03480599664
2966	0.03478006298
2967	0.03475934001
2968	0.03474889661
2969	0.03474328734
2970	0.03472912842
2971	0.03470637999
2972	0.03469004379
2973	0.0346830443
2974	0.03467197774
2975	0.03466821922
2976	0.0346638975
2977	0.03465162134
2978	0.034641115
2979	0.03462818121
2980	0.03461323347
2981	0.03460103777
2982	0.03459529272
2983	0.03458817579
2984	0.03458094704
2985	0.03456878839
2986	0.03455936417
2987	0.03454359423
2988	0.03453880986
2989	0.03452608846
2990	0.03452141231
2991	0.03451236571
2992	0.03450009356
2993	0.03449161528
2994	0.03448839261
2995	0.03448088276
2996	0.03447687298
2997	0.03447058038
2998	0.03445788207
2999	0.03445074134
3000	0.03444604212
3001	0.03443759653
3002	0.03443003051
3003	0.03442318364
3004	0.03441598645
3005	0.03440034012
3006	0.03439643855
3007	0.03438498419
3008	0.0343743056
3009	0.03435558905
3010	0.03434537384
3011	0.03432915643
3012	0.03431722681
3013	0.0343053887
3014	0.03430003517
3015	0.03428959149
3016	0.03427792028
3017	0.03427260569
3018	0.03426669512
3019	0.03424233812
3020	0.03422878485
3021	0.03421773208
3022	0.03420561461
3023	0.03419234254
3024	0.03417124588
3025	0.03416223596
3026	0.03414894767
3027	0.03414311188
3028	0.03411942917
3029	0.03410381638
3030	0.03409346106
3031	0.03408584687
3032	0.03407224997
3033	0.03406374226
3034	0.03405601029
3035	0.0340485223
3036	0.03403661773
3037	0.03403038512
3038	0.03402139695
3039	0.03401482683
3040	0.03399943472
3041	0.0339814786
3042	0.03396812245
3043	0.03395018285
3044	0.03394408931
3045	0.03393517235
3046	0.0339247401
3047	0.03391716534
3048	0.03391115871
3049	0.03390260572
3050	0.03389209946
3051	0.03388956544
3052	0.03387181074
3053	0.03385463265
3054	0.03384240787
3055	0.03383573429
3056	0.03382712596
3057	0.03381290107
3058	0.03380428716
3059	0.0337913957
3060	0.03378094522
3061	0.03377608224
3062	0.03376979254
3063	0.03376040552
3064	0.03374782917
3065	0.03374237166
3066	0.03373672868
3067	0.03372350212
3068	0.03370694124
3069	0.03369745518
3070	0.03369115724
3071	0.03368260415
3072	0.03367046343
3073	0.03365227426
3074	0.03363917735
3075	0.03363276363
3076	0.03361928583
3077	0.03360686039
3078	0.03359896307
3079	0.03358972685
3080	0.03357717793
3081	0.03356942562
3082	0.03356395689
3083	0.03355971159
3084	0.03355202136
3085	0.03354307625
3086	0.03353213953
3087	0.0335255871
3088	0.03351007857
3089	0.03350094946
3090	0.03348368114
3091	0.03347828001
3092	0.03347373766
3093	0.03346375438
3094	0.03345313752
3095	0.03344779693
3096	0.03343787077
3097	0.03343048349
3098	0.03341673843
3099	0.03340903932
3100	0.0334016248
3101	0.03339937449
3102	0.03338709716
3103	0.03336578781
3104	0.03335364679
3105	0.03334307825
3106	0.03332865681
3107	0.03331250667
3108	0.03330255959
3109	0.03328640537
3110	0.03327125795
3111	0.03325903096
3112	0.03325240461
3113	0.03323989232
3114	0.03322594868
3115	0.0332218744
3116	0.03320604805
3117	0.03320156798
3118	0.03319299419
3119	0.03317795097
3120	0.03316778574
3121	0.033161408
3122	0.03314900872
3123	0.03313333901
3124	0.03312179536
3125	0.03310402893
3126	0.03309019862
3127	0.03308273031
3128	0.03307902901
3129	0.0330740873
3130	0.03305876397
3131	0.03304879011
3132	0.03304082859
3133	0.03303602181
3134	0.03302510232
3135	0.0330108265
3136	0.03300042119
3137	0.03299480135
3138	0.03298441881
3139	0.03297228882
3140	0.03296844347
3141	0.03296408807
3142	0.03295449323
3143	0.0329449651
3144	0.03293730092
3145	0.03292147433
3146	0.03290569643
3147	0.03288890414
3148	0.03288343877
3149	0.03287032711
3150	0.03286204059
3151	0.03284477238
3152	0.03283380741
3153	0.03282875863
3154	0.03281503918
3155	0.03280850398
3156	0.03279779747
3157	0.03278119323
3158	0.03277688764
3159	0.03276905273
3160	0.03275547124
3161	0.03274212661
3162	0.03273099227
3163	0.03272834244
3164	0.03271935047
3165	0.03271240677
3166	0.03269825896
3167	0.03268664643
3168	0.03267717378
3169	0.03266516163
3170	0.03265327541
3171	0.03264254783
3172	0.03263852004
3173	0.03263125428
3174	0.03262534201
3175	0.03261174712
3176	0.03259506089
3177	0.03258874361
3178	0.03257306753
3179	0.03257047814
3180	0.03255182337
3181	0.03254770606
3182	0.03253775459
3183	0.03252826535
3184	0.03251254318
3185	0.03249298038
3186	0.03248057167
3187	0.0324714043
3188	0.03245918273
3189	0.03244488664
3190	0.03243906514
3191	0.03242813202
3192	0.0324145924
3193	0.03240836965
3194	0.03239223425
3195	0.03237850871
3196	0.03236212379
3197	0.03235344173
3198	0.03234157404
3199	0.03233365847
3200	0.03232420616
3201	0.03231110077
3202	0.03230521856
3203	0.03229536482
3204	0.03228064714
3205	0.03227122815
3206	0.03225979253
3207	0.03225095708
3208	0.03223866609
3209	0.03222592768
3210	0.0322215244
3211	0.03220800706
3212	0.03219617798
3213	0.03218266518
3214	0.03217582375
3215	0.03216838338
3216	0.03215730743
3217	0.03214269242
3218	0.03213476622
3219	0.0321307702
3220	0.03211611559
3221	0.03210646459
3222	0.0320999685
3223	0.03209073554
3224	0.03207964567
3225	0.03207073118
3226	0.0320603503
3227	0.03205474596
3228	0.03204102877
3229	0.0320310698
3230	0.03202755898
3231	0.0320062648
3232	0.03199742056
3233	0.03199278371
3234	0.03198419405
3235	0.03198046263
3236	0.03197663954
3237	0.03197072401
3238	0.03196774047
3239	0.03196257027
3240	0.03194692788
3241	0.0319393747
3242	0.03192588294
3243	0.03191866068
3244	0.03190896375
3245	0.03190358095
3246	0.03188954342
3247	0.03188420175
3248	0.03187290221
3249	0.03186186993
3250	0.03185188648
3251	0.03184863315
3252	0.03184280896
3253	0.03183833725
3254	0.0318189455
3255	0.03181323024
3256	0.03180547945
3257	0.03179655634
3258	0.03177719018
3259	0.03176473769
3260	0.03175813501
3261	0.03174894449
3262	0.03173477246
3263	0.03172043182
3264	0.03170702411
3265	0.03169357677
3266	0.03168437691
3267	0.03167641517
3268	0.03166475613
3269	0.03165806719
3270	0.03164316944
3271	0.03163476607
3272	0.03162852875
3273	0.03162161848
3274	0.03161151565
3275	0.03159376403
3276	0.03158260559
3277	0.03157435305
3278	0.03156225787
3279	0.03154622435
3280	0.03152927164
3281	0.03151921138
3282	0.03151372221
3283	0.03150391995
3284	0.0314971033
3285	0.03148824404
3286	0.03147817363
3287	0.03146794312
3288	0.03145966788
3289	0.03145652525
3290	0.03144909573
3291	0.03144198467
3292	0.03143386643
3293	0.03142729475
3294	0.03141865308
3295	0.03140540472
3296	0.03139631998
3297	0.03139120064
3298	0.03137769801
3299	0.03137116951
3300	0.03135788368
3301	0.03135231119
3302	0.03134360396
3303	0.03133275199
3304	0.03132535356
3305	0.03131700358
3306	0.03131131263
3307	0.03130709965
3308	0.03130030925
3309	0.03128780943
3310	0.03128266565
3311	0.03127412045
3312	0.03126764737
3313	0.0312603136
3314	0.03125629394
3315	0.03125227712
3316	0.03124208397
3317	0.0312277697
3318	0.03121714574
3319	0.03121114366
3320	0.03119722862
3321	0.03119113804
3322	0.0311818706
3323	0.03117228056
3324	0.03116185216
3325	0.03115426327
3326	0.03114615675
3327	0.03113458826
3328	0.0311293775
3329	0.03111988743
3330	0.03111352324
3331	0.03110369395
3332	0.03110036803
3333	0.03109175343
3334	0.03107869397
3335	0.03107381085
3336	0.03107069901
3337	0.03106325387
3338	0.03105152948
3339	0.03104563381
3340	0.03104114757
3341	0.03102675312
3342	0.03101598397
3343	0.03100444239
3344	0.03099270139
3345	0.0309897068
3346	0.03098000869
3347	0.03097434346
3348	0.03097151263
3349	0.03096580201
3350	0.0309612766
3351	0.03095149045
3352	0.03094122217
3353	0.03093061442
3354	0.03092615317
3355	0.03091682415
3356	0.03090444952
3357	0.03089965257
3358	0.03089020981
3359	0.0308806957
3360	0.03087164545
3361	0.03085995877
3362	0.03085404656
3363	0.03083813953
3364	0.03083102242
3365	0.03081945016
3366	0.03081805979
3367	0.03081107559
3368	0.03080396084
3369	0.0307908659
3370	0.03078871135
3371	0.03076982893
3372	0.03076527645
3373	0.03076385692
3374	0.03076098188
3375	0.03075614929
3376	0.03074819933
3377	0.03074066249
3378	0.03073505996
3379	0.03072757994
3380	0.03072508685
3381	0.03072363203
3382	0.03071979462
3383	0.03071026029
3384	0.03070420306
3385	0.03069306031
3386	0.03067802629
3387	0.03066869427
3388	0.03065087359
3389	0.03064025642
3390	0.03063010034
3391	0.0306232469
3392	0.03061961178
3393	0.03061007209
3394	0.03060094639
3395	0.03059541062
3396	0.03058718902
3397	0.03058134675
3398	0.03057321167
3399	0.0305656006
3400	0.03056140778
3401	0.03054711319
3402	0.0305415482
3403	0.03053319557
3404	0.03052170938
3405	0.03051638395
3406	0.03049007638
3407	0.03048005297
3408	0.03047395542
3409	0.03046871021
3410	0.03045969189
3411	0.03044734032
3412	0.03043758451
3413	0.03042861141
3414	0.03041306583
3415	0.03040091482
3416	0.03038487408
3417	0.03037513794
3418	0.03036468029
3419	0.0303490545
3420	0.03034286886
3421	0.03033599496
3422	0.03032322118
3423	0.0303167263
3424	0.03031059032
3425	0.03029686919
3426	0.03028636682
3427	0.03028070023
3428	0.03027131977
3429	0.03025637707
3430	0.03023971338
3431	0.03023281454
3432	0.0302299461
3433	0.03022303736
3434	0.03021977441
3435	0.03021107176
3436	0.03020678335
3437	0.03018907487
3438	0.03017151389
3439	0.03016855152
3440	0.03015681587
3441	0.03014295303
3442	0.03013541886
3443	0.0301226942
3444	0.03011841414
3445	0.03010595399
3446	0.03009817335
3447	0.03008975001
3448	0.03007834762
3449	0.03007283858
3450	0.03006701075
3451	0.03006032104
3452	0.03005137242
3453	0.03004648567
3454	0.03003894224
3455	0.03003269422
3456	0.03002953662
3457	0.0300135169
3458	0.03000581903
3459	0.02999573586
3460	0.02999365426
3461	0.0299837458
3462	0.02997240997
3463	0.02996816994
3464	0.02996401564
3465	0.02996041185
3466	0.02995185318
3467	0.02994960985
3468	0.02994089906
3469	0.02993454318
3470	0.02992932973
3471	0.02992085561
3472	0.02991407972
3473	0.02990714778
3474	0.02990182593
3475	0.02989635789
3476	0.02989050292
3477	0.02988391421
3478	0.02987979707
3479	0.02986865834
3480	0.02985594731
3481	0.02985025881
3482	0.02984275708
3483	0.02983502657
3484	0.02983135389
3485	0.0298246815
3486	0.0298096402
3487	0.02979754304
3488	0.0297899351
3489	0.02978322937
3490	0.02977136869
3491	0.0297638822
3492	0.02975798682
3493	0.02974927508
3494	0.02974536402
3495	0.02974144068
3496	0.02973575534
3497	0.02972481288
3498	0.0297163548
3499	0.02970886789
3500	0.02969208724
3501	0.02968467607
3502	0.0296757772
3503	0.02965667662
3504	0.02965025715
3505	0.02964253445
3506	0.02961552045
3507	0.0296113183
3508	0.02959978296
3509	0.02959601319
3510	0.0295917329
3511	0.02957938307
3512	0.02957356975
3513	0.02956374493
3514	0.02955992261
3515	0.02954550799
3516	0.02953721294
3517	0.02953640626
3518	0.02953204224
3519	0.02952368715
3520	0.02951399749
3521	0.02950092291
3522	0.02949544158
3523	0.02948402452
3524	0.02947859038
3525	0.02947592621
3526	0.02946739389
3527	0.02946738695
3528	0.02945774504
3529	0.02944844333
3530	0.02944033974
3531	0.02943499254
3532	0.02942553459
3533	0.02941055931
3534	0.02940477637
3535	0.0294007549
3536	0.02938248427
3537	0.02937262533
3538	0.02936593432
3539	0.02936009306
3540	0.02934868245
3541	0.02934279573
3542	0.02933309728
3543	0.02932664148
3544	0.02932350542
3545	0.02930619194
3546	0.02929735545
3547	0.02928885027
3548	0.02928682074
3549	0.0292759187
3550	0.0292713586
3551	0.02927046531
3552	0.02925885074
3553	0.02924762531
3554	0.02923914417
3555	0.02923093067
3556	0.02921866857
3557	0.0292130838
3558	0.0292025072
3559	0.02920041761
3560	0.02919147973
3561	0.02918203058
3562	0.02917469285
3563	0.0291625602
3564	0.02915027539
3565	0.02914274184
3566	0.02912953788
3567	0.02912029004
3568	0.0291117655
3569	0.02909977457
3570	0.02908868013
3571	0.0290777763
3572	0.02906746992
3573	0.02906149468
3574	0.02904888589
3575	0.029031203
3576	0.02902436799
3577	0.02900862578
3578	0.0290039533
3579	0.02900018747
3580	0.02899250862
3581	0.02898065861
3582	0.02897494101
3583	0.02896987579
3584	0.02895800084
3585	0.02895162511
3586	0.02894592279
3587	0.02893420323
3588	0.02891419789
3589	0.02890697923
3590	0.02889413942
3591	0.02888722334
3592	0.02886252112
3593	0.02885318295
3594	0.02884369033
3595	0.02883422794
3596	0.02882926022
3597	0.02882565737
3598	0.02882100089
3599	0.02881764684
3600	0.02881349706
3601	0.02880143091
3602	0.02879221587
3603	0.02878211186
3604	0.02877008933
3605	0.02875333959
3606	0.02874325469
3607	0.02873650559
3608	0.028726877
3609	0.02871853361
3610	0.02870401188
3611	0.0286981472
3612	0.02869289259
3613	0.02868404348
3614	0.02867397761
3615	0.02866781176
3616	0.02864794682
3617	0.02863850676
3618	0.02862539488
3619	0.02861210636
3620	0.02860590547
3621	0.02859658461
3622	0.02859109936
3623	0.02857927056
3624	0.02856961248
3625	0.02856412852
3626	0.02855405175
3627	0.02854782016
3628	0.02854254438
3629	0.02853312718
3630	0.02852155384
3631	0.02851594106
3632	0.02850549009
3633	0.0284965878
3634	0.02849197695
3635	0.02848284039
3636	0.02847450725
3637	0.02846862578
3638	0.02845867332
3639	0.02845084472
3640	0.02844564731
3641	0.02843696462
3642	0.02842923799
3643	0.02842184928
3644	0.02840771137
3645	0.02840148786
3646	0.02840016031
3647	0.02838555275
3648	0.02837788509
3649	0.02836569604
3650	0.02835892241
3651	0.02835720778
3652	0.02834911789
3653	0.02833729442
3654	0.02833117744
3655	0.02833062587
3656	0.02831863954
3657	0.02830935723
3658	0.02829626267
3659	0.0282837582
3660	0.0282753231
3661	0.02826773526
3662	0.02825666477
3663	0.0282494881
3664	0.02824354164
3665	0.02823411162
3666	0.0282287106
3667	0.02822241205
3668	0.02820749208
3669	0.02820112338
3670	0.02819501506
3671	0.02818361144
3672	0.0281764528
3673	0.02817307303
3674	0.02816454675
3675	0.0281540324
3676	0.02814018773
3677	0.02813180437
3678	0.02812707522
3679	0.02811687091
3680	0.02811315667
3681	0.02808785708
3682	0.02807611045
3683	0.02807509809
3684	0.02806889629
3685	0.028059312
3686	0.02805345606
3687	0.02805039641
3688	0.028039421
3689	0.02803225211
3690	0.02802575733
3691	0.02802060647
3692	0.02800984399
3693	0.02800530641
3694	0.02799912015
3695	0.02799271845
3696	0.02797942784
3697	0.02797135757
3698	0.02796466683
3699	0.02795424819
3700	0.02794308081
3701	0.02793618979
3702	0.02792723202
3703	0.02791168548
3704	0.02790116114
3705	0.0278836206
3706	0.02787596525
3707	0.02787005037
3708	0.02786580644
3709	0.0278614666
3710	0.02785545101
3711	0.02784306193
3712	0.0278365194
3713	0.02782707363
3714	0.02781913841
3715	0.02781216408
3716	0.02780751211
3717	0.0277971111
3718	0.0277816671
3719	0.0277750764
3720	0.02776950064
3721	0.02775833028
3722	0.02775127652
3723	0.02774619281
3724	0.02774305624
3725	0.0277311449
3726	0.0277228471
3727	0.02771674741
3728	0.02770780021
3729	0.0276980975
3730	0.02769086584
3731	0.02768127284
3732	0.0276762814
3733	0.02766587607
3734	0.02765499134
3735	0.02765075347
3736	0.02763315004
3737	0.02762038098
3738	0.02761441589
3739	0.02760252069
3740	0.02758821221
3741	0.02758442831
3742	0.027572397
3743	0.02756815808
3744	0.02755961933
3745	0.02754948752
3746	0.02754046745
3747	0.0275296224
3748	0.02751829774
3749	0.02751372439
3750	0.02750368414
3751	0.02749635546
3752	0.02748935766
3753	0.02748136088
3754	0.02747416579
3755	0.02746639678
3756	0.02745761114
3757	0.02745303451
3758	0.02744575773
3759	0.02743977743
3760	0.02743425579
3761	0.02742828064
3762	0.02742605864
3763	0.02742193326
3764	0.02741423288
3765	0.0274097604
3766	0.02739891512
3767	0.02739084801
3768	0.0273800912
3769	0.02737013248
3770	0.02736366302
3771	0.02735878801
3772	0.02735591296
3773	0.02734667247
3774	0.02733780109
3775	0.02733326462
3776	0.02732655546
3777	0.02731734919
3778	0.02731126945
3779	0.02730583219
3780	0.02729556821
3781	0.02728521158
3782	0.02728374848
3783	0.02727722705
3784	0.02726802706
3785	0.02725981597
3786	0.02724825298
3787	0.02723974174
3788	0.02723297463
3789	0.02722649685
3790	0.02721732999
3791	0.02720616032
3792	0.02720230627
3793	0.02719679158
3794	0.02719237364
3795	0.02718694532
3796	0.02718536974
3797	0.02718007171
3798	0.02716740898
3799	0.02715647087
3800	0.0271440475
3801	0.0271349235
3802	0.02713063046
3803	0.02713011652
3804	0.0271265012
3805	0.02712082989
3806	0.02711727661
3807	0.02710924078
3808	0.02710074232
3809	0.0270934838
3810	0.02708831262
3811	0.02708296362
3812	0.02707798903
3813	0.02707184303
3814	0.02706382322
3815	0.0270613395
3816	0.02705251299
3817	0.02704379734
3818	0.02703634976
3819	0.02702640251
3820	0.02702046807
3821	0.02700417624
3822	0.02699398962
3823	0.02699178191
3824	0.02698600399
3825	0.02697593052
3826	0.02696800512
3827	0.02695486806
3828	0.02694493823
3829	0.02693503585
3830	0.02692831496
3831	0.0269116499
3832	0.02690072758
3833	0.02688955343
3834	0.02688451112
3835	0.02687936544
3836	0.02687492741
3837	0.026869931
3838	0.02686208103
3839	0.02684874655
3840	0.02684073712
3841	0.02683062023
3842	0.02682246314
3843	0.02681112777
3844	0.02680331721
3845	0.02679437228
3846	0.0267888076
3847	0.02677039119
3848	0.02675981224
3849	0.02674883232
3850	0.02674100171
3851	0.02673316073
3852	0.02672835927
3853	0.02672213196
3854	0.02671230553
3855	0.02670204717
3856	0.02669172637
3857	0.02668887594
3858	0.02668609614
3859	0.02667853681
3860	0.02666747701
3861	0.02665999968
3862	0.02665262284
3863	0.0266451385
3864	0.0266405402
3865	0.02663587531
3866	0.02662553054
3867	0.02661984176
3868	0.02661401878
3869	0.02660128247
3870	0.02659172716
3871	0.02657982678
3872	0.02656767337
3873	0.02656017415
3874	0.02655058595
3875	0.0265459256
3876	0.02653829669
3877	0.0265268718
3878	0.02651803042
3879	0.0265043007
3880	0.02649143382
3881	0.02648341078
3882	0.02647622619
3883	0.02647065265
3884	0.02646486983
3885	0.0264558318
3886	0.02645008701
3887	0.02644446005
3888	0.02643868172
3889	0.02643404499
3890	0.02642866561
3891	0.02641778078
3892	0.02641049428
3893	0.02640435906
3894	0.02639908841
3895	0.02639177287
3896	0.02638891154
3897	0.02638272534
3898	0.02637797105
3899	0.02637454202
3900	0.02636748347
3901	0.02636088967
3902	0.02635565468
3903	0.02634599067
3904	0.02633630034
3905	0.02633014999
3906	0.02632185478
3907	0.02630903037
3908	0.02630261059
3909	0.02628940314
3910	0.02627830235
3911	0.02627722387
3912	0.02626731162
3913	0.026261002
3914	0.02625245457
3915	0.02624399768
3916	0.02623888326
3917	0.02623455107
3918	0.02622556583
3919	0.02622209614
3920	0.02620750109
3921	0.02619911114
3922	0.02619391231
3923	0.02618263888
3924	0.02617342423
3925	0.02616806888
3926	0.02616025792
3927	0.02615508997
3928	0.02614015836
3929	0.02613360108
3930	0.02612553857
3931	0.02611500183
3932	0.0261108704
3933	0.02610312964
3934	0.02609219679
3935	0.02608369643
3936	0.02607669979
3937	0.02606350324
3938	0.02604770573
3939	0.0260386822
3940	0.02603117477
3941	0.02602644456
3942	0.02602330747
3943	0.02601535213
3944	0.02601086698
3945	0.02600313508
3946	0.02599591905
3947	0.02598859751
3948	0.02598030044
3949	0.02597471587
3950	0.02596693176
3951	0.02596427906
3952	0.02595039867
3953	0.02593687356
3954	0.02593322689
3955	0.02591674735
3956	0.02591418548
3957	0.02590578474
3958	0.02589696058
3959	0.0258920847
3960	0.02588770164
3961	0.02588033569
3962	0.02587406434
3963	0.02586791843
3964	0.02586371385
3965	0.025857304
3966	0.02584489705
3967	0.02584255144
3968	0.02583077307
3969	0.02582503225
3970	0.02582080735
3971	0.02581845545
3972	0.02581286194
3973	0.02580658977
3974	0.02579766711
3975	0.02579119446
3976	0.02578858584
3977	0.02578205146
3978	0.02577589798
3979	0.02576792109
3980	0.02576086649
3981	0.02575486519
3982	0.02574410266
3983	0.02573309555
3984	0.02572935698
3985	0.02572704892
3986	0.02571783812
3987	0.02571200258
3988	0.02570583924
3989	0.02569998306
3990	0.02569542336
3991	0.0256892969
3992	0.02568225745
3993	0.0256724317
3994	0.02566095477
3995	0.02564861477
3996	0.02564587729
3997	0.02563942198
3998	0.02563278551
3999	0.02562287351
4000	0.02561952067
4001	0.02561559074
4002	0.02560816974
4003	0.02560360835
4004	0.02559760169
4005	0.02559215869
4006	0.02558645551
4007	0.02558462807
4008	0.02557658455
4009	0.02556927285
4010	0.02556661654
4011	0.02556194727
4012	0.0255549302
4013	0.02554673597
4014	0.02553953608
4015	0.02553197192
4016	0.02552998969
4017	0.02551852382
4018	0.02551244053
4019	0.02550684882
4020	0.02550019274
4021	0.02549265784
4022	0.02548229534
4023	0.02547209408
4024	0.02546665831
4025	0.02546016434
4026	0.02545745767
4027	0.02545529434
4028	0.02545054582
4029	0.02544352228
4030	0.02544035092
4031	0.02542926707
4032	0.02542229636
4033	0.02541803393
4034	0.02541080691
4035	0.02540281454
4036	0.02539446967
4037	0.02539055239
4038	0.02538387864
4039	0.02537580362
4040	0.0253704492
4041	0.02536367177
4042	0.0253576589
4043	0.02535497111
4044	0.02535361685
4045	0.0253439511
4046	0.02533379773
4047	0.02532894762
4048	0.02532338977
4049	0.02531962616
4050	0.02531167775
4051	0.02530839041
4052	0.02530101352
4053	0.02529438535
4054	0.02528863968
4055	0.02527455353
4056	0.02526783662
4057	0.02525668749
4058	0.02525290506
4059	0.0252407373
4060	0.02523535556
4061	0.02523336626
4062	0.02522869321
4063	0.02522220274
4064	0.02521158711
4065	0.02520668646
4066	0.02520316889
4067	0.02519666386
4068	0.02518321386
4069	0.02517355106
4070	0.02516610028
4071	0.025155663
4072	0.02514929167
4073	0.02514470842
4074	0.0251337168
4075	0.02513011912
4076	0.02512457466
4077	0.02512099184
4078	0.02510830069
4079	0.02510189975
4080	0.02509444006
4081	0.02509204251
4082	0.025080862
4083	0.02507385566
4084	0.0250654791
4085	0.02505237733
4086	0.02504625758
4087	0.02504123402
4088	0.0250360721
4089	0.02502852084
4090	0.02502204714
4091	0.02501631154
4092	0.02501364908
4093	0.02500751477
4094	0.02500442218
4095	0.02499774528
4096	0.02499454252
4097	0.0249890144
4098	0.02498698238
4099	0.02497911138
4100	0.02497431887
4101	0.02497112662
4102	0.02496564131
4103	0.02496394237
4104	0.02495745274
4105	0.02494831713
4106	0.02493723506
4107	0.02493353692
4108	0.02491501741
4109	0.02491149678
4110	0.02490787627
4111	0.02489442384
4112	0.02488431159
4113	0.0248751099
4114	0.02487296367
4115	0.02486496075
4116	0.02485683682
4117	0.02485098167
4118	0.02484495464
4119	0.02484107337
4120	0.02483943871
4121	0.02482631368
4122	0.02481793229
4123	0.02481355746
4124	0.02480483947
4125	0.02479829439
4126	0.02479065435
4127	0.0247867526
4128	0.02478364652
4129	0.02478179472
4130	0.0247736474
4131	0.02476356337
4132	0.02475592142
4133	0.02474604952
4134	0.02474063666
4135	0.02473702087
4136	0.02473103468
4137	0.02472607172
4138	0.02471640452
4139	0.02470321357
4140	0.02469114271
4141	0.02468641809
4142	0.02466978993
4143	0.02466194151
4144	0.02465504817
4145	0.02464783835
4146	0.02464342893
4147	0.02463837504
4148	0.02462438227
4149	0.024613381
4150	0.0245999361
4151	0.02459036271
4152	0.02458198949
4153	0.02457511677
4154	0.02457233971
4155	0.02455756602
4156	0.02455104494
4157	0.0245472773
4158	0.02454305482
4159	0.02453961498
4160	0.02453178614
4161	0.02452596774
4162	0.02452072801
4163	0.02450927888
4164	0.02450239073
4165	0.02449591577
4166	0.02449121519
4167	0.0244876498
4168	0.02448344832
4169	0.02447898313
4170	0.02447279996
4171	0.02445998918
4172	0.02444854022
4173	0.02444324777
4174	0.02444094476
4175	0.02443675787
4176	0.02443431632
4177	0.02442668534
4178	0.02441869888
4179	0.02441227361
4180	0.02440588705
4181	0.0243979836
4182	0.02439311592
4183	0.02439150658
4184	0.02437550516
4185	0.02437334725
4186	0.02436479598
4187	0.02436202088
4188	0.02435579468
4189	0.02435325505
4190	0.02435162904
4191	0.02434668396
4192	0.02434501219
4193	0.02434169013
4194	0.02433640515
4195	0.02433103973
4196	0.0243231969
4197	0.02432006203
4198	0.02430931642
4199	0.02429966576
4200	0.02429464448
4201	0.02429105057
4202	0.02428750024
4203	0.02428083425
4204	0.02427014258
4205	0.02426459833
4206	0.02425901041
4207	0.02425042177
4208	0.02424339947
4209	0.02424144384
4210	0.02423631701
4211	0.02423405474
4212	0.02423090077
4213	0.02422847606
4214	0.02422224074
4215	0.0242147585
4216	0.02420732867
4217	0.0242056595
4218	0.02419591517
4219	0.02418973904
4220	0.02418017702
4221	0.02416482595
4222	0.02415838784
4223	0.02415058148
4224	0.02414327608
4225	0.02413555221
4226	0.02412467567
4227	0.02411939666
4228	0.02411156535
4229	0.02410315205
4230	0.02409401759
4231	0.02408677777
4232	0.02408408881
4233	0.02408103446
4234	0.02407036429
4235	0.02406407456
4236	0.02405714006
4237	0.02404870849
4238	0.02404004632
4239	0.02402969517
4240	0.02402729446
4241	0.02401975131
4242	0.02401415943
4243	0.02401238442
4244	0.0240043206
4245	0.024004033
4246	0.02400006755
4247	0.02399084466
4248	0.02398834688
4249	0.02398171606
4250	0.02396864798
4251	0.02396265088
4252	0.02395726863
4253	0.02394432483
4254	0.02393919056
4255	0.02393160871
4256	0.02392371377
4257	0.02391909354
4258	0.02391219501
4259	0.02390884854
4260	0.02389971725
4261	0.02388990246
4262	0.02388864061
4263	0.02387768415
4264	0.02387480086
4265	0.02387046902
4266	0.02386436904
4267	0.02385945563
4268	0.02384949554
4269	0.02383508964
4270	0.02383122629
4271	0.02382235586
4272	0.02382003435
4273	0.0238146046
4274	0.02381260513
4275	0.02380933987
4276	0.02380009493
4277	0.02378989479
4278	0.02377752449
4279	0.0237734387
4280	0.02376360466
4281	0.0237556518
4282	0.02374723591
4283	0.02374034886
4284	0.02373709094
4285	0.02372998161
4286	0.02372379514
4287	0.02371929476
4288	0.02371106232
4289	0.02370744727
4290	0.02370591554
4291	0.02369935678
4292	0.02369844317
4293	0.02369523149
4294	0.02369184959
4295	0.02369110518
4296	0.02368482722
4297	0.02368031344
4298	0.02366875032
4299	0.02366523049
4300	0.02366111101
4301	0.02365112101
4302	0.02364711955
4303	0.02363851637
4304	0.02363269286
4305	0.0236272474
4306	0.02361824094
4307	0.02361508398
4308	0.02361120773
4309	0.02360377936
4310	0.02358957364
4311	0.02358349638
4312	0.02357762514
4313	0.02357054862
4314	0.023565852
4315	0.02356008124
4316	0.02355940784
4317	0.02355176272
4318	0.02354644874
4319	0.02354282546
4320	0.02353818905
4321	0.02353401645
4322	0.02352671838
4323	0.02351863791
4324	0.02351635065
4325	0.02350896805
4326	0.02350366001
4327	0.02349601329
4328	0.02348811309
4329	0.02348370428
4330	0.0234746755
4331	0.0234667212
4332	0.02345591356
4333	0.023448803
4334	0.02343949872
4335	0.0234353247
4336	0.02342478099
4337	0.02342036007
4338	0.023418813
4339	0.02341635286
4340	0.02340646722
4341	0.02340014228
4342	0.02339608365
4343	0.02339099912
4344	0.02338814252
4345	0.02338005307
4346	0.02337654862
4347	0.02336619008
4348	0.02335746301
4349	0.02335157267
4350	0.02334029688
4351	0.02333290317
4352	0.02332648001
4353	0.02332020494
4354	0.02331606513
4355	0.0233137426
4356	0.02330975343
4357	0.02330391479
4358	0.02329673549
4359	0.02328676379
4360	0.02327638479
4361	0.02327377592
4362	0.02326842909
4363	0.02326017875
4364	0.02325270477
4365	0.02324990096
4366	0.02324474418
4367	0.02323810535
4368	0.02323617563
4369	0.02323090357
4370	0.02322474761
4371	0.02322347349
4372	0.02321725958
4373	0.02321125646
4374	0.02321039021
4375	0.02320722992
4376	0.0232028288
4377	0.02319538197
4378	0.02318737949
4379	0.02317583498
4380	0.02317244462
4381	0.02316790506
4382	0.02316295449
4383	0.02315631767
4384	0.02314756462
4385	0.02314353585
4386	0.02313836499
4387	0.02313628771
4388	0.02313330925
4389	0.02312451959
4390	0.02311927502
4391	0.02311509434
4392	0.02310834484
4393	0.02309830077
4394	0.02309343376
4395	0.02309082967
4396	0.02308633961
4397	0.02308274701
4398	0.02307420453
4399	0.02306763619
4400	0.02306020453
4401	0.02305690619
4402	0.02305214461
4403	0.02304627096
4404	0.02304422822
4405	0.02304261189
4406	0.02303704982
4407	0.02303026353
4408	0.02302571843
4409	0.02301900754
4410	0.02301350858
4411	0.02300342377
4412	0.02299851274
4413	0.02299344476
4414	0.02298849951
4415	0.02298144088
4416	0.02297985956
4417	0.02297613492
4418	0.02297315653
4419	0.02296709268
4420	0.02296065251
4421	0.02295562643
4422	0.02294814431
4423	0.02294268929
4424	0.02293741991
4425	0.02292724094
4426	0.02292215825
4427	0.02291324124
4428	0.02290632239
4429	0.02289864281
4430	0.02289677157
4431	0.02289088262
4432	0.02287710066
4433	0.02287088974
4434	0.02286031747
4435	0.02285442922
4436	0.02284776926
4437	0.02284008631
4438	0.02283561547
4439	0.02283444084
4440	0.02283132612
4441	0.02282650772
4442	0.02282223363
4443	0.02281572948
4444	0.02281002529
4445	0.02280566279
4446	0.02279909925
4447	0.02279237876
4448	0.02278575361
4449	0.02277289025
4450	0.02276996505
4451	0.02276540336
4452	0.02275424114
4453	0.02274811019
4454	0.02274566145
4455	0.02274008561
4456	0.02273526574
4457	0.02272210362
4458	0.02271509051
4459	0.02270715907
4460	0.02270409553
4461	0.02269498032
4462	0.02268780744
4463	0.02268103389
4464	0.02267537815
4465	0.02267014576
4466	0.02266310368
4467	0.02265849078
4468	0.02265371298
4469	0.02264984742
4470	0.02264690916
4471	0.02264545544
4472	0.02263183201
4473	0.02261838808
4474	0.02261424945
4475	0.02261284161
4476	0.02260951941
4477	0.02260554309
4478	0.02260007389
4479	0.02259084389
4480	0.02258625005
4481	0.02257782434
4482	0.0225698419
4483	0.02256699882
4484	0.02256211753
4485	0.02255582669
4486	0.0225485624
4487	0.02253442801
4488	0.02253037024
4489	0.0225216422
4490	0.02251282448
4491	0.02250672024
4492	0.0225027632
4493	0.02249746808
4494	0.02249231434
4495	0.02248077385
4496	0.0224704941
4497	0.02246775113
4498	0.02246631229
4499	0.02245784322
4500	0.02245344573
4501	0.02244671226
4502	0.02243699446
4503	0.02242940657
4504	0.02242367715
4505	0.02242003556
4506	0.02241392519
4507	0.02240746452
4508	0.02239752264
4509	0.02239207769
4510	0.02238771009
4511	0.0223852523
4512	0.02237882726
4513	0.02237428171
4514	0.02237190868
4515	0.0223686781
4516	0.02236161863
4517	0.02235818453
4518	0.02235222214
4519	0.02234370263
4520	0.0223306062
4521	0.0223216494
4522	0.022320227
4523	0.02231523116
4524	0.022313147
4525	0.02230846853
4526	0.02230365044
4527	0.02229657504
4528	0.02228904633
4529	0.02228402795
4530	0.02227899364
4531	0.02227209092
4532	0.02226711279
4533	0.02225980556
4534	0.02225674318
4535	0.0222467448
4536	0.02224067993
4537	0.02223100764
4538	0.02222240831
4539	0.02221571064
4540	0.02220549747
4541	0.0221959878
4542	0.02219121908
4543	0.02219066761
4544	0.02218670559
4545	0.0221837118
4546	0.02218176519
4547	0.02217051319
4548	0.02216501757
4549	0.02216290571
4550	0.02215618027
4551	0.02215241094
4552	0.02215102033
4553	0.02214255022
4554	0.02213994237
4555	0.02213556864
4556	0.02212831609
4557	0.02212558219
4558	0.02211801606
4559	0.02210779313
4560	0.02210757552
4561	0.0221041826
4562	0.0221020223
4563	0.02208757241
4564	0.02208098932
4565	0.0220736306
4566	0.02207029447
4567	0.02206249356
4568	0.02205323688
4569	0.02205010813
4570	0.02204714501
4571	0.02204325536
4572	0.02203492988
4573	0.02203217864
4574	0.02201891986
4575	0.02201029839
4576	0.02200575592
4577	0.02200264257
4578	0.02199920547
4579	0.02199487766
4580	0.02198159445
4581	0.0219808821
4582	0.02197354619
4583	0.02196660498
4584	0.02196156544
4585	0.02195846771
4586	0.02195278102
4587	0.02194490349
4588	0.02194013747
4589	0.02193535661
4590	0.02192975142
4591	0.02192535535
4592	0.02192136815
4593	0.02191082697
4594	0.02190904434
4595	0.0219053946
4596	0.02190025061
4597	0.02189009143
4598	0.02188283164
4599	0.02187016548
4600	0.02186780862
4601	0.02186050714
4602	0.02185845289
4603	0.02185532099
4604	0.02185015136
4605	0.02184781501
4606	0.02183999265
4607	0.02183267584
4608	0.02182885207
4609	0.02182511248
4610	0.02181420132
4611	0.02180701178
4612	0.02180455882
4613	0.02179915501
4614	0.02179478873
4615	0.02178792645
4616	0.02177879999
4617	0.02177077357
4618	0.02176569942
4619	0.02175625757
4620	0.02175288077
4621	0.02174880216
4622	0.02173927017
4623	0.02173378849
4624	0.02173052036
4625	0.02172479263
4626	0.02171528327
4627	0.02171257823
4628	0.02170831156
4629	0.02169594444
4630	0.02169197819
4631	0.02168605156
4632	0.02168057271
4633	0.02167656725
4634	0.02167006334
4635	0.0216661678
4636	0.02166393293
4637	0.02165820646
4638	0.02164753145
4639	0.0216442229
4640	0.02163485179
4641	0.02163301465
4642	0.02162737677
4643	0.02161993364
4644	0.02161599253
4645	0.0216104783
4646	0.02160183437
4647	0.02159664172
4648	0.02158673432
4649	0.02158618239
4650	0.02158111781
4651	0.02157884303
4652	0.02157597941
4653	0.02156970825
4654	0.02156492131
4655	0.02156482089
4656	0.02155362639
4657	0.02155058888
4658	0.02153903894
4659	0.02153653864
4660	0.02152679402
4661	0.02151863659
4662	0.02151101775
4663	0.02150500881
4664	0.02150145026
4665	0.02149678245
4666	0.02149045299
4667	0.02148567565
4668	0.02148333182
4669	0.02147821542
4670	0.021472262
4671	0.02146334747
4672	0.02145868531
4673	0.02145424502
4674	0.02144974699
4675	0.02144305627
4676	0.02143770325
4677	0.02143112356
4678	0.02142978435
4679	0.02142664086
4680	0.0214213003
4681	0.02141491782
4682	0.02141123293
4683	0.02140479496
4684	0.02140154341
4685	0.02139122278
4686	0.02138647041
4687	0.02138218741
4688	0.02136543399
4689	0.02136251682
4690	0.02135542974
4691	0.02135263025
4692	0.0213445034
4693	0.02133622165
4694	0.02133380772
4695	0.02133139404
4696	0.02132534484
4697	0.02131895182
4698	0.02131307572
4699	0.02131168666
4700	0.02130083144
4701	0.02130035675
4702	0.02129719336
4703	0.02129323089
4704	0.02129140622
4705	0.02128851649
4706	0.02128113905
4707	0.02127506456
4708	0.02127208286
4709	0.02126815317
4710	0.02126318457
4711	0.02126007736
4712	0.02125141692
4713	0.02124195265
4714	0.02124003076
4715	0.02123980084
4716	0.02123646974
4717	0.021225536
4718	0.0212185641
4719	0.02121410355
4720	0.02121304814
4721	0.02121058965
4722	0.02120521457
4723	0.02120239674
4724	0.02119233892
4725	0.02118044305
4726	0.02117413687
4727	0.02116969581
4728	0.02116621634
4729	0.02116305619
4730	0.02116081268
4731	0.02115528423
4732	0.02115074921
4733	0.02114108476
4734	0.02113511874
4735	0.02112723932
4736	0.02111993031
4737	0.02111555104
4738	0.02111226335
4739	0.02110607369
4740	0.0211021182
4741	0.021099929
4742	0.0210965051
4743	0.02109324652
4744	0.02109191032
4745	0.0210849588
4746	0.02107127041
4747	0.0210672509
4748	0.02105718909
4749	0.02105324274
4750	0.02105124624
4751	0.02104466911
4752	0.02103900458
4753	0.02103186395
4754	0.02102984715
4755	0.0210226822
4756	0.02101960839
4757	0.02101284404
4758	0.02100536577
4759	0.02100247737
4760	0.02099750189
4761	0.02099407979
4762	0.02098975566
4763	0.02098209895
4764	0.02097497432
4765	0.02097207186
4766	0.0209614833
4767	0.02095779371
4768	0.02095566106
4769	0.02094662787
4770	0.02094326088
4771	0.02093198571
4772	0.02092024837
4773	0.02091696089
4774	0.02091074745
4775	0.0209082163
4776	0.02090383253
4777	0.02089971077
4778	0.02089406241
4779	0.02088595049
4780	0.02088124055
4781	0.02087273776
4782	0.02086992268
4783	0.02086663673
4784	0.0208611639
4785	0.02085797519
4786	0.02085583628
4787	0.02085253616
4788	0.02084958602
4789	0.02084496139
4790	0.02083419349
4791	0.02082682909
4792	0.02081566958
4793	0.02080609189
4794	0.02080198506
4795	0.02079244049
4796	0.02078558666
4797	0.02078258492
4798	0.02078048008
4799	0.02077773693
4800	0.02077293006
4801	0.0207660014
4802	0.02076368212
4803	0.02076257789
4804	0.02075542743
4805	0.02074915575
4806	0.0207374133
4807	0.02073530249
4808	0.02073388158
4809	0.02073175213
4810	0.0207232035
4811	0.02072192177
4812	0.02071445336
4813	0.02070860074
4814	0.02070340819
4815	0.02069837643
4816	0.02069073715
4817	0.0206884203
4818	0.02068476149
4819	0.0206818596
4820	0.02067585446
4821	0.02067349301
4822	0.02066674704
4823	0.02065862583
4824	0.02065652284
4825	0.02065278889
4826	0.02065160177
4827	0.0206500331
4828	0.02064693966
4829	0.02064371488
4830	0.02064134557
4831	0.02063165992
4832	0.02062335307
4833	0.02061569097
4834	0.02061090351
4835	0.02059876566
4836	0.02059694882
4837	0.02058791716
4838	0.0205837159
4839	0.02057498923
4840	0.02057072608
4841	0.02056438825
4842	0.02055951481
4843	0.02055315051
4844	0.02055082282
4845	0.02054907436
4846	0.02054688439
4847	0.02054105768
4848	0.02053775339
4849	0.02053527719
4850	0.02053454733
4851	0.02052347857
4852	0.02051852645
4853	0.02051616518
4854	0.02051555002
4855	0.0205124502
4856	0.02050590792
4857	0.02050218063
4858	0.02049733052
4859	0.02049438718
4860	0.02049146101
4861	0.02048983763
4862	0.0204831753
4863	0.02047970265
4864	0.02047691085
4865	0.02046868011
4866	0.02046210113
4867	0.02045669316
4868	0.02045522796
4869	0.02044878774
4870	0.0204436118
4871	0.02043956641
4872	0.02043301349
4873	0.02042935917
4874	0.02042594998
4875	0.02042156815
4876	0.02041624621
4877	0.0204115388
4878	0.02040956163
4879	0.02040670337
4880	0.02040456259
4881	0.02040095234
4882	0.02039644059
4883	0.02038931497
4884	0.02038747033
4885	0.02038564354
4886	0.0203849151
4887	0.0203800637
4888	0.02037998541
4889	0.02037886829
4890	0.02037446199
4891	0.02037103455
4892	0.02036425575
4893	0.02036183203
4894	0.02035469135
4895	0.02034004022
4896	0.02033624733
4897	0.02033420409
4898	0.02032767797
4899	0.0203232229
4900	0.02032018784
4901	0.02031967568
4902	0.02031370088
4903	0.02031035352
4904	0.02030548138
4905	0.02029074177
4906	0.02028738491
4907	0.02028570316
4908	0.02027941972
4909	0.02027707385
4910	0.02027347553
4911	0.02026959559
4912	0.02026715172
4913	0.02026079039
4914	0.02025526917
4915	0.02024664594
4916	0.02024405609
4917	0.02024090776
4918	0.02023612474
4919	0.02022537446
4920	0.02022121127
4921	0.02021538936
4922	0.02020904661
4923	0.02020244499
4924	0.02019476627
4925	0.02018848223
4926	0.02018507686
4927	0.02017949814
4928	0.0201735131
4929	0.02016794719
4930	0.02016177931
4931	0.02015257361
4932	0.0201463005
4933	0.02013939365
4934	0.02013603532
4935	0.02012803793
4936	0.0201247207
4937	0.02011785097
4938	0.0201110959
4939	0.02010264128
4940	0.02009532323
4941	0.02009096623
4942	0.0200866506
4943	0.02008272427
4944	0.0200764484
4945	0.02007333516
4946	0.02006581348
4947	0.02006159059
4948	0.02005168562
4949	0.02004728488
4950	0.02004113554
4951	0.02003061551
4952	0.02002256866
4953	0.02001139209
4954	0.02000487809
4955	0.02000097343
4956	0.01999659592
4957	0.01999012737
4958	0.01998421021
4959	0.01997852098
4960	0.01997414466
4961	0.01997084782
4962	0.01996789986
4963	0.0199613838
4964	0.0199586921
4965	0.01995513227
4966	0.0199513041
4967	0.01994877193
4968	0.01994377523
4969	0.01994032164
4970	0.01993721917
4971	0.01993432344
4972	0.01993284259
4973	0.01992639038
4974	0.01992285848
4975	0.01991951998
4976	0.0199181372
4977	0.01991515762
4978	0.01991000019
4979	0.0199067043
4980	0.01989778422
4981	0.01988971065
4982	0.01988114965
4983	0.01987954518
4984	0.01987603111
4985	0.01987339989
4986	0.01987020947
4987	0.01986694355
4988	0.01985951634
4989	0.01985628359
4990	0.01984718501
4991	0.01984484909
4992	0.01983631669
4993	0.01983320962
4994	0.01983095604
4995	0.01982767122
4996	0.01982255632
4997	0.0198206366
4998	0.01981781922
4999	0.01981180071
5000	0.01980884051
5001	0.01980642143
5002	0.01980428578
5003	0.01980030244
5004	0.01979143876
5005	0.01978708085
5006	0.01978281424
5007	0.01978066327
5008	0.0197713878
5009	0.01976716129
5010	0.01976662197
5011	0.01975944344
5012	0.01975439968
5013	0.01974659067
5014	0.01974541539
5015	0.01973784976
5016	0.01973358769
5017	0.01972806222
5018	0.0197238438
5019	0.01971878349
5020	0.01971434048
5021	0.01971118937
5022	0.01970812785
5023	0.01970698849
5024	0.01970414738
5025	0.01969890298
5026	0.01969344228
5027	0.01968964625
5028	0.01968733902
5029	0.01968505219
5030	0.01968032098
5031	0.01967411343
5032	0.01967082519
5033	0.01966988694
5034	0.01966440064
5035	0.01965909664
5036	0.01965497004
5037	0.01965010334
5038	0.01964475351
5039	0.0196426039
5040	0.01964103839
5041	0.01963663232
5042	0.01962960273
5043	0.01962622048
5044	0.01962072862
5045	0.01961186547
5046	0.01960499054
5047	0.0195993311
5048	0.01959625915
5049	0.01959122294
5050	0.01958320498
5051	0.01957992784
5052	0.01957412058
5053	0.0195708911
5054	0.01956740108
5055	0.01955913568
5056	0.01955384563
5057	0.01954619412
5058	0.01954230908
5059	0.01953045279
5060	0.01952607355
5061	0.01951839702
5062	0.01951070523
5063	0.01950726859
5064	0.01950411562
5065	0.01949913606
5066	0.01949782913
5067	0.01949341238
5068	0.01949088496
5069	0.01947952989
5070	0.01947762767
5071	0.01947205169
5072	0.01946701737
5073	0.01946267599
5074	0.0194609983
5075	0.01945383215
5076	0.01945322231
5077	0.01944650239
5078	0.0194393475
5079	0.01943408971
5080	0.01942920559
5081	0.01942213345
5082	0.01941857189
5083	0.0194127558
5084	0.01939942513
5085	0.01939762422
5086	0.01939517515
5087	0.01939263069
5088	0.01938679421
5089	0.01937931666
5090	0.01937517557
5091	0.01936568285
5092	0.01935836996
5093	0.01935541915
5094	0.01935501915
5095	0.01934843616
5096	0.01934479668
5097	0.01934347223
5098	0.01933907815
5099	0.01932703269
5100	0.01932324518
5101	0.01931870471
5102	0.01931786045
5103	0.01931383177
5104	0.01930969857
5105	0.01930383759
5106	0.01929824788
5107	0.01929297914
5108	0.01928404832
5109	0.019280417
5110	0.01927232454
5111	0.01926833085
5112	0.01925939197
5113	0.0192566043
5114	0.01924970949
5115	0.01924661123
5116	0.01924271116
5117	0.01924036759
5118	0.01923625243
5119	0.01922982758
5120	0.01922606082
5121	0.01921976931
5122	0.01921515695
5123	0.0192120582
5124	0.01921000737
5125	0.0192043758
5126	0.0191991643
5127	0.01918976968
5128	0.01918819231
5129	0.01918222653
5130	0.01917445136
5131	0.01916575159
5132	0.01916154763
5133	0.01915704249
5134	0.01915340315
5135	0.01914840402
5136	0.01914201838
5137	0.01913396892
5138	0.0191272246
5139	0.0191220965
5140	0.01911826408
5141	0.01911760171
5142	0.01911655087
5143	0.01911151076
5144	0.01911003927
5145	0.01910088136
5146	0.01909774322
5147	0.01909014436
5148	0.0190854907
5149	0.01908444807
5150	0.01907976961
5151	0.01907554929
5152	0.01907268073
5153	0.01906817725
5154	0.01906342574
5155	0.01905810998
5156	0.01905356562
5157	0.01905083351
5158	0.01904208494
5159	0.01904040436
5160	0.01903087147
5161	0.01902943486
5162	0.01902409064
5163	0.01901867315
5164	0.01901357606
5165	0.01900821878
5166	0.01900690258
5167	0.01900166979
5168	0.01899808877
5169	0.01898971828
5170	0.01898302873
5171	0.01897134813
5172	0.0189692617
5173	0.01896233687
5174	0.01896068751
5175	0.01895402242
5176	0.01895152151
5177	0.01894482294
5178	0.01893730437
5179	0.01893320057
5180	0.01893073949
5181	0.01892618126
5182	0.01892161716
5183	0.01891706926
5184	0.01890953211
5185	0.0189035219
5186	0.01889982141
5187	0.01889742658
5188	0.01889298324
5189	0.01888850573
5190	0.01888525653
5191	0.01888219537
5192	0.01887729065
5193	0.01887152288
5194	0.01887057511
5195	0.018868067
5196	0.01886683658
5197	0.01886183559
5198	0.01885478467
5199	0.01885064294
5200	0.01884612127
5201	0.01883917805
5202	0.01883472557
5203	0.0188256316
5204	0.01882066315
5205	0.0188135919
5206	0.01880618533
5207	0.01879783688
5208	0.01879417732
5209	0.01878493815
5210	0.01878051646
5211	0.01877849303
5212	0.01877249285
5213	0.0187694216
5214	0.01876562116
5215	0.0187597917
5216	0.01875533482
5217	0.01874769464
5218	0.01874515346
5219	0.01874092996
5220	0.01873571483
5221	0.01872677903
5222	0.018724815
5223	0.0187204897
5224	0.01871523895
5225	0.01870563647
5226	0.01870247244
5227	0.01869169303
5228	0.0186868229
5229	0.01868312174
5230	0.01868083315
5231	0.01867655305
5232	0.01867127008
5233	0.01866818639
5234	0.01866623734
5235	0.01866094538
5236	0.01865675822
5237	0.0186527872
5238	0.01864519564
5239	0.01863738055
5240	0.01863260813
5241	0.01863041552
5242	0.01862446421
5243	0.01861309427
5244	0.01860587434
5245	0.01859565601
5246	0.0185887331
5247	0.01858513365
5248	0.01858055435
5249	0.01857407693
5250	0.0185717153
5251	0.01856986871
5252	0.01856697263
5253	0.01856305801
5254	0.01855884201
5255	0.01855462653
5256	0.01855329527
5257	0.01854804774
5258	0.01854458647
5259	0.01853867021
5260	0.01853362224
5261	0.01853304012
5262	0.01852855653
5263	0.0185245626
5264	0.0185167485
5265	0.01851153434
5266	0.01850409864
5267	0.01849816849
5268	0.01849387055
5269	0.01848501248
5270	0.01848322495
5271	0.01848015436
5272	0.01847408415
5273	0.01847170549
5274	0.0184682149
5275	0.01846556447
5276	0.0184633473
5277	0.01846152544
5278	0.01845578903
5279	0.01845361996
5280	0.01844647542
5281	0.01844190026
5282	0.01844033271
5283	0.0184383525
5284	0.01843760099
5285	0.01843118525
5286	0.01842461137
5287	0.01841282717
5288	0.01840977106
5289	0.01840813465
5290	0.0184002604
5291	0.01839608016
5292	0.01839100099
5293	0.01838556155
5294	0.01838009088
5295	0.01837658635
5296	0.01837264743
5297	0.0183701539
5298	0.0183676139
5299	0.01836545144
5300	0.01835926025
5301	0.01835260038
5302	0.01834821033
5303	0.01834439566
5304	0.01833700648
5305	0.01833067489
5306	0.01832840232
5307	0.0183207861
5308	0.01831951102
5309	0.01830976975
5310	0.01830590786
5311	0.01830214301
5312	0.01829514952
5313	0.01829103305
5314	0.01828453769
5315	0.01828268254
5316	0.0182780589
5317	0.01827332618
5318	0.01826707157
5319	0.01825821907
5320	0.01825283669
5321	0.01824922959
5322	0.01824613782
5323	0.01823987316
5324	0.01823299144
5325	0.018229789
5326	0.01822312708
5327	0.01821641938
5328	0.01821291286
5329	0.01820729784
5330	0.01820164103
5331	0.0181964031
5332	0.01819012152
5333	0.01818308792
5334	0.01817802229
5335	0.01817378958
5336	0.01817002309
5337	0.01816672473
5338	0.01816196451
5339	0.0181577357
5340	0.01814771499
5341	0.0181450023
5342	0.01814187576
5343	0.01813872492
5344	0.01813482266
5345	0.01812932651
5346	0.01812466218
5347	0.01811898822
5348	0.01811114001
5349	0.01810697107
5350	0.01810337336
5351	0.01810028272
5352	0.01809414034
5353	0.01809403637
5354	0.01809190405
5355	0.01809109109
5356	0.01808326465
5357	0.01808127013
5358	0.01807479116
5359	0.01807171177
5360	0.0180692318
5361	0.01806577223
5362	0.01805823136
5363	0.01805385555
5364	0.01805041814
5365	0.0180447224
5366	0.01803575232
5367	0.01803341201
5368	0.01802654219
5369	0.01802561697
5370	0.01801973442
5371	0.01801853464
5372	0.01801377416
5373	0.01801015261
5374	0.01800806903
5375	0.01800232261
5376	0.01799771811
5377	0.01799129538
5378	0.01798809404
5379	0.01798501718
5380	0.01798246633
5381	0.01798069383
5382	0.01797629547
5383	0.01797202316
5384	0.01796578475
5385	0.0179616449
5386	0.0179581524
5387	0.01795457122
5388	0.0179496362
5389	0.01794809583
5390	0.01794444824
5391	0.01794308284
5392	0.0179403793
5393	0.01793404012
5394	0.01792780467
5395	0.01791993695
5396	0.01791672901
5397	0.01791252011
5398	0.01791094442
5399	0.01790819717
5400	0.01790366366
5401	0.01789907785
5402	0.01789256153
5403	0.01789096692
5404	0.01788485021
5405	0.01788068863
5406	0.0178776339
5407	0.01787478738
5408	0.01787083743
5409	0.01786492277
5410	0.01786105725
5411	0.01785711729
5412	0.01785081251
5413	0.01784898752
5414	0.0178454228
5415	0.01784104904
5416	0.01783624906
5417	0.01783400545
5418	0.01783155076
5419	0.01783032451
5420	0.01782817382
5421	0.01782533497
5422	0.01782356873
5423	0.01781723202
5424	0.01781540482
5425	0.01780595387
5426	0.01779896239
5427	0.01779572347
5428	0.01779406709
5429	0.01778766278
5430	0.01778460886
5431	0.0177787366
5432	0.01777315649
5433	0.01777035487
5434	0.01776752413
5435	0.01776216476
5436	0.0177576163
5437	0.01775504721
5438	0.01775244552
5439	0.01775052294
5440	0.01774726675
5441	0.017742085
5442	0.01773840711
5443	0.01773415874
5444	0.01773031491
5445	0.01772252457
5446	0.01771539452
5447	0.01770939725
5448	0.01770021696
5449	0.01769568213
5450	0.01769484494
5451	0.01769167448
5452	0.01768721337
5453	0.01768643261
5454	0.01768409198
5455	0.01768119033
5456	0.01767877116
5457	0.01767463085
5458	0.01767145509
5459	0.01766436157
5460	0.01765744253
5461	0.01765517149
5462	0.01765132547
5463	0.0176477661
5464	0.01764734428
5465	0.01763771003
5466	0.017630418
5467	0.01762856963
5468	0.01762169171
5469	0.01761805004
5470	0.01761489188
5471	0.01761209606
5472	0.01760744001
5473	0.01760556592
5474	0.01759989123
5475	0.01759427377
5476	0.01759260509
5477	0.01759107547
5478	0.01758436955
5479	0.01758412574
5480	0.01757683984
5481	0.01757260043
5482	0.01757064649
5483	0.01756707307
5484	0.01756348954
5485	0.01756187987
5486	0.01756035396
5487	0.01755649715
5488	0.01755084058
5489	0.01754761042
5490	0.01754510893
5491	0.01753982601
5492	0.01753728089
5493	0.01752757812
5494	0.01752184904
5495	0.0175189877
5496	0.01751583048
5497	0.0175147098
5498	0.01751256117
5499	0.01750607505
5500	0.01750212907
5501	0.01749972215
5502	0.01749261944
5503	0.01748801701
5504	0.01748091564
5505	0.01747871853
5506	0.01747452343
5507	0.01747039322
5508	0.01746128481
5509	0.01745750952
5510	0.01745460148
5511	0.01744794448
5512	0.01744574574
5513	0.01743836271
5514	0.01743264297
5515	0.01742772038
5516	0.01742309065
5517	0.01742098902
5518	0.01741855462
5519	0.01741259747
5520	0.0174082622
5521	0.01740256647
5522	0.01739596013
5523	0.01739054842
5524	0.01738884652
5525	0.01738231739
5526	0.01737748743
5527	0.01737303177
5528	0.01737209693
5529	0.01736561114
5530	0.01736405108
5531	0.01736156556
5532	0.01735750171
5533	0.01735572982
5534	0.01735005728
5535	0.01734608164
5536	0.01734493275
5537	0.01733997982
5538	0.01733433094
5539	0.01732645953
5540	0.01732442958
5541	0.0173225295
5542	0.01731384743
5543	0.01731363446
5544	0.01731113629
5545	0.0173045998
5546	0.01730264141
5547	0.01729974123
5548	0.01729584337
5549	0.01729301367
5550	0.01729111044
5551	0.01728782003
5552	0.01727891981
5553	0.01727625883
5554	0.01727538283
5555	0.01727299444
5556	0.01727181893
5557	0.01726884884
5558	0.01726635677
5559	0.01726384251
5560	0.01726156735
5561	0.01725542222
5562	0.01725082785
5563	0.01724514466
5564	0.01723974853
5565	0.01723484811
5566	0.01722437003
5567	0.01721571246
5568	0.01720979743
5569	0.01720488128
5570	0.01720035721
5571	0.01719172193
5572	0.01718762299
5573	0.01718526727
5574	0.01718295845
5575	0.01718003135
5576	0.01717772208
5577	0.01716735883
5578	0.01716481929
5579	0.01716158018
5580	0.01715672978
5581	0.01715340029
5582	0.01715118927
5583	0.01714855836
5584	0.01714039439
5585	0.01713894842
5586	0.01713015916
5587	0.01712214838
5588	0.01711725574
5589	0.01711359231
5590	0.01711155943
5591	0.01710832888
5592	0.01710487208
5593	0.01709861336
5594	0.01709665183
5595	0.01709151972
5596	0.0170866837
5597	0.01708286825
5598	0.01707912072
5599	0.01707265691
5600	0.01707149618
5601	0.01706735856
5602	0.01706200789
5603	0.01705344748
5604	0.01705044033
5605	0.01704625053
5606	0.01704334574
5607	0.01704039895
5608	0.01703855239
5609	0.01703538679
5610	0.01702763758
5611	0.01702366826
5612	0.01701950471
5613	0.01701615739
5614	0.01701233249
5615	0.01700986676
5616	0.01700776402
5617	0.01700108044
5618	0.0169996805
5619	0.01699496978
5620	0.01699085714
5621	0.01698875578
5622	0.01698738921
5623	0.01698297695
5624	0.01697759751
5625	0.0169739742
5626	0.01697019329
5627	0.01696754143
5628	0.01696204589
5629	0.01696023574
5630	0.01695793154
5631	0.01695429743
5632	0.01695114358
5633	0.01694524083
5634	0.0169375205
5635	0.01693234367
5636	0.01693095223
5637	0.01692715008
5638	0.01692355253
5639	0.01692343688
5640	0.01691877676
5641	0.01691657377
5642	0.01691111595
5643	0.01690725028
5644	0.01690204357
5645	0.01689670276
5646	0.01688987134
5647	0.01688682294
5648	0.01688089686
5649	0.01687352893
5650	0.01686724307
5651	0.01686050418
5652	0.01685382478
5653	0.01684956384
5654	0.01684470754
5655	0.01684108483
5656	0.0168379749
5657	0.01683218389
5658	0.01682554696
5659	0.01682250599
5660	0.01682123838
5661	0.0168190045
5662	0.01681249849
5663	0.01680649992
5664	0.01680106813
5665	0.01679573116
5666	0.01679392628
5667	0.01679068143
5668	0.01678769695
5669	0.01678394979
5670	0.01678081207
5671	0.01677899721
5672	0.01677381592
5673	0.01677324533
5674	0.01677036807
5675	0.01676833165
5676	0.01676425719
5677	0.01675998784
5678	0.01675691478
5679	0.01675187924
5680	0.01674860291
5681	0.01674586757
5682	0.01673810472
5683	0.01673438155
5684	0.01672805618
5685	0.01672339848
5686	0.01672096758
5687	0.01672041647
5688	0.01671709735
5689	0.0167111695
5690	0.01670523241
5691	0.01669876589
5692	0.01669445771
5693	0.01668997592
5694	0.01668718067
5695	0.01668609833
5696	0.01668360865
5697	0.01668328
5698	0.0166795269
5699	0.0166774648
5700	0.0166667363
5701	0.01666279166
5702	0.01666046747
5703	0.01665633697
5704	0.01665387219
5705	0.01664787839
5706	0.01664468888
5707	0.01664130208
5708	0.01663890722
5709	0.01663728483
5710	0.01663278014
5711	0.01663270029
5712	0.01663120788
5713	0.01662908906
5714	0.01662471799
5715	0.01662239614
5716	0.01661658744
5717	0.01661306777
5718	0.016609729
5719	0.01660654441
5720	0.01660467828
5721	0.01660370416
5722	0.01659582664
5723	0.01659263095
5724	0.01658896682
5725	0.01658591364
5726	0.01658305795
5727	0.01657854842
5728	0.01657346641
5729	0.01656921197
5730	0.01656485949
5731	0.01656327471
5732	0.0165628366
5733	0.01655568418
5734	0.01655222642
5735	0.01654832349
5736	0.01654310761
5737	0.01653969165
5738	0.01653644761
5739	0.0165347017
5740	0.01653183623
5741	0.01652871075
5742	0.01652482411
5743	0.01651641911
5744	0.01651319473
5745	0.01650928481
5746	0.01650882315
5747	0.0165073037
5748	0.01650104949
5749	0.01649676505
5750	0.0164936196
5751	0.01649064437
5752	0.01648574213
5753	0.01648366385
5754	0.01648116962
5755	0.0164768164
5756	0.01647541906
5757	0.01646836209
5758	0.01646481115
5759	0.01645972284
5760	0.01645883115
5761	0.01645748034
5762	0.01645476993
5763	0.01645273625
5764	0.01644949752
5765	0.01644628338
5766	0.01643988572
5767	0.01643789899
5768	0.01643004261
5769	0.01642596072
5770	0.01641909505
5771	0.0164162601
5772	0.01641316718
5773	0.01640948491
5774	0.01640672683
5775	0.01640211385
5776	0.01639699696
5777	0.01638861625
5778	0.01638371604
5779	0.01638131724
5780	0.01637827732
5781	0.01637615425
5782	0.01636993296
5783	0.01636515509
5784	0.01635961616
5785	0.01635762192
5786	0.0163533078
5787	0.01635127574
5788	0.01634868929
5789	0.01634482504
5790	0.01634048659
5791	0.01633686248
5792	0.01633189724
5793	0.01632756014
5794	0.0163271523
5795	0.01632114694
5796	0.0163146401
5797	0.01631260319
5798	0.01630918387
5799	0.01630809991
5800	0.01630220726
5801	0.01629835222
5802	0.01629727399
5803	0.01629266229
5804	0.01628951142
5805	0.01628438181
5806	0.01627752145
5807	0.01627350789
5808	0.01627003078
5809	0.01626724126
5810	0.01626445063
5811	0.01626085214
5812	0.01625675681
5813	0.01625299574
5814	0.01624955932
5815	0.01624604927
5816	0.01624165198
5817	0.01624104776
5818	0.01623750996
5819	0.0162354946
5820	0.01623331837
5821	0.01622936306
5822	0.01622804581
5823	0.01622446877
5824	0.01621986013
5825	0.01621645889
5826	0.01621297754
5827	0.01621039817
5828	0.01620466262
5829	0.01620166748
5830	0.01619750063
5831	0.01619319327
5832	0.0161892407
5833	0.01618401895
5834	0.0161794847
5835	0.01617738448
5836	0.01616769757
5837	0.01616485995
5838	0.01616399949
5839	0.01616028268
5840	0.01615502829
5841	0.01615423205
5842	0.01615124215
5843	0.01614855905
5844	0.01614456267
5845	0.01613955016
5846	0.01613645332
5847	0.01613213742
5848	0.01612703352
5849	0.01612306941
5850	0.01612033309
5851	0.01611945777
5852	0.01611622796
5853	0.01611242004
5854	0.01610868673
5855	0.01610440254
5856	0.01610051084
5857	0.01609311132
5858	0.01608888522
5859	0.01607970492
5860	0.01607673854
5861	0.01606794627
5862	0.01606304818
5863	0.01606038793
5864	0.01605698387
5865	0.0160526253
5866	0.01604692405
5867	0.01604167461
5868	0.01603813212
5869	0.01603392532
5870	0.01602607019
5871	0.01602531736
5872	0.01602212978
5873	0.01602078958
5874	0.01601561721
5875	0.0160114832
5876	0.01600965673
5877	0.01600256662
5878	0.01600141601
5879	0.01599877176
5880	0.01599409269
5881	0.01599203528
5882	0.01598640536
5883	0.01598350936
5884	0.01598025692
5885	0.01597825255
5886	0.01597503799
5887	0.01597142382
5888	0.01596831112
5889	0.01596287025
5890	0.01595785451
5891	0.01595463905
5892	0.01595262243
5893	0.01595135112
5894	0.01594880732
5895	0.01594563523
5896	0.01594208843
5897	0.01593853845
5898	0.01593354919
5899	0.0159327669
5900	0.01592586912
5901	0.0159239996
5902	0.0159216034
5903	0.01591817283
5904	0.01591566679
5905	0.01591310636
5906	0.01590946982
5907	0.01590540143
5908	0.01590281873
5909	0.01589901542
5910	0.01589572084
5911	0.01589101679
5912	0.01588257893
5913	0.01587657112
5914	0.0158674649
5915	0.01586434145
5916	0.01585973553
5917	0.01585818653
5918	0.0158548601
5919	0.01584991992
5920	0.01584249802
5921	0.01583601288
5922	0.01583150276
5923	0.01582670153
5924	0.01582467797
5925	0.01582102594
5926	0.01581674501
5927	0.01581423216
5928	0.01580791349
5929	0.01579966743
5930	0.01579797935
5931	0.01579366653
5932	0.0157923519
5933	0.01578711568
5934	0.01578326876
5935	0.01578168524
5936	0.01577445326
5937	0.01577096988
5938	0.01576531343
5939	0.01576149862
5940	0.01575951565
5941	0.01575429224
5942	0.01575234022
5943	0.01574848022
5944	0.01574509553
5945	0.01574417954
5946	0.01574232577
5947	0.01574122444
5948	0.01573610219
5949	0.01573406891
5950	0.01573200504
5951	0.01572787881
5952	0.01572346607
5953	0.01571902936
5954	0.01571739061
5955	0.01571356499
5956	0.01570721533
5957	0.01570025952
5958	0.01569568124
5959	0.01569332666
5960	0.01569200111
5961	0.01569047151
5962	0.01568605738
5963	0.01568313168
5964	0.01567967458
5965	0.01567612425
5966	0.01566793248
5967	0.01566324695
5968	0.01565559191
5969	0.01565017666
5970	0.01564696583
5971	0.01564462951
5972	0.01564170191
5973	0.01563297462
5974	0.01563071433
5975	0.01562817569
5976	0.01562633244
5977	0.01562433083
5978	0.01561998383
5979	0.01561939323
5980	0.01561596944
5981	0.01561384858
5982	0.01560908848
5983	0.01560769718
5984	0.01560436858
5985	0.01559994126
5986	0.0155979469
5987	0.01559339447
5988	0.01559118146
5989	0.01558414833
5990	0.01558271477
5991	0.01557543781
5992	0.01557045145
5993	0.015568809
5994	0.01556574135
5995	0.0155644963
5996	0.01555842311
5997	0.01555393643
5998	0.01555088948
5999	0.01554348686
6000	0.01554021925
6001	0.01553379076
6002	0.01552555323
6003	0.01552075966
6004	0.01551928021
6005	0.01551722954
6006	0.01551242048
6007	0.01550789234
6008	0.0155012031
6009	0.01549992438
6010	0.01549374134
6011	0.01549137715
6012	0.01548880461
6013	0.01548412654
6014	0.01547778581
6015	0.01547338579
6016	0.01547216665
6017	0.01547020006
6018	0.01546777064
6019	0.01546127906
6020	0.01545872026
6021	0.01545309072
6022	0.01544890608
6023	0.01544575063
6024	0.01544269137
6025	0.01543918781
6026	0.01543697828
6027	0.01543411439
6028	0.01542797157
6029	0.01541939871
6030	0.0154123438
6031	0.01540909586
6032	0.01540662094
6033	0.01540253428
6034	0.01539873042
6035	0.01539664458
6036	0.01539438474
6037	0.01539275175
6038	0.01538982672
6039	0.01538709599
6040	0.01538274442
6041	0.01537817453
6042	0.01537357416
6043	0.01537121518
6044	0.01536750408
6045	0.01536668819
6046	0.01536351227
6047	0.01535941192
6048	0.01535642398
6049	0.01535165668
6050	0.01535146078
6051	0.01534945894
6052	0.01534774688
6053	0.0153459079
6054	0.01534359501
6055	0.01534067337
6056	0.01533378184
6057	0.01532965279
6058	0.01532716468
6059	0.01532442069
6060	0.01532229948
6061	0.01532040048
6062	0.01531498123
6063	0.01531382486
6064	0.01530991933
6065	0.0153054468
6066	0.01530266498
6067	0.01530172093
6068	0.015297145
6069	0.01528826979
6070	0.0152853929
6071	0.01528094084
6072	0.01527350509
6073	0.01526927136
6074	0.01526357166
6075	0.01525862017
6076	0.01525548638
6077	0.01525385802
6078	0.01525169678
6079	0.01525061864
6080	0.01524995691
6081	0.01524877197
6082	0.01524867809
6083	0.0152468858
6084	0.01524278759
6085	0.01523924492
6086	0.01523661424
6087	0.01523063728
6088	0.01522907562
6089	0.0152270287
6090	0.01522328407
6091	0.01522065849
6092	0.01521185182
6093	0.01520788778
6094	0.01520047545
6095	0.01519648018
6096	0.01519218451
6097	0.01518882224
6098	0.01518583075
6099	0.01518322132
6100	0.01518047072
6101	0.01517870003
6102	0.01517634109
6103	0.01517078366
6104	0.01516567595
6105	0.01516361429
6106	0.01515784919
6107	0.01515575329
6108	0.01515168808
6109	0.01514874336
6110	0.01514419557
6111	0.01513979813
6112	0.01513913274
6113	0.01513500326
6114	0.01513342891
6115	0.01513235069
6116	0.01512731664
6117	0.01512724836
6118	0.01512257439
6119	0.01511917839
6120	0.01511546519
6121	0.01510972841
6122	0.0151048515
6123	0.01509824954
6124	0.01509369277
6125	0.01509142094
6126	0.01509054409
6127	0.01508895181
6128	0.01508625388
6129	0.01508131338
6130	0.01507591607
6131	0.01506927105
6132	0.01506459389
6133	0.01505968672
6134	0.0150547849
6135	0.01505241314
6136	0.01505098927
6137	0.0150460676
6138	0.01504081087
6139	0.01503485238
6140	0.01503235482
6141	0.01502808569
6142	0.01502112975
6143	0.01501911201
6144	0.01501368061
6145	0.0150078832
6146	0.01500407075
6147	0.0150018355
6148	0.01499714123
6149	0.01499250309
6150	0.01498947461
6151	0.01498761343
6152	0.01498161374
6153	0.01498089913
6154	0.01497632115
6155	0.01497556485
6156	0.01497183784
6157	0.01496847957
6158	0.01496708924
6159	0.01496547167
6160	0.0149620487
6161	0.0149606094
6162	0.01495592316
6163	0.01495254032
6164	0.01494499693
6165	0.01494099574
6166	0.01494013548
6167	0.01493913701
6168	0.01493478194
6169	0.0149298454
6170	0.01492779269
6171	0.01492507429
6172	0.01492200199
6173	0.0149180502
6174	0.01491282105
6175	0.01490805742
6176	0.01490591575
6177	0.01490331665
6178	0.0148996903
6179	0.01489477565
6180	0.01489163963
6181	0.0148897633
6182	0.01488823454
6183	0.01488570117
6184	0.01488490751
6185	0.01488058184
6186	0.01487735251
6187	0.01487268403
6188	0.01486824714
6189	0.01486612492
6190	0.01486255806
6191	0.01485783484
6192	0.01485494216
6193	0.01485069188
6194	0.01484827485
6195	0.01484226576
6196	0.01484001731
6197	0.01483886567
6198	0.01483782076
6199	0.01483419126
6200	0.01483352223
6201	0.01482830297
6202	0.01482430821
6203	0.01481839502
6204	0.01481667188
6205	0.01481465901
6206	0.01481351269
6207	0.01480791714
6208	0.01480400123
6209	0.01480150733
6210	0.01479792505
6211	0.01479621769
6212	0.01478921631
6213	0.01478637829
6214	0.01478341763
6215	0.01478155538
6216	0.01477834775
6217	0.01477489636
6218	0.01476831791
6219	0.01476368317
6220	0.01475978964
6221	0.01475815439
6222	0.01475406081
6223	0.01475196349
6224	0.01474993762
6225	0.01474703125
6226	0.01474268317
6227	0.01473898703
6228	0.0147377029
6229	0.01473462028
6230	0.01473256579
6231	0.01472829674
6232	0.01472613091
6233	0.01472176136
6234	0.01471755257
6235	0.0147145235
6236	0.01471057893
6237	0.01470848466
6238	0.01470329306
6239	0.01469605042
6240	0.0146947506
6241	0.01468879687
6242	0.01468565435
6243	0.0146824102
6244	0.01467912316
6245	0.01467517727
6246	0.01467400966
6247	0.01466934491
6248	0.01466544801
6249	0.01466128702
6250	0.01465779506
6251	0.01465296876
6252	0.01464994769
6253	0.01464596216
6254	0.01464291213
6255	0.01464060895
6256	0.01463799107
6257	0.01463628118
6258	0.01463197464
6259	0.01463070645
6260	0.01462741541
6261	0.01462492331
6262	0.01462267194
6263	0.01461908758
6264	0.01461424694
6265	0.01461252075
6266	0.01460781563
6267	0.01460509941
6268	0.01460044416
6269	0.01459600507
6270	0.01459187052
6271	0.01458981544
6272	0.01458706652
6273	0.01458434225
6274	0.01458082805
6275	0.01457771467
6276	0.01457323855
6277	0.01456912759
6278	0.01456626547
6279	0.01456416022
6280	0.01455998998
6281	0.01455723739
6282	0.01455393152
6283	0.0145523898
6284	0.01454785597
6285	0.01454533429
6286	0.01454355592
6287	0.0145403767
6288	0.01453741194
6289	0.01453319928
6290	0.01452840266
6291	0.01452484392
6292	0.01452299174
6293	0.01452076039
6294	0.01451795819
6295	0.01451271409
6296	0.01451009928
6297	0.01450608382
6298	0.01450027538
6299	0.01449873056
6300	0.01449635682
6301	0.01448990528
6302	0.01448757895
6303	0.01448666757
6304	0.01448408441
6305	0.01447915785
6306	0.01447548875
6307	0.01447325561
6308	0.01447126392
6309	0.0144691663
6310	0.01446807837
6311	0.0144649238
6312	0.01446373789
6313	0.01446016812
6314	0.01445704437
6315	0.01445350374
6316	0.01444900118
6317	0.01444809758
6318	0.01444539336
6319	0.01444146888
6320	0.01443767836
6321	0.0144337164
6322	0.01442965025
6323	0.01442672093
6324	0.01441977719
6325	0.0144143584
6326	0.01440868357
6327	0.01440635067
6328	0.01440155385
6329	0.01439912956
6330	0.01439577466
6331	0.01439314326
6332	0.01438985473
6333	0.01438765715
6334	0.01438503315
6335	0.01438414327
6336	0.01438301286
6337	0.01437346882
6338	0.01437131508
6339	0.01436624797
6340	0.01436479794
6341	0.01435845101
6342	0.0143501604
6343	0.01434788532
6344	0.0143439544
6345	0.01434206969
6346	0.01433850837
6347	0.01433530759
6348	0.01433373592
6349	0.01433083639
6350	0.01432622661
6351	0.01432286154
6352	0.01432149451
6353	0.01431969372
6354	0.01431539507
6355	0.01430897254
6356	0.01430439473
6357	0.01429939664
6358	0.01429700828
6359	0.01429328048
6360	0.01429101347
6361	0.01428882025
6362	0.0142870756
6363	0.01428149383
6364	0.01427880453
6365	0.0142767176
6366	0.01427565927
6367	0.01426942791
6368	0.01426332757
6369	0.01426293831
6370	0.01425959299
6371	0.01425612547
6372	0.01425332053
6373	0.01424980527
6374	0.01424451181
6375	0.01424111069
6376	0.01423610479
6377	0.01423326176
6378	0.01422799498
6379	0.01422203257
6380	0.01421647435
6381	0.01421382969
6382	0.01421331495
6383	0.01420900203
6384	0.01420654821
6385	0.01420526301
6386	0.01420077818
6387	0.01419844793
6388	0.0141953119
6389	0.0141934048
6390	0.01419184872
6391	0.01418809154
6392	0.0141831757
6393	0.01418010359
6394	0.01417595983
6395	0.01417508337
6396	0.01417038689
6397	0.0141683346
6398	0.01416410867
6399	0.01415948883
6400	0.01415465686
6401	0.0141532076
6402	0.01414856373
6403	0.01414657565
6404	0.0141443722
6405	0.01414178403
6406	0.01413927294
6407	0.01413463159
6408	0.01413091666
6409	0.01412848139
6410	0.01412654197
6411	0.01412147639
6412	0.01412015464
6413	0.01411640169
6414	0.01410976854
6415	0.01410747966
6416	0.01410659245
6417	0.01410383023
6418	0.01410231056
6419	0.01409758402
6420	0.01409593262
6421	0.01409257477
6422	0.01408903446
6423	0.01408548947
6424	0.01408041886
6425	0.0140750134
6426	0.01407001275
6427	0.01406509086
6428	0.01406301837
6429	0.0140615158
6430	0.01405895673
6431	0.01405683505
6432	0.01405415733
6433	0.01404772445
6434	0.01404728028
6435	0.0140391162
6436	0.01403207111
6437	0.01402764656
6438	0.01402563407
6439	0.01402387001
6440	0.01401916542
6441	0.01401462111
6442	0.01400969129
6443	0.0140068942
6444	0.01400511748
6445	0.01400390726
6446	0.01399985532
6447	0.01399800943
6448	0.01399533153
6449	0.01398981286
6450	0.01398929761
6451	0.01398783015
6452	0.01398584809
6453	0.01398015714
6454	0.01397696937
6455	0.01397531051
6456	0.01397159576
6457	0.01396991426
6458	0.01396481631
6459	0.01396211722
6460	0.01395729053
6461	0.01395411824
6462	0.0139506713
6463	0.01394751471
6464	0.01394602758
6465	0.01394209178
6466	0.01393966678
6467	0.01393492769
6468	0.01393193799
6469	0.01392845829
6470	0.0139257501
6471	0.01392240425
6472	0.01391860256
6473	0.0139163169
6474	0.01390931977
6475	0.01390801778
6476	0.01390467431
6477	0.01390106758
6478	0.01389942231
6479	0.01389685898
6480	0.0138942139
6481	0.01389315728
6482	0.01388947948
6483	0.01388655193
6484	0.01388430999
6485	0.01388025933
6486	0.0138785482
6487	0.01387342705
6488	0.0138707899
6489	0.01386687592
6490	0.01386433632
6491	0.01386003968
6492	0.01385862874
6493	0.01385671402
6494	0.01385212056
6495	0.01384986985
6496	0.0138480211
6497	0.01384038998
6498	0.01383765411
6499	0.01383669911
6500	0.01383574013
6501	0.01383413385
6502	0.01383038476
6503	0.0138276506
6504	0.01381925854
6505	0.0138123365
6506	0.01380863755
6507	0.01380388929
6508	0.01380035494
6509	0.01379753751
6510	0.0137933991
6511	0.01379053152
6512	0.01378905684
6513	0.01378639518
6514	0.01378537002
6515	0.01378343109
6516	0.01377897826
6517	0.01377656762
6518	0.01377452189
6519	0.01377448963
6520	0.0137702068
6521	0.01376836303
6522	0.0137651882
6523	0.01376123777
6524	0.01376046599
6525	0.01375944358
6526	0.01375615136
6527	0.01375424325
6528	0.01374972124
6529	0.01374665028
6530	0.0137445783
6531	0.01374120373
6532	0.01373629756
6533	0.01373415315
6534	0.0137303896
6535	0.01372853552
6536	0.01372503354
6537	0.01372300103
6538	0.01371740588
6539	0.01371380783
6540	0.01371255002
6541	0.01370504228
6542	0.0137008411
6543	0.01369887389
6544	0.01369686273
6545	0.01369305638
6546	0.01369051606
6547	0.01368821331
6548	0.01368383649
6549	0.0136814462
6550	0.01367839826
6551	0.01367517152
6552	0.01367209738
6553	0.01366730726
6554	0.01366651297
6555	0.01366426878
6556	0.01366393702
6557	0.01365663852
6558	0.01365483368
6559	0.01365070888
6560	0.01364636646
6561	0.01364240197
6562	0.01363869983
6563	0.01363677406
6564	0.01363330244
6565	0.01363213927
6566	0.01363173509
6567	0.01363050188
6568	0.01362840465
6569	0.01362713535
6570	0.0136235791
6571	0.01362291187
6572	0.01362190453
6573	0.01361824613
6574	0.01361812502
6575	0.01361416815
6576	0.01361192857
6577	0.01361122964
6578	0.01360915123
6579	0.01360410742
6580	0.01360205133
6581	0.01360004914
6582	0.0135963508
6583	0.01359237086
6584	0.01358941909
6585	0.0135866346
6586	0.01358141252
6587	0.01357739961
6588	0.01357475971
6589	0.01357066968
6590	0.01356684469
6591	0.01356347932
6592	0.01356108671
6593	0.0135580852
6594	0.0135532871
6595	0.01355126192
6596	0.01354880203
6597	0.01354430332
6598	0.01354136419
6599	0.01353926898
6600	0.01353759394
6601	0.01353746562
6602	0.0135344273
6603	0.01353304164
6604	0.01352981661
6605	0.01352756787
6606	0.01352474139
6607	0.01352407813
6608	0.01352090459
6609	0.01351921557
6610	0.01351252185
6611	0.01351103142
6612	0.01350748453
6613	0.01350611497
6614	0.01350440912
6615	0.01350232317
6616	0.01349759972
6617	0.0134962198
6618	0.01349387111
6619	0.01349269115
6620	0.01348886871
6621	0.01348206029
6622	0.01348092364
6623	0.01347971418
6624	0.0134769393
6625	0.01347485429
6626	0.01347312102
6627	0.01347202933
6628	0.01346903142
6629	0.01346856912
6630	0.01346292418
6631	0.01345775439
6632	0.01345336071
6633	0.01344895382
6634	0.01344822331
6635	0.01344553708
6636	0.01343986332
6637	0.01343700689
6638	0.01343424545
6639	0.01342662844
6640	0.01342435885
6641	0.01342037717
6642	0.01341672798
6643	0.01341443414
6644	0.01341188714
6645	0.0134062122
6646	0.01340408337
6647	0.01340138563
6648	0.01339777536
6649	0.01339395376
6650	0.0133883117
6651	0.01338494531
6652	0.01338286256
6653	0.01337926908
6654	0.01337724138
6655	0.01337394202
6656	0.01337143926
6657	0.01337078361
6658	0.01336780642
6659	0.01336569461
6660	0.01336134608
6661	0.01335380753
6662	0.01335210575
6663	0.01334966119
6664	0.01334558432
6665	0.01334140416
6666	0.01333531339
6667	0.01333174144
6668	0.0133277793
6669	0.01332406753
6670	0.01332215607
6671	0.01331877217
6672	0.01331472344
6673	0.0133114263
6674	0.01330905195
6675	0.01330706204
6676	0.01330382871
6677	0.01329983115
6678	0.0132981933
6679	0.01329498808
6680	0.01329190325
6681	0.01328991782
6682	0.01328689709
6683	0.01328507997
6684	0.01328093282
6685	0.01327758373
6686	0.01327488031
6687	0.01327131041
6688	0.01327012013
6689	0.01326782988
6690	0.01326376924
6691	0.0132602657
6692	0.01325297345
6693	0.01325008047
6694	0.01324663772
6695	0.01324026798
6696	0.01323932202
6697	0.0132372843
6698	0.01323635761
6699	0.01323484515
6700	0.01323375812
6701	0.01323127275
6702	0.01322853701
6703	0.01322560043
6704	0.01322438766
6705	0.0132224806
6706	0.01321947913
6707	0.01321833262
6708	0.01321355276
6709	0.01320524028
6710	0.01320008223
6711	0.01319854368
6712	0.01319340829
6713	0.01318910652
6714	0.01318379978
6715	0.01317845878
6716	0.01317536355
6717	0.01317455859
6718	0.01317241145
6719	0.01316817011
6720	0.0131660027
6721	0.0131647108
6722	0.01316077689
6723	0.01315795961
6724	0.0131561887
6725	0.01315464031
6726	0.01314939801
6727	0.01314475489
6728	0.01313987915
6729	0.01313601819
6730	0.01313363228
6731	0.0131298125
6732	0.01312718266
6733	0.01312437864
6734	0.01312221121
6735	0.01311872318
6736	0.01311629031
6737	0.01311294535
6738	0.01311010699
6739	0.01310888464
6740	0.01310562392
6741	0.01310536289
6742	0.01310290424
6743	0.01309984052
6744	0.01309682208
6745	0.01309420231
6746	0.01309221334
6747	0.01308970747
6748	0.01308742235
6749	0.01308337726
6750	0.01308147962
6751	0.01307849011
6752	0.01307538792
6753	0.01306923481
6754	0.01306686201
6755	0.01306213255
6756	0.01305877045
6757	0.01305580678
6758	0.01305470676
6759	0.0130520677
6760	0.0130495582
6761	0.0130468596
6762	0.01304553395
6763	0.0130423922
6764	0.01303741083
6765	0.01303457896
6766	0.01303155255
6767	0.01302852736
6768	0.01302682134
6769	0.01302319495
6770	0.01302072402
6771	0.01301760647
6772	0.01301392
6773	0.01300946191
6774	0.0130049255
6775	0.01300423367
6776	0.01300255267
6777	0.01299970658
6778	0.01299554041
6779	0.01299279809
6780	0.01299023801
6781	0.01298680062
6782	0.01298198713
6783	0.0129774546
6784	0.01297570919
6785	0.012973677
6786	0.01297104513
6787	0.01296616263
6788	0.01296281864
6789	0.01295870451
6790	0.01295636717
6791	0.01295464227
6792	0.01295018363
6793	0.01294797395
6794	0.0129452021
6795	0.01294206171
6796	0.01293856734
6797	0.01293671262
6798	0.01293226153
6799	0.01292767266
6800	0.0129250965
6801	0.01292258824
6802	0.01292034279
6803	0.01291792602
6804	0.01291094052
6805	0.01290873622
6806	0.01290680229
6807	0.0129045355
6808	0.01289980908
6809	0.01289834162
6810	0.012895008
6811	0.01289462604
6812	0.01289264708
6813	0.01289165338
6814	0.01288965343
6815	0.01288652088
6816	0.01288313846
6817	0.01287959379
6818	0.01287515459
6819	0.01286757147
6820	0.01286713393
6821	0.01286435827
6822	0.01286041359
6823	0.01285225183
6824	0.01284996236
6825	0.01284553857
6826	0.01284336971
6827	0.01284231122
6828	0.01284026595
6829	0.0128377665
6830	0.01283581309
6831	0.01283503943
6832	0.0128309549
6833	0.01282908085
6834	0.0128265989
6835	0.01281992944
6836	0.01281646797
6837	0.0128157359
6838	0.01281223604
6839	0.01281089849
6840	0.01280708071
6841	0.01280376596
6842	0.01279828961
6843	0.01279674951
6844	0.01278960346
6845	0.01278503276
6846	0.0127787489
6847	0.01277379107
6848	0.01276653039
6849	0.01276255727
6850	0.01275612986
6851	0.01275529651
6852	0.01275342309
6853	0.0127510601
6854	0.01274962711
6855	0.01274764995
6856	0.01274563374
6857	0.01274242159
6858	0.01273628291
6859	0.01273187552
6860	0.01272982096
6861	0.01272652784
6862	0.01272414575
6863	0.01272201113
6864	0.0127173809
6865	0.01271483886
6866	0.01271028867
6867	0.01270648827
6868	0.01270478876
6869	0.01270009217
6870	0.01269809214
6871	0.01269643912
6872	0.01269444855
6873	0.01269126143
6874	0.01268810349
6875	0.01268281443
6876	0.01267773724
6877	0.01267468989
6878	0.01267289789
6879	0.01267205519
6880	0.01266871923
6881	0.01266619634
6882	0.01266355866
6883	0.01266085281
6884	0.01265428276
6885	0.01265278032
6886	0.01264959529
6887	0.01264731901
6888	0.01264438139
6889	0.01264233345
6890	0.01263763816
6891	0.01263409227
6892	0.01263192654
6893	0.01262940161
6894	0.01262849162
6895	0.01262468032
6896	0.01262131814
6897	0.01261951735
6898	0.01261799582
6899	0.01261332121
6900	0.0126117136
6901	0.01260987952
6902	0.01260793276
6903	0.01260283705
6904	0.01259910411
6905	0.01259339431
6906	0.01258697933
6907	0.01258348196
6908	0.01258032207
6909	0.01257802918
6910	0.01257683395
6911	0.01257311782
6912	0.01257107673
6913	0.01256699107
6914	0.01256095996
6915	0.01256026465
6916	0.01255790979
6917	0.01255682845
6918	0.01255156784
6919	0.0125493231
6920	0.01254518219
6921	0.01254323996
6922	0.01253991592
6923	0.01253598049
6924	0.01253325121
6925	0.01252959456
6926	0.01252790249
6927	0.01252288094
6928	0.01252073333
6929	0.01251655499
6930	0.01251348984
6931	0.01251229693
6932	0.01250902272
6933	0.0125054643
6934	0.01250271697
6935	0.01250033908
6936	0.01249950868
6937	0.01249634891
6938	0.01249519193
6939	0.01249103766
6940	0.01248955025
6941	0.01248712093
6942	0.01248535218
6943	0.01248335521
6944	0.01248247985
6945	0.01247538126
6946	0.01247441865
6947	0.012473563
6948	0.01247141068
6949	0.01246760154
6950	0.01246433503
6951	0.01246195352
6952	0.01246110957
6953	0.01245761129
6954	0.0124565176
6955	0.01245242035
6956	0.01244937958
6957	0.01244864906
6958	0.01244784334
6959	0.01244571834
6960	0.01244357323
6961	0.01243875485
6962	0.01243571436
6963	0.01243352242
6964	0.01242963862
6965	0.01242628113
6966	0.01242030732
6967	0.01242016102
6968	0.01241948476
6969	0.01241787852
6970	0.01241727394
6971	0.0124151117
6972	0.01241219104
6973	0.01240930597
6974	0.01240802272
6975	0.01240523797
6976	0.01240299085
6977	0.01239832668
6978	0.01239633929
6979	0.01239177274
6980	0.01239120849
6981	0.01238858981
6982	0.01238603066
6983	0.01238298132
6984	0.01237830221
6985	0.01237658218
6986	0.01237291588
6987	0.01237230363
6988	0.01236765721
6989	0.01236700243
6990	0.01236448646
6991	0.01236248261
6992	0.01236177308
6993	0.01235638807
6994	0.01235569537
6995	0.01235188832
6996	0.01234871232
6997	0.01234153103
6998	0.01233974546
6999	0.0123352323
7000	0.01232937149
7001	0.01232649808
7002	0.01232410563
7003	0.01231959492
7004	0.01231790859
7005	0.01231574989
7006	0.01231232211
7007	0.01231121225
7008	0.01230883977
7009	0.01230550899
7010	0.01230349385
7011	0.01230055024
7012	0.01229620898
7013	0.01228918369
7014	0.012286375
7015	0.01228563938
7016	0.01228318488
7017	0.01228091965
7018	0.01227611217
7019	0.01227268986
7020	0.0122705786
7021	0.01226753498
7022	0.01226456666
7023	0.01226244339
7024	0.01226195962
7025	0.01225885798
7026	0.01225524289
7027	0.0122485916
7028	0.01224542288
7029	0.01224135077
7030	0.01223891281
7031	0.01223605732
7032	0.01223498151
7033	0.01223351695
7034	0.01223267792
7035	0.01223038826
7036	0.01222954366
7037	0.01222547515
7038	0.01222178401
7039	0.01221848177
7040	0.01221658642
7041	0.01221181286
7042	0.01220818147
7043	0.0122036446
7044	0.01219913038
7045	0.0121958441
7046	0.01219195478
7047	0.01218890711
7048	0.01218354266
7049	0.01218199923
7050	0.01217821016
7051	0.01217483906
7052	0.01217164414
7053	0.0121697258
7054	0.01216926523
7055	0.01216467973
7056	0.01216167275
7057	0.0121587196
7058	0.01215637107
7059	0.01215431832
7060	0.01215086436
7061	0.01214643321
7062	0.01214273468
7063	0.01214180288
7064	0.01213988116
7065	0.01213246803
7066	0.0121301967
7067	0.0121287517
7068	0.01212717277
7069	0.01212334632
7070	0.01211890234
7071	0.01211532097
7072	0.01211405333
7073	0.01210966351
7074	0.01210693381
7075	0.01210393004
7076	0.01209834986
7077	0.0120966952
7078	0.01209191885
7079	0.01208743632
7080	0.01208346435
7081	0.01208029178
7082	0.01207720397
7083	0.01207545482
7084	0.01207279661
7085	0.01206994366
7086	0.01206678609
7087	0.01206335812
7088	0.0120602789
7089	0.01205809085
7090	0.01205313448
7091	0.01204820187
7092	0.01204533252
7093	0.01204046843
7094	0.01203930291
7095	0.01203612807
7096	0.01203466772
7097	0.01203139438
7098	0.01202904907
7099	0.01202891783
7100	0.01202504175
7101	0.01202177169
7102	0.01201926155
7103	0.01201843341
7104	0.01201502525
7105	0.01200994122
7106	0.0120075571
7107	0.01200266901
7108	0.01200059402
7109	0.01199873739
7110	0.01199514421
7111	0.01199157487
7112	0.0119903621
7113	0.01198595528
7114	0.01198267131
7115	0.01198133754
7116	0.01197557866
7117	0.01197223984
7118	0.01196834931
7119	0.01196353961
7120	0.01196196268
7121	0.01195914482
7122	0.01195741966
7123	0.01195602801
7124	0.01195181926
7125	0.01194931791
7126	0.01194703971
7127	0.01194357821
7128	0.01194047412
7129	0.01193528006
7130	0.01193442723
7131	0.01193302001
7132	0.01193043148
7133	0.01192890174
7134	0.01192749547
7135	0.01192668825
7136	0.01192428933
7137	0.0119230645
7138	0.01192061077
7139	0.01191787781
7140	0.01191611329
7141	0.01191246795
7142	0.01190538693
7143	0.0119050738
7144	0.01190266953
7145	0.01189939098
7146	0.01189819381
7147	0.0118961082
7148	0.01189297057
7149	0.0118890955
7150	0.01188327983
7151	0.01187891353
7152	0.01187699843
7153	0.01187657254
7154	0.01187156754
7155	0.01186951176
7156	0.01186776416
7157	0.01186428367
7158	0.01186115619
7159	0.01185649307
7160	0.0118545212
7161	0.01185341462
7162	0.01185106562
7163	0.01184925441
7164	0.01184747852
7165	0.01184458664
7166	0.01184293436
7167	0.01184034809
7168	0.01183853091
7169	0.01183618539
7170	0.01183503402
7171	0.01183234242
7172	0.01182956174
7173	0.01182662476
7174	0.01182585489
7175	0.01182431845
7176	0.01182097537
7177	0.0118199376
7178	0.01181722207
7179	0.01181617114
7180	0.01181602164
7181	0.01181194496
7182	0.01180982563
7183	0.0118060861
7184	0.0118050508
7185	0.01180102636
7186	0.01179798183
7187	0.01179511012
7188	0.01179052766
7189	0.01178862058
7190	0.01178495702
7191	0.01178242124
7192	0.01177990794
7193	0.01177752062
7194	0.01177374893
7195	0.01177226272
7196	0.01176776597
7197	0.01176457448
7198	0.01176154424
7199	0.01175885485
7200	0.01175673077
7201	0.01175353344
7202	0.01175024058
7203	0.0117491887
7204	0.01174477473
7205	0.01174304791
7206	0.01174134956
7207	0.01173934533
7208	0.01173495857
7209	0.01173260762
7210	0.01172964227
7211	0.01172901055
7212	0.01172715095
7213	0.0117256852
7214	0.01172357163
7215	0.01172222243
7216	0.01172034151
7217	0.01171614927
7218	0.01171491351
7219	0.01171289421
7220	0.01170958332
7221	0.01170819089
7222	0.01170683899
7223	0.0117044341
7224	0.01170075951
7225	0.01169985839
7226	0.01169799327
7227	0.0116972447
7228	0.01169418348
7229	0.01169233548
7230	0.01168950638
7231	0.01168631129
7232	0.01168100706
7233	0.01167833374
7234	0.01167584799
7235	0.01167311791
7236	0.01167115628
7237	0.01166933907
7238	0.01166585417
7239	0.01166415609
7240	0.01165996098
7241	0.01165818212
7242	0.011656398
7243	0.01165445831
7244	0.01165196001
7245	0.01165152841
7246	0.01165051402
7247	0.01164516249
7248	0.01164049617
7249	0.01163999059
7250	0.01163786949
7251	0.01163542342
7252	0.01163058331
7253	0.01162266408
7254	0.0116184057
7255	0.01161547672
7256	0.01161327158
7257	0.01161036858
7258	0.01160806678
7259	0.01160667518
7260	0.01160439057
7261	0.01160322976
7262	0.01160132131
7263	0.01159401494
7264	0.01159028667
7265	0.01159015381
7266	0.0115827502
7267	0.01158128267
7268	0.01157838075
7269	0.01157518173
7270	0.01157384042
7271	0.01157112021
7272	0.01156780681
7273	0.01156502045
7274	0.01156409463
7275	0.0115616986
7276	0.01155959098
7277	0.01155831527
7278	0.01155484318
7279	0.01155435839
7280	0.01155349283
7281	0.01155204106
7282	0.01154795414
7283	0.01154540817
7284	0.0115439863
7285	0.01154070064
7286	0.0115399681
7287	0.01153713755
7288	0.01153511582
7289	0.01153447775
7290	0.01153026283
7291	0.0115284904
7292	0.01152687544
7293	0.01152311071
7294	0.01152126495
7295	0.01151892433
7296	0.01151633863
7297	0.01151503771
7298	0.01151352402
7299	0.01151086256
7300	0.01150945075
7301	0.01150684275
7302	0.01150178573
7303	0.01150124108
7304	0.01150016194
7305	0.01149736412
7306	0.01149354215
7307	0.01149189714
7308	0.01148917334
7309	0.01148775047
7310	0.01148624057
7311	0.01148404889
7312	0.01148061888
7313	0.01147803063
7314	0.01147770315
7315	0.01147405378
7316	0.0114698296
7317	0.01146876146
7318	0.01146384795
7319	0.01146074781
7320	0.01145629539
7321	0.01145476929
7322	0.0114502283
7323	0.01144253516
7324	0.01144135949
7325	0.01143817746
7326	0.01143530801
7327	0.01143358101
7328	0.01143246023
7329	0.011431712
7330	0.01143004117
7331	0.01142756585
7332	0.0114260238
7333	0.01142472919
7334	0.01142222738
7335	0.01141959963
7336	0.01141917409
7337	0.01141736537
7338	0.01141374153
7339	0.01141038282
7340	0.01140862176
7341	0.01140634238
7342	0.01140526907
7343	0.01140398561
7344	0.01139729417
7345	0.01139519834
7346	0.01139469631
7347	0.01139343499
7348	0.01139124138
7349	0.0113878933
7350	0.01138440429
7351	0.01138243344
7352	0.01138051099
7353	0.01137943048
7354	0.01137720266
7355	0.01137639192
7356	0.01137457215
7357	0.01137182675
7358	0.01137041242
7359	0.01136890821
7360	0.01136642075
7361	0.01136330945
7362	0.01136009846
7363	0.01135864156
7364	0.01135521628
7365	0.01135321655
7366	0.01135129759
7367	0.01134877939
7368	0.01134679385
7369	0.0113432558
7370	0.01134033213
7371	0.01133502385
7372	0.01133310902
7373	0.01133241724
7374	0.01133145611
7375	0.01132986043
7376	0.01132571981
7377	0.01132256943
7378	0.01131885281
7379	0.01131554947
7380	0.01131415667
7381	0.01131113657
7382	0.01130751748
7383	0.01130503607
7384	0.0113030287
7385	0.01130179066
7386	0.01129806912
7387	0.01129628555
7388	0.01129294764
7389	0.01128953465
7390	0.01128558201
7391	0.01128409217
7392	0.0112820609
7393	0.01127748335
7394	0.01127454284
7395	0.01127300919
7396	0.01126576738
7397	0.0112628446
7398	0.01125952835
7399	0.01125557598
7400	0.01125252181
7401	0.01124792896
7402	0.011242725
7403	0.01123984868
7404	0.01123967543
7405	0.01123710722
7406	0.01123620056
7407	0.0112352716
7408	0.01123219618
7409	0.01123076975
7410	0.01122948977
7411	0.01122827575
7412	0.01122277638
7413	0.01122019713
7414	0.01121908344
7415	0.01121308657
7416	0.01121169767
7417	0.01120819046
7418	0.01120723505
7419	0.01120293447
7420	0.01119908235
7421	0.01119581212
7422	0.01119307184
7423	0.01119262855
7424	0.01118964283
7425	0.01118727611
7426	0.0111855215
7427	0.01118112161
7428	0.01117793349
7429	0.01117596398
7430	0.01117183285
7431	0.01117106318
7432	0.01116897646
7433	0.01116676943
7434	0.01116547774
7435	0.01116463571
7436	0.01116195082
7437	0.01115991333
7438	0.01115579222
7439	0.01115550468
7440	0.01115089251
7441	0.01114980743
7442	0.011143884
7443	0.01114198808
7444	0.01113879574
7445	0.01113669081
7446	0.01113371287
7447	0.01112907982
7448	0.01112637909
7449	0.01112233081
7450	0.01111862979
7451	0.01111699352
7452	0.01111242414
7453	0.01110854249
7454	0.01110571983
7455	0.01110421337
7456	0.01110301132
7457	0.01110019397
7458	0.01109750876
7459	0.01109512085
7460	0.01109454884
7461	0.0110913029
7462	0.01108625737
7463	0.01108592014
7464	0.01108528722
7465	0.01108308869
7466	0.01107774055
7467	0.01107467148
7468	0.01107436921
7469	0.01106875325
7470	0.01106710294
7471	0.01106473281
7472	0.01106309363
7473	0.0110592247
7474	0.01105524397
7475	0.01105355467
7476	0.01105051273
7477	0.01104881784
7478	0.01104677915
7479	0.01104343102
7480	0.01104252764
7481	0.01103731713
7482	0.01103168991
7483	0.01102983608
7484	0.0110275527
7485	0.01102238184
7486	0.0110205631
7487	0.01101767083
7488	0.01101443097
7489	0.01101293287
7490	0.01101125263
7491	0.0110098967
7492	0.01100667776
7493	0.01100295137
7494	0.01100099407
7495	0.01099872133
7496	0.01099515214
7497	0.01099184619
7498	0.01099033391
7499	0.01098976146
7500	0.01098828095
7501	0.01098514319
7502	0.01098252098
7503	0.01098136224
7504	0.01097983838
7505	0.01097793468
7506	0.01097647094
7507	0.01097553704
7508	0.0109739014
7509	0.01097226637
7510	0.01097077004
7511	0.01096760062
7512	0.01096579391
7513	0.01096253408
7514	0.01096125369
7515	0.01095748373
7516	0.01095537952
7517	0.01095379847
7518	0.01095259393
7519	0.01095206523
7520	0.01095022258
7521	0.01094541704
7522	0.01094287899
7523	0.0109388587
7524	0.01093735807
7525	0.01093611242
7526	0.01093359223
7527	0.01093115692
7528	0.01092812718
7529	0.01092577442
7530	0.01092411035
7531	0.01092151928
7532	0.0109174492
7533	0.01091543155
7534	0.01091110614
7535	0.01090816255
7536	0.01090557663
7537	0.0109023477
7538	0.01089955574
7539	0.01089811833
7540	0.01089486693
7541	0.01089424683
7542	0.01089058928
7543	0.01088995125
7544	0.0108863842
7545	0.01088388928
7546	0.01088152471
7547	0.0108802484
7548	0.01087938058
7549	0.01087791795
7550	0.01087402038
7551	0.01087145301
7552	0.01086615375
7553	0.0108653946
7554	0.01086213414
7555	0.01085994689
7556	0.01085829791
7557	0.01085497914
7558	0.01085216226
7559	0.01085045962
7560	0.0108474355
7561	0.01084655507
7562	0.01084372061
7563	0.01084252517
7564	0.01084143139
7565	0.01083900305
7566	0.01083755106
7567	0.01083560229
7568	0.01083391118
7569	0.01083291082
7570	0.01083183431
7571	0.01083045723
7572	0.01082850561
7573	0.01082638071
7574	0.01082160187
7575	0.01081840328
7576	0.01081793584
7577	0.01081197666
7578	0.01080704689
7579	0.0108054337
7580	0.01080213566
7581	0.01079909577
7582	0.0107965636
7583	0.01079379328
7584	0.01079321727
7585	0.01079176266
7586	0.01078697038
7587	0.01078384172
7588	0.01078195462
7589	0.01077828761
7590	0.01077805976
7591	0.0107763158
7592	0.0107745487
7593	0.01077291127
7594	0.01077021673
7595	0.01076413935
7596	0.01076241419
7597	0.01076078409
7598	0.01075893004
7599	0.01075871711
7600	0.01075756384
7601	0.01075511821
7602	0.01075425342
7603	0.01075325274
7604	0.01075151714
7605	0.01075054022
7606	0.01074668075
7607	0.01074467425
7608	0.01074238286
7609	0.01074013429
7610	0.01073885752
7611	0.01073489589
7612	0.01073345089
7613	0.01072984852
7614	0.01072681679
7615	0.01072405781
7616	0.01071989554
7617	0.01071905417
7618	0.01071717927
7619	0.01071543974
7620	0.01071319884
7621	0.01070908062
7622	0.01070794603
7623	0.01070577461
7624	0.0107030348
7625	0.01069948098
7626	0.01069758802
7627	0.0106966289
7628	0.01069405097
7629	0.01069176808
7630	0.01069114743
7631	0.01068740209
7632	0.0106829987
7633	0.01068069784
7634	0.01067801838
7635	0.01067478825
7636	0.01067261036
7637	0.01067185016
7638	0.01066952857
7639	0.01066639802
7640	0.01066271338
7641	0.01066192311
7642	0.01066018532
7643	0.01065845955
7644	0.01065615636
7645	0.01065526107
7646	0.01065418919
7647	0.01065138288
7648	0.01064824303
7649	0.0106443464
7650	0.01064188133
7651	0.01064107337
7652	0.01063937783
7653	0.01063830969
7654	0.01063690884
7655	0.01063362072
7656	0.01062985257
7657	0.01062701339
7658	0.01062538266
7659	0.01062411601
7660	0.01062236485
7661	0.01062022949
7662	0.01061809832
7663	0.01061555992
7664	0.01061401598
7665	0.01061091781
7666	0.01060782054
7667	0.01060453685
7668	0.01060050856
7669	0.01059757203
7670	0.0105939457
7671	0.01059238884
7672	0.01059046997
7673	0.01058818888
7674	0.01058654419
7675	0.01058385734
7676	0.01058137019
7677	0.01057976661
7678	0.0105781288
7679	0.01057647152
7680	0.01057246881
7681	0.01056963634
7682	0.01056874811
7683	0.01056716374
7684	0.01056647658
7685	0.01056202151
7686	0.01056044797
7687	0.01055861775
7688	0.01055786449
7689	0.01055635622
7690	0.01055354265
7691	0.01055150781
7692	0.01054726825
7693	0.01054582236
7694	0.0105446472
7695	0.01054079994
7696	0.01053496438
7697	0.01053321281
7698	0.01053148553
7699	0.01052706175
7700	0.01052511594
7701	0.01052394855
7702	0.01052145112
7703	0.01051885575
7704	0.01051820442
7705	0.01051618174
7706	0.01051567034
7707	0.01050933724
7708	0.01050639393
7709	0.01050495161
7710	0.01050196161
7711	0.01050117607
7712	0.01049778681
7713	0.01049627546
7714	0.01049443305
7715	0.01049150581
7716	0.01048817713
7717	0.01048663745
7718	0.01048380367
7719	0.01048235204
7720	0.0104802018
7721	0.01047584556
7722	0.01047253633
7723	0.01047155338
7724	0.01046850242
7725	0.01046639855
7726	0.01046523661
7727	0.01046451465
7728	0.01046029078
7729	0.01045568877
7730	0.01045132034
7731	0.01044803736
7732	0.01044528242
7733	0.01044343521
7734	0.01044036096
7735	0.01043772223
7736	0.01043599752
7737	0.01043186321
7738	0.01042820799
7739	0.01042656321
7740	0.0104240962
7741	0.01042254086
7742	0.01042093056
7743	0.01041975692
7744	0.01041782536
7745	0.01041594614
7746	0.01041209366
7747	0.01040992756
7748	0.01040671136
7749	0.01040442748
7750	0.01040328755
7751	0.01040288052
7752	0.01040183167
7753	0.01040047981
7754	0.01039912596
7755	0.01039799778
7756	0.01039307679
7757	0.01039119998
7758	0.01038965899
7759	0.01038697253
7760	0.01038433105
7761	0.01038257353
7762	0.01037897776
7763	0.01037649933
7764	0.01037528498
7765	0.01037344875
7766	0.01037261915
7767	0.0103716312
7768	0.01036931408
7769	0.01036751576
7770	0.01036579473
7771	0.01036378575
7772	0.0103615536
7773	0.01036083471
7774	0.01035643173
7775	0.0103519542
7776	0.01034805627
7777	0.01034605383
7778	0.01034331983
7779	0.01033904686
7780	0.01033635732
7781	0.01033528244
7782	0.01033165473
7783	0.01032980627
7784	0.01032769508
7785	0.0103240745
7786	0.01032207471
7787	0.01032034273
7788	0.01031761032
7789	0.01031393537
7790	0.01031159101
7791	0.01030948194
7792	0.01030797895
7793	0.01030644987
7794	0.01030513991
7795	0.01030338922
7796	0.01030190714
7797	0.01030017948
7798	0.01029962504
7799	0.01029842667
7800	0.01029313375
7801	0.01029057771
7802	0.01028915086
7803	0.01028600067
7804	0.01028330823
7805	0.01028137126
7806	0.01028037112
7807	0.0102776971
7808	0.01027168173
7809	0.01027096643
7810	0.0102689478
7811	0.01026762892
7812	0.01026624621
7813	0.01026494187
7814	0.01026352935
7815	0.01026008283
7816	0.01025632853
7817	0.01025546239
7818	0.01025182409
7819	0.01024934435
7820	0.01024760843
7821	0.01024607278
7822	0.01024343109
7823	0.01024142844
7824	0.01023794008
7825	0.01023386177
7826	0.01023176187
7827	0.01023020811
7828	0.01022704745
7829	0.01022532837
7830	0.01022193109
7831	0.01022042546
7832	0.01021893661
7833	0.01021821264
7834	0.01021721857
7835	0.01021643662
7836	0.01021378354
7837	0.01021222074
7838	0.01021063712
7839	0.01020867522
7840	0.01020473918
7841	0.01020162048
7842	0.0102011283
7843	0.01020027242
7844	0.01019708519
7845	0.01019395214
7846	0.01019318882
7847	0.01019137279
7848	0.01019041271
7849	0.0101862092
7850	0.0101841743
7851	0.01018142933
7852	0.01018081316
7853	0.01017762733
7854	0.01017611399
7855	0.01017158559
7856	0.01017088535
7857	0.01016996335
7858	0.01016726081
7859	0.01016393445
7860	0.01016099868
7861	0.01015782732
7862	0.01015683206
7863	0.01015441221
7864	0.01015114919
7865	0.01014737516
7866	0.01014643619
7867	0.01014488865
7868	0.01014242143
7869	0.01013961132
7870	0.01013818737
7871	0.01013629251
7872	0.01013270165
7873	0.01013055168
7874	0.01012828008
7875	0.01012716748
7876	0.01012580086
7877	0.0101235985
7878	0.01012116702
7879	0.01011942821
7880	0.01011766515
7881	0.01011548485
7882	0.0101132686
7883	0.01011049716
7884	0.01010817981
7885	0.01010310215
7886	0.01010191292
7887	0.01009993663
7888	0.01009683242
7889	0.01009287428
7890	0.01008901687
7891	0.01008624468
7892	0.01008572824
7893	0.0100852215
7894	0.01008277182
7895	0.0100799099
7896	0.01007585758
7897	0.01007421936
7898	0.01007109174
7899	0.01006909141
7900	0.01006342108
7901	0.01006161217
7902	0.01006077943
7903	0.01005797994
7904	0.01005570407
7905	0.01005463922
7906	0.01005245225
7907	0.01004990978
7908	0.01004779611
7909	0.01004588517
7910	0.01004440282
7911	0.01004154934
7912	0.0100395936
7913	0.01003839718
7914	0.01003664094
7915	0.01003385858
7916	0.01003257622
7917	0.01003095998
7918	0.01002991065
7919	0.01002936606
7920	0.01002753607
7921	0.01002618178
7922	0.01002488997
7923	0.01002338881
7924	0.0100210473
7925	0.0100182331
7926	0.01001667483
7927	0.01001536255
7928	0.01001231542
7929	0.01001063579
7930	0.01000966045
7931	0.01000695132
7932	0.01000362968
7933	0.009999895493
7934	0.00999567394
7935	0.009993879899
7936	0.009990466407
7937	0.009988644861
7938	0.009987337076
7939	0.009986633468
7940	0.009984772592
7941	0.009984044453
7942	0.009980873533
7943	0.009979590647
7944	0.009977037737
7945	0.009973157498
7946	0.009970224118
7947	0.009967244337
7948	0.009965826511
7949	0.009962063542
7950	0.009959773128
7951	0.00995515441
7952	0.009952958006
7953	0.009951284976
7954	0.009949319371
7955	0.009947261861
7956	0.009943668346
7957	0.00993712651
7958	0.009935686757
7959	0.009934620752
7960	0.009932331567
7961	0.009931208279
7962	0.009929819436
7963	0.009924431445
7964	0.009923100746
7965	0.009920607067
7966	0.009918833967
7967	0.009916956796
7968	0.009914506834
7969	0.009913677208
7970	0.009911762402
7971	0.009911127798
7972	0.009905871865
7973	0.009904675344
7974	0.009902642127
7975	0.009898495736
7976	0.009895911801
7977	0.009892980867
7978	0.009890587218
7979	0.009888543349
7980	0.009887358481
7981	0.009881420228
7982	0.00988064448
7983	0.009877735217
7984	0.009876257762
7985	0.009874099865
7986	0.009870905894
7987	0.009869530138
7988	0.009865862923
7989	0.009863985195
7990	0.00986186455
7991	0.009859251321
7992	0.009854473305
7993	0.009853164537
7994	0.009852300373
7995	0.009849121178
7996	0.009846636071
7997	0.009845223722
7998	0.009842829267
7999	0.009839041553
8000	0.009836167874
8001	0.009832381907
8002	0.009830341411
8003	0.009828001768
8004	0.009824787421
8005	0.009820856463
8006	0.00981899177
8007	0.009817928444
8008	0.009815288424
8009	0.009813842619
8010	0.00981270167
8011	0.009810175352
8012	0.009808590676
8013	0.009808132346
8014	0.009807109334
8015	0.00980426127
8016	0.00980331369
8017	0.009802176205
8018	0.009799396058
8019	0.009794564279
8020	0.00979359691
8021	0.009791041477
8022	0.009789097979
8023	0.00978642293
8024	0.00978571833
8025	0.009784169638
8026	0.009780702287
8027	0.009778951548
8028	0.009777929499
8029	0.009776623521
8030	0.009776022358
8031	0.009774171322
8032	0.009771936555
8033	0.009768277706
8034	0.009767831291
8035	0.00976662205
8036	0.009765485461
8037	0.009762054458
8038	0.009760863205
8039	0.009758380394
8040	0.009755677849
8041	0.009754376867
8042	0.009752169281
8043	0.009751704962
8044	0.00974974627
8045	0.009748122803
8046	0.009745811011
8047	0.009744957398
8048	0.009740487398
8049	0.009738396543
8050	0.009736018465
8051	0.009735332127
8052	0.009732497845
8053	0.00973120502
8054	0.00972913036
8055	0.00972678499
8056	0.009725052886
8057	0.009724283219
8058	0.009721083892
8059	0.009719397499
8060	0.009717909685
8061	0.009714862541
8062	0.009713520195
8063	0.009713237849
8064	0.009711380035
8065	0.00970826185
8066	0.009706494166
8067	0.009702733592
8068	0.009701247181
8069	0.009699390962
8070	0.009697959127
8071	0.009697623382
8072	0.009695060787
8073	0.009693821088
8074	0.009692752076
8075	0.009687589284
8076	0.009685628484
8077	0.009682934958
8078	0.009681930314
8079	0.00967792526
8080	0.009677802764
8081	0.009673762371
8082	0.009673279415
8083	0.009671801286
8084	0.009671345874
8085	0.009669846026
8086	0.009668962192
8087	0.00966533871
8088	0.009665163901
8089	0.00966167162
8090	0.00965952265
8091	0.009657816237
8092	0.009656108969
8093	0.009654625165
8094	0.009652532903
8095	0.009650412456
8096	0.009644753371
8097	0.009640153264
8098	0.009638024465
8099	0.00963686385
8100	0.009635078293
8101	0.009632523399
8102	0.009629576143
8103	0.009625892436
8104	0.009623756039
8105	0.009623348165
8106	0.009621379992
8107	0.009619167731
8108	0.00961780598
8109	0.009614876525
8110	0.009614031898
8111	0.00961143726
8112	0.009610389604
8113	0.009608587099
8114	0.009606926599
8115	0.009605446384
8116	0.009604373332
8117	0.009603427599
8118	0.009601887826
8119	0.009600185313
8120	0.009597635438
8121	0.009595971356
8122	0.00959403919
8123	0.009590081273
8124	0.009588547974
8125	0.009586324882
8126	0.009583398217
8127	0.009580172641
8128	0.009578798203
8129	0.009578191916
8130	0.009577584614
8131	0.009577365714
8132	0.009572483843
8133	0.009571493309
8134	0.009570163492
8135	0.009567706469
8136	0.009563319702
8137	0.009561823796
8138	0.009559911573
8139	0.009557002441
8140	0.009555109415
8141	0.009552940527
8142	0.009550725814
8143	0.009549841806
8144	0.009548809712
8145	0.009545696691
8146	0.009543813088
8147	0.009538567325
8148	0.009537083213
8149	0.009531268566
8150	0.009529910478
8151	0.009527434126
8152	0.0095243791
8153	0.009522828899
8154	0.009520616949
8155	0.009517357894
8156	0.009515479065
8157	0.009511818146
8158	0.009508884784
8159	0.009505194706
8160	0.009502857682
8161	0.00950072918
8162	0.009498661655
8163	0.00949599484
8164	0.009494619237
8165	0.009492692493
8166	0.009490435413
8167	0.009487788223
8168	0.009484425903
8169	0.00948112637
8170	0.009474495756
8171	0.0094735261
8172	0.009472878566
8173	0.00946833178
8174	0.009465484533
8175	0.009463340947
8176	0.009462439579
8177	0.00946149258
8178	0.009460174797
8179	0.009459634822
8180	0.009457903286
8181	0.009455184975
8182	0.009453088147
8183	0.009449443347
8184	0.009446567552
8185	0.009444004773
8186	0.009442100199
8187	0.009439741714
8188	0.009439080067
8189	0.009438768986
8190	0.009437008434
8191	0.009434695289
8192	0.00943294089
8193	0.009431558042
8194	0.009431041847
8195	0.009429299136
8196	0.009427602669
8197	0.009426181897
8198	0.00942537801
8199	0.009424011552
8200	0.009422447366
8201	0.0094187907
8202	0.009415052875
8203	0.009411726739
8204	0.009410000839
8205	0.009407778662
8206	0.009406378694
8207	0.009405709237
8208	0.009403750001
8209	0.009401603487
8210	0.009399163233
8211	0.009397379104
8212	0.009394333355
8213	0.009392772367
8214	0.009389348217
8215	0.009388347602
8216	0.009387715745
8217	0.00938579974
8218	0.009383131246
8219	0.00938138745
8220	0.009378495959
8221	0.0093759591
8222	0.00937515641
8223	0.00937408787
8224	0.009372353631
8225	0.009370277346
8226	0.009365957946
8227	0.009363106528
8228	0.009361268722
8229	0.009360247076
8230	0.009359058546
8231	0.009358117815
8232	0.009357131851
8233	0.009354708388
8234	0.009353285041
8235	0.00935131681
8236	0.00934984671
8237	0.009348623732
8238	0.009344629242
8239	0.009343124668
8240	0.009341902269
8241	0.009341406501
8242	0.009339358406
8243	0.00933926807
8244	0.009335718776
8245	0.009332030293
8246	0.009331108004
8247	0.00932814629
8248	0.009326832986
8249	0.009323900317
8250	0.009323266208
8251	0.009320755937
8252	0.009319513015
8253	0.009318314999
8254	0.009316588517
8255	0.009315205156
8256	0.009314792139
8257	0.009311201867
8258	0.009310438747
8259	0.009307754147
8260	0.009304988554
8261	0.009302991158
8262	0.009299814413
8263	0.009297118351
8264	0.009294957181
8265	0.009292198776
8266	0.009289268115
8267	0.009287884949
8268	0.009286099648
8269	0.009281744051
8270	0.009280431016
8271	0.009278615481
8272	0.009277395509
8273	0.009276586766
8274	0.009274704489
8275	0.009271738945
8276	0.009269402752
8277	0.009267376941
8278	0.009264016464
8279	0.009262051932
8280	0.009259481316
8281	0.009256479371
8282	0.009255669498
8283	0.009252406123
8284	0.009250996131
8285	0.009249274855
8286	0.009247502269
8287	0.009246042575
8288	0.009241958357
8289	0.009238045094
8290	0.009235692789
8291	0.009234061442
8292	0.00923335928
8293	0.009231024058
8294	0.009230024515
8295	0.009226453226
8296	0.009224873406
8297	0.009223419976
8298	0.009222202465
8299	0.009220635435
8300	0.00921887435
8301	0.009217322158
8302	0.009216052106
8303	0.009214167984
8304	0.009211950692
8305	0.009210945788
8306	0.009209237096
8307	0.009207839161
8308	0.009205885411
8309	0.009204388178
8310	0.009202700111
8311	0.009200676893
8312	0.009197162024
8313	0.009197010947
8314	0.009195641864
8315	0.009194684757
8316	0.009192029649
8317	0.00918963303
8318	0.009185580713
8319	0.009182797943
8320	0.009180754319
8321	0.009179909308
8322	0.009176812784
8323	0.00917598964
8324	0.009172472685
8325	0.009169411619
8326	0.009167438683
8327	0.009163666968
8328	0.009160416394
8329	0.009158593788
8330	0.00915703689
8331	0.009155487555
8332	0.009155149879
8333	0.009152186248
8334	0.009151122075
8335	0.009148209709
8336	0.009145382354
8337	0.009143228099
8338	0.009141621986
8339	0.009138739566
8340	0.009136265309
8341	0.009134306138
8342	0.009132742013
8343	0.009131320524
8344	0.009127283288
8345	0.009125045971
8346	0.009124408105
8347	0.0091215017
8348	0.009120413924
8349	0.009119158711
8350	0.009117203639
8351	0.009116150795
8352	0.009115430053
8353	0.009114863388
8354	0.009110619053
8355	0.009110471469
8356	0.009108930158
8357	0.009106927952
8358	0.009106369128
8359	0.00910408681
8360	0.009103030434
8361	0.009099715038
8362	0.009098711644
8363	0.009094761389
8364	0.009093715385
8365	0.009089322256
8366	0.009088162303
8367	0.009087073252
8368	0.009084358042
8369	0.009082698499
8370	0.009082132554
8371	0.009077788335
8372	0.009076165238
8373	0.009074359745
8374	0.009073349234
8375	0.009070651154
8376	0.009070300263
8377	0.009068380274
8378	0.009065210811
8379	0.009064201761
8380	0.009062283952
8381	0.00905986873
8382	0.009058250258
8383	0.009056780338
8384	0.009053987204
8385	0.009052106718
8386	0.009048125512
8387	0.009044547534
8388	0.00904134246
8389	0.009037219346
8390	0.009036418785
8391	0.00903208304
8392	0.009028870775
8393	0.009027153971
8394	0.009024532524
8395	0.009021676705
8396	0.009019630206
8397	0.009016571993
8398	0.009012752796
8399	0.009010238127
8400	0.009009316439
8401	0.009007407498
8402	0.00900572933
8403	0.009005099137
8404	0.009002289981
8405	0.009001166219
8406	0.008998962551
8407	0.00899653474
8408	0.008995142369
8409	0.008993599746
8410	0.008990383354
8411	0.008988921839
8412	0.008987088099
8413	0.008985558999
8414	0.008983967049
8415	0.008983484085
8416	0.008982952867
8417	0.008982165875
8418	0.00897925676
8419	0.008977127507
8420	0.008975469997
8421	0.008974450619
8422	0.008971694643
8423	0.008969303421
8424	0.008967138564
8425	0.008967039615
8426	0.008965234405
8427	0.008964179682
8428	0.008963378026
8429	0.008960182944
8430	0.008958290472
8431	0.00895754089
8432	0.008955542798
8433	0.008953192548
8434	0.008950528988
8435	0.008948896234
8436	0.008947322202
8437	0.008944941383
8438	0.008942319558
8439	0.008939757772
8440	0.008938775509
8441	0.00893604796
8442	0.00893338043
8443	0.008930328445
8444	0.008928581432
8445	0.008927706175
8446	0.008924587676
8447	0.008922393801
8448	0.008920477619
8449	0.008918725835
8450	0.008918116499
8451	0.008917062945
8452	0.008913586813
8453	0.008912489781
8454	0.00891034351
8455	0.008909217079
8456	0.00890676251
8457	0.008903637059
8458	0.008901997797
8459	0.008901252825
8460	0.00890046099
8461	0.008899592534
8462	0.008896849422
8463	0.008894025464
8464	0.008892754458
8465	0.008892155807
8466	0.008890905086
8467	0.008888972866
8468	0.008886670241
8469	0.008885732938
8470	0.008885260888
8471	0.00888318729
8472	0.00888217698
8473	0.008880057965
8474	0.008876017981
8475	0.008875585667
8476	0.008875208204
8477	0.008872121752
8478	0.008871791705
8479	0.008869844507
8480	0.008867429386
8481	0.008863557903
8482	0.008861310651
8483	0.008860791411
8484	0.008859667195
8485	0.00885781795
8486	0.00885679958
8487	0.008854020056
8488	0.008852282846
8489	0.008850290669
8490	0.008848695566
8491	0.008847757933
8492	0.008844797346
8493	0.008842725417
8494	0.008839223588
8495	0.008835362223
8496	0.008834220187
8497	0.00883240561
8498	0.008830672516
8499	0.008828243975
8500	0.008825511028
8501	0.008822995275
8502	0.008821510692
8503	0.008819126684
8504	0.008817488456
8505	0.00881669691
8506	0.008814910751
8507	0.008812291236
8508	0.008810830506
8509	0.008809444874
8510	0.008808995892
8511	0.008808248454
8512	0.00880731903
8513	0.008807114953
8514	0.008805679887
8515	0.008803771982
8516	0.008802440974
8517	0.008799386722
8518	0.008796410269
8519	0.008793712117
8520	0.008792761862
8521	0.008792226074
8522	0.008789627965
8523	0.008788361801
8524	0.008786622402
8525	0.00878447719
8526	0.008782244197
8527	0.008780500972
8528	0.008778867256
8529	0.008777563258
8530	0.008773422013
8531	0.008770864455
8532	0.008769614912
8533	0.008768278193
8534	0.008765942226
8535	0.008763512607
8536	0.008762973995
8537	0.008760801465
8538	0.008757470221
8539	0.008753404449
8540	0.008752155842
8541	0.008750679408
8542	0.008749279087
8543	0.00874888172
8544	0.008748069953
8545	0.008746388429
8546	0.00874425979
8547	0.008743143753
8548	0.008740407526
8549	0.008738340253
8550	0.008734706578
8551	0.008732941805
8552	0.008732068402
8553	0.008730435856
8554	0.008729243345
8555	0.008726680097
8556	0.008725409996
8557	0.008723269862
8558	0.008719588763
8559	0.008719011578
8560	0.008717327247
8561	0.008715745147
8562	0.008714029201
8563	0.008711488656
8564	0.008710622965
8565	0.008710449002
8566	0.008708876796
8567	0.008707939133
8568	0.008704845212
8569	0.008702712771
8570	0.008701637513
8571	0.008700115633
8572	0.008697293284
8573	0.008695771878
8574	0.008693048619
8575	0.008690791512
8576	0.008688550097
8577	0.008687695849
8578	0.008685786202
8579	0.008684079374
8580	0.00868163889
8581	0.008680565413
8582	0.008677465666
8583	0.008675779447
8584	0.008674059347
8585	0.008673619873
8586	0.008671198855
8587	0.008669855198
8588	0.008667665916
8589	0.008665256196
8590	0.008663860509
8591	0.008663018875
8592	0.008659816662
8593	0.008658048332
8594	0.008656393425
8595	0.008654662651
8596	0.008649082987
8597	0.008647505923
8598	0.008643634787
8599	0.008641380962
8600	0.008640015515
8601	0.008637970194
8602	0.008633884593
8603	0.008630586499
8604	0.008628879744
8605	0.00862699336
8606	0.008625886282
8607	0.008624583414
8608	0.008620710592
8609	0.008618660921
8610	0.008616842391
8611	0.008615861041
8612	0.008614210917
8613	0.008612977986
8614	0.00860867654
8615	0.00860690724
8616	0.008604183158
8617	0.008601556445
8618	0.008599931093
8619	0.008597939913
8620	0.008596980756
8621	0.008593591165
8622	0.008592463475
8623	0.008588797085
8624	0.008586425197
8625	0.008582037636
8626	0.008579391609
8627	0.008577969219
8628	0.008575353787
8629	0.008574740959
8630	0.008570295918
8631	0.00856766992
8632	0.008566337563
8633	0.008565871931
8634	0.008564370547
8635	0.008562711442
8636	0.008561497166
8637	0.008559737643
8638	0.00855618084
8639	0.008554392212
8640	0.008552609719
8641	0.008551532947
8642	0.008548540903
8643	0.008546852762
8644	0.008545042851
8645	0.008542503411
8646	0.008537697312
8647	0.008536944096
8648	0.00853357632
8649	0.008531862511
8650	0.008530831862
8651	0.00852793217
8652	0.008526012076
8653	0.008525383955
8654	0.008522535348
8655	0.008519916985
8656	0.008517108054
8657	0.008515957139
8658	0.008514475176
8659	0.008513648028
8660	0.008512783554
8661	0.008509948235
8662	0.008508461823
8663	0.008506552629
8664	0.008503854757
8665	0.008502328358
8666	0.008500707583
8667	0.008499691645
8668	0.008497020964
8669	0.008493412026
8670	0.008489752008
8671	0.008489054045
8672	0.008486420448
8673	0.008483834559
8674	0.008482544233
8675	0.008479655324
8676	0.008477273338
8677	0.008476084071
8678	0.00847488874
8679	0.008473218617
8680	0.0084715395
8681	0.008469206027
8682	0.008466041785
8683	0.008463910209
8684	0.008462147673
8685	0.008461841119
8686	0.008460642314
8687	0.008460334376
8688	0.008460125316
8689	0.008458033518
8690	0.008456372871
8691	0.008454632993
8692	0.008451196288
8693	0.008447225714
8694	0.00844669985
8695	0.008446019511
8696	0.008444745273
8697	0.008441495889
8698	0.008437590728
8699	0.008436432491
8700	0.008435169409
8701	0.008430188233
8702	0.008428199633
8703	0.008425921521
8704	0.008423354375
8705	0.008422938374
8706	0.008420758455
8707	0.008418127132
8708	0.008417139661
8709	0.008415333213
8710	0.0084141685
8711	0.008412982329
8712	0.00841110115
8713	0.00840727459
8714	0.008406140827
8715	0.008404314547
8716	0.008402910385
8717	0.008402018239
8718	0.008400447499
8719	0.008399165972
8720	0.008398219253
8721	0.008396481373
8722	0.008394740825
8723	0.008393082813
8724	0.008389833222
8725	0.008387957322
8726	0.008384928443
8727	0.008382771578
8728	0.008381394022
8729	0.008380397099
8730	0.008379072504
8731	0.008376767605
8732	0.008375221634
8733	0.008371582772
8734	0.008366442712
8735	0.008363990826
8736	0.008360741997
8737	0.008358748976
8738	0.00835671701
8739	0.008354332553
8740	0.008353438382
8741	0.008350580981
8742	0.008349679384
8743	0.008347877812
8744	0.008345729746
8745	0.008343370921
8746	0.008341890014
8747	0.008340454352
8748	0.008335575853
8749	0.008334591266
8750	0.008333118812
8751	0.008329882366
8752	0.008327117601
8753	0.008326304787
8754	0.008325005776
8755	0.008323201172
8756	0.008321000634
8757	0.008320316437
8758	0.008317878934
8759	0.008316235588
8760	0.008315278105
8761	0.008312410409
8762	0.008310027764
8763	0.008308364308
8764	0.008307081078
8765	0.008305258041
8766	0.008304953962
8767	0.008302817918
8768	0.008301511565
8769	0.008300216743
8770	0.008299443902
8771	0.008295856233
8772	0.00829436181
8773	0.008292078642
8774	0.008290288758
8775	0.008288865145
8776	0.008287763195
8777	0.008283371539
8778	0.008280988047
8779	0.008278959416
8780	0.008278209048
8781	0.008276721581
8782	0.008274791304
8783	0.008273178034
8784	0.008272377234
8785	0.008272020892
8786	0.008270867567
8787	0.008269921517
8788	0.008269183841
8789	0.008268003125
8790	0.008265253299
8791	0.008264051904
8792	0.008261204456
8793	0.008259891168
8794	0.008259536871
8795	0.008256454857
8796	0.008254327217
8797	0.008253680948
8798	0.008252659061
8799	0.008250559022
8800	0.00825026556
8801	0.008249040736
8802	0.008246447607
8803	0.008245541749
8804	0.008244945021
8805	0.008242160134
8806	0.008238256242
8807	0.008237335528
8808	0.008235588921
8809	0.008234189424
8810	0.008231966589
8811	0.008228757808
8812	0.008225392367
8813	0.008222838518
8814	0.008220425172
8815	0.008219384109
8816	0.008219194548
8817	0.008218434433
8818	0.008216717193
8819	0.008215613493
8820	0.008212212547
8821	0.008211927415
8822	0.008207463565
8823	0.008205864876
8824	0.00820203576
8825	0.008201090851
8826	0.008198490166
8827	0.00819511479
8828	0.00819220961
8829	0.008189767497
8830	0.008188414101
8831	0.008186632088
8832	0.00818544872
8833	0.00818359476
8834	0.008182117435
8835	0.008180124258
8836	0.008178831691
8837	0.008176979004
8838	0.008175941678
8839	0.008175457077
8840	0.008173453511
8841	0.008172579521
8842	0.008171870295
8843	0.008167288001
8844	0.008166713484
8845	0.008164611448
8846	0.008163544925
8847	0.008161646459
8848	0.008159973601
8849	0.008157042475
8850	0.008155114775
8851	0.008153868719
8852	0.008152908713
8853	0.008152139108
8854	0.008149346663
8855	0.008147370112
8856	0.00814519725
8857	0.008143163957
8858	0.008142190822
8859	0.008138838191
8860	0.008137781767
8861	0.008136222944
8862	0.00813560359
8863	0.008133072005
8864	0.008131807691
8865	0.008130263498
8866	0.008128978364
8867	0.008128340064
8868	0.008127281175
8869	0.008124717852
8870	0.00812345181
8871	0.008122276484
8872	0.008121964345
8873	0.00812072527
8874	0.00811879933
8875	0.008115026117
8876	0.008113858348
8877	0.008111076417
8878	0.008110039543
8879	0.008108844958
8880	0.008107956999
8881	0.008107304497
8882	0.008105372301
8883	0.008104719871
8884	0.00810295582
8885	0.008102183576
8886	0.00809936506
8887	0.008097693456
8888	0.008095059178
8889	0.008093762163
8890	0.008090089725
8891	0.008089229024
8892	0.008086929659
8893	0.008085108175
8894	0.008082485394
8895	0.00808182273
8896	0.008081209507
8897	0.008077553853
8898	0.008076396279
8899	0.008074697647
8900	0.008070812383
8901	0.008069098404
8902	0.00806722354
8903	0.008065137185
8904	0.008063347388
8905	0.00806093041
8906	0.008059157961
8907	0.008058418527
8908	0.008057843016
8909	0.008056397488
8910	0.008054446853
8911	0.008053708106
8912	0.008052881401
8913	0.00805227695
8914	0.008050986215
8915	0.008049794817
8916	0.008047197466
8917	0.008045203666
8918	0.008044104531
8919	0.00804199097
8920	0.008040044857
8921	0.008037684396
8922	0.008036444079
8923	0.008035142652
8924	0.008034571964
8925	0.008033774359
8926	0.008032536114
8927	0.008029810697
8928	0.008027852737
8929	0.008026259358
8930	0.008024773901
8931	0.008021965996
8932	0.008021570893
8933	0.008020797714
8934	0.008017324847
8935	0.008015528392
8936	0.008014560081
8937	0.008013368187
8938	0.008012224933
8939	0.008008783534
8940	0.00800862574
8941	0.008006910912
8942	0.008004768058
8943	0.008003730733
8944	0.008002664858
8945	0.008000522941
8946	0.007999496485
8947	0.007997695299
8948	0.00799609973
8949	0.007995154459
8950	0.007994338902
8951	0.00799263687
8952	0.007990333524
8953	0.007989225378
8954	0.007987476827
8955	0.007986406889
8956	0.007985995031
8957	0.007985150747
8958	0.007983914729
8959	0.007982770827
8960	0.007981214745
8961	0.007980464573
8962	0.007977329138
8963	0.00797616157
8964	0.007972657326
8965	0.007970011512
8966	0.007966937455
8967	0.007961568691
8968	0.007958904161
8969	0.007957445422
8970	0.007955677594
8971	0.007953978024
8972	0.007953543983
8973	0.007951053282
8974	0.007949044425
8975	0.007947821695
8976	0.007945250858
8977	0.007944558033
8978	0.007941177998
8979	0.007940664096
8980	0.007940334248
8981	0.00793987274
8982	0.007938314304
8983	0.00793712738
8984	0.007935393503
8985	0.007934043406
8986	0.007932763581
8987	0.007931506494
8988	0.007929331788
8989	0.007928296741
8990	0.007927151695
8991	0.007926593494
8992	0.007925370885
8993	0.0079245431
8994	0.007923711646
8995	0.007923128736
8996	0.007920661724
8997	0.007920182439
8998	0.007919003246
8999	0.007917139914
9000	0.007914150943
9001	0.0079132187
9002	0.00791261871
9003	0.007911674588
9004	0.007911423342
9005	0.007909981449
9006	0.00790925155
9007	0.007906673886
9008	0.007904892182
9009	0.007902948871
9010	0.007901241804
9011	0.007900175445
9012	0.007899517285
9013	0.007898407799
9014	0.00789718584
9015	0.00789599125
9016	0.007895771384
9017	0.007893809389
9018	0.007892024757
9019	0.007891401077
9020	0.007890491679
9021	0.007889479237
9022	0.007887073505
9023	0.007885034184
9024	0.007883643404
9025	0.007881338988
9026	0.007879711405
9027	0.007878364329
9028	0.007877308945
9029	0.007875973752
9030	0.007874680734
9031	0.007873343834
9032	0.007871292266
9033	0.007869892146
9034	0.007868265686
9035	0.007865235908
9036	0.007863032133
9037	0.007861868533
9038	0.007861122346
9039	0.007859262211
9040	0.007857595597
9041	0.007856085399
9042	0.00785503245
9043	0.007853836133
9044	0.007850957435
9045	0.007849153861
9046	0.007848123226
9047	0.00784582248
9048	0.007844673702
9049	0.007842635374
9050	0.007841614843
9051	0.007840241089
9052	0.007838268992
9053	0.007837539754
9054	0.007836584082
9055	0.007834938282
9056	0.007834038366
9057	0.007832003035
9058	0.007831435397
9059	0.007829935132
9060	0.007828525549
9061	0.007826922352
9062	0.007823765477
9063	0.007821055194
9064	0.00782023737
9065	0.007818007
9066	0.007817017483
9067	0.007815182974
9068	0.00781294164
9069	0.007811602243
9070	0.007810409088
9071	0.007808739953
9072	0.007807170247
9073	0.007806898879
9074	0.007805858667
9075	0.007803663935
9076	0.007802197384
9077	0.007801556157
9078	0.007799729409
9079	0.007798115502
9080	0.007795312029
9081	0.00779278524
9082	0.00779050208
9083	0.00778732548
9084	0.007786441881
9085	0.007783707085
9086	0.007782450696
9087	0.007781168621
9088	0.007779359957
9089	0.007778890802
9090	0.007778286132
9091	0.007777029962
9092	0.007775793181
9093	0.007774136978
9094	0.007771941446
9095	0.007770885288
9096	0.007769325389
9097	0.007769193731
9098	0.007767298147
9099	0.007765763517
9100	0.007764739434
9101	0.00776415217
9102	0.007762368868
9103	0.007758853432
9104	0.007757602056
9105	0.007757014849
9106	0.007754551913
9107	0.007753051229
9108	0.007750286682
9109	0.007748593281
9110	0.007748139972
9111	0.007747590475
9112	0.007745706938
9113	0.007744483017
9114	0.007743907144
9115	0.007743603269
9116	0.007741211384
9117	0.007739910853
9118	0.007737889992
9119	0.007735866771
9120	0.007734734925
9121	0.007733600989
9122	0.007731912263
9123	0.007730642013
9124	0.007728738552
9125	0.007727677346
9126	0.007725634959
9127	0.007724541395
9128	0.007722245613
9129	0.007720849164
9130	0.007718654221
9131	0.007716848322
9132	0.007715185743
9133	0.007712945895
9134	0.007710949522
9135	0.00770999913
9136	0.007709003838
9137	0.007708502459
9138	0.007706649913
9139	0.007703536639
9140	0.007702640743
9141	0.007701821516
9142	0.007700907956
9143	0.00770054981
9144	0.007698189589
9145	0.00769572827
9146	0.007693572139
9147	0.007691956338
9148	0.007690359131
9149	0.007688010186
9150	0.007687787101
9151	0.007686247967
9152	0.007684498773
9153	0.007683173924
9154	0.007681631252
9155	0.007679638368
9156	0.007677735666
9157	0.00767646306
9158	0.00767466767
9159	0.007673285676
9160	0.007672006502
9161	0.007670920239
9162	0.007669636336
9163	0.007667682459
9164	0.00766716519
9165	0.007665325638
9166	0.007662455287
9167	0.007661350201
9168	0.007658073507
9169	0.007657024216
9170	0.00765535749
9171	0.007654598439
9172	0.007652753941
9173	0.007650314588
9174	0.007649037188
9175	0.007646119462
9176	0.007644670356
9177	0.007644055021
9178	0.007643414732
9179	0.007642816392
9180	0.007642058303
9181	0.007639979934
9182	0.007639292425
9183	0.007638816521
9184	0.00763793929
9185	0.00763717331
9186	0.00763596015
9187	0.007635131237
9188	0.007633675106
9189	0.007632930181
9190	0.007630890143
9191	0.007630157015
9192	0.007629556989
9193	0.007627669342
9194	0.0076241672
9195	0.007621539666
9196	0.00761996203
9197	0.00761810739
9198	0.007616402385
9199	0.007615888155
9200	0.007614311786
9201	0.007613699796
9202	0.00761027148
9203	0.007608499756
9204	0.007607568026
9205	0.007606939224
9206	0.007606118629
9207	0.007605177446
9208	0.007603739757
9209	0.007603006233
9210	0.007601575218
9211	0.007600771468
9212	0.007596901213
9213	0.007595086698
9214	0.007592676307
9215	0.00758966612
9216	0.007588164874
9217	0.007585385203
9218	0.007582665894
9219	0.007581479762
9220	0.007580941684
9221	0.007580353487
9222	0.007580179883
9223	0.007578960886
9224	0.007577964779
9225	0.00757722723
9226	0.00757667497
9227	0.007575632674
9228	0.007574180299
9229	0.007573025973
9230	0.007571130781
9231	0.007568498621
9232	0.007566174037
9233	0.007564089158
9234	0.007561239388
9235	0.00756061405
9236	0.0075596921
9237	0.007558324398
9238	0.007556863177
9239	0.007555756901
9240	0.007554687279
9241	0.007553703624
9242	0.007552224526
9243	0.007550837231
9244	0.007549926172
9245	0.007548811559
9246	0.007546243071
9247	0.00754545627
9248	0.007543962904
9249	0.007543186696
9250	0.007541733803
9251	0.00753983508
9252	0.007538495982
9253	0.007538048926
9254	0.007537384987
9255	0.007537112095
9256	0.007534889125
9257	0.007534041605
9258	0.007531535312
9259	0.007530085782
9260	0.00752887024
9261	0.007527875362
9262	0.007526568132
9263	0.007525210532
9264	0.007523715692
9265	0.00752048538
9266	0.007518671699
9267	0.007516223074
9268	0.007513841164
9269	0.007510920251
9270	0.007509458361
9271	0.007507993945
9272	0.007506098434
9273	0.007505060722
9274	0.00750291153
9275	0.007502148709
9276	0.007499335364
9277	0.007498240086
9278	0.007496807768
9279	0.007495455299
9280	0.007492654927
9281	0.007491220963
9282	0.007489491722
9283	0.007487549544
9284	0.007486892673
9285	0.007485426592
9286	0.007482632982
9287	0.007481695517
9288	0.007480310521
9289	0.007478882856
9290	0.007476860525
9291	0.007474152885
9292	0.007472946576
9293	0.007470337543
9294	0.007469582045
9295	0.007468703328
9296	0.007468226083
9297	0.007467462733
9298	0.007464982847
9299	0.007464309975
9300	0.007462667284
9301	0.007462247376
9302	0.007461425052
9303	0.007460541423
9304	0.007459689842
9305	0.007457839106
9306	0.007456892208
9307	0.007455593037
9308	0.007454817967
9309	0.007453922922
9310	0.007451936473
9311	0.007450893722
9312	0.007449815821
9313	0.007447577673
9314	0.007446644864
9315	0.007446465994
9316	0.007446178177
9317	0.007444171491
9318	0.007443701332
9319	0.007441018383
9320	0.007438467925
9321	0.007436623344
9322	0.007434226935
9323	0.007431848712
9324	0.007429357797
9325	0.00742801442
9326	0.007427142304
9327	0.007425951635
9328	0.007424909696
9329	0.007423570037
9330	0.007421933784
9331	0.007419426413
9332	0.007418528977
9333	0.007417326461
9334	0.007416122081
9335	0.007414987064
9336	0.007411718593
9337	0.007410607208
9338	0.007409644475
9339	0.007408016925
9340	0.007407014462
9341	0.007406786535
9342	0.007406087602
9343	0.007405139997
9344	0.007403798992
9345	0.007402357845
9346	0.007400673806
9347	0.007399492457
9348	0.007396748642
9349	0.007395176911
9350	0.007394529975
9351	0.007393928872
9352	0.007393553177
9353	0.007392285471
9354	0.00739064786
9355	0.007390062083
9356	0.007388792109
9357	0.007387497354
9358	0.00738659473
9359	0.007385913122
9360	0.007385536351
9361	0.007384245156
9362	0.007381948032
9363	0.007379698667
9364	0.007378925349
9365	0.007377634111
9366	0.00737709456
9367	0.007374974412
9368	0.007373412741
9369	0.007372286357
9370	0.007369760825
9371	0.007366745965
9372	0.007365370295
9373	0.007362092059
9374	0.007360808943
9375	0.00735931187
9376	0.007358417443
9377	0.007355798879
9378	0.007352003454
9379	0.007350360385
9380	0.007345850718
9381	0.007344194659
9382	0.007343580907
9383	0.007341867897
9384	0.007340055416
9385	0.007338717423
9386	0.007337533754
9387	0.007335351302
9388	0.007332085114
9389	0.007330894844
9390	0.007328389827
9391	0.007325131715
9392	0.007323794078
9393	0.007322547818
9394	0.00732102721
9395	0.007319971678
9396	0.007317953754
9397	0.007316746348
9398	0.007314762438
9399	0.007314385148
9400	0.007313410345
9401	0.007311725784
9402	0.007309818379
9403	0.007309297654
9404	0.007307573991
9405	0.007305656444
9406	0.007303897525
9407	0.007301966591
9408	0.007299418665
9409	0.007298743791
9410	0.007297662305
9411	0.007297105944
9412	0.007295176052
9413	0.007293565181
9414	0.007292467462
9415	0.00729096524
9416	0.007288713135
9417	0.007287467089
9418	0.007285603706
9419	0.007284498966
9420	0.007283402194
9421	0.007280865069
9422	0.007277717529
9423	0.007276997221
9424	0.007274680131
9425	0.007272581622
9426	0.007270742976
9427	0.007268960066
9428	0.007267017059
9429	0.007266227726
9430	0.007265319686
9431	0.007261660479
9432	0.007260534195
9433	0.007259591518
9434	0.007258729752
9435	0.00725530109
9436	0.007253695922
9437	0.007252854604
9438	0.007251576591
9439	0.007250826442
9440	0.007246865425
9441	0.007243190312
9442	0.007242369681
9443	0.00724194874
9444	0.00724044517
9445	0.007238950426
9446	0.007238442615
9447	0.007237210716
9448	0.007236293401
9449	0.007234680838
9450	0.007234073128
9451	0.007233206082
9452	0.007230952767
9453	0.007229801936
9454	0.007229707849
9455	0.007227905841
9456	0.00722685068
9457	0.007225072386
9458	0.007224650661
9459	0.007223191901
9460	0.007222445727
9461	0.007220612391
9462	0.007218223495
9463	0.007217280167
9464	0.007215741413
9465	0.007215214852
9466	0.007213240968
9467	0.007211907569
9468	0.007209636312
9469	0.007208035287
9470	0.007207290505
9471	0.007205166726
9472	0.007202859346
9473	0.007201740392
9474	0.007201534314
9475	0.007200665255
9476	0.007200421144
9477	0.007199014887
9478	0.007197248065
9479	0.007196089993
9480	0.007194814231
9481	0.007194040282
9482	0.007193397188
9483	0.007191351471
9484	0.00719002181
9485	0.007189616567
9486	0.007188778352
9487	0.007185610234
9488	0.007184961217
9489	0.007183139087
9490	0.007181818698
9491	0.007179903798
9492	0.007179345002
9493	0.00717829631
9494	0.00717808227
9495	0.007175932274
9496	0.00717396231
9497	0.007172716435
9498	0.007171134173
9499	0.007170242374
9500	0.007168763542
9501	0.007167584758
9502	0.007166073894
9503	0.007165310929
9504	0.007162624541
9505	0.00716075503
9506	0.00715963902
9507	0.007158261701
9508	0.007156428686
9509	0.00715504541
9510	0.007153938462
9511	0.007152519215
9512	0.007150309957
9513	0.007147752552
9514	0.007147070545
9515	0.007146041291
9516	0.007144158486
9517	0.007142837414
9518	0.007140880856
9519	0.007139816945
9520	0.007139587231
9521	0.007137952637
9522	0.007137207411
9523	0.007136796983
9524	0.007135782314
9525	0.007133896743
9526	0.007131381647
9527	0.007130482664
9528	0.007129317134
9529	0.007128379234
9530	0.007126706626
9531	0.007126219815
9532	0.007124850188
9533	0.007124098846
9534	0.007121035543
9535	0.0071193447
9536	0.007117202062
9537	0.007115861247
9538	0.00711481582
9539	0.00711386303
9540	0.007112610679
9541	0.007110399124
9542	0.007107720798
9543	0.007104744776
9544	0.007104488886
9545	0.00710412652
9546	0.007102459855
9547	0.007100703353
9548	0.007098846097
9549	0.007097063795
9550	0.007095929
9551	0.007094345208
9552	0.007092857793
9553	0.007091689981
9554	0.007088921361
9555	0.007087019025
9556	0.007086323033
9557	0.00708515515
9558	0.007083765522
9559	0.007080480915
9560	0.007078338344
9561	0.007077643634
9562	0.007076156101
9563	0.00707535975
9564	0.007073859918
9565	0.007072801956
9566	0.007071593549
9567	0.007070218077
9568	0.007067980794
9569	0.007066674946
9570	0.007063788947
9571	0.007062833554
9572	0.007061933353
9573	0.007060294019
9574	0.007059228595
9575	0.007058090178
9576	0.007056613071
9577	0.007054907433
9578	0.007054065604
9579	0.007052555054
9580	0.007051513888
9581	0.007049756535
9582	0.007048620474
9583	0.007048260727
9584	0.007045683668
9585	0.00704445887
9586	0.007042866152
9587	0.007041524092
9588	0.007040984664
9589	0.007040270207
9590	0.0070395327
9591	0.007038104707
9592	0.007036580635
9593	0.00703326729
9594	0.007032050614
9595	0.007031347822
9596	0.007029186314
9597	0.00702665727
9598	0.007025281202
9599	0.007023413303
9600	0.007022374745
9601	0.007021297976
9602	0.007020415804
9603	0.007019071006
9604	0.007017590055
9605	0.007015859891
9606	0.007014869903
9607	0.007013089162
9608	0.007012509741
9609	0.007010485611
9610	0.00700870137
9611	0.007005058275
9612	0.007003569379
9613	0.007003457542
9614	0.007002949192
9615	0.007002191545
9616	0.006999882838
9617	0.006998812574
9618	0.006997464984
9619	0.006996759648
9620	0.006994496981
9621	0.006993666218
9622	0.006991606826
9623	0.006990888431
9624	0.006989707757
9625	0.006988295848
9626	0.006987410753
9627	0.006984649506
9628	0.006984051632
9629	0.006982087128
9630	0.006981632335
9631	0.006981131647
9632	0.006979755246
9633	0.006979393671
9634	0.006976291772
9635	0.006975155112
9636	0.006972924963
9637	0.00697105279
9638	0.006970339673
9639	0.006968648158
9640	0.00696728476
9641	0.006964841848
9642	0.006962834879
9643	0.006960115678
9644	0.006956344531
9645	0.00695393326
9646	0.006953387467
9647	0.006951062859
9648	0.00694978415
9649	0.006948310593
9650	0.006946378758
9651	0.006945327056
9652	0.006942959926
9653	0.006942156571
9654	0.006940861572
9655	0.006939519247
9656	0.006935328139
9657	0.006933866188
9658	0.006932904127
9659	0.006931861685
9660	0.006930948558
9661	0.006929979564
9662	0.006928954202
9663	0.006928176237
9664	0.006927231768
9665	0.006925547349
9666	0.006925059057
9667	0.006923401536
9668	0.006921411244
9669	0.00691820637
9670	0.006917691311
9671	0.006917097736
9672	0.00691575911
9673	0.006913094081
9674	0.006910531713
9675	0.006908801144
9676	0.006906691204
9677	0.006904887789
9678	0.006904500795
9679	0.006903633656
9680	0.006902378646
9681	0.006901404198
9682	0.006899680396
9683	0.006898902008
9684	0.006898065467
9685	0.006896972935
9686	0.006896270994
9687	0.006895542239
9688	0.006893507611
9689	0.006892137805
9690	0.006891678604
9691	0.006890725778
9692	0.006890308058
9693	0.006888538984
9694	0.006887949
9695	0.00688688398
9696	0.00688487316
9697	0.006884019133
9698	0.006882698208
9699	0.00688096621
9700	0.006877181268
9701	0.006875624755
9702	0.006873740365
9703	0.006872481894
9704	0.006871660401
9705	0.006869861507
9706	0.006868837326
9707	0.006867492624
9708	0.006864883944
9709	0.006862570297
9710	0.006860191683
9711	0.006859212138
9712	0.00685806684
9713	0.006857115195
9714	0.00685633762
9715	0.006855086664
9716	0.006853694249
9717	0.006851579371
9718	0.006851013839
9719	0.006849828364
9720	0.006846958073
9721	0.006846561692
9722	0.006846303049
9723	0.006843644619
9724	0.006843045592
9725	0.006840900364
9726	0.006839841764
9727	0.006839788261
9728	0.006838412915
9729	0.006837067497
9730	0.006835490831
9731	0.006834714159
9732	0.006834612218
9733	0.00683243073
9734	0.006831162662
9735	0.006829783005
9736	0.006828691847
9737	0.00682778141
9738	0.006826406031
9739	0.00682525711
9740	0.006821989371
9741	0.006820738675
9742	0.006819355718
9743	0.006818208321
9744	0.006817272643
9745	0.006815573212
9746	0.006815245314
9747	0.006813815448
9748	0.006812252386
9749	0.006809252932
9750	0.006808326265
9751	0.006805493233
9752	0.006804125546
9753	0.006802501338
9754	0.00680127211
9755	0.006800025697
9756	0.006799320502
9757	0.006797619294
9758	0.006795887866
9759	0.006794024542
9760	0.006792466279
9761	0.006790971533
9762	0.006789782441
9763	0.00678946015
9764	0.006787612902
9765	0.006786776122
9766	0.006784242394
9767	0.006783081205
9768	0.006782002473
9769	0.006780707244
9770	0.00677955621
9771	0.006778314757
9772	0.006777609108
9773	0.006776412996
9774	0.006775194406
9775	0.006773468379
9776	0.006772068787
9777	0.006771077891
9778	0.00677090855
9779	0.006769652334
9780	0.006768873671
9781	0.006767020995
9782	0.006765806976
9783	0.006764446428
9784	0.006763998701
9785	0.00676277592
9786	0.006761085902
9787	0.006759421792
9788	0.00675803194
9789	0.006755693849
9790	0.006752081948
9791	0.006749134198
9792	0.006746525191
9793	0.006744550702
9794	0.006743730186
9795	0.006740844766
9796	0.006738130953
9797	0.006737832926
9798	0.006736256747
9799	0.006735946951
9800	0.006734958729
9801	0.00673166495
9802	0.006729639351
9803	0.006727616649
9804	0.00672515451
9805	0.006723678445
9806	0.006722308259
9807	0.006721068905
9808	0.006719438558
9809	0.006718690643
9810	0.006717554059
9811	0.006716531613
9812	0.006715738188
9813	0.0067137867
9814	0.006713480848
9815	0.006711622086
9816	0.006710863908
9817	0.00670988355
9818	0.006707744907
9819	0.006704920429
9820	0.006703231433
9821	0.006701261789
9822	0.006699664289
9823	0.006698111633
9824	0.006695869181
9825	0.006694768331
9826	0.006693924218
9827	0.006691846161
9828	0.006690906819
9829	0.006690047223
9830	0.006687043026
9831	0.006685691756
9832	0.006683647043
9833	0.006682106212
9834	0.00668045032
9835	0.006678734917
9836	0.00667626603
9837	0.006675210026
9838	0.006673972859
9839	0.006672731296
9840	0.006672050589
9841	0.006670913766
9842	0.006669573098
9843	0.006668482221
9844	0.006667423338
9845	0.006665790873
9846	0.006664310765
9847	0.006660590367
9848	0.006659839625
9849	0.00665793331
9850	0.006656757107
9851	0.006655438092
9852	0.006653290321
9853	0.006650986966
9854	0.006649963795
9855	0.006647512574
9856	0.0066458876
9857	0.006645297306
9858	0.006642985702
9859	0.006641753141
9860	0.006640360868
9861	0.00663919218
9862	0.006637416445
9863	0.006635940238
9864	0.006635543033
9865	0.006634502247
9866	0.006633430203
9867	0.006632406739
9868	0.006631616346
9869	0.006631389121
9870	0.006629900602
9871	0.006628866469
9872	0.006627129041
9873	0.006626300293
9874	0.006626049011
9875	0.006625242354
9876	0.006623628155
9877	0.006622992594
9878	0.006621584067
9879	0.006620981347
9880	0.006620379319
9881	0.006618475013
9882	0.006616118937
9883	0.006615347261
9884	0.006614346411
9885	0.006613849043
9886	0.006612602131
9887	0.006612100693
9888	0.006611916101
9889	0.00661097621
9890	0.006609978625
9891	0.006607297867
9892	0.006606691857
9893	0.006604118947
9894	0.006603041388
9895	0.006600841492
9896	0.00659972863
9897	0.006599093212
9898	0.006595694995
9899	0.006594011584
9900	0.006593190752
9901	0.006591363239
9902	0.006588362899
9903	0.006585235765
9904	0.006583079597
9905	0.006580708264
9906	0.006578671108
9907	0.006578374686
9908	0.00657682146
9909	0.006576712115
9910	0.006574956609
9911	0.006573891518
9912	0.006571808334
9913	0.006570945003
9914	0.006570362049
9915	0.006569639202
9916	0.006565111461
9917	0.006564451627
9918	0.006563317662
9919	0.0065626749
9920	0.006561320654
9921	0.00656076736
9922	0.006559827191
9923	0.006558970333
9924	0.006558466638
9925	0.006556651273
9926	0.006555030459
9927	0.006553122786
9928	0.006551528457
9929	0.006550062312
9930	0.006548341486
9931	0.006547716744
9932	0.006546084467
9933	0.006544929678
9934	0.00654413525
9935	0.006543191882
9936	0.006541842139
9937	0.006540744976
9938	0.006539700687
9939	0.006538658837
9940	0.006535218451
9941	0.006533761069
9942	0.006531620307
9943	0.006530610371
9944	0.006529935596
9945	0.006528989865
9946	0.006527649436
9947	0.006525716057
9948	0.006525283477
9949	0.006524102235
9950	0.006523923042
9951	0.006522156784
9952	0.006521952893
9953	0.006521166912
9954	0.006519098964
9955	0.006518887625
9956	0.006516507723
9957	0.006515161752
9958	0.006514263298
9959	0.006513060336
9960	0.006512961291
9961	0.006512016183
9962	0.006510601171
9963	0.006509564942
9964	0.006506903489
9965	0.006506050869
9966	0.00650504402
9967	0.006504113239
9968	0.006503413235
9969	0.00650290646
9970	0.006502312419
9971	0.006501235942
9972	0.006500080014
9973	0.006497949269
9974	0.00649648805
9975	0.006496442456
9976	0.006495652942
9977	0.006493418647
9978	0.006491920077
9979	0.006491083553
9980	0.00648862515
9981	0.006487858998
9982	0.006487678553
9983	0.006485782447
9984	0.006484030645
9985	0.006482303636
9986	0.006481856607
9987	0.006481179739
9988	0.006480498196
9989	0.006478142611
9990	0.00647674605
9991	0.006475413351
9992	0.006473613378
9993	0.006472034427
9994	0.006471118485
9995	0.006469792623
9996	0.006468600473
9997	0.006467695797
9998	0.006467634478
9999	0.006465860851
