iter	Passed	Remaining
0	66	665131
1	74	372183
2	82	275726
3	96	240243
4	104	207930
5	122	203281
6	129	185237
7	135	169411
8	142	158317
9	148	148377
10	155	140795
11	160	133754
12	165	127066
13	170	121658
14	175	117011
15	181	113018
16	186	109332
17	191	106436
18	197	103892
19	202	101139
20	208	98948
21	213	96718
22	218	94617
23	222	92691
24	228	91226
25	233	89528
26	238	88042
27	244	87117
28	249	85798
29	254	84529
30	257	82698
31	262	81656
32	269	81279
33	274	80407
34	279	79538
35	286	79175
36	291	78503
37	296	77742
38	301	76975
39	306	76288
40	312	75831
41	317	75223
42	323	74842
43	328	74320
44	334	73977
45	343	74406
46	350	74173
47	357	74196
48	366	74484
49	373	74416
50	380	74308
51	388	74325
52	394	74027
53	401	73968
54	408	73811
55	414	73602
56	419	73251
57	425	72918
58	432	72923
59	438	72624
60	443	72329
61	449	72041
62	455	71915
63	466	72347
64	473	72436
65	480	72304
66	486	72103
67	491	71807
68	496	71504
69	502	71245
70	509	71202
71	514	70982
72	520	70801
73	526	70587
74	532	70446
75	537	70182
76	542	69948
77	548	69711
78	553	69516
79	558	69285
80	563	69039
81	568	68800
82	573	68571
83	584	69014
84	591	68992
85	604	69733
86	615	70141
87	623	70232
88	633	70501
89	640	70561
90	652	71020
91	656	70733
92	661	70512
93	667	70301
94	674	70307
95	683	70487
96	689	70429
97	695	70253
98	700	70062
99	706	69948
100	712	69797
101	716	69559
102	721	69350
103	726	69174
104	731	68920
105	736	68757
106	741	68562
107	746	68393
108	750	68128
109	756	68023
110	761	67844
111	766	67690
112	771	67474
113	777	67385
114	781	67212
115	786	67048
116	792	66903
117	796	66730
118	802	66627
119	807	66525
120	813	66444
121	818	66286
122	831	66799
123	837	66668
124	844	66677
125	855	67074
126	865	67284
127	873	67403
128	882	67492
129	890	67602
130	897	67597
131	902	67479
132	907	67360
133	914	67333
134	919	67202
135	924	67080
136	930	66979
137	935	66830
138	940	66706
139	944	66501
140	950	66426
141	954	66268
142	959	66112
143	963	65968
144	968	65819
145	973	65702
146	978	65574
147	983	65441
148	988	65345
149	993	65261
150	999	65207
151	1004	65082
152	1009	64979
153	1015	64924
154	1021	64851
155	1026	64766
156	1032	64702
157	1037	64637
158	1042	64531
159	1048	64454
160	1053	64374
161	1057	64220
162	1062	64119
163	1068	64072
164	1078	64309
165	1084	64272
166	1094	64419
167	1108	64868
168	1114	64840
169	1119	64735
170	1125	64698
171	1132	64686
172	1139	64719
173	1145	64688
174	1150	64580
175	1154	64467
176	1160	64378
177	1165	64289
178	1169	64166
179	1174	64076
180	1178	63957
181	1184	63905
182	1189	63813
183	1194	63718
184	1199	63644
185	1204	63543
186	1209	63463
187	1213	63336
188	1218	63269
189	1224	63226
190	1229	63130
191	1234	63068
192	1238	62937
193	1243	62867
194	1248	62784
195	1254	62732
196	1260	62732
197	1265	62646
198	1269	62504
199	1274	62455
200	1280	62412
201	1285	62365
202	1292	62382
203	1298	62359
204	1304	62334
205	1309	62259
206	1325	62695
207	1330	62648
208	1340	62791
209	1354	63153
210	1366	63405
211	1373	63419
212	1380	63418
213	1388	63486
214	1393	63416
215	1398	63336
216	1403	63272
217	1408	63194
218	1413	63132
219	1419	63100
220	1424	63028
221	1430	63011
222	1435	62935
223	1439	62836
224	1446	62833
225	1451	62788
226	1457	62739
227	1462	62692
228	1468	62666
229	1473	62593
230	1479	62571
231	1521	64080
232	1539	64522
233	1552	64796
234	1557	64733
235	1569	64926
236	1574	64879
237	1582	64915
238	1599	65330
239	1606	65326
240	1613	65339
241	1620	65348
242	1626	65318
243	1633	65297
244	1637	65216
245	1643	65165
246	1648	65084
247	1653	65030
248	1659	64985
249	1664	64930
250	1669	64854
251	1675	64795
252	1681	64764
253	1686	64726
254	1692	64676
255	1698	64650
256	1703	64584
257	1709	64539
258	1715	64509
259	1720	64443
260	1726	64419
261	1731	64369
262	1737	64315
263	1742	64259
264	1747	64204
265	1752	64140
266	1757	64076
267	1762	64005
268	1768	63967
269	1773	63915
270	1778	63857
271	1784	63807
272	1789	63767
273	1796	63756
274	1801	63695
275	1806	63639
276	1811	63598
277	1820	63662
278	1826	63650
279	1833	63665
280	1840	63655
281	1849	63742
282	1857	63785
283	1865	63806
284	1871	63805
285	1878	63792
286	1884	63793
287	1893	63837
288	1898	63796
289	1907	63864
290	1913	63826
291	1917	63760
292	1923	63711
293	1928	63678
294	1934	63626
295	1939	63592
296	1945	63554
297	1950	63491
298	1955	63444
299	1960	63390
300	1965	63320
301	1970	63264
302	1975	63216
303	1980	63155
304	1985	63105
305	1991	63076
306	1996	63040
307	2002	63000
308	2006	62939
309	2012	62891
310	2017	62851
311	2021	62766
312	2027	62737
313	2032	62695
314	2037	62637
315	2042	62586
316	2047	62556
317	2052	62505
318	2063	62615
319	2069	62588
320	2075	62580
321	2086	62726
322	2096	62808
323	2103	62816
324	2110	62817
325	2116	62800
326	2122	62783
327	2128	62761
328	2133	62719
329	2139	62699
330	2144	62656
331	2151	62646
332	2156	62598
333	2161	62565
334	2167	62528
335	2173	62500
336	2180	62508
337	2184	62452
338	2190	62417
339	2194	62355
340	2199	62315
341	2204	62258
342	2209	62212
343	2215	62190
344	2220	62155
345	2226	62125
346	2231	62080
347	2237	62051
348	2242	62014
349	2248	62004
350	2253	61952
351	2258	61908
352	2263	61866
353	2268	61813
354	2274	61798
355	2280	61772
356	2285	61737
357	2290	61695
358	2296	61671
359	2311	61892
360	2317	61879
361	2325	61921
362	2332	61919
363	2345	62088
364	2351	62075
365	2357	62063
366	2364	62054
367	2371	62077
368	2379	62104
369	2384	62062
370	2390	62031
371	2395	61997
372	2400	61948
373	2405	61916
374	2410	61882
375	2415	61830
376	2420	61789
377	2426	61774
378	2432	61752
379	2438	61722
380	2443	61695
381	2447	61632
382	2453	61612
383	2458	61568
384	2463	61518
385	2467	61463
386	2472	61428
387	2479	61413
388	2483	61370
389	2489	61356
390	2495	61324
391	2500	61297
392	2506	61276
393	2511	61231
394	2516	61197
395	2521	61156
396	2527	61131
397	2532	61100
398	2538	61079
399	2542	61021
400	2549	61022
401	2559	61109
402	2566	61110
403	2572	61109
404	2590	61377
405	2596	61357
406	2603	61359
407	2609	61347
408	2616	61349
409	2622	61331
410	2627	61296
411	2632	61261
412	2637	61230
413	2642	61197
414	2648	61171
415	2653	61121
416	2658	61085
417	2663	61048
418	2668	61013
419	2675	61025
420	2680	60985
421	2687	60988
422	2691	60945
423	2697	60920
424	2702	60886
425	2707	60850
426	2712	60816
427	2717	60784
428	2723	60769
429	2728	60732
430	2733	60699
431	2739	60674
432	2744	60634
433	2749	60606
434	2754	60566
435	2759	60536
436	2765	60514
437	2771	60500
438	2777	60486
439	2782	60449
440	2787	60425
441	2791	60374
442	2806	60555
443	2813	60556
444	2821	60573
445	2835	60734
446	2842	60741
447	2847	60723
448	2853	60708
449	2859	60691
450	2867	60705
451	2872	60670
452	2877	60641
453	2882	60610
454	2888	60605
455	2894	60581
456	2898	60531
457	2903	60499
458	2910	60491
459	2915	60462
460	2921	60443
461	2926	60425
462	2932	60399
463	2937	60364
464	2942	60330
465	2947	60298
466	2952	60278
467	2958	60251
468	2963	60226
469	2969	60207
470	2974	60185
471	2979	60149
472	2985	60129
473	2990	60105
474	2996	60080
475	3001	60046
476	3006	60018
477	3011	59984
478	3016	59957
479	3022	59936
480	3026	59889
481	3031	59855
482	3036	59835
483	3046	59892
484	3052	59887
485	3059	59889
486	3066	59898
487	3076	59958
488	3084	59984
489	3091	60000
490	3098	60005
491	3105	60009
492	3112	60026
493	3118	60003
494	3124	59988
495	3129	59965
496	3135	59952
497	3140	59929
498	3145	59897
499	3151	59869
500	3156	59848
501	3162	59828
502	3166	59792
503	3172	59766
504	3177	59751
505	3183	59734
506	3188	59709
507	3194	59684
508	3199	59651
509	3203	59609
510	3208	59574
511	3213	59553
512	3218	59519
513	3223	59496
514	3229	59470
515	3234	59449
516	3239	59421
517	3244	59398
518	3250	59379
519	3256	59359
520	3259	59295
521	3264	59276
522	3270	59257
523	3276	59243
524	3280	59210
525	3286	59198
526	3296	59252
527	3303	59270
528	3311	59296
529	3329	59483
530	3336	59490
531	3342	59487
532	3348	59481
533	3355	59484
534	3361	59474
535	3367	59460
536	3372	59428
537	3378	59415
538	3383	59393
539	3388	59365
540	3393	59338
541	3399	59313
542	3404	59290
543	3410	59276
544	3416	59265
545	3421	59235
546	3426	59211
547	3431	59192
548	3437	59176
549	3442	59156
550	3448	59138
551	3453	59114
552	3458	59086
553	3464	59063
554	3468	59033
555	3475	59029
556	3480	59005
557	3485	58979
558	3491	58972
559	3496	58943
560	3501	58921
561	3507	58910
562	3513	58893
563	3518	58870
564	3524	58848
565	3529	58822
566	3534	58806
567	3542	58830
568	3549	58833
569	3557	58846
570	3564	58862
571	3574	58916
572	3581	58924
573	3588	58922
574	3594	58916
575	3600	58910
576	3607	58913
577	3613	58897
578	3618	58875
579	3623	58847
580	3628	58818
581	3633	58792
582	3637	58762
583	3642	58735
584	3647	58703
585	3652	58674
586	3657	58646
587	3662	58623
588	3666	58590
589	3674	58597
590	3679	58580
591	3685	58561
592	3690	58550
593	3696	58530
594	3702	58523
595	3707	58491
596	3712	58473
597	3717	58451
598	3722	58420
599	3728	58414
600	3734	58398
601	3739	58380
602	3745	58367
603	3750	58338
604	3755	58311
605	3760	58294
606	3765	58273
607	3771	58253
608	3776	58232
609	3791	58364
610	3796	58346
611	3804	58356
612	3812	58385
613	3826	58489
614	3833	58497
615	3838	58478
616	3845	58473
617	3852	58489
618	3859	58486
619	3865	58475
620	3871	58475
621	3877	58467
622	3883	58457
623	3890	58463
624	3895	58434
625	3902	58442
626	3908	58425
627	3913	58402
628	3919	58399
629	3927	58414
630	3938	58483
631	3947	58507
632	3952	58492
633	3958	58475
634	3964	58462
635	3970	58456
636	3977	58465
637	3986	58501
638	3992	58494
639	3998	58485
640	4004	58475
641	4009	58450
642	4015	58430
643	4021	58424
644	4034	58518
645	4040	58509
646	4049	58532
647	4057	58559
648	4075	58724
649	4082	58727
650	4091	58756
651	4100	58790
652	4106	58775
653	4112	58771
654	4120	58789
655	4126	58779
656	4131	58753
657	4137	58741
658	4143	58728
659	4148	58707
660	4153	58686
661	4158	58662
662	4165	58658
663	4170	58642
664	4177	58639
665	4182	58621
666	4188	58605
667	4194	58590
668	4199	58573
669	4205	58556
670	4210	58541
671	4216	58527
672	4221	58499
673	4226	58482
674	4232	58474
675	4238	58463
676	4244	58455
677	4250	58443
678	4256	58430
679	4262	58417
680	4268	58406
681	4283	58529
682	4293	58562
683	4300	58569
684	4320	58747
685	4328	58774
686	4335	58769
687	4342	58775
688	4351	58802
689	4357	58796
690	4363	58780
691	4368	58763
692	4375	58758
693	4381	58750
694	4386	58730
695	4393	58725
696	4400	58731
697	4406	58727
698	4412	58714
699	4417	58689
700	4422	58664
701	4427	58647
702	4433	58626
703	4438	58609
704	4444	58591
705	4449	58577
706	4455	58567
707	4461	58556
708	4466	58532
709	4472	58521
710	4478	58504
711	4485	58509
712	4490	58483
713	4496	58478
714	4502	58474
715	4507	58452
716	4513	58436
717	4518	58416
718	4524	58406
719	4537	58485
720	4546	58508
721	4566	58683
722	4573	58688
723	4580	58685
724	4586	58679
725	4594	58690
726	4599	58668
727	4605	58659
728	4611	58646
729	4618	58643
730	4624	58642
731	4631	58644
732	4638	58646
733	4644	58637
734	4650	58627
735	4657	58623
736	4666	58651
737	4674	58665
738	4679	58642
739	4687	58656
740	4692	58639
741	4697	58609
742	4703	58601
743	4708	58580
744	4712	58547
745	4719	58540
746	4724	58520
747	4730	58507
748	4735	58491
749	4742	58485
750	4749	58488
751	4754	58475
752	4760	58455
753	4768	58474
754	4774	58459
755	4784	58505
756	4791	58506
757	4798	58512
758	4813	58605
759	4821	58614
760	4827	58604
761	4833	58601
762	4840	58597
763	4847	58603
764	4852	58579
765	4857	58558
766	4863	58547
767	4869	58539
768	4875	58529
769	4882	58528
770	4889	58527
771	4896	58535
772	4903	58533
773	4908	58507
774	4914	58496
775	4919	58477
776	4926	58471
777	4931	58454
778	4937	58441
779	4942	58423
780	4948	58410
781	4953	58395
782	4959	58376
783	4964	58354
784	4969	58334
785	4974	58318
786	4979	58297
787	4985	58282
788	4990	58254
789	4995	58241
790	5001	58227
791	5007	58217
792	5012	58192
793	5023	58242
794	5029	58238
795	5037	58243
796	5049	58306
797	5057	58317
798	5063	58314
799	5070	58305
800	5076	58301
801	5083	58302
802	5089	58292
803	5094	58275
804	5101	58273
805	5107	58263
806	5112	58234
807	5116	58209
808	5121	58187
809	5126	58166
810	5131	58136
811	5136	58118
812	5142	58114
813	5147	58092
814	5152	58072
815	5158	58055
816	5163	58032
817	5167	58007
818	5173	57992
819	5178	57974
820	5183	57956
821	5189	57938
822	5194	57918
823	5198	57886
824	5203	57867
825	5207	57837
826	5214	57833
827	5218	57808
828	5224	57801
829	5230	57785
830	5235	57766
831	5241	57753
832	5247	57744
833	5252	57725
834	5257	57705
835	5263	57696
836	5270	57702
837	5278	57715
838	5286	57726
839	5294	57735
840	5305	57777
841	5313	57797
842	5320	57797
843	5327	57790
844	5334	57793
845	5342	57807
846	5347	57790
847	5353	57772
848	5358	57753
849	5363	57736
850	5369	57731
851	5375	57715
852	5381	57707
853	5387	57696
854	5391	57668
855	5396	57651
856	5404	57657
857	5409	57643
858	5415	57626
859	5422	57627
860	5428	57619
861	5435	57618
862	5441	57608
863	5446	57589
864	5452	57585
865	5458	57577
866	5464	57562
867	5470	57556
868	5476	57542
869	5481	57525
870	5489	57536
871	5494	57517
872	5501	57520
873	5515	57590
874	5521	57580
875	5529	57591
876	5547	57706
877	5556	57733
878	5564	57740
879	5572	57749
880	5580	57765
881	5586	57756
882	5592	57741
883	5599	57739
884	5604	57726
885	5611	57718
886	5616	57707
887	5623	57700
888	5629	57696
889	5636	57697
890	5643	57692
891	5650	57693
892	5661	57733
893	5667	57727
894	5674	57724
895	5679	57710
896	5686	57707
897	5694	57719
898	5700	57705
899	5711	57750
900	5717	57739
901	5723	57729
902	5729	57722
903	5734	57704
904	5739	57680
905	5745	57668
906	5751	57660
907	5757	57653
908	5767	57683
909	5774	57685
910	5782	57688
911	5800	57799
912	5806	57787
913	5812	57786
914	5819	57779
915	5827	57791
916	5832	57774
917	5838	57761
918	5843	57744
919	5849	57730
920	5854	57716
921	5860	57699
922	5865	57682
923	5870	57667
924	5877	57664
925	5883	57652
926	5889	57638
927	5894	57626
928	5900	57612
929	5907	57615
930	5914	57610
931	5919	57597
932	5925	57587
933	5931	57576
934	5937	57564
935	5943	57553
936	5948	57533
937	5953	57517
938	5960	57515
939	5967	57515
940	5976	57538
941	5983	57532
942	5990	57533
943	5997	57530
944	6010	57589
945	6018	57599
946	6025	57606
947	6044	57716
948	6051	57712
949	6058	57717
950	6065	57717
951	6074	57732
952	6080	57719
953	6085	57707
954	6093	57708
955	6099	57707
956	6105	57696
957	6111	57687
958	6117	57669
959	6124	57669
960	6129	57654
961	6134	57638
962	6140	57620
963	6145	57608
964	6152	57599
965	6156	57577
966	6162	57567
967	6166	57541
968	6173	57532
969	6178	57518
970	6185	57513
971	6190	57501
972	6196	57492
973	6204	57495
974	6210	57488
975	6216	57481
976	6222	57471
977	6228	57459
978	6234	57444
979	6240	57434
980	6246	57426
981	6261	57505
982	6269	57505
983	6278	57522
984	6296	57627
985	6303	57628
986	6310	57625
987	6318	57630
988	6325	57632
989	6331	57620
990	6336	57608
991	6342	57594
992	6349	57591
993	6354	57575
994	6360	57563
995	6368	57569
996	6373	57553
997	6379	57538
998	6385	57535
999	6391	57521
1000	6396	57502
1001	6402	57498
1002	6409	57489
1003	6414	57473
1004	6420	57465
1005	6427	57464
1006	6433	57454
1007	6439	57442
1008	6444	57428
1009	6450	57411
1010	6456	57402
1011	6462	57398
1012	6468	57386
1013	6474	57375
1014	6480	57362
1015	6485	57350
1016	6491	57336
1017	6502	57374
1018	6511	57392
1019	6520	57409
1020	6534	57464
1021	6542	57473
1022	6548	57468
1023	6555	57461
1024	6563	57467
1025	6572	57489
1026	6578	57476
1027	6584	57469
1028	6590	57460
1029	6596	57443
1030	6602	57437
1031	6607	57422
1032	6614	57413
1033	6620	57403
1034	6625	57390
1035	6631	57377
1036	6637	57370
1037	6643	57356
1038	6648	57337
1039	6653	57318
1040	6658	57300
1041	6663	57287
1042	6668	57270
1043	6675	57261
1044	6680	57245
1045	6686	57240
1046	6691	57223
1047	6697	57214
1048	6704	57209
1049	6710	57198
1050	6717	57197
1051	6723	57184
1052	6728	57173
1053	6734	57160
1054	6739	57138
1055	6746	57137
1056	6756	57166
1057	6765	57184
1058	6772	57176
1059	6790	57268
1060	6798	57274
1061	6804	57270
1062	6811	57269
1063	6820	57280
1064	6825	57261
1065	6830	57249
1066	6836	57233
1067	6841	57214
1068	6847	57206
1069	6852	57193
1070	6859	57186
1071	6865	57175
1072	6870	57162
1073	6876	57148
1074	6882	57138
1075	6887	57124
1076	6892	57105
1077	6899	57100
1078	6905	57093
1079	6911	57084
1080	6917	57071
1081	6922	57057
1082	6927	57039
1083	6932	57022
1084	6938	57008
1085	6944	56999
1086	6949	56981
1087	6955	56974
1088	6961	56962
1089	6966	56943
1090	6972	56939
1091	6979	56933
1092	6984	56913
1093	6989	56902
1094	7000	56927
1095	7009	56942
1096	7015	56939
1097	7030	57000
1098	7037	57000
1099	7045	57000
1100	7051	56991
1101	7058	56992
1102	7064	56979
1103	7070	56970
1104	7075	56958
1105	7080	56940
1106	7086	56929
1107	7092	56918
1108	7096	56894
1109	7103	56892
1110	7109	56879
1111	7113	56860
1112	7121	56861
1113	7126	56846
1114	7132	56837
1115	7138	56824
1116	7143	56812
1117	7149	56799
1118	7154	56785
1119	7160	56775
1120	7166	56765
1121	7172	56753
1122	7178	56742
1123	7185	56742
1124	7191	56733
1125	7197	56727
1126	7202	56709
1127	7208	56700
1128	7214	56687
1129	7219	56668
1130	7225	56658
1131	7230	56643
1132	7236	56635
1133	7245	56648
1134	7253	56656
1135	7261	56661
1136	7270	56677
1137	7278	56683
1138	7286	56685
1139	7293	56684
1140	7302	56694
1141	7309	56694
1142	7316	56693
1143	7322	56688
1144	7328	56674
1145	7334	56665
1146	7340	56653
1147	7348	56660
1148	7353	56644
1149	7359	56636
1150	7366	56630
1151	7371	56617
1152	7376	56601
1153	7382	56593
1154	7388	56582
1155	7394	56569
1156	7399	56557
1157	7405	56548
1158	7412	56540
1159	7418	56535
1160	7424	56524
1161	7430	56515
1162	7436	56509
1163	7443	56502
1164	7449	56497
1165	7454	56479
1166	7460	56471
1167	7465	56452
1168	7471	56442
1169	7477	56429
1170	7489	56468
1171	7495	56461
1172	7504	56472
1173	7520	56534
1174	7527	56535
1175	7534	56537
1176	7542	56541
1177	7550	56547
1178	7557	56540
1179	7562	56529
1180	7568	56519
1181	7574	56509
1182	7579	56492
1183	7585	56483
1184	7591	56474
1185	7597	56463
1186	7603	56452
1187	7610	56449
1188	7615	56437
1189	7621	56422
1190	7627	56413
1191	7633	56404
1192	7638	56392
1193	7644	56382
1194	7650	56368
1195	7654	56346
1196	7660	56336
1197	7666	56326
1198	7671	56312
1199	7677	56300
1200	7682	56288
1201	7689	56283
1202	7695	56274
1203	7701	56261
1204	7708	56260
1205	7713	56245
1206	7720	56244
1207	7725	56228
1208	7731	56217
1209	7740	56231
1210	7747	56229
1211	7756	56243
1212	7766	56263
1213	7774	56266
1214	7781	56265
1215	7789	56268
1216	7796	56269
1217	7804	56270
1218	7810	56266
1219	7815	56246
1220	7821	56234
1221	7827	56224
1222	7831	56207
1223	7837	56192
1224	7841	56172
1225	7846	56153
1226	7853	56150
1227	7859	56140
1228	7864	56125
1229	7869	56113
1230	7875	56102
1231	7880	56087
1232	7885	56070
1233	7892	56067
1234	7898	56060
1235	7904	56050
1236	7910	56041
1237	7917	56034
1238	7923	56027
1239	7927	56006
1240	7933	55996
1241	7938	55980
1242	7944	55970
1243	7949	55955
1244	7955	55944
1245	7961	55932
1246	7966	55919
1247	7972	55912
1248	7981	55922
1249	7988	55916
1250	7996	55921
1251	8005	55936
1252	8017	55970
1253	8024	55966
1254	8031	55961
1255	8037	55954
1256	8045	55963
1257	8051	55953
1258	8057	55941
1259	8062	55926
1260	8068	55914
1261	8073	55898
1262	8078	55882
1263	8083	55867
1264	8089	55856
1265	8094	55845
1266	8100	55831
1267	8105	55818
1268	8111	55805
1269	8116	55794
1270	8122	55781
1271	8142	55873
1272	8179	56076
1273	8193	56118
1274	8199	56107
1275	8204	56097
1276	8210	56084
1277	8214	56064
1278	8219	56045
1279	8225	56036
1280	8234	56050
1281	8242	56050
1282	8250	56054
1283	8270	56140
1284	8276	56134
1285	8283	56128
1286	8289	56123
1287	8296	56115
1288	8301	56103
1289	8307	56091
1290	8313	56084
1291	8319	56072
1292	8327	56078
1293	8334	56072
1294	8339	56061
1295	8348	56068
1296	8354	56057
1297	8359	56046
1298	8365	56033
1299	8371	56023
1300	8377	56016
1301	8383	56007
1302	8389	55994
1303	8394	55981
1304	8401	55975
1305	8406	55959
1306	8411	55944
1307	8417	55935
1308	8422	55923
1309	8428	55908
1310	8434	55898
1311	8439	55883
1312	8444	55871
1313	8450	55862
1314	8456	55851
1315	8461	55837
1316	8467	55828
1317	8477	55843
1318	8485	55844
1319	8491	55839
1320	8507	55891
1321	8513	55882
1322	8520	55882
1323	8526	55874
1324	8535	55885
1325	8543	55884
1326	8549	55875
1327	8554	55862
1328	8561	55856
1329	8566	55843
1330	8572	55832
1331	8577	55820
1332	8583	55806
1333	8588	55791
1334	8593	55779
1335	8600	55773
1336	8606	55764
1337	8611	55749
1338	8616	55733
1339	8622	55724
1340	8628	55714
1341	8633	55700
1342	8639	55693
1343	8645	55679
1344	8649	55659
1345	8654	55644
1346	8660	55633
1347	8665	55616
1348	8671	55610
1349	8677	55597
1350	8683	55589
1351	8688	55574
1352	8693	55560
1353	8698	55545
1354	8704	55535
1355	8711	55532
1356	8729	55598
1357	8737	55604
1358	8744	55603
1359	8763	55671
1360	8769	55664
1361	8775	55657
1362	8782	55652
1363	8790	55655
1364	8795	55641
1365	8801	55633
1366	8807	55620
1367	8812	55609
1368	8818	55598
1369	8824	55587
1370	8829	55572
1371	8836	55568
1372	8842	55557
1373	8847	55542
1374	8852	55528
1375	8857	55510
1376	8863	55502
1377	8868	55488
1378	8874	55479
1379	8880	55468
1380	8884	55451
1381	8889	55432
1382	8894	55417
1383	8899	55405
1384	8905	55391
1385	8910	55380
1386	8916	55367
1387	8922	55359
1388	8928	55350
1389	8933	55335
1390	8937	55316
1391	8943	55308
1392	8948	55292
1393	8954	55280
1394	8959	55264
1395	8970	55285
1396	8975	55273
1397	8982	55267
1398	8990	55270
1399	9000	55287
1400	9008	55290
1401	9014	55284
1402	9020	55274
1403	9027	55270
1404	9033	55264
1405	9038	55247
1406	9044	55238
1407	9049	55222
1408	9055	55210
1409	9059	55195
1410	9065	55186
1411	9071	55176
1412	9077	55165
1413	9082	55151
1414	9088	55139
1415	9093	55124
1416	9098	55114
1417	9104	55101
1418	9109	55086
1419	9115	55077
1420	9120	55064
1421	9126	55054
1422	9131	55038
1423	9137	55031
1424	9142	55017
1425	9147	55002
1426	9152	54984
1427	9156	54963
1428	9161	54949
1429	9166	54934
1430	9171	54922
1431	9177	54908
1432	9181	54892
1433	9186	54873
1434	9191	54861
1435	9196	54846
1436	9202	54836
1437	9217	54882
1438	9225	54885
1439	9233	54885
1440	9249	54938
1441	9257	54940
1442	9263	54930
1443	9269	54923
1444	9275	54917
1445	9281	54907
1446	9286	54892
1447	9292	54883
1448	9298	54870
1449	9303	54859
1450	9310	54853
1451	9316	54846
1452	9322	54837
1453	9328	54831
1454	9334	54819
1455	9340	54809
1456	9344	54793
1457	9351	54786
1458	9356	54775
1459	9362	54764
1460	9367	54751
1461	9372	54737
1462	9378	54726
1463	9384	54718
1464	9388	54699
1465	9393	54684
1466	9399	54672
1467	9405	54663
1468	9410	54649
1469	9415	54632
1470	9420	54619
1471	9424	54603
1472	9430	54590
1473	9435	54578
1474	9441	54569
1475	9446	54551
1476	9451	54539
1477	9457	54529
1478	9466	54538
1479	9473	54535
1480	9479	54528
1481	9493	54563
1482	9500	54564
1483	9507	54558
1484	9514	54555
1485	9521	54550
1486	9528	54548
1487	9533	54535
1488	9539	54528
1489	9544	54514
1490	9550	54504
1491	9557	54498
1492	9562	54487
1493	9568	54477
1494	9573	54464
1495	9578	54450
1496	9584	54440
1497	9589	54426
1498	9594	54411
1499	9599	54397
1500	9603	54377
1501	9608	54365
1502	9614	54354
1503	9619	54340
1504	9624	54327
1505	9630	54316
1506	9636	54308
1507	9642	54297
1508	9648	54290
1509	9653	54278
1510	9659	54268
1511	9664	54252
1512	9669	54238
1513	9674	54223
1514	9679	54209
1515	9683	54194
1516	9688	54179
1517	9694	54167
1518	9699	54157
1519	9705	54145
1520	9715	54158
1521	9720	54146
1522	9729	54154
1523	9750	54226
1524	9758	54230
1525	9764	54223
1526	9771	54222
1527	9776	54207
1528	9782	54196
1529	9788	54187
1530	9793	54176
1531	9800	54169
1532	9806	54161
1533	9812	54152
1534	9818	54145
1535	9824	54135
1536	9830	54128
1537	9835	54114
1538	9842	54108
1539	9847	54096
1540	9852	54085
1541	9857	54071
1542	9862	54055
1543	9871	54060
1544	9876	54051
1545	9882	54039
1546	9888	54033
1547	9895	54031
1548	9903	54029
1549	9909	54024
1550	9916	54020
1551	9921	54004
1552	9929	54007
1553	9935	54001
1554	9941	53991
1555	9946	53978
1556	9953	53973
1557	9958	53961
1558	9965	53958
1559	9971	53950
1560	9978	53946
1561	9984	53936
1562	9990	53927
1563	9995	53916
1564	10000	53902
1565	10006	53890
1566	10011	53875
1567	10016	53862
1568	10020	53846
1569	10027	53840
1570	10034	53836
1571	10040	53828
1572	10046	53820
1573	10052	53815
1574	10058	53803
1575	10063	53789
1576	10068	53778
1577	10073	53764
1578	10079	53755
1579	10086	53750
1580	10091	53740
1581	10097	53731
1582	10103	53719
1583	10109	53712
1584	10115	53702
1585	10120	53693
1586	10127	53688
1587	10134	53684
1588	10140	53675
1589	10146	53667
1590	10152	53658
1591	10157	53647
1592	10163	53637
1593	10168	53624
1594	10174	53615
1595	10179	53603
1596	10185	53593
1597	10190	53579
1598	10196	53569
1599	10209	53599
1600	10217	53601
1601	10224	53601
1602	10239	53635
1603	10246	53632
1604	10254	53635
1605	10261	53635
1606	10269	53636
1607	10274	53623
1608	10281	53615
1609	10286	53603
1610	10292	53598
1611	10299	53593
1612	10306	53591
1613	10312	53582
1614	10320	53584
1615	10326	53574
1616	10332	53568
1617	10337	53555
1618	10343	53545
1619	10348	53531
1620	10353	53515
1621	10360	53512
1622	10365	53501
1623	10370	53488
1624	10375	53475
1625	10381	53464
1626	10386	53451
1627	10392	53442
1628	10398	53435
1629	10403	53422
1630	10409	53410
1631	10414	53398
1632	10420	53392
1633	10425	53379
1634	10431	53370
1635	10437	53359
1636	10451	53392
1637	10458	53391
1638	10465	53388
1639	10482	53432
1640	10487	53423
1641	10494	53416
1642	10499	53404
1643	10508	53412
1644	10515	53409
1645	10520	53397
1646	10527	53393
1647	10535	53393
1648	10541	53383
1649	10547	53377
1650	10553	53368
1651	10559	53357
1652	10564	53346
1653	10569	53334
1654	10574	53318
1655	10580	53309
1656	10585	53299
1657	10592	53292
1658	10597	53280
1659	10602	53267
1660	10608	53260
1661	10614	53249
1662	10620	53241
1663	10626	53232
1664	10631	53221
1665	10637	53210
1666	10642	53201
1667	10648	53190
1668	10653	53179
1669	10659	53168
1670	10665	53161
1671	10670	53147
1672	10675	53135
1673	10681	53125
1674	10685	53110
1675	10691	53100
1676	10702	53115
1677	10709	53114
1678	10717	53115
1679	10733	53154
1680	10740	53150
1681	10747	53148
1682	10754	53144
1683	10762	53146
1684	10767	53133
1685	10773	53124
1686	10778	53111
1687	10784	53103
1688	10789	53093
1689	10797	53093
1690	10804	53090
1691	10809	53078
1692	10815	53068
1693	10821	53059
1694	10828	53055
1695	10833	53045
1696	10839	53033
1697	10844	53022
1698	10850	53011
1699	10855	52999
1700	10860	52986
1701	10865	52975
1702	10871	52965
1703	10876	52954
1704	10885	52956
1705	10894	52966
1706	10901	52959
1707	10906	52949
1708	10911	52937
1709	10918	52933
1710	10926	52933
1711	10932	52924
1712	10942	52938
1713	10949	52931
1714	10957	52934
1715	10975	52983
1716	10982	52979
1717	10989	52975
1718	10996	52973
1719	11003	52969
1720	11008	52959
1721	11014	52950
1722	11020	52940
1723	11026	52931
1724	11031	52919
1725	11038	52916
1726	11044	52907
1727	11050	52897
1728	11055	52887
1729	11062	52880
1730	11067	52871
1731	11073	52860
1732	11078	52850
1733	11084	52840
1734	11090	52832
1735	11096	52823
1736	11102	52812
1737	11107	52802
1738	11112	52791
1739	11117	52777
1740	11124	52772
1741	11131	52766
1742	11137	52759
1743	11141	52744
1744	11147	52733
1745	11152	52721
1746	11157	52707
1747	11162	52695
1748	11167	52683
1749	11172	52669
1750	11177	52658
1751	11183	52650
1752	11194	52662
1753	11200	52656
1754	11208	52656
1755	11225	52702
1756	11232	52696
1757	11238	52690
1758	11245	52686
1759	11253	52687
1760	11258	52675
1761	11263	52662
1762	11269	52650
1763	11274	52641
1764	11279	52627
1765	11284	52615
1766	11290	52603
1767	11295	52593
1768	11300	52581
1769	11305	52569
1770	11310	52556
1771	11317	52550
1772	11322	52537
1773	11328	52529
1774	11334	52522
1775	11341	52516
1776	11346	52506
1777	11352	52496
1778	11358	52487
1779	11363	52478
1780	11368	52465
1781	11375	52461
1782	11380	52449
1783	11386	52438
1784	11390	52422
1785	11396	52411
1786	11401	52400
1787	11407	52394
1788	11412	52380
1789	11418	52372
1790	11424	52362
1791	11439	52398
1792	11446	52392
1793	11454	52392
1794	11470	52432
1795	11477	52427
1796	11483	52419
1797	11490	52417
1798	11497	52414
1799	11504	52407
1800	11509	52396
1801	11516	52392
1802	11521	52380
1803	11526	52366
1804	11532	52361
1805	11539	52354
1806	11544	52345
1807	11549	52329
1808	11554	52318
1809	11560	52309
1810	11565	52296
1811	11570	52286
1812	11576	52275
1813	11581	52264
1814	11587	52253
1815	11592	52243
1816	11598	52232
1817	11603	52221
1818	11608	52210
1819	11614	52201
1820	11620	52193
1821	11626	52184
1822	11631	52172
1823	11637	52163
1824	11642	52152
1825	11648	52144
1826	11654	52133
1827	11659	52123
1828	11664	52109
1829	11668	52095
1830	11682	52123
1831	11690	52121
1832	11697	52118
1833	11704	52113
1834	11722	52161
1835	11731	52165
1836	11737	52156
1837	11743	52150
1838	11750	52143
1839	11754	52129
1840	11759	52117
1841	11764	52103
1842	11769	52092
1843	11775	52083
1844	11779	52066
1845	11785	52056
1846	11790	52046
1847	11795	52033
1848	11800	52021
1849	11806	52011
1850	11812	52004
1851	11818	51994
1852	11822	51981
1853	11828	51973
1854	11834	51963
1855	11840	51955
1856	11845	51944
1857	11851	51934
1858	11857	51925
1859	11862	51915
1860	11867	51903
1861	11873	51892
1862	11878	51881
1863	11884	51874
1864	11889	51862
1865	11894	51849
1866	11899	51837
1867	11904	51825
1868	11911	51818
1869	11916	51805
1870	11931	51838
1871	11939	51839
1872	11947	51840
1873	11965	51883
1874	11972	51880
1875	11978	51870
1876	11984	51863
1877	11991	51861
1878	11997	51853
1879	12003	51843
1880	12008	51832
1881	12014	51823
1882	12020	51816
1883	12025	51804
1884	12032	51799
1885	12037	51789
1886	12043	51778
1887	12048	51769
1888	12054	51757
1889	12059	51745
1890	12065	51737
1891	12070	51726
1892	12075	51715
1893	12080	51703
1894	12084	51687
1895	12090	51676
1896	12095	51666
1897	12101	51659
1898	12106	51647
1899	12112	51638
1900	12117	51625
1901	12122	51614
1902	12128	51607
1903	12134	51596
1904	12139	51583
1905	12145	51575
1906	12150	51563
1907	12156	51556
1908	12162	51550
1909	12169	51543
1910	12178	51550
1911	12182	51535
1912	12191	51539
1913	12208	51577
1914	12215	51573
1915	12221	51565
1916	12228	51559
1917	12235	51556
1918	12240	51545
1919	12245	51534
1920	12252	51527
1921	12257	51515
1922	12262	51505
1923	12267	51493
1924	12273	51483
1925	12277	51468
1926	12282	51458
1927	12288	51448
1928	12293	51436
1929	12298	51422
1930	12303	51413
1931	12308	51399
1932	12314	51390
1933	12319	51380
1934	12324	51369
1935	12331	51362
1936	12336	51352
1937	12352	51387
1938	12358	51376
1939	12363	51367
1940	12369	51358
1941	12375	51348
1942	12380	51338
1943	12385	51327
1944	12391	51316
1945	12396	51306
1946	12402	51298
1947	12408	51289
1948	12420	51307
1949	12427	51301
1950	12435	51303
1951	12454	51348
1952	12460	51340
1953	12467	51337
1954	12473	51331
1955	12481	51328
1956	12487	51320
1957	12493	51314
1958	12499	51304
1959	12505	51300
1960	12511	51288
1961	12516	51278
1962	12522	51269
1963	12526	51254
1964	12531	51242
1965	12537	51232
1966	12542	51222
1967	12548	51215
1968	12555	51208
1969	12560	51198
1970	12566	51188
1971	12571	51179
1972	12577	51170
1973	12582	51156
1974	12588	51150
1975	12595	51145
1976	12600	51134
1977	12605	51124
1978	12611	51115
1979	12616	51104
1980	12622	51094
1981	12628	51085
1982	12633	51076
1983	12638	51064
1984	12644	51054
1985	12650	51047
1986	12655	51034
1987	12667	51051
1988	12673	51043
1989	12680	51042
1990	12699	51086
1991	12709	51092
1992	12716	51089
1993	12724	51090
1994	12732	51088
1995	12739	51084
1996	12744	51073
1997	12750	51065
1998	12756	51057
1999	12762	51048
2000	12767	51039
2001	12772	51025
2002	12777	51016
2003	12784	51009
2004	12789	50999
2005	12795	50992
2006	12801	50984
2007	12808	50979
2008	12814	50970
2009	12818	50956
2010	12824	50948
2011	12830	50937
2012	12835	50926
2013	12841	50920
2014	12847	50912
2015	12852	50900
2016	12858	50893
2017	12864	50884
2018	12870	50874
2019	12874	50862
2020	12880	50853
2021	12886	50844
2022	12892	50836
2023	12899	50833
2024	12916	50866
2025	12922	50859
2026	12931	50863
2027	12948	50898
2028	12954	50892
2029	12961	50886
2030	12967	50881
2031	12975	50880
2032	12981	50872
2033	12987	50864
2034	12994	50858
2035	12999	50848
2036	13005	50840
2037	13011	50831
2038	13016	50822
2039	13022	50812
2040	13028	50803
2041	13033	50795
2042	13039	50787
2043	13045	50777
2044	13050	50767
2045	13056	50758
2046	13061	50747
2047	13067	50739
2048	13072	50727
2049	13078	50720
2050	13084	50709
2051	13089	50700
2052	13095	50690
2053	13100	50680
2054	13106	50672
2055	13111	50661
2056	13117	50654
2057	13123	50644
2058	13129	50637
2059	13136	50634
2060	13143	50627
2061	13151	50628
2062	13163	50643
2063	13170	50640
2064	13179	50643
2065	13192	50662
2066	13201	50664
2067	13207	50657
2068	13213	50651
2069	13221	50652
2070	13235	50672
2071	13248	50690
2072	13272	50754
2073	13288	50782
2074	13315	50853
2075	13332	50888
2076	13412	51164
2077	13423	51175
2078	13435	51189
2079	13462	51260
2080	13467	51250
2081	13476	51250
2082	13485	51253
2083	13490	51242
2084	13495	51232
2085	13501	51222
2086	13507	51213
2087	13513	51206
2088	13518	51195
2089	13523	51182
2090	13529	51174
2091	13535	51167
2092	13541	51157
2093	13549	51155
2094	13556	51152
2095	13563	51147
2096	13573	51156
2097	13585	51168
2098	13595	51174
2099	13603	51173
2100	13612	51177
2101	13621	51182
2102	13633	51193
2103	13641	51194
2104	13652	51203
2105	13662	51212
2106	13668	51203
2107	13675	51200
2108	13690	51222
2109	13696	51216
2110	13702	51206
2111	13708	51199
2112	13714	51191
2113	13720	51182
2114	13726	51173
2115	13731	51162
2116	13737	51154
2117	13743	51143
2118	13748	51133
2119	13753	51122
2120	13759	51112
2121	13764	51101
2122	13770	51092
2123	13776	51083
2124	13782	51076
2125	13787	51065
2126	13793	51057
2127	13799	51046
2128	13804	51034
2129	13809	51025
2130	13815	51016
2131	13821	51007
2132	13827	50997
2133	13832	50987
2134	13838	50978
2135	13844	50969
2136	13849	50960
2137	13855	50949
2138	13860	50937
2139	13866	50930
2140	13871	50920
2141	13876	50907
2142	13882	50897
2143	13888	50889
2144	13893	50877
2145	13909	50907
2146	13916	50901
2147	13925	50903
2148	13945	50946
2149	13953	50947
2150	13959	50939
2151	13967	50935
2152	13972	50926
2153	13978	50918
2154	13983	50904
2155	13989	50895
2156	13995	50887
2157	14000	50878
2158	14006	50867
2159	14012	50858
2160	14017	50848
2161	14022	50837
2162	14028	50828
2163	14033	50817
2164	14038	50805
2165	14044	50794
2166	14049	50783
2167	14054	50774
2168	14059	50760
2169	14064	50750
2170	14071	50745
2171	14078	50741
2172	14086	50736
2173	14092	50729
2174	14098	50720
2175	14104	50714
2176	14110	50704
2177	14117	50699
2178	14122	50688
2179	14128	50679
2180	14133	50668
2181	14138	50658
2182	14154	50686
2183	14163	50688
2184	14171	50685
2185	14184	50704
2186	14193	50705
2187	14199	50697
2188	14205	50690
2189	14212	50683
2190	14218	50677
2191	14224	50670
2192	14230	50660
2193	14236	50650
2194	14242	50642
2195	14247	50631
2196	14252	50620
2197	14259	50614
2198	14266	50609
2199	14272	50600
2200	14277	50589
2201	14282	50580
2202	14289	50573
2203	14294	50563
2204	14300	50552
2205	14305	50541
2206	14311	50533
2207	14316	50522
2208	14322	50514
2209	14328	50506
2210	14334	50497
2211	14339	50485
2212	14344	50475
2213	14349	50461
2214	14355	50453
2215	14360	50444
2216	14366	50434
2217	14372	50426
2218	14378	50418
2219	14383	50406
2220	14388	50396
2221	14393	50385
2222	14403	50390
2223	14410	50385
2224	14418	50382
2225	14432	50401
2226	14438	50396
2227	14445	50390
2228	14453	50388
2229	14458	50378
2230	14464	50369
2231	14470	50361
2232	14476	50352
2233	14481	50340
2234	14486	50330
2235	14492	50320
2236	14496	50307
2237	14502	50297
2238	14507	50287
2239	14513	50278
2240	14518	50268
2241	14523	50254
2242	14528	50242
2243	14533	50232
2244	14538	50221
2245	14545	50214
2246	14550	50206
2247	14556	50197
2248	14561	50186
2249	14568	50178
2250	14573	50168
2251	14579	50159
2252	14584	50150
2253	14590	50142
2254	14597	50136
2255	14602	50126
2256	14608	50117
2257	14615	50113
2258	14621	50104
2259	14627	50097
2260	14633	50086
2261	14640	50082
2262	14647	50079
2263	14656	50079
2264	14663	50076
2265	14685	50123
2266	14696	50130
2267	14706	50138
2268	14717	50144
2269	14723	50138
2270	14729	50128
2271	14735	50123
2272	14741	50114
2273	14747	50106
2274	14753	50095
2275	14759	50087
2276	14764	50077
2277	14770	50069
2278	14775	50058
2279	14781	50049
2280	14786	50038
2281	14791	50026
2282	14797	50018
2283	14802	50007
2284	14807	49994
2285	14813	49986
2286	14819	49981
2287	14825	49970
2288	14831	49961
2289	14836	49951
2290	14841	49939
2291	14846	49927
2292	14851	49917
2293	14857	49907
2294	14864	49904
2295	14870	49895
2296	14875	49886
2297	14881	49876
2298	14886	49865
2299	14895	49868
2300	14901	49860
2301	14910	49860
2302	14927	49891
2303	14935	49888
2304	14941	49879
2305	14946	49869
2306	14954	49867
2307	14959	49855
2308	14964	49844
2309	14971	49840
2310	14977	49831
2311	14984	49827
2312	14991	49821
2313	14998	49819
2314	15005	49814
2315	15014	49814
2316	15020	49808
2317	15031	49815
2318	15037	49808
2319	15043	49798
2320	15050	49793
2321	15056	49785
2322	15062	49778
2323	15068	49771
2324	15075	49764
2325	15080	49755
2326	15087	49747
2327	15094	49743
2328	15100	49736
2329	15107	49730
2330	15112	49721
2331	15117	49710
2332	15124	49704
2333	15132	49701
2334	15146	49719
2335	15153	49716
2336	15175	49759
2337	15183	49758
2338	15191	49758
2339	15199	49754
2340	15208	49756
2341	15214	49750
2342	15221	49744
2343	15228	49740
2344	15234	49732
2345	15241	49727
2346	15247	49716
2347	15253	49708
2348	15260	49704
2349	15266	49695
2350	15286	49735
2351	15337	49872
2352	15346	49875
2353	15358	49886
2354	15364	49877
2355	15370	49870
2356	15378	49868
2357	15407	49932
2358	15423	49959
2359	15435	49968
2360	15443	49966
2361	15450	49963
2362	15460	49966
2363	15466	49960
2364	15474	49956
2365	15479	49945
2366	15487	49944
2367	15493	49935
2368	15500	49930
2369	15508	49926
2370	15514	49919
2371	15521	49914
2372	15527	49907
2373	15535	49905
2374	15541	49896
2375	15547	49888
2376	15554	49884
2377	15561	49876
2378	15567	49869
2379	15572	49859
2380	15579	49852
2381	15586	49847
2382	15593	49841
2383	15598	49830
2384	15604	49823
2385	15611	49816
2386	15617	49808
2387	15625	49807
2388	15636	49816
2389	15646	49818
2390	15662	49842
2391	15670	49841
2392	15676	49833
2393	15682	49825
2394	15689	49821
2395	15696	49816
2396	15704	49812
2397	15709	49801
2398	15714	49790
2399	15719	49779
2400	15725	49770
2401	15730	49759
2402	15735	49748
2403	15740	49737
2404	15746	49726
2405	15751	49715
2406	15757	49707
2407	15761	49691
2408	15765	49679
2409	15771	49670
2410	15775	49656
2411	15780	49645
2412	15785	49632
2413	15791	49624
2414	15796	49614
2415	15801	49602
2416	15807	49594
2417	15812	49583
2418	15818	49574
2419	15823	49563
2420	15828	49551
2421	15833	49540
2422	15840	49534
2423	15845	49522
2424	15850	49512
2425	15856	49504
2426	15861	49493
2427	15867	49483
2428	15873	49477
2429	15883	49479
2430	15890	49474
2431	15897	49471
2432	15909	49481
2433	15916	49476
2434	15923	49470
2435	15929	49462
2436	15937	49459
2437	15943	49453
2438	15949	49444
2439	15955	49436
2440	15962	49429
2441	15968	49422
2442	15975	49418
2443	15978	49399
2444	15983	49388
2445	15990	49383
2446	15997	49378
2447	16003	49370
2448	16011	49367
2449	16016	49356
2450	16022	49349
2451	16029	49342
2452	16035	49335
2453	16043	49332
2454	16050	49328
2455	16057	49323
2456	16063	49316
2457	16070	49309
2458	16077	49305
2459	16084	49299
2460	16091	49294
2461	16096	49284
2462	16104	49279
2463	16110	49273
2464	16117	49269
2465	16129	49277
2466	16137	49275
2467	16147	49278
2468	16161	49296
2469	16171	49299
2470	16178	49296
2471	16186	49292
2472	16197	49300
2473	16204	49293
2474	16209	49283
2475	16215	49275
2476	16220	49264
2477	16225	49253
2478	16231	49244
2479	16237	49237
2480	16243	49229
2481	16248	49217
2482	16254	49208
2483	16259	49196
2484	16264	49187
2485	16270	49178
2486	16275	49167
2487	16281	49157
2488	16286	49146
2489	16291	49135
2490	16297	49127
2491	16303	49118
2492	16307	49106
2493	16313	49097
2494	16319	49090
2495	16325	49079
2496	16329	49068
2497	16335	49057
2498	16340	49046
2499	16345	49035
2500	16350	49024
2501	16356	49015
2502	16362	49009
2503	16372	49013
2504	16379	49008
2505	16387	49006
2506	16404	49028
2507	16410	49023
2508	16416	49014
2509	16422	49006
2510	16429	49000
2511	16435	48991
2512	16440	48981
2513	16447	48974
2514	16453	48966
2515	16458	48956
2516	16462	48943
2517	16468	48933
2518	16473	48923
2519	16478	48912
2520	16483	48902
2521	16489	48892
2522	16495	48885
2523	16501	48877
2524	16506	48866
2525	16511	48855
2526	16516	48844
2527	16524	48842
2528	16530	48833
2529	16535	48823
2530	16541	48814
2531	16547	48805
2532	16552	48795
2533	16559	48789
2534	16564	48779
2535	16570	48771
2536	16577	48764
2537	16583	48758
2538	16590	48751
2539	16596	48745
2540	16601	48732
2541	16607	48724
2542	16618	48730
2543	16625	48726
2544	16633	48722
2545	16651	48750
2546	16659	48748
2547	16666	48743
2548	16672	48735
2549	16682	48738
2550	16688	48729
2551	16693	48720
2552	16699	48711
2553	16705	48702
2554	16711	48694
2555	16716	48685
2556	16722	48676
2557	16729	48670
2558	16734	48659
2559	16741	48653
2560	16746	48643
2561	16751	48633
2562	16757	48623
2563	16763	48616
2564	16767	48602
2565	16774	48596
2566	16781	48591
2567	16788	48587
2568	16793	48577
2569	16800	48570
2570	16806	48563
2571	16812	48553
2572	16817	48544
2573	16823	48536
2574	16829	48528
2575	16835	48519
2576	16840	48507
2577	16846	48501
2578	16852	48491
2579	16868	48512
2580	16876	48509
2581	16884	48509
2582	16904	48541
2583	16912	48537
2584	16919	48533
2585	16927	48531
2586	16934	48524
2587	16939	48514
2588	16944	48504
2589	16950	48496
2590	16956	48488
2591	16962	48480
2592	16969	48473
2593	16974	48463
2594	16981	48456
2595	16987	48449
2596	16994	48444
2597	17000	48436
2598	17006	48429
2599	17011	48418
2600	17017	48409
2601	17023	48400
2602	17028	48389
2603	17033	48380
2604	17039	48371
2605	17044	48360
2606	17050	48352
2607	17055	48341
2608	17062	48335
2609	17067	48326
2610	17074	48320
2611	17080	48310
2612	17086	48304
2613	17092	48296
2614	17099	48289
2615	17114	48309
2616	17121	48302
2617	17130	48302
2618	17150	48335
2619	17157	48330
2620	17164	48324
2621	17171	48319
2622	17179	48317
2623	17185	48308
2624	17191	48299
2625	17197	48291
2626	17203	48284
2627	17208	48273
2628	17214	48265
2629	17221	48258
2630	17226	48247
2631	17231	48238
2632	17238	48232
2633	17246	48228
2634	17250	48217
2635	17255	48206
2636	17261	48197
2637	17266	48185
2638	17272	48177
2639	17277	48168
2640	17284	48161
2641	17289	48150
2642	17294	48140
2643	17300	48133
2644	17306	48123
2645	17311	48114
2646	17317	48106
2647	17323	48096
2648	17329	48088
2649	17335	48081
2650	17340	48070
2651	17346	48062
2652	17353	48056
2653	17361	48053
2654	17367	48046
2655	17375	48045
2656	17397	48081
2657	17404	48076
2658	17412	48071
2659	17419	48068
2660	17425	48059
2661	17430	48049
2662	17436	48040
2663	17443	48034
2664	17450	48029
2665	17455	48018
2666	17460	48009
2667	17466	48000
2668	17471	47989
2669	17476	47979
2670	17482	47969
2671	17487	47959
2672	17493	47950
2673	17498	47939
2674	17503	47930
2675	17509	47921
2676	17514	47912
2677	17520	47902
2678	17525	47892
2679	17530	47881
2680	17535	47871
2681	17540	47860
2682	17546	47851
2683	17552	47843
2684	17557	47833
2685	17563	47825
2686	17568	47815
2687	17574	47807
2688	17581	47800
2689	17586	47791
2690	17591	47781
2691	17608	47803
2692	17617	47801
2693	17625	47798
2694	17644	47825
2695	17651	47820
2696	17658	47815
2697	17667	47816
2698	17673	47808
2699	17679	47799
2700	17685	47791
2701	17691	47784
2702	17697	47777
2703	17703	47768
2704	17709	47760
2705	17714	47748
2706	17719	47738
2707	17725	47730
2708	17730	47720
2709	17736	47711
2710	17742	47702
2711	17748	47697
2712	17754	47687
2713	17759	47676
2714	17764	47665
2715	17769	47656
2716	17775	47648
2717	17780	47638
2718	17786	47629
2719	17791	47618
2720	17796	47607
2721	17802	47600
2722	17808	47593
2723	17814	47583
2724	17820	47575
2725	17826	47567
2726	17832	47559
2727	17837	47549
2728	17852	47565
2729	17859	47560
2730	17867	47557
2731	17884	47577
2732	17891	47574
2733	17898	47568
2734	17904	47560
2735	17911	47555
2736	17917	47547
2737	17923	47538
2738	17928	47526
2739	17934	47521
2740	17941	47515
2741	17948	47508
2742	17953	47499
2743	17959	47490
2744	17964	47479
2745	17970	47472
2746	17976	47463
2747	17981	47452
2748	17987	47444
2749	17992	47435
2750	17998	47426
2751	18003	47415
2752	18009	47408
2753	18015	47399
2754	18020	47389
2755	18036	47407
2756	18041	47396
2757	18047	47389
2758	18052	47379
2759	18058	47369
2760	18063	47360
2761	18068	47349
2762	18074	47340
2763	18080	47334
2764	18086	47325
2765	18101	47341
2766	18108	47335
2767	18117	47334
2768	18125	47332
2769	18138	47343
2770	18145	47336
2771	18152	47331
2772	18158	47324
2773	18164	47317
2774	18171	47311
2775	18177	47302
2776	18182	47292
2777	18186	47280
2778	18192	47272
2779	18198	47263
2780	18204	47255
2781	18211	47250
2782	18216	47239
2783	18222	47231
2784	18228	47223
2785	18233	47213
2786	18239	47204
2787	18245	47196
2788	18251	47188
2789	18257	47181
2790	18262	47171
2791	18268	47163
2792	18274	47156
2793	18280	47147
2794	18286	47139
2795	18292	47131
2796	18298	47122
2797	18302	47111
2798	18307	47100
2799	18313	47091
2800	18318	47082
2801	18324	47073
2802	18330	47065
2803	18336	47057
2804	18346	47060
2805	18354	47056
2806	18361	47051
2807	18375	47063
2808	18382	47057
2809	18387	47049
2810	18394	47043
2811	18401	47038
2812	18407	47030
2813	18413	47020
2814	18418	47010
2815	18424	47002
2816	18429	46993
2817	18435	46984
2818	18440	46975
2819	18445	46964
2820	18451	46955
2821	18456	46946
2822	18461	46936
2823	18466	46925
2824	18472	46916
2825	18478	46908
2826	18483	46899
2827	18489	46891
2828	18495	46882
2829	18500	46873
2830	18506	46865
2831	18512	46857
2832	18518	46849
2833	18523	46839
2834	18529	46830
2835	18534	46820
2836	18539	46809
2837	18545	46801
2838	18551	46794
2839	18557	46785
2840	18563	46777
2841	18568	46767
2842	18573	46758
2843	18580	46750
2844	18587	46747
2845	18596	46745
2846	18602	46738
2847	18610	46734
2848	18629	46760
2849	18635	46753
2850	18641	46745
2851	18647	46737
2852	18656	46735
2853	18664	46733
2854	18670	46726
2855	18678	46723
2856	18688	46723
2857	18704	46741
2858	18712	46738
2859	18721	46737
2860	18727	46730
2861	18734	46724
2862	18739	46715
2863	18745	46706
2864	18752	46700
2865	18758	46692
2866	18763	46682
2867	18769	46674
2868	18774	46665
2869	18781	46658
2870	18786	46649
2871	18792	46641
2872	18798	46633
2873	18804	46625
2874	18810	46616
2875	18816	46609
2876	18822	46601
2877	18831	46600
2878	18841	46602
2879	18848	46597
2880	18857	46596
2881	18869	46604
2882	18878	46603
2883	18886	46600
2884	18892	46592
2885	18900	46589
2886	18907	46585
2887	18913	46576
2888	18919	46567
2889	18924	46557
2890	18931	46552
2891	18937	46545
2892	18943	46535
2893	18950	46531
2894	18956	46523
2895	18963	46517
2896	18969	46510
2897	18975	46501
2898	18980	46492
2899	18986	46484
2900	18993	46477
2901	18998	46469
2902	19005	46462
2903	19010	46453
2904	19015	46442
2905	19022	46435
2906	19028	46428
2907	19034	46420
2908	19040	46412
2909	19046	46405
2910	19051	46396
2911	19056	46385
2912	19061	46375
2913	19065	46362
2914	19071	46353
2915	19077	46346
2916	19086	46345
2917	19094	46341
2918	19103	46342
2919	19113	46344
2920	19121	46339
2921	19128	46335
2922	19135	46330
2923	19143	46325
2924	19150	46320
2925	19156	46312
2926	19161	46302
2927	19167	46295
2928	19173	46286
2929	19178	46278
2930	19184	46268
2931	19190	46261
2932	19196	46252
2933	19201	46243
2934	19206	46233
2935	19212	46225
2936	19218	46217
2937	19226	46213
2938	19232	46205
2939	19237	46195
2940	19242	46186
2941	19248	46177
2942	19254	46170
2943	19260	46161
2944	19265	46153
2945	19271	46143
2946	19276	46135
2947	19282	46126
2948	19289	46121
2949	19295	46113
2950	19301	46104
2951	19308	46099
2952	19314	46092
2953	19320	46083
2954	19327	46078
2955	19338	46082
2956	19346	46078
2957	19353	46073
2958	19371	46093
2959	19378	46088
2960	19384	46081
2961	19392	46077
2962	19398	46071
2963	19405	46064
2964	19412	46058
2965	19418	46051
2966	19423	46042
2967	19430	46036
2968	19435	46026
2969	19441	46017
2970	19446	46008
2971	19452	45999
2972	19457	45989
2973	19463	45981
2974	19469	45973
2975	19475	45966
2976	19481	45957
2977	19486	45948
2978	19492	45940
2979	19498	45932
2980	19504	45924
2981	19509	45915
2982	19515	45906
2983	19521	45899
2984	19527	45892
2985	19533	45883
2986	19538	45873
2987	19544	45865
2988	19549	45855
2989	19555	45846
2990	19560	45837
2991	19566	45828
2992	19583	45847
2993	19590	45842
2994	19599	45840
2995	19611	45847
2996	19619	45844
2997	19627	45841
2998	19634	45835
2999	19641	45830
3000	19647	45822
3001	19653	45814
3002	19658	45805
3003	19664	45797
3004	19671	45791
3005	19676	45782
3006	19683	45775
3007	19688	45766
3008	19694	45757
3009	19700	45748
3010	19705	45738
3011	19709	45727
3012	19714	45717
3013	19719	45707
3014	19725	45698
3015	19731	45690
3016	19736	45681
3017	19742	45673
3018	19748	45665
3019	19754	45657
3020	19759	45647
3021	19765	45639
3022	19770	45630
3023	19776	45621
3024	19781	45612
3025	19787	45604
3026	19792	45595
3027	19799	45587
3028	19804	45579
3029	19811	45572
3030	19817	45564
3031	19829	45570
3032	19837	45567
3033	19845	45564
3034	19862	45582
3035	19869	45577
3036	19876	45570
3037	19882	45563
3038	19889	45558
3039	19895	45551
3040	19901	45541
3041	19906	45531
3042	19911	45522
3043	19916	45512
3044	19922	45504
3045	19927	45494
3046	19933	45485
3047	19938	45476
3048	19943	45466
3049	19948	45456
3050	19954	45448
3051	19959	45439
3052	19964	45429
3053	19970	45420
3054	19975	45411
3055	19980	45400
3056	19986	45393
3057	19992	45385
3058	19998	45376
3059	20003	45368
3060	20010	45361
3061	20016	45353
3062	20022	45345
3063	20028	45337
3064	20035	45333
3065	20041	45325
3066	20047	45317
3067	20052	45308
3068	20057	45298
3069	20063	45290
3070	20071	45286
3071	20077	45279
3072	20084	45273
3073	20093	45273
3074	20107	45282
3075	20114	45278
3076	20121	45272
3077	20128	45265
3078	20136	45263
3079	20142	45254
3080	20147	45245
3081	20153	45237
3082	20159	45229
3083	20164	45220
3084	20170	45212
3085	20176	45204
3086	20182	45196
3087	20188	45188
3088	20194	45180
3089	20199	45172
3090	20205	45163
3091	20213	45159
3092	20219	45151
3093	20227	45148
3094	20233	45140
3095	20239	45134
3096	20245	45126
3097	20251	45119
3098	20259	45114
3099	20266	45108
3100	20274	45105
3101	20280	45099
3102	20287	45091
3103	20294	45087
3104	20301	45081
3105	20307	45075
3106	20314	45068
3107	20328	45078
3108	20339	45082
3109	20357	45100
3110	20366	45099
3111	20374	45097
3112	20382	45093
3113	20391	45090
3114	20396	45082
3115	20404	45077
3116	20410	45070
3117	20416	45063
3118	20464	45147
3119	20476	45154
3120	20483	45148
3121	20488	45138
3122	20494	45130
3123	20499	45119
3124	20504	45109
3125	20509	45100
3126	20515	45092
3127	20521	45083
3128	20527	45075
3129	20533	45067
3130	20539	45060
3131	20543	45049
3132	20549	45041
3133	20555	45032
3134	20564	45032
3135	20572	45027
3136	20582	45029
3137	20592	45029
3138	20600	45026
3139	20607	45021
3140	20614	45016
3141	20621	45009
3142	20631	45011
3143	20637	45003
3144	20643	44995
3145	20649	44986
3146	20654	44978
3147	20660	44970
3148	20666	44961
3149	20671	44952
3150	20677	44944
3151	20684	44937
3152	20689	44928
3153	20694	44918
3154	20699	44909
3155	20705	44900
3156	20711	44892
3157	20716	44883
3158	20723	44877
3159	20729	44869
3160	20734	44860
3161	20739	44851
3162	20745	44842
3163	20752	44835
3164	20757	44827
3165	20763	44819
3166	20768	44809
3167	20772	44798
3168	20778	44788
3169	20784	44780
3170	20789	44771
3171	20796	44765
3172	20813	44782
3173	20821	44778
3174	20835	44787
3175	20854	44807
3176	20862	44805
3177	20872	44806
3178	20883	44808
3179	20890	44802
3180	20898	44798
3181	20904	44792
3182	20912	44788
3183	20918	44781
3184	20925	44774
3185	20932	44768
3186	20937	44759
3187	20945	44755
3188	20950	44746
3189	20957	44740
3190	20963	44733
3191	20969	44725
3192	20976	44719
3193	20983	44712
3194	20989	44706
3195	21003	44714
3196	21015	44719
3197	21023	44716
3198	21034	44719
3199	21045	44721
3200	21063	44739
3201	21073	44739
3202	21092	44759
3203	21103	44762
3204	21116	44769
3205	21129	44777
3206	21136	44771
3207	21145	44768
3208	21155	44769
3209	21163	44765
3210	21172	44764
3211	21180	44760
3212	21189	44760
3213	21196	44753
3214	21204	44751
3215	21213	44749
3216	21225	44752
3217	21234	44752
3218	21244	44752
3219	21250	44744
3220	21256	44736
3221	21261	44728
3222	21269	44723
3223	21276	44716
3224	21282	44710
3225	21289	44703
3226	21296	44698
3227	21309	44704
3228	21317	44702
3229	21335	44718
3230	21344	44716
3231	21350	44709
3232	21357	44703
3233	21364	44698
3234	21371	44691
3235	21377	44683
3236	21383	44675
3237	21389	44668
3238	21396	44662
3239	21401	44652
3240	21407	44644
3241	21413	44637
3242	21419	44629
3243	21424	44619
3244	21431	44613
3245	21437	44605
3246	21442	44596
3247	21448	44587
3248	21453	44577
3249	21459	44570
3250	21465	44561
3251	21470	44551
3252	21476	44543
3253	21483	44537
3254	21488	44528
3255	21493	44517
3256	21498	44508
3257	21503	44498
3258	21508	44489
3259	21513	44479
3260	21518	44469
3261	21524	44460
3262	21529	44450
3263	21534	44441
3264	21539	44432
3265	21545	44424
3266	21554	44421
3267	21560	44414
3268	21568	44409
3269	21578	44410
3270	21585	44404
3271	21592	44399
3272	21598	44392
3273	21604	44384
3274	21613	44381
3275	21620	44375
3276	21626	44368
3277	21631	44359
3278	21637	44350
3279	21643	44342
3280	21648	44333
3281	21653	44324
3282	21659	44315
3283	21664	44306
3284	21671	44299
3285	21676	44290
3286	21682	44282
3287	21688	44273
3288	21693	44263
3289	21698	44254
3290	21704	44245
3291	21710	44238
3292	21716	44230
3293	21721	44221
3294	21726	44211
3295	21732	44203
3296	21737	44194
3297	21743	44186
3298	21749	44178
3299	21755	44169
3300	21760	44159
3301	21766	44151
3302	21771	44143
3303	21776	44134
3304	21782	44125
3305	21789	44120
3306	21800	44121
3307	21807	44115
3308	21816	44113
3309	21832	44126
3310	21840	44122
3311	21847	44116
3312	21854	44111
3313	21862	44106
3314	21869	44101
3315	21875	44094
3316	21882	44087
3317	21887	44079
3318	21893	44070
3319	21900	44064
3320	21905	44055
3321	21911	44046
3322	21917	44038
3323	21922	44030
3324	21928	44021
3325	21933	44012
3326	21940	44005
3327	21945	43996
3328	21951	43988
3329	21956	43978
3330	21962	43970
3331	21967	43961
3332	21972	43952
3333	21978	43944
3334	21984	43936
3335	21990	43928
3336	21996	43920
3337	22002	43911
3338	22007	43903
3339	22013	43896
3340	22019	43887
3341	22024	43878
3342	22031	43871
3343	22037	43864
3344	22045	43861
3345	22052	43854
3346	22059	43849
3347	22069	43849
3348	22077	43846
3349	22086	43843
3350	22093	43838
3351	22100	43830
3352	22106	43824
3353	22113	43817
3354	22118	43808
3355	22123	43799
3356	22128	43789
3357	22134	43781
3358	22140	43774
3359	22146	43766
3360	22152	43758
3361	22158	43749
3362	22163	43739
3363	22168	43731
3364	22174	43723
3365	22179	43713
3366	22185	43704
3367	22191	43696
3368	22196	43687
3369	22202	43679
3370	22207	43671
3371	22214	43663
3372	22219	43654
3373	22224	43646
3374	22231	43640
3375	22236	43630
3376	22242	43622
3377	22248	43613
3378	22253	43603
3379	22258	43594
3380	22263	43585
3381	22269	43577
3382	22275	43569
3383	22281	43561
3384	22287	43554
3385	22296	43552
3386	22302	43544
3387	22309	43540
3388	22328	43557
3389	22335	43550
3390	22341	43543
3391	22348	43538
3392	22355	43531
3393	22361	43523
3394	22366	43514
3395	22372	43506
3396	22378	43498
3397	22383	43489
3398	22389	43481
3399	22394	43472
3400	22400	43464
3401	22406	43456
3402	22412	43448
3403	22419	43442
3404	22425	43434
3405	22443	43450
3406	22447	43439
3407	22453	43432
3408	22459	43423
3409	22464	43414
3410	22471	43407
3411	22476	43398
3412	22481	43389
3413	22488	43382
3414	22493	43372
3415	22497	43362
3416	22503	43353
3417	22508	43344
3418	22514	43337
3419	22520	43328
3420	22526	43320
3421	22538	43324
3422	22548	43324
3423	22554	43318
3424	22567	43322
3425	22579	43326
3426	22586	43321
3427	22596	43321
3428	22603	43315
3429	22611	43311
3430	22617	43303
3431	22625	43299
3432	22631	43291
3433	22637	43283
3434	22644	43278
3435	22650	43270
3436	22658	43266
3437	22664	43258
3438	22669	43249
3439	22677	43246
3440	22683	43238
3441	22690	43232
3442	22696	43223
3443	22701	43215
3444	22708	43209
3445	22715	43202
3446	22721	43196
3447	22727	43187
3448	22733	43179
3449	22739	43172
3450	22745	43164
3451	22753	43161
3452	22759	43152
3453	22765	43144
3454	22771	43138
3455	22779	43132
3456	22790	43135
3457	22798	43131
3458	22806	43127
3459	22817	43129
3460	22827	43129
3461	22836	43126
3462	22843	43120
3463	22851	43116
3464	22857	43109
3465	22863	43101
3466	22870	43096
3467	22877	43089
3468	22883	43081
3469	22889	43074
3470	22894	43064
3471	22900	43056
3472	22905	43047
3473	22911	43040
3474	22919	43034
3475	22924	43026
3476	22930	43018
3477	22937	43012
3478	22943	43004
3479	22949	42998
3480	22956	42990
3481	22962	42983
3482	22966	42972
3483	22972	42965
3484	22978	42956
3485	22984	42948
3486	22989	42939
3487	22994	42929
3488	22999	42920
3489	23004	42911
3490	23009	42901
3491	23014	42892
3492	23021	42885
3493	23033	42890
3494	23040	42884
3495	23049	42881
3496	23056	42876
3497	23071	42883
3498	23077	42876
3499	23084	42870
3500	23091	42865
3501	23097	42858
3502	23105	42853
3503	23110	42843
3504	23116	42837
3505	23123	42830
3506	23128	42820
3507	23134	42812
3508	23139	42804
3509	23146	42798
3510	23153	42791
3511	23158	42781
3512	23165	42776
3513	23170	42766
3514	23175	42757
3515	23179	42746
3516	23185	42739
3517	23192	42731
3518	23198	42724
3519	23204	42717
3520	23210	42708
3521	23215	42699
3522	23222	42693
3523	23229	42688
3524	23236	42682
3525	23241	42673
3526	23248	42666
3527	23250	42652
3528	23254	42641
3529	23260	42632
3530	23266	42625
3531	23276	42625
3532	23283	42618
3533	23288	42609
3534	23295	42604
3535	23306	42605
3536	23314	42600
3537	23320	42594
3538	23327	42587
3539	23333	42580
3540	23341	42576
3541	23346	42566
3542	23352	42558
3543	23358	42550
3544	23363	42542
3545	23368	42533
3546	23374	42524
3547	23379	42515
3548	23385	42507
3549	23390	42497
3550	23396	42490
3551	23402	42483
3552	23408	42475
3553	23414	42466
3554	23419	42458
3555	23425	42451
3556	23432	42444
3557	23439	42438
3558	23444	42428
3559	23450	42421
3560	23455	42413
3561	23461	42404
3562	23467	42396
3563	23472	42388
3564	23477	42378
3565	23482	42369
3566	23487	42359
3567	23492	42350
3568	23498	42342
3569	23504	42333
3570	23509	42324
3571	23515	42316
3572	23521	42309
3573	23528	42304
3574	23534	42297
3575	23542	42292
3576	23551	42290
3577	23564	42295
3578	23572	42290
3579	23589	42303
3580	23596	42296
3581	23602	42290
3582	23607	42279
3583	23612	42271
3584	23617	42261
3585	23623	42254
3586	23629	42245
3587	23636	42239
3588	23641	42230
3589	23647	42223
3590	23652	42214
3591	23657	42204
3592	23662	42194
3593	23668	42187
3594	23673	42177
3595	23678	42168
3596	23684	42160
3597	23689	42150
3598	23694	42142
3599	23699	42132
3600	23705	42125
3601	23711	42116
3602	23717	42109
3603	23722	42100
3604	23727	42090
3605	23732	42081
3606	23737	42072
3607	23742	42063
3608	23747	42054
3609	23753	42045
3610	23759	42037
3611	23766	42031
3612	23776	42031
3613	23782	42023
3614	23790	42019
3615	23799	42017
3616	23806	42011
3617	23813	42005
3618	23819	41997
3619	23826	41991
3620	23835	41989
3621	23841	41982
3622	23847	41975
3623	23853	41966
3624	23858	41958
3625	23864	41950
3626	23869	41941
3627	23875	41933
3628	23880	41924
3629	23884	41913
3630	23890	41905
3631	23895	41895
3632	23900	41886
3633	23906	41878
3634	23911	41869
3635	23915	41859
3636	23919	41848
3637	23925	41839
3638	23930	41831
3639	23936	41822
3640	23941	41813
3641	23946	41804
3642	23952	41796
3643	23957	41788
3644	23963	41780
3645	23968	41771
3646	23974	41763
3647	23980	41756
3648	23985	41746
3649	23990	41737
3650	23996	41728
3651	24001	41720
3652	24006	41710
3653	24020	41716
3654	24025	41708
3655	24045	41724
3656	24059	41730
3657	24065	41723
3658	24071	41716
3659	24078	41709
3660	24085	41704
3661	24092	41697
3662	24096	41687
3663	24102	41679
3664	24108	41672
3665	24113	41663
3666	24119	41654
3667	24124	41645
3668	24129	41636
3669	24135	41628
3670	24141	41621
3671	24146	41612
3672	24152	41604
3673	24157	41594
3674	24162	41585
3675	24168	41577
3676	24172	41566
3677	24178	41559
3678	24183	41550
3679	24188	41541
3680	24194	41533
3681	24200	41526
3682	24205	41515
3683	24211	41508
3684	24216	41499
3685	24223	41493
3686	24228	41484
3687	24235	41478
3688	24240	41470
3689	24246	41461
3690	24251	41452
3691	24257	41445
3692	24267	41443
3693	24274	41438
3694	24281	41433
3695	24291	41432
3696	24298	41427
3697	24305	41420
3698	24311	41412
3699	24317	41406
3700	24325	41400
3701	24330	41392
3702	24336	41384
3703	24340	41374
3704	24345	41364
3705	24350	41355
3706	24386	41398
3707	24400	41403
3708	24406	41397
3709	24411	41388
3710	24417	41379
3711	24423	41372
3712	24428	41363
3713	24433	41354
3714	24440	41348
3715	24446	41340
3716	24451	41331
3717	24456	41322
3718	24462	41314
3719	24467	41305
3720	24473	41297
3721	24478	41288
3722	24483	41279
3723	24489	41271
3724	24494	41262
3725	24499	41253
3726	24513	41259
3727	24520	41253
3728	24528	41249
3729	24540	41251
3730	24548	41247
3731	24554	41240
3732	24561	41233
3733	24567	41226
3734	24574	41219
3735	24579	41210
3736	24584	41201
3737	24589	41193
3738	24594	41184
3739	24600	41175
3740	24604	41165
3741	24609	41155
3742	24614	41146
3743	24619	41138
3744	24626	41131
3745	24632	41123
3746	24638	41117
3747	24643	41107
3748	24649	41099
3749	24654	41091
3750	24660	41083
3751	24666	41075
3752	24671	41066
3753	24676	41057
3754	24680	41047
3755	24686	41039
3756	24693	41032
3757	24698	41024
3758	24702	41013
3759	24708	41006
3760	24713	40996
3761	24719	40988
3762	24724	40980
3763	24730	40972
3764	24734	40961
3765	24740	40953
3766	24745	40943
3767	24751	40937
3768	24759	40932
3769	24764	40923
3770	24771	40918
3771	24778	40911
3772	24787	40910
3773	24796	40907
3774	24803	40901
3775	24810	40895
3776	24816	40887
3777	24823	40881
3778	24829	40874
3779	24834	40865
3780	24841	40858
3781	24847	40851
3782	24853	40843
3783	24858	40834
3784	24863	40826
3785	24868	40817
3786	24874	40808
3787	24879	40800
3788	24885	40791
3789	24890	40783
3790	24894	40773
3791	24900	40765
3792	24905	40756
3793	24911	40748
3794	24916	40740
3795	24922	40731
3796	24928	40724
3797	24933	40716
3798	24939	40707
3799	24944	40698
3800	24949	40689
3801	24955	40682
3802	24961	40674
3803	24966	40665
3804	24971	40656
3805	24977	40648
3806	24982	40640
3807	24988	40632
3808	24993	40623
3809	24998	40615
3810	25007	40612
3811	25013	40604
3812	25020	40598
3813	25030	40596
3814	25037	40592
3815	25047	40589
3816	25052	40582
3817	25060	40576
3818	25067	40571
3819	25073	40563
3820	25078	40554
3821	25083	40545
3822	25087	40535
3823	25092	40526
3824	25097	40516
3825	25102	40507
3826	25107	40498
3827	25112	40489
3828	25117	40481
3829	25124	40475
3830	25130	40466
3831	25136	40459
3832	25141	40450
3833	25145	40439
3834	25150	40430
3835	25156	40424
3836	25162	40415
3837	25168	40408
3838	25173	40399
3839	25178	40390
3840	25183	40382
3841	25188	40373
3842	25193	40362
3843	25199	40355
3844	25203	40345
3845	25208	40336
3846	25214	40328
3847	25219	40320
3848	25224	40310
3849	25229	40301
3850	25235	40293
3851	25241	40286
3852	25252	40287
3853	25258	40279
3854	25265	40274
3855	25276	40273
3856	25285	40271
3857	25292	40265
3858	25298	40258
3859	25304	40251
3860	25312	40246
3861	25317	40238
3862	25322	40228
3863	25328	40221
3864	25334	40213
3865	25340	40206
3866	25345	40197
3867	25351	40190
3868	25357	40183
3869	25363	40175
3870	25367	40165
3871	25372	40156
3872	25377	40146
3873	25382	40137
3874	25387	40128
3875	25391	40118
3876	25397	40111
3877	25403	40102
3878	25409	40095
3879	25414	40086
3880	25418	40075
3881	25422	40065
3882	25427	40057
3883	25434	40050
3884	25439	40042
3885	25446	40035
3886	25451	40027
3887	25457	40019
3888	25462	40011
3889	25468	40003
3890	25473	39994
3891	25478	39984
3892	25483	39976
3893	25497	39982
3894	25504	39974
3895	25512	39970
3896	25528	39979
3897	25535	39972
3898	25541	39965
3899	25548	39960
3900	25555	39953
3901	25561	39946
3902	25566	39938
3903	25572	39930
3904	25577	39921
3905	25582	39913
3906	25588	39905
3907	25593	39896
3908	25598	39887
3909	25604	39879
3910	25609	39871
3911	25614	39862
3912	25619	39852
3913	25625	39845
3914	25630	39837
3915	25637	39830
3916	25644	39825
3917	25650	39817
3918	25656	39810
3919	25661	39801
3920	25667	39793
3921	25672	39785
3922	25678	39777
3923	25683	39769
3924	25688	39759
3925	25693	39751
3926	25699	39743
3927	25705	39735
3928	25711	39728
3929	25716	39719
3930	25721	39710
3931	25726	39702
3932	25744	39712
3933	25751	39707
3934	25758	39701
3935	25766	39697
3936	25774	39692
3937	25781	39687
3938	25789	39682
3939	25794	39674
3940	25801	39667
3941	25808	39661
3942	25813	39653
3943	25818	39644
3944	25824	39636
3945	25829	39627
3946	25834	39619
3947	25850	39626
3948	25855	39618
3949	25861	39610
3950	25866	39601
3951	25871	39593
3952	25876	39583
3953	25881	39575
3954	25887	39567
3955	25892	39558
3956	25897	39550
3957	25903	39542
3958	25908	39533
3959	25913	39524
3960	25919	39516
3961	25924	39508
3962	25929	39500
3963	25936	39493
3964	25941	39485
3965	25947	39476
3966	25953	39470
3967	25958	39460
3968	25963	39452
3969	25968	39443
3970	25974	39435
3971	25979	39427
3972	25988	39424
3973	25995	39418
3974	26002	39412
3975	26009	39406
3976	26018	39403
3977	26027	39400
3978	26034	39395
3979	26043	39392
3980	26050	39386
3981	26056	39379
3982	26062	39371
3983	26067	39363
3984	26073	39355
3985	26079	39347
3986	26084	39339
3987	26089	39330
3988	26095	39323
3989	26101	39315
3990	26106	39306
3991	26111	39298
3992	26117	39290
3993	26121	39280
3994	26126	39271
3995	26131	39262
3996	26136	39253
3997	26141	39245
3998	26147	39236
3999	26152	39228
4000	26158	39221
4001	26163	39213
4002	26168	39204
4003	26173	39194
4004	26178	39186
4005	26183	39177
4006	26188	39169
4007	26194	39160
4008	26199	39152
4009	26204	39143
4010	26209	39134
4011	26214	39126
4012	26220	39117
4013	26225	39109
4014	26233	39104
4015	26241	39100
4016	26249	39096
4017	26256	39090
4018	26265	39087
4019	26272	39082
4020	26279	39076
4021	26286	39070
4022	26292	39063
4023	26298	39055
4024	26304	39049
4025	26310	39041
4026	26315	39031
4027	26321	39024
4028	26326	39015
4029	26331	39007
4030	26337	38999
4031	26342	38990
4032	26347	38981
4033	26352	38973
4034	26358	38965
4035	26363	38958
4036	26368	38948
4037	26373	38939
4038	26378	38931
4039	26384	38923
4040	26390	38915
4041	26395	38906
4042	26400	38898
4043	26404	38888
4044	26410	38881
4045	26415	38872
4046	26421	38864
4047	26427	38857
4048	26432	38848
4049	26438	38841
4050	26444	38834
4051	26450	38827
4052	26456	38819
4053	26461	38810
4054	26466	38802
4055	26472	38794
4056	26478	38787
4057	26487	38784
4058	26494	38779
4059	26501	38773
4060	26517	38780
4061	26525	38775
4062	26530	38767
4063	26537	38760
4064	26543	38754
4065	26549	38746
4066	26555	38739
4067	26560	38730
4068	26565	38721
4069	26569	38712
4070	26575	38703
4071	26581	38696
4072	26586	38689
4073	26593	38682
4074	26598	38674
4075	26604	38666
4076	26609	38658
4077	26614	38648
4078	26619	38640
4079	26625	38632
4080	26631	38625
4081	26637	38618
4082	26644	38612
4083	26649	38604
4084	26655	38596
4085	26659	38586
4086	26665	38578
4087	26671	38571
4088	26676	38563
4089	26682	38555
4090	26687	38547
4091	26692	38538
4092	26697	38529
4093	26702	38521
4094	26707	38512
4095	26712	38504
4096	26717	38495
4097	26730	38497
4098	26737	38491
4099	26745	38486
4100	26758	38490
4101	26766	38486
4102	26771	38477
4103	26777	38470
4104	26784	38464
4105	26791	38458
4106	26796	38449
4107	26802	38442
4108	26806	38431
4109	26812	38424
4110	26817	38415
4111	26822	38406
4112	26828	38400
4113	26835	38393
4114	26841	38387
4115	26847	38379
4116	26853	38372
4117	26859	38364
4118	26864	38356
4119	26870	38348
4120	26875	38340
4121	26880	38332
4122	26885	38323
4123	26892	38317
4124	26896	38307
4125	26902	38300
4126	26907	38291
4127	26913	38283
4128	26918	38275
4129	26924	38267
4130	26929	38258
4131	26934	38250
4132	26940	38243
4133	26945	38234
4134	26950	38226
4135	26957	38219
4136	26962	38211
4137	26968	38203
4138	26975	38198
4139	26981	38191
4140	26988	38185
4141	26995	38179
4142	27003	38175
4143	27010	38169
4144	27018	38164
4145	27024	38157
4146	27031	38151
4147	27038	38146
4148	27044	38139
4149	27050	38131
4150	27055	38123
4151	27060	38114
4152	27065	38105
4153	27070	38097
4154	27075	38087
4155	27081	38080
4156	27086	38072
4157	27091	38063
4158	27097	38056
4159	27103	38048
4160	27108	38040
4161	27114	38032
4162	27119	38024
4163	27124	38016
4164	27130	38009
4165	27135	38000
4166	27140	37991
4167	27147	37985
4168	27153	37978
4169	27158	37969
4170	27163	37961
4171	27168	37952
4172	27173	37943
4173	27177	37933
4174	27181	37924
4175	27187	37916
4176	27193	37909
4177	27198	37901
4178	27204	37892
4179	27209	37884
4180	27214	37876
4181	27223	37873
4182	27230	37867
4183	27239	37864
4184	27254	37869
4185	27262	37865
4186	27269	37858
4187	27274	37851
4188	27281	37845
4189	27288	37838
4190	27294	37831
4191	27300	37825
4192	27306	37817
4193	27311	37809
4194	27317	37801
4195	27323	37794
4196	27329	37786
4197	27335	37780
4198	27342	37774
4199	27348	37766
4200	27354	37759
4201	27359	37751
4202	27365	37744
4203	27370	37735
4204	27376	37727
4205	27381	37719
4206	27387	37712
4207	27393	37704
4208	27399	37698
4209	27405	37690
4210	27410	37681
4211	27415	37673
4212	27419	37663
4213	27425	37655
4214	27431	37648
4215	27437	37641
4216	27442	37634
4217	27457	37639
4218	27464	37632
4219	27473	37629
4220	27480	37623
4221	27488	37619
4222	27506	37628
4223	27512	37621
4224	27519	37615
4225	27525	37608
4226	27533	37603
4227	27539	37596
4228	27545	37589
4229	27550	37580
4230	27555	37572
4231	27560	37564
4232	27566	37556
4233	27571	37548
4234	27577	37540
4235	27583	37532
4236	27588	37524
4237	27594	37516
4238	27599	37509
4239	27605	37501
4240	27609	37492
4241	27614	37483
4242	27620	37475
4243	27626	37468
4244	27632	37461
4245	27638	37454
4246	27645	37448
4247	27650	37440
4248	27655	37431
4249	27660	37423
4250	27665	37414
4251	27670	37405
4252	27676	37398
4253	27680	37389
4254	27687	37382
4255	27692	37373
4256	27696	37364
4257	27702	37357
4258	27717	37362
4259	27723	37355
4260	27731	37350
4261	27740	37347
4262	27753	37349
4263	27759	37342
4264	27766	37336
4265	27772	37329
4266	27779	37323
4267	27785	37316
4268	27791	37309
4269	27796	37300
4270	27801	37292
4271	27806	37284
4272	27812	37276
4273	27818	37268
4274	27823	37260
4275	27828	37252
4276	27834	37244
4277	27839	37236
4278	27845	37229
4279	27851	37221
4280	27855	37212
4281	27861	37204
4282	27866	37196
4283	27871	37187
4284	27876	37179
4285	27881	37171
4286	27888	37165
4287	27893	37157
4288	27899	37149
4289	27905	37141
4290	27910	37133
4291	27915	37124
4292	27921	37117
4293	27926	37109
4294	27931	37101
4295	27937	37094
4296	27943	37086
4297	27948	37077
4298	27954	37070
4299	27962	37067
4300	27970	37061
4301	27977	37055
4302	27984	37049
4303	27992	37045
4304	28000	37041
4305	28005	37032
4306	28013	37028
4307	28019	37021
4308	28027	37016
4309	28033	37009
4310	28039	37002
4311	28044	36993
4312	28051	36987
4313	28056	36980
4314	28062	36971
4315	28067	36963
4316	28073	36956
4317	28079	36948
4318	28085	36941
4319	28090	36934
4320	28096	36926
4321	28101	36918
4322	28107	36910
4323	28111	36901
4324	28118	36895
4325	28124	36888
4326	28129	36879
4327	28134	36871
4328	28139	36863
4329	28144	36854
4330	28150	36846
4331	28154	36837
4332	28159	36829
4333	28165	36821
4334	28169	36812
4335	28174	36803
4336	28178	36794
4337	28183	36784
4338	28188	36776
4339	28193	36767
4340	28207	36771
4341	28213	36764
4342	28221	36760
4343	28237	36766
4344	28246	36763
4345	28253	36757
4346	28260	36751
4347	28267	36744
4348	28273	36737
4349	28278	36730
4350	28284	36722
4351	28290	36715
4352	28296	36708
4353	28301	36699
4354	28307	36692
4355	28314	36686
4356	28320	36679
4357	28326	36671
4358	28331	36664
4359	28335	36654
4360	28341	36647
4361	28347	36639
4362	28353	36632
4363	28358	36624
4364	28364	36616
4365	28369	36608
4366	28374	36600
4367	28380	36592
4368	28386	36585
4369	28392	36578
4370	28397	36570
4371	28403	36562
4372	28407	36553
4373	28411	36544
4374	28417	36536
4375	28422	36528
4376	28427	36520
4377	28432	36511
4378	28438	36504
4379	28444	36497
4380	28457	36499
4381	28463	36492
4382	28471	36486
4383	28489	36496
4384	28496	36490
4385	28503	36483
4386	28510	36477
4387	28517	36472
4388	28522	36463
4389	28527	36455
4390	28533	36448
4391	28539	36440
4392	28544	36432
4393	28549	36424
4394	28555	36416
4395	28560	36409
4396	28566	36401
4397	28570	36392
4398	28576	36385
4399	28581	36375
4400	28585	36367
4401	28591	36359
4402	28596	36350
4403	28601	36343
4404	28607	36335
4405	28612	36327
4406	28617	36319
4407	28623	36311
4408	28628	36303
4409	28634	36296
4410	28641	36289
4411	28646	36281
4412	28652	36275
4413	28657	36266
4414	28663	36258
4415	28667	36249
4416	28672	36241
4417	28677	36233
4418	28682	36225
4419	28688	36217
4420	28693	36209
4421	28701	36204
4422	28708	36198
4423	28716	36194
4424	28734	36201
4425	28741	36195
4426	28747	36189
4427	28754	36183
4428	28761	36177
4429	28766	36169
4430	28772	36162
4431	28778	36154
4432	28782	36145
4433	28789	36139
4434	28794	36130
4435	28799	36122
4436	28804	36113
4437	28809	36105
4438	28814	36097
4439	28820	36090
4440	28825	36082
4441	28831	36075
4442	28837	36067
4443	28843	36060
4444	28849	36053
4445	28856	36047
4446	28862	36040
4447	28867	36032
4448	28873	36025
4449	28878	36017
4450	28884	36010
4451	28889	36001
4452	28894	35992
4453	28899	35985
4454	28905	35977
4455	28911	35970
4456	28916	35962
4457	28921	35953
4458	28925	35944
4459	28973	35989
4460	28980	35983
4461	28989	35980
4462	28999	35978
4463	29007	35973
4464	29014	35967
4465	29021	35961
4466	29028	35955
4467	29036	35950
4468	29042	35943
4469	29048	35936
4470	29053	35928
4471	29068	35932
4472	29074	35925
4473	29079	35917
4474	29085	35909
4475	29090	35902
4476	29095	35893
4477	29101	35885
4478	29106	35877
4479	29111	35868
4480	29116	35861
4481	29122	35854
4482	29128	35847
4483	29135	35840
4484	29140	35832
4485	29144	35823
4486	29150	35816
4487	29155	35808
4488	29161	35800
4489	29166	35792
4490	29172	35785
4491	29178	35777
4492	29183	35770
4493	29190	35763
4494	29195	35755
4495	29199	35746
4496	29212	35747
4497	29219	35742
4498	29227	35736
4499	29243	35742
4500	29250	35736
4501	29258	35731
4502	29264	35724
4503	29271	35719
4504	29277	35711
4505	29282	35703
4506	29288	35696
4507	29293	35688
4508	29298	35679
4509	29305	35672
4510	29310	35665
4511	29314	35655
4512	29320	35648
4513	29326	35640
4514	29331	35632
4515	29336	35624
4516	29341	35616
4517	29347	35609
4518	29353	35601
4519	29359	35594
4520	29364	35587
4521	29369	35578
4522	29374	35570
4523	29380	35562
4524	29385	35554
4525	29390	35546
4526	29395	35538
4527	29401	35531
4528	29406	35522
4529	29411	35514
4530	29417	35507
4531	29422	35499
4532	29427	35490
4533	29432	35482
4534	29438	35475
4535	29444	35468
4536	29450	35461
4537	29458	35456
4538	29465	35450
4539	29471	35443
4540	29478	35437
4541	29487	35433
4542	29494	35428
4543	29502	35423
4544	29509	35417
4545	29516	35411
4546	29524	35407
4547	29529	35399
4548	29535	35391
4549	29540	35383
4550	29545	35375
4551	29550	35367
4552	29556	35360
4553	29561	35352
4554	29567	35344
4555	29573	35337
4556	29578	35329
4557	29584	35321
4558	29589	35314
4559	29595	35306
4560	29600	35298
4561	29605	35290
4562	29610	35281
4563	29615	35274
4564	29621	35266
4565	29626	35258
4566	29631	35250
4567	29637	35243
4568	29643	35236
4569	29648	35228
4570	29653	35219
4571	29659	35212
4572	29665	35205
4573	29670	35196
4574	29676	35190
4575	29681	35182
4576	29687	35174
4577	29693	35167
4578	29699	35160
4579	29708	35156
4580	29714	35150
4581	29722	35145
4582	29740	35152
4583	29746	35145
4584	29752	35138
4585	29758	35131
4586	29766	35127
4587	29771	35118
4588	29777	35110
4589	29782	35102
4590	29787	35095
4591	29793	35087
4592	29798	35079
4593	29803	35071
4594	29810	35065
4595	29815	35056
4596	29821	35049
4597	29825	35041
4598	29832	35034
4599	29837	35026
4600	29843	35019
4601	29848	35011
4602	29853	35003
4603	29860	34996
4604	29865	34988
4605	29870	34980
4606	29875	34973
4607	29880	34964
4608	29886	34957
4609	29891	34948
4610	29896	34940
4611	29901	34932
4612	29907	34925
4613	29912	34917
4614	29917	34909
4615	29923	34901
4616	29928	34894
4617	29933	34885
4618	29938	34877
4619	29945	34871
4620	29954	34867
4621	29961	34862
4622	29968	34856
4623	29982	34858
4624	29989	34852
4625	29995	34846
4626	30001	34839
4627	30008	34832
4628	30014	34826
4629	30020	34818
4630	30025	34810
4631	30030	34802
4632	30035	34794
4633	30041	34787
4634	30048	34781
4635	30054	34773
4636	30060	34767
4637	30065	34759
4638	30071	34752
4639	30077	34745
4640	30082	34736
4641	30088	34728
4642	30093	34721
4643	30099	34714
4644	30105	34706
4645	30110	34699
4646	30115	34690
4647	30120	34682
4648	30125	34674
4649	30131	34667
4650	30136	34659
4651	30141	34651
4652	30147	34643
4653	30153	34636
4654	30158	34628
4655	30164	34621
4656	30168	34613
4657	30174	34605
4658	30179	34597
4659	30184	34589
4660	30191	34582
4661	30200	34579
4662	30206	34573
4663	30216	34569
4664	30233	34575
4665	30239	34569
4666	30245	34562
4667	30252	34555
4668	30260	34551
4669	30266	34544
4670	30272	34536
4671	30277	34528
4672	30283	34521
4673	30289	34515
4674	30294	34507
4675	30301	34500
4676	30307	34493
4677	30312	34485
4678	30318	34478
4679	30324	34470
4680	30328	34462
4681	30333	34454
4682	30339	34447
4683	30345	34439
4684	30350	34431
4685	30356	34424
4686	30362	34417
4687	30367	34409
4688	30372	34401
4689	30377	34392
4690	30382	34385
4691	30388	34377
4692	30393	34370
4693	30399	34362
4694	30405	34355
4695	30410	34347
4696	30416	34340
4697	30421	34332
4698	30427	34325
4699	30432	34317
4700	30439	34312
4701	30449	34309
4702	30458	34305
4703	30466	34300
4704	30484	34307
4705	30490	34300
4706	30497	34293
4707	30503	34287
4708	30511	34282
4709	30517	34275
4710	30521	34266
4711	30527	34259
4712	30533	34252
4713	30539	34245
4714	30545	34238
4715	30551	34231
4716	30557	34223
4717	30562	34216
4718	30566	34206
4719	30572	34199
4720	30578	34192
4721	30584	34185
4722	30589	34177
4723	30596	34171
4724	30601	34163
4725	30607	34156
4726	30611	34147
4727	30617	34140
4728	30623	34133
4729	30629	34125
4730	30635	34118
4731	30640	34111
4732	30647	34104
4733	30653	34098
4734	30659	34091
4735	30664	34083
4736	30670	34075
4737	30675	34067
4738	30681	34060
4739	30686	34053
4740	30694	34048
4741	30702	34043
4742	30710	34038
4743	30719	34035
4744	30728	34031
4745	30736	34025
4746	30741	34018
4747	30748	34012
4748	30755	34006
4749	30760	33998
4750	30766	33991
4751	30772	33984
4752	30777	33976
4753	30783	33969
4754	30788	33961
4755	30792	33952
4756	30798	33944
4757	30803	33937
4758	30808	33928
4759	30814	33921
4760	30819	33914
4761	30824	33906
4762	30829	33898
4763	30835	33890
4764	30841	33883
4765	30847	33876
4766	30851	33867
4767	30865	33869
4768	30871	33862
4769	30876	33854
4770	30882	33847
4771	30887	33838
4772	30891	33830
4773	30897	33823
4774	30903	33815
4775	30907	33806
4776	30912	33798
4777	30918	33791
4778	30924	33784
4779	30940	33789
4780	30946	33782
4781	30954	33776
4782	30972	33782
4783	30979	33777
4784	30986	33770
4785	30992	33763
4786	30999	33757
4787	31005	33751
4788	31010	33743
4789	31016	33736
4790	31021	33728
4791	31026	33720
4792	31032	33712
4793	31037	33704
4794	31043	33697
4795	31048	33689
4796	31053	33681
4797	31059	33674
4798	31066	33668
4799	31071	33660
4800	31075	33652
4801	31081	33644
4802	31086	33636
4803	31093	33630
4804	31098	33622
4805	31102	33613
4806	31108	33606
4807	31113	33598
4808	31118	33590
4809	31124	33583
4810	31129	33575
4811	31134	33567
4812	31139	33559
4813	31145	33551
4814	31151	33545
4815	31156	33537
4816	31161	33529
4817	31166	33521
4818	31172	33513
4819	31177	33506
4820	31185	33501
4821	31192	33494
4822	31199	33489
4823	31206	33484
4824	31218	33483
4825	31225	33477
4826	31232	33471
4827	31240	33466
4828	31248	33461
4829	31254	33454
4830	31261	33448
4831	31265	33440
4832	31271	33433
4833	31276	33424
4834	31281	33416
4835	31288	33410
4836	31294	33403
4837	31299	33395
4838	31305	33388
4839	31310	33380
4840	31315	33372
4841	31320	33364
4842	31325	33356
4843	31331	33349
4844	31336	33341
4845	31342	33334
4846	31347	33326
4847	31352	33318
4848	31358	33311
4849	31363	33303
4850	31367	33294
4851	31372	33286
4852	31378	33279
4853	31384	33272
4854	31389	33264
4855	31395	33257
4856	31399	33248
4857	31405	33241
4858	31411	33234
4859	31417	33227
4860	31423	33220
4861	31431	33215
4862	31438	33209
4863	31444	33202
4864	31453	33199
4865	31464	33197
4866	31471	33191
4867	31478	33185
4868	31484	33178
4869	31491	33172
4870	31498	33166
4871	31503	33158
4872	31509	33151
4873	31515	33144
4874	31520	33137
4875	31526	33129
4876	31531	33122
4877	31536	33113
4878	31541	33106
4879	31547	33098
4880	31553	33091
4881	31558	33084
4882	31564	33077
4883	31569	33069
4884	31575	33062
4885	31581	33054
4886	31586	33047
4887	31591	33039
4888	31598	33033
4889	31603	33025
4890	31609	33018
4891	31616	33012
4892	31622	33005
4893	31627	32997
4894	31633	32990
4895	31638	32982
4896	31643	32975
4897	31649	32967
4898	31656	32961
4899	31662	32955
4900	31671	32951
4901	31680	32947
4902	31686	32940
4903	31694	32935
4904	31704	32932
4905	31712	32927
4906	31720	32922
4907	31727	32916
4908	31733	32910
4909	31741	32904
4910	31746	32897
4911	31752	32890
4912	31757	32882
4913	31763	32874
4914	31768	32867
4915	31773	32859
4916	31779	32851
4917	31784	32844
4918	31790	32837
4919	31795	32829
4920	31802	32823
4921	31807	32815
4922	31813	32808
4923	31819	32801
4924	31824	32793
4925	31830	32786
4926	31836	32779
4927	31841	32772
4928	31849	32766
4929	31853	32758
4930	31859	32751
4931	31864	32743
4932	31871	32737
4933	31877	32729
4934	31883	32723
4935	31889	32716
4936	31895	32709
4937	31901	32702
4938	31906	32694
4939	31912	32687
4940	31918	32680
4941	31927	32676
4942	31934	32670
4943	31942	32666
4944	31960	32671
4945	31967	32665
4946	31973	32658
4947	31978	32650
4948	31985	32645
4949	31991	32637
4950	31999	32633
4951	32005	32626
4952	32011	32618
4953	32016	32611
4954	32022	32603
4955	32029	32597
4956	32034	32590
4957	32040	32583
4958	32045	32575
4959	32050	32567
4960	32056	32560
4961	32061	32552
4962	32066	32545
4963	32072	32538
4964	32078	32531
4965	32084	32524
4966	32090	32516
4967	32096	32509
4968	32102	32503
4969	32108	32496
4970	32114	32488
4971	32118	32480
4972	32123	32472
4973	32128	32464
4974	32133	32456
4975	32139	32449
4976	32145	32442
4977	32151	32435
4978	32156	32427
4979	32164	32422
4980	32173	32418
4981	32179	32412
4982	32188	32407
4983	32204	32411
4984	32212	32406
4985	32219	32400
4986	32226	32394
4987	32234	32389
4988	32238	32380
4989	32243	32372
4990	32248	32365
4991	32255	32358
4992	32261	32351
4993	32265	32343
4994	32280	32345
4995	32286	32338
4996	32293	32331
4997	32298	32324
4998	32304	32317
4999	32311	32311
5000	32316	32303
5001	32322	32296
5002	32328	32289
5003	32333	32281
5004	32338	32274
5005	32344	32266
5006	32349	32259
5007	32354	32251
5008	32360	32244
5009	32366	32236
5010	32371	32229
5011	32376	32221
5012	32382	32214
5013	32387	32207
5014	32394	32200
5015	32399	32192
5016	32405	32185
5017	32410	32178
5018	32420	32174
5019	32427	32168
5020	32435	32163
5021	32447	32163
5022	32456	32159
5023	32463	32153
5024	32473	32150
5025	32481	32145
5026	32487	32138
5027	32492	32131
5028	32498	32124
5029	32504	32117
5030	32509	32109
5031	32515	32101
5032	32521	32094
5033	32527	32088
5034	32533	32081
5035	32539	32074
5036	32544	32066
5037	32549	32058
5038	32554	32050
5039	32560	32043
5040	32566	32036
5041	32571	32028
5042	32576	32021
5043	32582	32014
5044	32588	32006
5045	32593	31998
5046	32598	31991
5047	32604	31984
5048	32610	31977
5049	32617	31971
5050	32621	31963
5051	32628	31956
5052	32634	31949
5053	32638	31941
5054	32645	31934
5055	32649	31925
5056	32653	31917
5057	32661	31912
5058	32671	31909
5059	32679	31904
5060	32689	31901
5061	32697	31896
5062	32705	31891
5063	32713	31886
5064	32719	31879
5065	32726	31873
5066	32732	31866
5067	32738	31859
5068	32743	31852
5069	32749	31844
5070	32754	31837
5071	32759	31829
5072	32765	31822
5073	32770	31814
5074	32776	31807
5075	32782	31800
5076	32788	31793
5077	32793	31786
5078	32799	31779
5079	32805	31771
5080	32810	31764
5081	32816	31757
5082	32821	31749
5083	32827	31742
5084	32832	31734
5085	32837	31727
5086	32843	31719
5087	32848	31712
5088	32854	31705
5089	32861	31699
5090	32866	31691
5091	32872	31684
5092	32878	31677
5093	32884	31670
5094	32890	31663
5095	32895	31656
5096	32900	31648
5097	32911	31646
5098	32917	31639
5099	32925	31634
5100	32933	31629
5101	32944	31627
5102	32950	31620
5103	32958	31614
5104	32964	31608
5105	32971	31602
5106	32976	31594
5107	32981	31587
5108	32987	31579
5109	32992	31571
5110	32997	31564
5111	33003	31557
5112	33009	31550
5113	33014	31542
5114	33019	31534
5115	33024	31527
5116	33030	31520
5117	33036	31512
5118	33041	31505
5119	33047	31497
5120	33053	31491
5121	33057	31482
5122	33064	31476
5123	33069	31468
5124	33075	31462
5125	33081	31455
5126	33087	31447
5127	33092	31440
5128	33096	31431
5129	33102	31425
5130	33108	31417
5131	33112	31409
5132	33117	31401
5133	33122	31393
5134	33128	31386
5135	33133	31378
5136	33138	31370
5137	33144	31363
5138	33160	31366
5139	33165	31358
5140	33173	31354
5141	33191	31358
5142	33199	31353
5143	33206	31347
5144	33212	31340
5145	33220	31335
5146	33226	31328
5147	33231	31321
5148	33236	31313
5149	33242	31306
5150	33248	31299
5151	33254	31292
5152	33260	31285
5153	33266	31278
5154	33272	31271
5155	33279	31265
5156	33284	31258
5157	33290	31251
5158	33295	31243
5159	33302	31237
5160	33308	31230
5161	33313	31222
5162	33319	31215
5163	33324	31207
5164	33330	31200
5165	33334	31191
5166	33339	31184
5167	33344	31176
5168	33349	31169
5169	33355	31161
5170	33359	31153
5171	33365	31146
5172	33370	31138
5173	33376	31131
5174	33381	31123
5175	33386	31115
5176	33391	31108
5177	33407	31110
5178	33414	31104
5179	33422	31100
5180	33440	31103
5181	33446	31097
5182	33453	31091
5183	33459	31084
5184	33467	31079
5185	33472	31071
5186	33479	31065
5187	33486	31059
5188	33490	31050
5189	33496	31043
5190	33502	31036
5191	33506	31028
5192	33512	31021
5193	33517	31013
5194	33523	31006
5195	33528	30999
5196	33534	30992
5197	33539	30984
5198	33543	30976
5199	33549	30968
5200	33555	30961
5201	33560	30954
5202	33566	30946
5203	33570	30938
5204	33576	30931
5205	33581	30923
5206	33586	30916
5207	33592	30908
5208	33598	30902
5209	33603	30894
5210	33609	30887
5211	33614	30880
5212	33619	30872
5213	33623	30863
5214	33629	30856
5215	33634	30849
5216	33640	30842
5217	33646	30835
5218	33654	30830
5219	33661	30823
5220	33669	30818
5221	33694	30829
5222	33701	30824
5223	33707	30817
5224	33713	30809
5225	33719	30803
5226	33725	30796
5227	33731	30788
5228	33736	30781
5229	33741	30773
5230	33747	30767
5231	33753	30759
5232	33759	30753
5233	33765	30746
5234	33771	30739
5235	33776	30731
5236	33782	30725
5237	33788	30718
5238	33794	30711
5239	33799	30703
5240	33805	30696
5241	33811	30689
5242	33816	30681
5243	33822	30674
5244	33827	30667
5245	33832	30659
5246	33837	30651
5247	33842	30644
5248	33848	30637
5249	33853	30629
5250	33859	30622
5251	33865	30615
5252	33872	30609
5253	33878	30602
5254	33884	30596
5255	33889	30588
5256	33898	30584
5257	33905	30578
5258	33913	30573
5259	33931	30576
5260	33937	30570
5261	33944	30564
5262	33951	30558
5263	33959	30552
5264	33965	30546
5265	33970	30538
5266	33976	30531
5267	33981	30523
5268	33986	30516
5269	33991	30508
5270	33997	30501
5271	34003	30494
5272	34008	30487
5273	34013	30479
5274	34019	30472
5275	34024	30465
5276	34030	30457
5277	34036	30451
5278	34043	30444
5279	34048	30437
5280	34054	30430
5281	34059	30422
5282	34065	30415
5283	34071	30408
5284	34077	30401
5285	34082	30394
5286	34089	30388
5287	34094	30380
5288	34100	30373
5289	34106	30366
5290	34111	30358
5291	34117	30352
5292	34122	30345
5293	34128	30337
5294	34133	30329
5295	34139	30323
5296	34148	30319
5297	34155	30313
5298	34163	30308
5299	34175	30306
5300	34182	30300
5301	34189	30295
5302	34197	30289
5303	34203	30282
5304	34209	30275
5305	34214	30268
5306	34219	30260
5307	34224	30252
5308	34229	30245
5309	34234	30237
5310	34240	30230
5311	34244	30222
5312	34250	30215
5313	34256	30207
5314	34261	30200
5315	34266	30192
5316	34273	30186
5317	34278	30179
5318	34285	30173
5319	34290	30164
5320	34295	30157
5321	34300	30150
5322	34305	30142
5323	34310	30134
5324	34315	30126
5325	34321	30119
5326	34325	30111
5327	34331	30104
5328	34335	30096
5329	34341	30089
5330	34345	30080
5331	34351	30073
5332	34357	30066
5333	34363	30059
5334	34368	30052
5335	34373	30044
5336	34378	30036
5337	34396	30040
5338	34403	30034
5339	34409	30028
5340	34428	30031
5341	34434	30025
5342	34441	30019
5343	34447	30012
5344	34454	30006
5345	34460	29999
5346	34466	29993
5347	34472	29985
5348	34478	29979
5349	34483	29971
5350	34490	29965
5351	34495	29958
5352	34501	29950
5353	34507	29944
5354	34511	29935
5355	34517	29928
5356	34522	29921
5357	34528	29914
5358	34533	29906
5359	34539	29899
5360	34544	29892
5361	34550	29885
5362	34555	29877
5363	34561	29870
5364	34566	29862
5365	34571	29855
5366	34576	29847
5367	34581	29840
5368	34586	29832
5369	34592	29825
5370	34598	29818
5371	34603	29811
5372	34608	29803
5373	34613	29796
5374	34618	29787
5375	34623	29780
5376	34630	29774
5377	34639	29769
5378	34645	29763
5379	34652	29757
5380	34660	29752
5381	34679	29756
5382	34688	29752
5383	34695	29746
5384	34702	29740
5385	34707	29732
5386	34712	29725
5387	34719	29718
5388	34725	29712
5389	34729	29703
5390	34734	29696
5391	34740	29689
5392	34747	29683
5393	34752	29675
5394	34757	29668
5395	34763	29660
5396	34768	29653
5397	34773	29645
5398	34779	29639
5399	34785	29631
5400	34791	29625
5401	34797	29618
5402	34802	29610
5403	34808	29603
5404	34813	29595
5405	34818	29588
5406	34824	29582
5407	34830	29574
5408	34835	29567
5409	34840	29560
5410	34846	29552
5411	34851	29545
5412	34857	29538
5413	34862	29531
5414	34868	29524
5415	34884	29525
5416	34891	29520
5417	34901	29515
5418	34920	29520
5419	34927	29514
5420	34933	29507
5421	34939	29501
5422	34948	29496
5423	34953	29489
5424	34958	29481
5425	34964	29474
5426	34969	29466
5427	34975	29459
5428	34980	29451
5429	34985	29444
5430	34989	29436
5431	34995	29429
5432	35000	29421
5433	35005	29414
5434	35010	29406
5435	35016	29399
5436	35021	29391
5437	35026	29383
5438	35032	29377
5439	35038	29370
5440	35043	29362
5441	35048	29355
5442	35054	29348
5443	35059	29340
5444	35064	29333
5445	35070	29326
5446	35075	29318
5447	35081	29311
5448	35086	29304
5449	35092	29297
5450	35107	29298
5451	35114	29291
5452	35119	29284
5453	35130	29282
5454	35136	29274
5455	35143	29269
5456	35151	29263
5457	35164	29262
5458	35171	29256
5459	35178	29250
5460	35185	29244
5461	35191	29238
5462	35197	29231
5463	35203	29224
5464	35208	29216
5465	35213	29209
5466	35218	29201
5467	35225	29195
5468	35229	29187
5469	35235	29180
5470	35239	29171
5471	35244	29164
5472	35250	29157
5473	35255	29149
5474	35260	29142
5475	35265	29134
5476	35269	29126
5477	35275	29119
5478	35279	29110
5479	35285	29104
5480	35291	29097
5481	35296	29089
5482	35303	29083
5483	35308	29076
5484	35314	29069
5485	35319	29061
5486	35325	29054
5487	35330	29047
5488	35336	29040
5489	35341	29032
5490	35346	29025
5491	35351	29017
5492	35358	29011
5493	35364	29004
5494	35370	28997
5495	35379	28993
5496	35385	28986
5497	35393	28981
5498	35401	28976
5499	35413	28974
5500	35418	28967
5501	35425	28960
5502	35432	28955
5503	35440	28949
5504	35445	28942
5505	35450	28934
5506	35456	28927
5507	35461	28920
5508	35466	28912
5509	35472	28905
5510	35477	28898
5511	35482	28890
5512	35487	28883
5513	35493	28875
5514	35499	28869
5515	35504	28861
5516	35509	28854
5517	35514	28846
5518	35519	28838
5519	35524	28831
5520	35530	28824
5521	35535	28817
5522	35539	28809
5523	35545	28801
5524	35550	28794
5525	35555	28787
5526	35561	28779
5527	35565	28771
5528	35571	28764
5529	35576	28757
5530	35581	28749
5531	35587	28742
5532	35592	28734
5533	35598	28728
5534	35603	28720
5535	35608	28713
5536	35624	28714
5537	35630	28707
5538	35636	28701
5539	35643	28695
5540	35658	28695
5541	35666	28690
5542	35672	28683
5543	35677	28676
5544	35685	28670
5545	35692	28664
5546	35698	28657
5547	35704	28651
5548	35710	28644
5549	35716	28637
5550	35721	28630
5551	35726	28622
5552	35732	28615
5553	35737	28608
5554	35742	28600
5555	35748	28593
5556	35753	28585
5557	35759	28579
5558	35764	28571
5559	35771	28565
5560	35776	28558
5561	35781	28550
5562	35786	28543
5563	35792	28535
5564	35798	28529
5565	35803	28521
5566	35809	28514
5567	35814	28507
5568	35819	28499
5569	35824	28492
5570	35829	28484
5571	35833	28476
5572	35837	28468
5573	35842	28460
5574	35848	28453
5575	35853	28446
5576	35858	28438
5577	35875	28440
5578	35883	28435
5579	35890	28429
5580	35909	28433
5581	35916	28427
5582	35923	28420
5583	35930	28415
5584	35937	28408
5585	35942	28401
5586	35948	28394
5587	35954	28387
5588	35958	28379
5589	35963	28372
5590	35999	28388
5591	36012	28387
5592	36018	28380
5593	36023	28372
5594	36028	28365
5595	36035	28359
5596	36039	28351
5597	36045	28344
5598	36051	28337
5599	36057	28330
5600	36063	28323
5601	36069	28317
5602	36075	28310
5603	36080	28303
5604	36086	28295
5605	36092	28289
5606	36097	28281
5607	36104	28275
5608	36120	28277
5609	36128	28271
5610	36136	28266
5611	36150	28265
5612	36156	28259
5613	36162	28252
5614	36168	28245
5615	36174	28238
5616	36181	28233
5617	36186	28225
5618	36192	28218
5619	36197	28210
5620	36202	28203
5621	36207	28195
5622	36212	28187
5623	36216	28180
5624	36222	28172
5625	36227	28165
5626	36233	28158
5627	36239	28151
5628	36243	28143
5629	36249	28136
5630	36256	28130
5631	36261	28122
5632	36266	28115
5633	36272	28109
5634	36277	28101
5635	36282	28094
5636	36288	28087
5637	36294	28080
5638	36299	28072
5639	36313	28071
5640	36320	28066
5641	36325	28058
5642	36330	28051
5643	36335	28043
5644	36341	28036
5645	36346	28029
5646	36351	28021
5647	36357	28014
5648	36367	28011
5649	36373	28004
5650	36380	27998
5651	36394	27997
5652	36401	27991
5653	36408	27985
5654	36414	27978
5655	36422	27973
5656	36428	27967
5657	36434	27959
5658	36439	27952
5659	36443	27944
5660	36449	27937
5661	36454	27930
5662	36460	27922
5663	36465	27915
5664	36469	27907
5665	36475	27900
5666	36480	27893
5667	36486	27885
5668	36491	27878
5669	36496	27871
5670	36502	27864
5671	36510	27859
5672	36516	27852
5673	36521	27845
5674	36526	27837
5675	36532	27830
5676	36538	27823
5677	36543	27816
5678	36549	27809
5679	36555	27802
5680	36560	27795
5681	36565	27787
5682	36570	27780
5683	36575	27772
5684	36580	27765
5685	36585	27757
5686	36590	27750
5687	36597	27743
5688	36604	27738
5689	36612	27732
5690	36619	27726
5691	36626	27720
5692	36632	27714
5693	36645	27712
5694	36652	27706
5695	36659	27700
5696	36666	27694
5697	36674	27689
5698	36679	27681
5699	36685	27674
5700	36690	27667
5701	36695	27660
5702	36700	27652
5703	36707	27646
5704	36713	27640
5705	36720	27633
5706	36725	27625
5707	36730	27618
5708	36736	27611
5709	36741	27604
5710	36747	27597
5711	36753	27590
5712	36758	27583
5713	36764	27576
5714	36770	27569
5715	36775	27562
5716	36780	27554
5717	36786	27548
5718	36791	27540
5719	36796	27532
5720	36802	27526
5721	36807	27518
5722	36812	27511
5723	36817	27504
5724	36823	27497
5725	36828	27489
5726	36834	27482
5727	36839	27475
5728	36845	27468
5729	36852	27462
5730	36861	27457
5731	36867	27451
5732	36875	27445
5733	36893	27448
5734	36900	27442
5735	36907	27436
5736	36916	27431
5737	36922	27424
5738	36928	27418
5739	36934	27411
5740	36938	27403
5741	36943	27395
5742	36949	27388
5743	36954	27381
5744	36960	27374
5745	36965	27367
5746	36971	27360
5747	36976	27352
5748	36981	27345
5749	36987	27338
5750	36991	27330
5751	36996	27322
5752	37001	27315
5753	37007	27308
5754	37012	27300
5755	37017	27293
5756	37022	27286
5757	37027	27278
5758	37033	27271
5759	37038	27264
5760	37045	27258
5761	37051	27251
5762	37056	27244
5763	37062	27237
5764	37067	27229
5765	37071	27221
5766	37078	27215
5767	37084	27208
5768	37090	27201
5769	37103	27200
5770	37109	27194
5771	37118	27189
5772	37136	27191
5773	37144	27185
5774	37150	27179
5775	37156	27172
5776	37163	27166
5777	37169	27159
5778	37174	27152
5779	37180	27145
5780	37186	27138
5781	37191	27131
5782	37197	27124
5783	37202	27116
5784	37208	27110
5785	37213	27102
5786	37218	27095
5787	37225	27089
5788	37231	27082
5789	37237	27075
5790	37242	27068
5791	37247	27061
5792	37253	27053
5793	37258	27046
5794	37264	27039
5795	37270	27033
5796	37275	27025
5797	37280	27018
5798	37287	27012
5799	37293	27005
5800	37298	26998
5801	37303	26991
5802	37309	26983
5803	37315	26977
5804	37321	26970
5805	37327	26963
5806	37332	26956
5807	37338	26949
5808	37344	26943
5809	37354	26938
5810	37360	26932
5811	37368	26927
5812	37382	26926
5813	37389	26919
5814	37394	26912
5815	37402	26906
5816	37408	26900
5817	37415	26894
5818	37420	26887
5819	37426	26880
5820	37432	26873
5821	37438	26866
5822	37444	26860
5823	37450	26852
5824	37456	26846
5825	37461	26838
5826	37466	26831
5827	37472	26824
5828	37476	26816
5829	37482	26810
5830	37487	26802
5831	37492	26794
5832	37497	26787
5833	37502	26780
5834	37507	26772
5835	37513	26765
5836	37527	26765
5837	37532	26757
5838	37540	26751
5839	37546	26745
5840	37550	26737
5841	37556	26730
5842	37561	26723
5843	37567	26716
5844	37573	26709
5845	37577	26701
5846	37583	26694
5847	37599	26695
5848	37606	26688
5849	37614	26683
5850	37630	26684
5851	37636	26677
5852	37643	26671
5853	37649	26664
5854	37657	26659
5855	37663	26652
5856	37669	26645
5857	37673	26637
5858	37679	26630
5859	37684	26623
5860	37689	26616
5861	37695	26609
5862	37699	26601
5863	37705	26594
5864	37711	26587
5865	37719	26582
5866	37724	26574
5867	37729	26567
5868	37735	26560
5869	37740	26553
5870	37745	26545
5871	37751	26539
5872	37756	26531
5873	37761	26524
5874	37766	26516
5875	37771	26509
5876	37776	26502
5877	37782	26495
5878	37787	26487
5879	37793	26481
5880	37798	26473
5881	37804	26466
5882	37809	26459
5883	37814	26452
5884	37820	26445
5885	37826	26438
5886	37831	26431
5887	37837	26424
5888	37845	26419
5889	37853	26413
5890	37860	26407
5891	37868	26402
5892	37880	26399
5893	37887	26394
5894	37894	26387
5895	37901	26381
5896	37909	26376
5897	37915	26370
5898	37922	26364
5899	37928	26356
5900	37932	26349
5901	37938	26342
5902	37945	26335
5903	37950	26328
5904	37956	26322
5905	37962	26315
5906	37966	26307
5907	37971	26300
5908	37977	26293
5909	37982	26285
5910	37988	26278
5911	37993	26271
5912	37998	26264
5913	38004	26257
5914	38009	26249
5915	38014	26242
5916	38020	26235
5917	38025	26228
5918	38030	26221
5919	38036	26214
5920	38041	26207
5921	38047	26200
5922	38053	26193
5923	38059	26187
5924	38065	26180
5925	38071	26173
5926	38076	26166
5927	38085	26161
5928	38095	26157
5929	38101	26150
5930	38108	26144
5931	38128	26147
5932	38135	26141
5933	38140	26134
5934	38147	26127
5935	38154	26121
5936	38160	26114
5937	38164	26106
5938	38169	26099
5939	38174	26092
5940	38179	26085
5941	38185	26078
5942	38190	26071
5943	38197	26064
5944	38202	26057
5945	38208	26050
5946	38213	26043
5947	38218	26036
5948	38224	26029
5949	38230	26022
5950	38235	26015
5951	38241	26008
5952	38248	26002
5953	38253	25995
5954	38259	25988
5955	38265	25981
5956	38270	25973
5957	38275	25966
5958	38281	25959
5959	38286	25952
5960	38290	25944
5961	38295	25937
5962	38301	25930
5963	38306	25923
5964	38311	25915
5965	38317	25908
5966	38322	25901
5967	38337	25900
5968	38343	25894
5969	38351	25888
5970	38368	25889
5971	38375	25883
5972	38381	25876
5973	38387	25870
5974	38392	25862
5975	38400	25857
5976	38406	25850
5977	38413	25844
5978	38418	25837
5979	38423	25829
5980	38430	25823
5981	38435	25816
5982	38441	25809
5983	38446	25802
5984	38451	25794
5985	38456	25787
5986	38461	25780
5987	38467	25773
5988	38472	25766
5989	38477	25758
5990	38482	25751
5991	38487	25744
5992	38494	25737
5993	38499	25730
5994	38505	25723
5995	38512	25717
5996	38517	25710
5997	38523	25703
5998	38528	25696
5999	38534	25689
6000	38539	25682
6001	38545	25675
6002	38551	25668
6003	38557	25662
6004	38562	25655
6005	38569	25648
6006	38575	25642
6007	38581	25635
6008	38589	25629
6009	38594	25622
6010	38601	25616
6011	38613	25614
6012	38622	25609
6013	38628	25602
6014	38634	25595
6015	38640	25589
6016	38647	25583
6017	38652	25575
6018	38658	25569
6019	38664	25562
6020	38669	25555
6021	38675	25548
6022	38680	25540
6023	38685	25533
6024	38691	25526
6025	38695	25518
6026	38701	25512
6027	38707	25505
6028	38712	25497
6029	38718	25491
6030	38731	25489
6031	38737	25482
6032	38744	25476
6033	38749	25469
6034	38754	25461
6035	38760	25454
6036	38765	25447
6037	38771	25441
6038	38776	25433
6039	38782	25427
6040	38788	25420
6041	38792	25412
6042	38798	25405
6043	38803	25398
6044	38809	25391
6045	38815	25384
6046	38830	25384
6047	38837	25378
6048	38846	25373
6049	38855	25368
6050	38866	25365
6051	38873	25358
6052	38879	25352
6053	38885	25345
6054	38892	25339
6055	38898	25332
6056	38903	25325
6057	38909	25319
6058	38914	25311
6059	38922	25305
6060	38928	25299
6061	38933	25291
6062	38938	25284
6063	38945	25278
6064	38950	25271
6065	38955	25263
6066	38961	25256
6067	38967	25250
6068	38972	25243
6069	38978	25236
6070	38982	25228
6071	38987	25221
6072	38993	25214
6073	38998	25207
6074	39003	25199
6075	39010	25193
6076	39015	25186
6077	39020	25179
6078	39025	25171
6079	39031	25164
6080	39037	25158
6081	39043	25151
6082	39049	25144
6083	39054	25137
6084	39059	25130
6085	39065	25123
6086	39072	25117
6087	39080	25112
6088	39086	25105
6089	39095	25100
6090	39106	25097
6091	39116	25093
6092	39124	25087
6093	39129	25080
6094	39136	25074
6095	39143	25068
6096	39149	25061
6097	39155	25054
6098	39160	25047
6099	39166	25040
6100	39170	25033
6101	39175	25025
6102	39181	25018
6103	39186	25011
6104	39191	25004
6105	39196	24997
6106	39202	24989
6107	39207	24982
6108	39212	24975
6109	39218	24968
6110	39222	24961
6111	39228	24954
6112	39234	24947
6113	39240	24940
6114	39245	24933
6115	39251	24926
6116	39256	24919
6117	39262	24912
6118	39267	24905
6119	39273	24898
6120	39279	24892
6121	39284	24884
6122	39289	24877
6123	39294	24870
6124	39299	24863
6125	39305	24855
6126	39310	24849
6127	39322	24845
6128	39329	24840
6129	39338	24835
6130	39349	24831
6131	39358	24826
6132	39365	24820
6133	39371	24814
6134	39377	24807
6135	39385	24802
6136	39392	24795
6137	39396	24788
6138	39402	24781
6139	39407	24774
6140	39412	24766
6141	39418	24759
6142	39422	24752
6143	39429	24745
6144	39434	24738
6145	39438	24730
6146	39444	24723
6147	39449	24716
6148	39455	24710
6149	39461	24703
6150	39468	24697
6151	39474	24690
6152	39479	24683
6153	39484	24676
6154	39490	24669
6155	39495	24662
6156	39501	24655
6157	39506	24648
6158	39512	24641
6159	39517	24634
6160	39524	24628
6161	39531	24622
6162	39538	24615
6163	39543	24608
6164	39548	24601
6165	39553	24594
6166	39558	24587
6167	39564	24580
6168	39573	24575
6169	39579	24568
6170	39586	24562
6171	39602	24561
6172	39609	24556
6173	39614	24549
6174	39620	24542
6175	39628	24537
6176	39635	24530
6177	39640	24523
6178	39646	24516
6179	39651	24509
6180	39657	24502
6181	39663	24495
6182	39668	24488
6183	39673	24481
6184	39678	24474
6185	39683	24466
6186	39689	24460
6187	39694	24452
6188	39699	24445
6189	39704	24438
6190	39710	24431
6191	39713	24423
6192	39720	24417
6193	39726	24410
6194	39732	24403
6195	39738	24397
6196	39744	24390
6197	39749	24383
6198	39756	24377
6199	39761	24370
6200	39766	24362
6201	39771	24355
6202	39777	24348
6203	39782	24341
6204	39788	24334
6205	39793	24327
6206	39799	24321
6207	39804	24313
6208	39811	24307
6209	39816	24300
6210	39824	24294
6211	39832	24289
6212	39838	24282
6213	39854	24281
6214	39860	24275
6215	39866	24268
6216	39872	24261
6217	39877	24254
6218	39883	24248
6219	39888	24240
6220	39894	24234
6221	39899	24227
6222	39904	24219
6223	39909	24212
6224	39914	24205
6225	39920	24198
6226	39924	24190
6227	39930	24183
6228	39935	24176
6229	39945	24172
6230	39954	24167
6231	39959	24160
6232	39964	24153
6233	39968	24145
6234	39974	24138
6235	39980	24131
6236	39986	24125
6237	39991	24117
6238	39997	24111
6239	40002	24104
6240	40008	24097
6241	40014	24090
6242	40019	24083
6243	40023	24075
6244	40029	24068
6245	40034	24061
6246	40039	24054
6247	40045	24047
6248	40049	24040
6249	40065	24039
6250	40072	24033
6251	40080	24027
6252	40098	24028
6253	40105	24022
6254	40111	24015
6255	40116	24008
6256	40123	24002
6257	40130	23996
6258	40135	23989
6259	40142	23982
6260	40147	23975
6261	40153	23969
6262	40159	23962
6263	40165	23955
6264	40170	23948
6265	40176	23941
6266	40181	23934
6267	40187	23927
6268	40193	23921
6269	40198	23914
6270	40204	23907
6271	40209	23900
6272	40216	23893
6273	40221	23886
6274	40226	23879
6275	40232	23872
6276	40236	23864
6277	40241	23857
6278	40246	23850
6279	40251	23843
6280	40256	23836
6281	40261	23828
6282	40267	23822
6283	40272	23814
6284	40278	23808
6285	40284	23801
6286	40291	23795
6287	40296	23788
6288	40312	23787
6289	40318	23780
6290	40326	23775
6291	40343	23775
6292	40351	23769
6293	40358	23763
6294	40364	23757
6295	40371	23751
6296	40377	23744
6297	40383	23737
6298	40388	23730
6299	40394	23723
6300	40400	23716
6301	40405	23709
6302	40411	23702
6303	40416	23695
6304	40421	23688
6305	40426	23681
6306	40432	23674
6307	40438	23668
6308	40444	23661
6309	40449	23654
6310	40455	23647
6311	40459	23639
6312	40465	23633
6313	40470	23626
6314	40477	23619
6315	40482	23612
6316	40488	23605
6317	40494	23599
6318	40498	23591
6319	40504	23585
6320	40529	23589
6321	40541	23586
6322	40556	23584
6323	40567	23580
6324	40582	23579
6325	40591	23574
6326	40598	23568
6327	40608	23563
6328	40615	23558
6329	40623	23552
6330	40629	23546
6331	40634	23538
6332	40639	23531
6333	40645	23524
6334	40651	23517
6335	40656	23511
6336	40661	23503
6337	40668	23497
6338	40674	23490
6339	40679	23483
6340	40685	23476
6341	40690	23469
6342	40696	23463
6343	40702	23456
6344	40707	23449
6345	40713	23442
6346	40719	23435
6347	40724	23428
6348	40730	23422
6349	40736	23415
6350	40741	23408
6351	40747	23401
6352	40753	23394
6353	40759	23388
6354	40765	23381
6355	40770	23374
6356	40774	23366
6357	40780	23359
6358	40793	23357
6359	40833	23370
6360	40857	23373
6361	40909	23393
6362	40987	23427
6363	41020	23436
6364	41044	23440
6365	41114	23469
6366	41131	23469
6367	41139	23464
6368	41148	23459
6369	41157	23453
6370	41165	23448
6371	41176	23444
6372	41184	23438
6373	41194	23434
6374	41202	23428
6375	41209	23422
6376	41218	23417
6377	41230	23414
6378	41241	23410
6379	41248	23404
6380	41259	23400
6381	41267	23395
6382	41276	23389
6383	41284	23384
6384	41300	23383
6385	41310	23378
6386	41322	23375
6387	41341	23376
6388	41357	23374
6389	41365	23369
6390	41377	23366
6391	41385	23360
6392	41391	23353
6393	41399	23348
6394	41410	23344
6395	41428	23343
6396	41438	23339
6397	41446	23333
6398	41452	23327
6399	41458	23320
6400	41464	23313
6401	41471	23307
6402	41479	23301
6403	41484	23294
6404	41490	23287
6405	41495	23280
6406	41503	23274
6407	41509	23268
6408	41516	23262
6409	41522	23255
6410	41529	23248
6411	41534	23241
6412	41544	23237
6413	41553	23231
6414	41561	23226
6415	41573	23222
6416	41581	23217
6417	41589	23212
6418	41596	23205
6419	41606	23201
6420	41614	23195
6421	41620	23188
6422	41625	23181
6423	41631	23174
6424	41636	23167
6425	41641	23160
6426	41646	23152
6427	41652	23145
6428	41658	23139
6429	41665	23133
6430	41671	23126
6431	41676	23119
6432	41682	23112
6433	41686	23104
6434	41692	23097
6435	41697	23090
6436	41702	23082
6437	41707	23075
6438	41713	23068
6439	41718	23061
6440	41723	23054
6441	41728	23047
6442	41734	23040
6443	41739	23033
6444	41744	23025
6445	41750	23018
6446	41755	23011
6447	41761	23004
6448	41767	22998
6449	41772	22991
6450	41777	22983
6451	41787	22979
6452	41794	22972
6453	41805	22968
6454	41818	22966
6455	41826	22960
6456	41834	22954
6457	41842	22949
6458	41856	22946
6459	41867	22942
6460	41875	22937
6461	41883	22931
6462	41890	22925
6463	41897	22918
6464	41903	22912
6465	41912	22907
6466	41920	22901
6467	41928	22896
6468	41937	22891
6469	41948	22887
6470	41955	22880
6471	41962	22874
6472	41970	22868
6473	41976	22862
6474	41983	22855
6475	41989	22849
6476	41996	22842
6477	42003	22836
6478	42011	22831
6479	42018	22824
6480	42026	22818
6481	42043	22818
6482	42050	22812
6483	42061	22808
6484	42070	22803
6485	42078	22797
6486	42087	22792
6487	42094	22786
6488	42102	22780
6489	42109	22774
6490	42115	22767
6491	42122	22760
6492	42128	22754
6493	42134	22747
6494	42140	22740
6495	42146	22734
6496	42152	22727
6497	42158	22720
6498	42163	22713
6499	42170	22706
6500	42176	22700
6501	42182	22693
6502	42188	22687
6503	42195	22680
6504	42200	22673
6505	42206	22666
6506	42211	22659
6507	42217	22652
6508	42223	22645
6509	42228	22638
6510	42234	22632
6511	42240	22624
6512	42245	22617
6513	42252	22611
6514	42258	22605
6515	42264	22598
6516	42269	22590
6517	42277	22585
6518	42287	22580
6519	42296	22575
6520	42310	22573
6521	42319	22567
6522	42327	22562
6523	42334	22555
6524	42342	22550
6525	42349	22543
6526	42354	22536
6527	42360	22529
6528	42365	22522
6529	42372	22516
6530	42378	22509
6531	42382	22502
6532	42389	22495
6533	42395	22488
6534	42400	22481
6535	42408	22476
6536	42414	22469
6537	42421	22462
6538	42426	22455
6539	42432	22449
6540	42438	22442
6541	42444	22435
6542	42452	22430
6543	42459	22423
6544	42467	22417
6545	42474	22411
6546	42481	22405
6547	42487	22398
6548	42495	22392
6549	42501	22386
6550	42506	22379
6551	42515	22373
6552	42520	22366
6553	42534	22364
6554	42542	22358
6555	42562	22358
6556	42572	22354
6557	42580	22348
6558	42589	22343
6559	42599	22338
6560	42613	22336
6561	42623	22331
6562	42631	22325
6563	42637	22319
6564	42643	22312
6565	42649	22305
6566	42655	22298
6567	42663	22292
6568	42668	22285
6569	42674	22279
6570	42681	22272
6571	42686	22265
6572	42693	22259
6573	42699	22252
6574	42708	22247
6575	42714	22240
6576	42719	22233
6577	42727	22227
6578	42733	22221
6579	42740	22214
6580	42748	22208
6581	42754	22202
6582	42760	22195
6583	42766	22188
6584	42781	22186
6585	42789	22180
6586	42798	22175
6587	42814	22174
6588	42821	22168
6589	42835	22165
6590	42855	22165
6591	42863	22160
6592	42872	22154
6593	42890	22154
6594	42902	22150
6595	42914	22146
6596	42925	22142
6597	42933	22136
6598	42942	22131
6599	42950	22125
6600	42958	22120
6601	42966	22114
6602	42976	22110
6603	42988	22105
6604	42995	22099
6605	43003	22094
6606	43012	22088
6607	43030	22088
6608	43042	22084
6609	43058	22083
6610	43067	22077
6611	43075	22071
6612	43082	22065
6613	43090	22059
6614	43097	22053
6615	43104	22047
6616	43111	22041
6617	43117	22034
6618	43123	22027
6619	43129	22020
6620	43134	22013
6621	43140	22006
6622	43148	22001
6623	43155	21994
6624	43161	21988
6625	43168	21981
6626	43175	21975
6627	43180	21968
6628	43187	21961
6629	43193	21955
6630	43200	21948
6631	43215	21946
6632	43221	21939
6633	43228	21933
6634	43235	21927
6635	43244	21921
6636	43250	21915
6637	43256	21908
6638	43269	21905
6639	43276	21899
6640	43288	21895
6641	43307	21895
6642	43314	21888
6643	43323	21883
6644	43330	21877
6645	43336	21870
6646	43341	21863
6647	43347	21856
6648	43368	21857
6649	43386	21856
6650	43403	21854
6651	43425	21856
6652	43434	21851
6653	43447	21847
6654	43458	21843
6655	43470	21839
6656	43476	21832
6657	43484	21826
6658	43491	21821
6659	43503	21817
6660	43531	21821
6661	43551	21821
6662	43581	21826
6663	43599	21826
6664	43615	21824
6665	43623	21818
6666	43631	21812
6667	43637	21805
6668	43647	21800
6669	43653	21794
6670	43660	21787
6671	43665	21780
6672	43672	21774
6673	43679	21767
6674	43685	21760
6675	43692	21754
6676	43697	21747
6677	43703	21740
6678	43709	21733
6679	43715	21726
6680	43721	21720
6681	43727	21713
6682	43736	21708
6683	43745	21702
6684	43755	21697
6685	43770	21695
6686	43778	21689
6687	43787	21684
6688	43796	21679
6689	43806	21674
6690	43814	21668
6691	43842	21672
6692	43851	21667
6693	43860	21661
6694	43872	21657
6695	43882	21653
6696	43892	21648
6697	43902	21643
6698	43910	21637
6699	43918	21631
6700	43925	21625
6701	43932	21618
6702	43939	21612
6703	43946	21606
6704	43954	21600
6705	43963	21595
6706	43970	21588
6707	43981	21584
6708	43987	21577
6709	43994	21571
6710	44003	21565
6711	44084	21595
6712	44095	21591
6713	44104	21585
6714	44111	21579
6715	44118	21572
6716	44124	21566
6717	44131	21560
6718	44138	21553
6719	44145	21547
6720	44151	21540
6721	44157	21533
6722	44164	21526
6723	44170	21520
6724	44177	21513
6725	44183	21507
6726	44189	21500
6727	44195	21493
6728	44202	21486
6729	44208	21480
6730	44214	21473
6731	44220	21466
6732	44226	21459
6733	44231	21452
6734	44238	21445
6735	44244	21439
6736	44255	21434
6737	44262	21428
6738	44271	21423
6739	44287	21420
6740	44295	21414
6741	44304	21409
6742	44311	21403
6743	44320	21397
6744	44326	21390
6745	44332	21384
6746	44338	21377
6747	44344	21370
6748	44350	21363
6749	44357	21357
6750	44363	21350
6751	44370	21343
6752	44376	21337
6753	44383	21331
6754	44389	21323
6755	44394	21316
6756	44400	21310
6757	44406	21303
6758	44412	21296
6759	44418	21289
6760	44425	21282
6761	44431	21275
6762	44437	21269
6763	44443	21262
6764	44450	21256
6765	44457	21249
6766	44464	21243
6767	44469	21236
6768	44475	21229
6769	44482	21222
6770	44489	21216
6771	44502	21213
6772	44510	21207
6773	44523	21203
6774	44532	21198
6775	44540	21192
6776	44547	21186
6777	44556	21180
6778	44564	21174
6779	44572	21168
6780	44579	21162
6781	44585	21155
6782	44590	21148
6783	44597	21141
6784	44604	21135
6785	44610	21128
6786	44616	21121
6787	44622	21114
6788	44628	21107
6789	44633	21100
6790	44639	21093
6791	44645	21086
6792	44651	21080
6793	44657	21073
6794	44663	21066
6795	44671	21060
6796	44676	21053
6797	44683	21047
6798	44691	21040
6799	44697	21034
6800	44703	21027
6801	44711	21021
6802	44717	21014
6803	44723	21007
6804	44730	21001
6805	44736	20994
6806	44750	20991
6807	44757	20984
6808	44766	20979
6809	44781	20977
6810	44790	20971
6811	44797	20965
6812	44805	20959
6813	44813	20953
6814	44819	20946
6815	44827	20940
6816	44834	20933
6817	44840	20927
6818	44846	20920
6819	44856	20915
6820	44864	20909
6821	44874	20904
6822	44883	20899
6823	44893	20894
6824	44903	20889
6825	44913	20884
6826	44921	20878
6827	44930	20872
6828	44938	20867
6829	44949	20862
6830	44959	20857
6831	44967	20851
6832	44976	20845
6833	44982	20838
6834	44999	20837
6835	45008	20831
6836	45019	20827
6837	45032	20823
6838	45041	20818
6839	45050	20812
6840	45058	20806
6841	45068	20801
6842	45075	20795
6843	45083	20789
6844	45089	20782
6845	45097	20776
6846	45105	20770
6847	45113	20764
6848	45119	20758
6849	45126	20751
6850	45134	20745
6851	45141	20739
6852	45148	20733
6853	45155	20726
6854	45163	20720
6855	45170	20713
6856	45177	20707
6857	45183	20701
6858	45189	20693
6859	45196	20687
6860	45203	20681
6861	45210	20675
6862	45216	20667
6863	45222	20661
6864	45229	20654
6865	45243	20651
6866	45251	20645
6867	45261	20640
6868	45281	20639
6869	45289	20634
6870	45298	20628
6871	45309	20623
6872	45316	20617
6873	45325	20611
6874	45330	20604
6875	45337	20598
6876	45343	20591
6877	45350	20585
6878	45357	20578
6879	45363	20571
6880	45370	20565
6881	45378	20559
6882	45384	20552
6883	45392	20546
6884	45399	20540
6885	45408	20534
6886	45414	20528
6887	45422	20522
6888	45429	20515
6889	45437	20509
6890	45443	20502
6891	45451	20496
6892	45460	20491
6893	45468	20485
6894	45475	20478
6895	45490	20476
6896	45501	20471
6897	45520	20470
6898	45529	20464
6899	45539	20459
6900	45556	20457
6901	45569	20454
6902	45579	20449
6903	45589	20443
6904	45597	20438
6905	45605	20431
6906	45611	20425
6907	45622	20420
6908	45629	20414
6909	45636	20407
6910	45644	20401
6911	45652	20395
6912	45660	20389
6913	45668	20383
6914	45679	20379
6915	45688	20373
6916	45697	20367
6917	45711	20364
6918	45720	20359
6919	45737	20357
6920	45750	20353
6921	45773	20354
6922	45787	20350
6923	45801	20347
6924	45825	20348
6925	45833	20342
6926	45855	20342
6927	45874	20341
6928	45881	20335
6929	45889	20329
6930	45896	20322
6931	45902	20315
6932	45908	20308
6933	45915	20302
6934	45921	20295
6935	45927	20288
6936	45935	20282
6937	45944	20276
6938	45954	20271
6939	45960	20265
6940	45969	20259
6941	45984	20256
6942	45997	20252
6943	46016	20251
6944	46053	20258
6945	46067	20254
6946	46076	20249
6947	46084	20243
6948	46097	20239
6949	46108	20234
6950	46121	20231
6951	46131	20225
6952	46141	20220
6953	46149	20214
6954	46157	20208
6955	46163	20201
6956	46171	20195
6957	46179	20189
6958	46194	20186
6959	46203	20180
6960	46211	20174
6961	46217	20168
6962	46232	20165
6963	46251	20163
6964	46285	20169
6965	46295	20163
6966	46317	20163
6967	46331	20160
6968	46349	20158
6969	46360	20153
6970	46370	20148
6971	46380	20143
6972	46394	20139
6973	46409	20137
6974	46416	20130
6975	46423	20123
6976	46431	20117
6977	46438	20111
6978	46444	20104
6979	46454	20099
6980	46462	20093
6981	46467	20085
6982	46482	20082
6983	46493	20078
6984	46507	20074
6985	46519	20069
6986	46527	20064
6987	46539	20059
6988	46552	20055
6989	46561	20049
6990	46569	20043
6991	46576	20037
6992	46586	20032
6993	46593	20025
6994	46603	20020
6995	46610	20013
6996	46618	20007
6997	46624	20000
6998	46629	19993
6999	46637	19987
7000	46643	19980
7001	46656	19976
7002	46665	19971
7003	46677	19966
7004	46688	19961
7005	46695	19955
7006	46703	19949
7007	46710	19942
7008	46718	19936
7009	46731	19932
7010	46741	19927
7011	46757	19924
7012	46769	19920
7013	46776	19913
7014	46784	19907
7015	46792	19901
7016	46799	19895
7017	46807	19888
7018	46815	19882
7019	46822	19876
7020	46833	19871
7021	46842	19865
7022	46850	19859
7023	46857	19853
7024	46864	19846
7025	46872	19840
7026	46878	19833
7027	46885	19826
7028	46891	19820
7029	46898	19813
7030	46907	19807
7031	46917	19802
7032	46924	19795
7033	46932	19789
7034	46940	19783
7035	46947	19777
7036	46957	19771
7037	46974	19769
7038	46984	19764
7039	46992	19758
7040	47013	19757
7041	47021	19751
7042	47028	19745
7043	47038	19739
7044	47044	19732
7045	47050	19725
7046	47056	19718
7047	47063	19712
7048	47069	19705
7049	47075	19698
7050	47082	19691
7051	47088	19684
7052	47094	19677
7053	47101	19671
7054	47107	19664
7055	47114	19657
7056	47119	19650
7057	47126	19643
7058	47132	19636
7059	47138	19629
7060	47145	19623
7061	47151	19616
7062	47167	19613
7063	47175	19607
7064	47180	19600
7065	47185	19592
7066	47191	19585
7067	47196	19578
7068	47203	19571
7069	47209	19564
7070	47222	19560
7071	47229	19554
7072	47239	19549
7073	47253	19545
7074	47261	19539
7075	47268	19532
7076	47276	19526
7077	47284	19520
7078	47291	19513
7079	47299	19507
7080	47305	19500
7081	47312	19494
7082	47319	19487
7083	47325	19480
7084	47331	19473
7085	47338	19467
7086	47346	19460
7087	47353	19454
7088	47363	19449
7089	47372	19443
7090	47379	19436
7091	47384	19429
7092	47392	19423
7093	47397	19416
7094	47405	19409
7095	47411	19403
7096	47418	19396
7097	47426	19390
7098	47433	19383
7099	47444	19378
7100	47451	19372
7101	47469	19370
7102	47477	19363
7103	47498	19363
7104	47508	19357
7105	47515	19351
7106	47527	19346
7107	47534	19340
7108	47543	19334
7109	47551	19328
7110	47559	19321
7111	47566	19315
7112	47574	19309
7113	47580	19302
7114	47587	19295
7115	47595	19289
7116	47602	19283
7117	47609	19276
7118	47616	19269
7119	47622	19262
7120	47628	19256
7121	47635	19249
7122	47641	19242
7123	47649	19236
7124	47658	19230
7125	47665	19224
7126	47670	19216
7127	47677	19209
7128	47684	19203
7129	47689	19196
7130	47695	19189
7131	47701	19182
7132	47714	19178
7133	47723	19172
7134	47730	19165
7135	47753	19165
7136	47773	19164
7137	47780	19157
7138	47785	19150
7139	47791	19143
7140	47797	19136
7141	47803	19129
7142	47808	19121
7143	47816	19115
7144	47824	19109
7145	47830	19102
7146	47836	19095
7147	47842	19088
7148	47848	19081
7149	47853	19074
7150	47859	19067
7151	47866	19060
7152	47871	19053
7153	47877	19046
7154	47883	19039
7155	47889	19032
7156	47895	19025
7157	47902	19018
7158	47908	19012
7159	47914	19005
7160	47920	18998
7161	47925	18990
7162	47932	18984
7163	47937	18976
7164	47943	18970
7165	47950	18963
7166	47964	18959
7167	47975	18954
7168	47990	18951
7169	48003	18946
7170	48013	18941
7171	48023	18936
7172	48032	18930
7173	48040	18924
7174	48050	18918
7175	48061	18913
7176	48069	18907
7177	48079	18902
7178	48089	18896
7179	48096	18890
7180	48103	18883
7181	48111	18877
7182	48118	18870
7183	48124	18863
7184	48130	18856
7185	48137	18850
7186	48143	18843
7187	48150	18836
7188	48157	18830
7189	48167	18824
7190	48173	18817
7191	48181	18811
7192	48186	18804
7193	48192	18797
7194	48200	18791
7195	48211	18786
7196	48220	18780
7197	48241	18779
7198	48247	18772
7199	48254	18765
7200	48262	18759
7201	48268	18752
7202	48274	18745
7203	48280	18738
7204	48286	18731
7205	48293	18724
7206	48299	18718
7207	48307	18711
7208	48312	18704
7209	48320	18698
7210	48326	18691
7211	48332	18684
7212	48338	18677
7213	48344	18670
7214	48351	18663
7215	48359	18657
7216	48365	18650
7217	48374	18644
7218	48380	18637
7219	48404	18637
7220	48411	18631
7221	48419	18624
7222	48430	18619
7223	48437	18613
7224	48442	18605
7225	48456	18602
7226	48468	18597
7227	48486	18595
7228	48496	18589
7229	48505	18583
7230	48513	18577
7231	48520	18570
7232	48527	18564
7233	48535	18557
7234	48541	18550
7235	48548	18544
7236	48555	18537
7237	48561	18531
7238	48570	18525
7239	48577	18518
7240	48583	18511
7241	48590	18505
7242	48597	18498
7243	48604	18491
7244	48610	18484
7245	48617	18478
7246	48623	18471
7247	48628	18463
7248	48638	18458
7249	48643	18451
7250	48650	18444
7251	48657	18437
7252	48663	18430
7253	48669	18423
7254	48675	18416
7255	48681	18409
7256	48687	18403
7257	48698	18397
7258	48707	18391
7259	48718	18386
7260	48736	18384
7261	48745	18378
7262	48753	18372
7263	48761	18365
7264	48769	18359
7265	48776	18353
7266	48783	18346
7267	48791	18340
7268	48797	18333
7269	48806	18327
7270	48814	18321
7271	48820	18314
7272	48825	18306
7273	48831	18300
7274	48839	18293
7275	48848	18287
7276	48883	18291
7277	48929	18299
7278	48989	18312
7279	49060	18330
7280	49089	18331
7281	49106	18328
7282	49117	18323
7283	49131	18319
7284	49155	18319
7285	49165	18313
7286	49175	18308
7287	49198	18307
7288	49233	18311
7289	49246	18307
7290	49257	18301
7291	49266	18295
7292	49278	18291
7293	49288	18285
7294	49296	18279
7295	49304	18272
7296	49319	18269
7297	49326	18262
7298	49334	18256
7299	49341	18249
7300	49349	18243
7301	49360	18237
7302	49370	18232
7303	49378	18226
7304	49387	18220
7305	49394	18213
7306	49402	18207
7307	49449	18215
7308	49462	18211
7309	49484	18209
7310	49495	18204
7311	49507	18199
7312	49518	18194
7313	49528	18188
7314	49536	18182
7315	49543	18175
7316	49550	18169
7317	49559	18163
7318	49568	18157
7319	49575	18150
7320	49583	18144
7321	49590	18137
7322	49597	18130
7323	49603	18123
7324	49611	18117
7325	49621	18111
7326	49626	18104
7327	49634	18097
7328	49647	18093
7329	49656	18087
7330	49664	18081
7331	49674	18075
7332	49688	18071
7333	49697	18065
7334	49706	18059
7335	49721	18056
7336	49728	18049
7337	49735	18042
7338	49742	18035
7339	49751	18029
7340	49757	18022
7341	49765	18016
7342	49771	18009
7343	49778	18002
7344	49786	17996
7345	49793	17989
7346	49800	17983
7347	49808	17976
7348	49814	17969
7349	49822	17963
7350	49829	17956
7351	49835	17949
7352	49841	17942
7353	49847	17935
7354	49853	17928
7355	49859	17921
7356	49865	17914
7357	49872	17907
7358	49878	17900
7359	49884	17893
7360	49890	17886
7361	49897	17879
7362	49904	17872
7363	49911	17866
7364	49917	17859
7365	49929	17854
7366	49937	17847
7367	49945	17841
7368	49955	17835
7369	49965	17830
7370	49972	17823
7371	49981	17817
7372	49989	17811
7373	49997	17805
7374	50004	17798
7375	50010	17791
7376	50018	17784
7377	50026	17778
7378	50033	17771
7379	50038	17764
7380	50044	17757
7381	50051	17750
7382	50058	17743
7383	50065	17737
7384	50072	17730
7385	50078	17723
7386	50086	17717
7387	50092	17710
7388	50099	17703
7389	50105	17696
7390	50114	17690
7391	50120	17683
7392	50126	17676
7393	50133	17669
7394	50139	17662
7395	50146	17655
7396	50153	17648
7397	50159	17641
7398	50165	17634
7399	50176	17629
7400	50183	17622
7401	50193	17617
7402	50213	17615
7403	50223	17609
7404	50231	17603
7405	50240	17597
7406	50246	17590
7407	50253	17583
7408	50259	17576
7409	50265	17569
7410	50272	17562
7411	50280	17556
7412	50286	17548
7413	50292	17541
7414	50297	17534
7415	50302	17527
7416	50309	17520
7417	50316	17513
7418	50322	17506
7419	50328	17499
7420	50335	17493
7421	50342	17486
7422	50349	17479
7423	50354	17472
7424	50361	17465
7425	50367	17458
7426	50374	17451
7427	50381	17445
7428	50387	17438
7429	50394	17431
7430	50406	17426
7431	50413	17419
7432	50427	17415
7433	50447	17412
7434	50460	17408
7435	50469	17402
7436	50477	17395
7437	50484	17389
7438	50491	17382
7439	50499	17376
7440	50505	17368
7441	50510	17361
7442	50516	17354
7443	50522	17347
7444	50528	17340
7445	50534	17333
7446	50541	17326
7447	50547	17319
7448	50553	17312
7449	50559	17305
7450	50565	17298
7451	50572	17291
7452	50578	17284
7453	50583	17277
7454	50589	17270
7455	50595	17263
7456	50602	17256
7457	50608	17249
7458	50615	17242
7459	50622	17236
7460	50629	17229
7461	50635	17222
7462	50641	17215
7463	50648	17208
7464	50654	17201
7465	50660	17194
7466	50671	17189
7467	50681	17183
7468	50688	17176
7469	50700	17171
7470	50710	17165
7471	50718	17159
7472	50726	17153
7473	50733	17146
7474	50740	17139
7475	50746	17132
7476	50754	17126
7477	50761	17119
7478	50769	17113
7479	50775	17106
7480	50782	17099
7481	50788	17092
7482	50794	17085
7483	50802	17078
7484	50808	17072
7485	50816	17065
7486	50823	17058
7487	50832	17052
7488	50837	17045
7489	50844	17038
7490	50851	17031
7491	50859	17025
7492	50913	17034
7493	50936	17033
7494	50945	17027
7495	50957	17022
7496	50965	17015
7497	50973	17009
7498	50981	17002
7499	50990	16996
7500	50996	16989
7501	51003	16983
7502	51009	16975
7503	51015	16968
7504	51022	16962
7505	51029	16955
7506	51037	16949
7507	51044	16942
7508	51051	16935
7509	51059	16929
7510	51066	16922
7511	51072	16915
7512	51078	16908
7513	51085	16901
7514	51090	16894
7515	51097	16887
7516	51104	16880
7517	51111	16874
7518	51119	16867
7519	51126	16860
7520	51130	16853
7521	51137	16846
7522	51143	16839
7523	51149	16832
7524	51155	16825
7525	51168	16820
7526	51182	16816
7527	51190	16809
7528	51204	16805
7529	51211	16798
7530	51220	16792
7531	51228	16786
7532	51237	16779
7533	51244	16773
7534	51250	16766
7535	51255	16758
7536	51261	16751
7537	51268	16744
7538	51276	16738
7539	51283	16731
7540	51289	16724
7541	51295	16717
7542	51301	16710
7543	51310	16704
7544	51317	16697
7545	51323	16690
7546	51331	16684
7547	51337	16677
7548	51343	16670
7549	51350	16663
7550	51356	16656
7551	51362	16649
7552	51369	16642
7553	51375	16635
7554	51382	16628
7555	51389	16622
7556	51396	16615
7557	51402	16608
7558	51417	16604
7559	51430	16599
7560	51456	16598
7561	51466	16592
7562	51475	16586
7563	51488	16581
7564	51496	16575
7565	51502	16568
7566	51509	16561
7567	51516	16555
7568	51523	16548
7569	51529	16541
7570	51537	16534
7571	51544	16527
7572	51550	16520
7573	51556	16513
7574	51563	16507
7575	51569	16500
7576	51576	16493
7577	51580	16485
7578	51588	16479
7579	51593	16471
7580	51601	16465
7581	51607	16458
7582	51612	16451
7583	51619	16444
7584	51626	16437
7585	51632	16430
7586	51639	16423
7587	51645	16416
7588	51651	16409
7589	51664	16404
7590	51671	16397
7591	51680	16391
7592	51696	16387
7593	51704	16381
7594	51710	16374
7595	51716	16367
7596	51723	16360
7597	51728	16353
7598	51735	16346
7599	51740	16339
7600	51745	16331
7601	51751	16324
7602	51758	16317
7603	51765	16311
7604	51771	16303
7605	51775	16296
7606	51780	16289
7607	51786	16281
7608	51791	16274
7609	51797	16267
7610	51802	16260
7611	51808	16253
7612	51813	16245
7613	51819	16238
7614	51825	16231
7615	51830	16224
7616	51835	16216
7617	51841	16209
7618	51847	16202
7619	51853	16195
7620	51859	16188
7621	51864	16181
7622	51870	16174
7623	51875	16166
7624	51880	16159
7625	51885	16151
7626	51889	16144
7627	51895	16137
7628	51901	16130
7629	51911	16124
7630	51920	16118
7631	51926	16111
7632	51945	16108
7633	51951	16101
7634	51957	16094
7635	51963	16087
7636	51971	16080
7637	51977	16073
7638	51982	16066
7639	51987	16059
7640	51993	16051
7641	51998	16044
7642	52005	16037
7643	52010	16030
7644	52016	16023
7645	52021	16016
7646	52028	16009
7647	52034	16002
7648	52040	15995
7649	52046	15988
7650	52053	15981
7651	52057	15973
7652	52062	15966
7653	52068	15959
7654	52074	15952
7655	52079	15945
7656	52085	15937
7657	52089	15930
7658	52095	15923
7659	52101	15916
7660	52106	15908
7661	52112	15901
7662	52117	15894
7663	52122	15887
7664	52127	15879
7665	52133	15872
7666	52139	15865
7667	52145	15858
7668	52159	15853
7669	52163	15846
7670	52170	15839
7671	52178	15833
7672	52192	15828
7673	52198	15821
7674	52206	15814
7675	52212	15807
7676	52218	15800
7677	52224	15793
7678	52231	15787
7679	52236	15779
7680	52243	15772
7681	52250	15766
7682	52256	15759
7683	52261	15751
7684	52266	15744
7685	52273	15737
7686	52279	15730
7687	52284	15723
7688	52290	15716
7689	52295	15709
7690	52301	15701
7691	52305	15694
7692	52310	15687
7693	52315	15679
7694	52321	15672
7695	52327	15665
7696	52332	15658
7697	52338	15651
7698	52343	15643
7699	52348	15636
7700	52353	15629
7701	52358	15622
7702	52364	15614
7703	52369	15607
7704	52374	15600
7705	52378	15592
7706	52384	15585
7707	52389	15578
7708	52395	15571
7709	52400	15563
7710	52408	15557
7711	52415	15550
7712	52422	15543
7713	52443	15541
7714	52461	15537
7715	52469	15531
7716	52475	15524
7717	52481	15517
7718	52486	15510
7719	52491	15502
7720	52496	15495
7721	52501	15488
7722	52506	15480
7723	52511	15473
7724	52516	15466
7725	52522	15458
7726	52527	15451
7727	52532	15444
7728	52538	15437
7729	52544	15430
7730	52549	15423
7731	52553	15415
7732	52558	15408
7733	52563	15400
7734	52568	15393
7735	52572	15385
7736	52577	15378
7737	52583	15371
7738	52588	15364
7739	52593	15356
7740	52599	15349
7741	52605	15342
7742	52610	15335
7743	52615	15327
7744	52620	15320
7745	52625	15313
7746	52630	15306
7747	52634	15298
7748	52649	15294
7749	52656	15287
7750	52665	15281
7751	52684	15278
7752	52691	15271
7753	52698	15264
7754	52704	15257
7755	52711	15250
7756	52716	15243
7757	52722	15236
7758	52728	15229
7759	52735	15222
7760	52740	15215
7761	52746	15208
7762	52751	15200
7763	52756	15193
7764	52761	15186
7765	52766	15179
7766	52771	15171
7767	52777	15164
7768	52782	15157
7769	52787	15150
7770	52791	15142
7771	52797	15135
7772	52803	15128
7773	52808	15121
7774	52815	15114
7775	52821	15107
7776	52827	15100
7777	52833	15093
7778	52840	15086
7779	52847	15079
7780	52853	15072
7781	52861	15066
7782	52868	15059
7783	52873	15052
7784	52878	15045
7785	52884	15037
7786	52889	15030
7787	52899	15025
7788	52905	15017
7789	52912	15011
7790	52930	15007
7791	52937	15000
7792	52943	14993
7793	52952	14987
7794	52959	14980
7795	52966	14974
7796	52970	14966
7797	52976	14959
7798	52981	14952
7799	52987	14945
7800	52993	14938
7801	52998	14930
7802	53003	14923
7803	53009	14916
7804	53014	14909
7805	53020	14902
7806	53026	14895
7807	53032	14888
7808	53037	14880
7809	53042	14873
7810	53049	14867
7811	53055	14859
7812	53063	14853
7813	53069	14846
7814	53075	14839
7815	53080	14832
7816	53086	14825
7817	53091	14817
7818	53097	14810
7819	53102	14803
7820	53107	14796
7821	53113	14789
7822	53118	14781
7823	53124	14774
7824	53131	14768
7825	53137	14761
7826	53148	14755
7827	53156	14749
7828	53163	14742
7829	53177	14737
7830	53182	14730
7831	53189	14723
7832	53196	14716
7833	53204	14710
7834	53211	14703
7835	53215	14696
7836	53221	14689
7837	53226	14681
7838	53231	14674
7839	53237	14667
7840	53243	14660
7841	53249	14653
7842	53255	14646
7843	53262	14639
7844	53268	14632
7845	53273	14625
7846	53279	14618
7847	53285	14611
7848	53291	14604
7849	53296	14597
7850	53302	14590
7851	53308	14583
7852	53314	14576
7853	53319	14568
7854	53325	14561
7855	53329	14554
7856	53334	14546
7857	53340	14539
7858	53346	14533
7859	53352	14525
7860	53358	14518
7861	53365	14512
7862	53370	14505
7863	53376	14497
7864	53388	14492
7865	53393	14485
7866	53401	14478
7867	53411	14472
7868	53422	14467
7869	53428	14460
7870	53435	14453
7871	53442	14446
7872	53450	14440
7873	53456	14433
7874	53470	14428
7875	53476	14421
7876	53482	14414
7877	53489	14407
7878	53494	14400
7879	53499	14393
7880	53504	14385
7881	53509	14378
7882	53515	14371
7883	53521	14364
7884	53526	14357
7885	53532	14350
7886	53537	14343
7887	53542	14335
7888	53548	14328
7889	53553	14321
7890	53559	14314
7891	53565	14307
7892	53571	14300
7893	53577	14293
7894	53583	14286
7895	53589	14279
7896	53594	14272
7897	53598	14264
7898	53604	14257
7899	53609	14250
7900	53614	14243
7901	53619	14236
7902	53625	14229
7903	53636	14223
7904	53643	14216
7905	53650	14209
7906	53660	14203
7907	53675	14199
7908	53683	14192
7909	53689	14185
7910	53695	14179
7911	53701	14172
7912	53707	14164
7913	53712	14157
7914	53718	14150
7915	53724	14143
7916	53729	14136
7917	53735	14129
7918	53740	14122
7919	53745	14114
7920	53751	14107
7921	53757	14100
7922	53762	14093
7923	53767	14086
7924	53772	14079
7925	53777	14072
7926	53783	14064
7927	53788	14057
7928	53793	14050
7929	53799	14043
7930	53805	14036
7931	53811	14029
7932	53816	14022
7933	53822	14015
7934	53827	14008
7935	53833	14001
7936	53838	13993
7937	53844	13986
7938	53850	13979
7939	53855	13972
7940	53860	13965
7941	53866	13958
7942	53872	13951
7943	53883	13945
7944	53890	13938
7945	53898	13932
7946	53915	13928
7947	53922	13921
7948	53929	13914
7949	53934	13907
7950	53941	13900
7951	53947	13894
7952	53953	13886
7953	53959	13880
7954	53964	13872
7955	53969	13865
7956	53974	13858
7957	53979	13851
7958	53985	13844
7959	53990	13836
7960	53997	13829
7961	54004	13823
7962	54009	13816
7963	54014	13808
7964	54019	13801
7965	54025	13794
7966	54031	13787
7967	54037	13780
7968	54043	13773
7969	54049	13766
7970	54055	13759
7971	54062	13752
7972	54068	13745
7973	54074	13738
7974	54079	13731
7975	54085	13724
7976	54090	13717
7977	54096	13710
7978	54101	13703
7979	54107	13696
7980	54112	13689
7981	54117	13682
7982	54127	13675
7983	54133	13668
7984	54140	13662
7985	54145	13655
7986	54155	13649
7987	54163	13642
7988	54170	13635
7989	54177	13629
7990	54183	13622
7991	54191	13615
7992	54195	13608
7993	54202	13601
7994	54207	13594
7995	54212	13587
7996	54217	13579
7997	54224	13573
7998	54230	13566
7999	54235	13558
8000	54241	13551
8001	54246	13544
8002	54251	13537
8003	54257	13530
8004	54263	13523
8005	54268	13516
8006	54274	13509
8007	54280	13502
8008	54286	13495
8009	54291	13488
8010	54297	13481
8011	54304	13474
8012	54308	13466
8013	54313	13459
8014	54319	13452
8015	54324	13445
8016	54331	13438
8017	54337	13431
8018	54343	13424
8019	54348	13417
8020	54355	13410
8021	54360	13403
8022	54366	13396
8023	54374	13390
8024	54381	13383
8025	54388	13376
8026	54395	13370
8027	54410	13365
8028	54416	13358
8029	54421	13351
8030	54429	13344
8031	54435	13337
8032	54441	13330
8033	54446	13323
8034	54453	13316
8035	54460	13310
8036	54476	13305
8037	54482	13298
8038	54487	13291
8039	54494	13284
8040	54499	13277
8041	54505	13270
8042	54511	13263
8043	54518	13256
8044	54523	13249
8045	54529	13242
8046	54535	13235
8047	54540	13228
8048	54545	13221
8049	54550	13214
8050	54556	13207
8051	54562	13200
8052	54567	13193
8053	54573	13185
8054	54579	13179
8055	54584	13171
8056	54590	13164
8057	54596	13157
8058	54601	13150
8059	54606	13143
8060	54611	13136
8061	54617	13129
8062	54627	13123
8063	54633	13116
8064	54640	13109
8065	54655	13104
8066	54663	13098
8067	54671	13091
8068	54677	13084
8069	54685	13078
8070	54692	13071
8071	54696	13064
8072	54703	13057
8073	54708	13050
8074	54714	13043
8075	54720	13036
8076	54725	13029
8077	54731	13022
8078	54736	13015
8079	54740	13007
8080	54746	13000
8081	54752	12993
8082	54757	12986
8083	54762	12979
8084	54767	12972
8085	54772	12965
8086	54777	12957
8087	54782	12950
8088	54788	12943
8089	54794	12936
8090	54799	12929
8091	54805	12922
8092	54811	12915
8093	54816	12908
8094	54822	12901
8095	54828	12894
8096	54833	12887
8097	54839	12880
8098	54844	12873
8099	54850	12866
8100	54856	12859
8101	54863	12852
8102	54874	12846
8103	54881	12840
8104	54889	12833
8105	54906	12829
8106	54912	12822
8107	54920	12815
8108	54927	12808
8109	54933	12802
8110	54938	12794
8111	54944	12787
8112	54950	12780
8113	54956	12773
8114	54961	12766
8115	54967	12759
8116	54973	12752
8117	54978	12745
8118	54985	12738
8119	54990	12731
8120	54995	12724
8121	55001	12717
8122	55007	12710
8123	55012	12703
8124	55018	12696
8125	55025	12689
8126	55030	12682
8127	55035	12675
8128	55041	12668
8129	55048	12661
8130	55054	12654
8131	55059	12647
8132	55067	12641
8133	55073	12634
8134	55079	12627
8135	55085	12620
8136	55091	12613
8137	55096	12606
8138	55102	12599
8139	55121	12595
8140	55127	12588
8141	55136	12582
8142	55147	12576
8143	55155	12569
8144	55162	12563
8145	55169	12556
8146	55175	12549
8147	55182	12542
8148	55187	12535
8149	55192	12528
8150	55198	12521
8151	55204	12514
8152	55209	12507
8153	55215	12500
8154	55221	12493
8155	55226	12486
8156	55232	12479
8157	55237	12472
8158	55243	12465
8159	55248	12457
8160	55253	12450
8161	55259	12443
8162	55264	12436
8163	55280	12431
8164	55285	12424
8165	55290	12417
8166	55297	12410
8167	55302	12403
8168	55306	12396
8169	55311	12389
8170	55317	12382
8171	55323	12375
8172	55329	12368
8173	55335	12361
8174	55340	12354
8175	55346	12347
8176	55352	12340
8177	55360	12333
8178	55366	12327
8179	55373	12320
8180	55381	12313
8181	55398	12309
8182	55405	12302
8183	55410	12295
8184	55416	12288
8185	55424	12281
8186	55429	12274
8187	55435	12267
8188	55441	12260
8189	55446	12253
8190	55452	12246
8191	55458	12239
8192	55464	12233
8193	55471	12226
8194	55476	12219
8195	55482	12212
8196	55488	12205
8197	55495	12198
8198	55499	12191
8199	55505	12184
8200	55510	12177
8201	55515	12169
8202	55521	12162
8203	55526	12155
8204	55532	12148
8205	55537	12141
8206	55542	12134
8207	55548	12127
8208	55553	12120
8209	55559	12113
8210	55564	12106
8211	55569	12099
8212	55574	12091
8213	55580	12085
8214	55586	12078
8215	55591	12071
8216	55597	12063
8217	55602	12056
8218	55612	12050
8219	55618	12044
8220	55626	12037
8221	55637	12031
8222	55646	12025
8223	55652	12018
8224	55659	12011
8225	55665	12004
8226	55673	11998
8227	55679	11991
8228	55686	11984
8229	55692	11977
8230	55698	11970
8231	55704	11963
8232	55710	11956
8233	55715	11949
8234	55720	11942
8235	55726	11935
8236	55731	11928
8237	55736	11921
8238	55741	11914
8239	55745	11906
8240	55751	11899
8241	55757	11892
8242	55762	11885
8243	55768	11878
8244	55774	11871
8245	55779	11864
8246	55785	11857
8247	55790	11850
8248	55795	11843
8249	55801	11836
8250	55806	11829
8251	55812	11822
8252	55817	11815
8253	55822	11808
8254	55827	11801
8255	55832	11794
8256	55837	11786
8257	55842	11779
8258	55853	11773
8259	55859	11766
8260	55869	11760
8261	55882	11755
8262	55890	11748
8263	55896	11742
8264	55902	11735
8265	55908	11728
8266	55915	11721
8267	55920	11714
8268	55925	11707
8269	55931	11700
8270	55936	11693
8271	55941	11686
8272	55947	11679
8273	55954	11672
8274	55959	11665
8275	55964	11658
8276	55969	11651
8277	55974	11643
8278	55979	11636
8279	55985	11629
8280	55989	11622
8281	55995	11615
8282	56000	11608
8283	56006	11601
8284	56010	11594
8285	56015	11587
8286	56020	11579
8287	56026	11573
8288	56031	11566
8289	56037	11558
8290	56042	11551
8291	56047	11544
8292	56053	11537
8293	56059	11530
8294	56066	11524
8295	56071	11517
8296	56077	11510
8297	56082	11503
8298	56087	11495
8299	56093	11489
8300	56102	11482
8301	56110	11476
8302	56118	11469
8303	56136	11465
8304	56143	11458
8305	56149	11451
8306	56155	11444
8307	56163	11438
8308	56169	11431
8309	56175	11424
8310	56180	11417
8311	56185	11410
8312	56191	11403
8313	56196	11396
8314	56201	11389
8315	56207	11382
8316	56212	11374
8317	56217	11367
8318	56222	11360
8319	56228	11353
8320	56233	11346
8321	56239	11339
8322	56244	11332
8323	56249	11325
8324	56255	11318
8325	56261	11311
8326	56276	11306
8327	56282	11299
8328	56287	11292
8329	56292	11285
8330	56298	11278
8331	56303	11271
8332	56308	11264
8333	56314	11257
8334	56320	11250
8335	56324	11243
8336	56329	11236
8337	56334	11228
8338	56349	11223
8339	56355	11217
8340	56362	11210
8341	56370	11203
8342	56387	11199
8343	56394	11192
8344	56400	11185
8345	56406	11178
8346	56414	11171
8347	56418	11164
8348	56424	11157
8349	56429	11150
8350	56434	11143
8351	56440	11136
8352	56447	11129
8353	56452	11122
8354	56459	11116
8355	56465	11109
8356	56471	11102
8357	56477	11095
8358	56483	11088
8359	56489	11081
8360	56494	11074
8361	56499	11067
8362	56504	11060
8363	56510	11053
8364	56517	11046
8365	56522	11039
8366	56528	11032
8367	56533	11025
8368	56538	11018
8369	56543	11011
8370	56549	11004
8371	56554	10997
8372	56560	10990
8373	56565	10983
8374	56569	10976
8375	56574	10969
8376	56579	10961
8377	56595	10957
8378	56602	10950
8379	56612	10944
8380	56625	10938
8381	56633	10932
8382	56639	10925
8383	56645	10918
8384	56652	10911
8385	56660	10905
8386	56667	10898
8387	56675	10891
8388	56681	10884
8389	56688	10878
8390	56693	10871
8391	56699	10864
8392	56705	10857
8393	56710	10850
8394	56716	10843
8395	56722	10836
8396	56728	10829
8397	56734	10822
8398	56740	10815
8399	56745	10808
8400	56751	10801
8401	56757	10794
8402	56762	10787
8403	56767	10780
8404	56773	10773
8405	56779	10766
8406	56785	10760
8407	56791	10753
8408	56796	10745
8409	56801	10738
8410	56807	10731
8411	56812	10725
8412	56817	10717
8413	56822	10710
8414	56827	10703
8415	56838	10697
8416	56846	10691
8417	56853	10684
8418	56861	10678
8419	56876	10672
8420	56882	10665
8421	56889	10659
8422	56896	10652
8423	56903	10645
8424	56909	10638
8425	56915	10631
8426	56920	10624
8427	56925	10617
8428	56931	10610
8429	56936	10603
8430	56942	10596
8431	56948	10590
8432	56953	10583
8433	56959	10576
8434	56964	10569
8435	56969	10561
8436	56975	10555
8437	56980	10547
8438	56985	10540
8439	56990	10533
8440	56995	10526
8441	57000	10519
8442	57004	10512
8443	57009	10505
8444	57014	10498
8445	57020	10491
8446	57025	10484
8447	57031	10477
8448	57036	10470
8449	57041	10463
8450	57047	10456
8451	57052	10449
8452	57057	10442
8453	57064	10435
8454	57069	10428
8455	57086	10423
8456	57096	10417
8457	57104	10410
8458	57111	10404
8459	57122	10398
8460	57131	10391
8461	57138	10385
8462	57143	10378
8463	57150	10371
8464	57158	10364
8465	57164	10357
8466	57170	10350
8467	57175	10343
8468	57180	10336
8469	57185	10329
8470	57191	10323
8471	57197	10316
8472	57203	10309
8473	57208	10302
8474	57214	10295
8475	57219	10288
8476	57224	10281
8477	57229	10274
8478	57233	10266
8479	57239	10259
8480	57244	10252
8481	57248	10245
8482	57253	10238
8483	57258	10231
8484	57264	10224
8485	57269	10217
8486	57275	10210
8487	57280	10203
8488	57286	10196
8489	57291	10189
8490	57296	10182
8491	57303	10175
8492	57308	10168
8493	57354	10169
8494	57362	10162
8495	57370	10156
8496	57381	10149
8497	57388	10143
8498	57395	10136
8499	57402	10129
8500	57408	10123
8501	57416	10116
8502	57422	10109
8503	57428	10102
8504	57433	10095
8505	57438	10088
8506	57444	10081
8507	57449	10074
8508	57454	10067
8509	57460	10060
8510	57467	10053
8511	57473	10047
8512	57480	10040
8513	57486	10033
8514	57492	10026
8515	57499	10019
8516	57504	10012
8517	57510	10005
8518	57516	9998
8519	57521	9992
8520	57528	9985
8521	57534	9978
8522	57541	9971
8523	57546	9964
8524	57551	9957
8525	57556	9950
8526	57561	9943
8527	57568	9936
8528	57573	9929
8529	57579	9922
8530	57584	9915
8531	57599	9910
8532	57606	9903
8533	57614	9897
8534	57624	9890
8535	57636	9885
8536	57641	9878
8537	57649	9871
8538	57656	9864
8539	57663	9858
8540	57669	9851
8541	57674	9844
8542	57682	9837
8543	57688	9830
8544	57694	9824
8545	57699	9816
8546	57705	9809
8547	57710	9803
8548	57716	9796
8549	57722	9789
8550	57727	9782
8551	57733	9775
8552	57738	9768
8553	57744	9761
8554	57750	9754
8555	57754	9747
8556	57760	9740
8557	57765	9733
8558	57771	9726
8559	57778	9719
8560	57784	9712
8561	57789	9705
8562	57796	9699
8563	57801	9692
8564	57806	9684
8565	57811	9678
8566	57816	9671
8567	57822	9663
8568	57827	9657
8569	57833	9650
8570	57839	9643
8571	57848	9636
8572	57854	9630
8573	57862	9623
8574	57877	9618
8575	57893	9612
8576	57903	9606
8577	57910	9600
8578	57915	9593
8579	57921	9586
8580	57926	9579
8581	57932	9572
8582	57937	9565
8583	57943	9558
8584	57949	9551
8585	57954	9544
8586	57959	9537
8587	57964	9530
8588	57969	9523
8589	57975	9516
8590	57980	9509
8591	57986	9502
8592	57992	9495
8593	57998	9488
8594	58004	9481
8595	58008	9474
8596	58013	9467
8597	58019	9460
8598	58024	9453
8599	58030	9446
8600	58035	9439
8601	58040	9432
8602	58046	9425
8603	58051	9418
8604	58056	9411
8605	58062	9404
8606	58067	9398
8607	58073	9391
8608	58079	9384
8609	58097	9379
8610	58105	9372
8611	58123	9367
8612	58130	9361
8613	58137	9354
8614	58142	9347
8615	58148	9340
8616	58155	9333
8617	58160	9326
8618	58165	9319
8619	58170	9312
8620	58175	9305
8621	58180	9298
8622	58186	9291
8623	58193	9284
8624	58198	9278
8625	58204	9271
8626	58209	9264
8627	58214	9257
8628	58220	9250
8629	58226	9243
8630	58231	9236
8631	58237	9229
8632	58243	9222
8633	58250	9215
8634	58256	9209
8635	58261	9202
8636	58266	9195
8637	58271	9187
8638	58276	9181
8639	58283	9174
8640	58288	9167
8641	58295	9160
8642	58300	9153
8643	58307	9146
8644	58312	9139
8645	58317	9132
8646	58322	9125
8647	58328	9118
8648	58334	9111
8649	58343	9105
8650	58351	9099
8651	58359	9092
8652	58372	9086
8653	58378	9079
8654	58384	9073
8655	58391	9066
8656	58397	9059
8657	58404	9052
8658	58410	9045
8659	58415	9038
8660	58422	9032
8661	58426	9025
8662	58432	9018
8663	58438	9011
8664	58443	9004
8665	58448	8997
8666	58452	8990
8667	58457	8983
8668	58462	8976
8669	58467	8969
8670	58472	8962
8671	58478	8955
8672	58484	8948
8673	58491	8941
8674	58498	8934
8675	58503	8927
8676	58509	8921
8677	58516	8914
8678	58522	8907
8679	58527	8900
8680	58532	8893
8681	58537	8886
8682	58542	8879
8683	58547	8872
8684	58553	8865
8685	58557	8858
8686	58562	8851
8687	58568	8844
8688	58575	8837
8689	58584	8831
8690	58590	8824
8691	58598	8818
8692	58607	8811
8693	58615	8805
8694	58623	8798
8695	58632	8792
8696	58639	8785
8697	58646	8778
8698	58651	8771
8699	58657	8764
8700	58663	8758
8701	58668	8751
8702	58675	8744
8703	58681	8737
8704	58686	8730
8705	58699	8724
8706	58706	8717
8707	58711	8711
8708	58717	8704
8709	58723	8697
8710	58728	8690
8711	58733	8683
8712	58739	8676
8713	58743	8669
8714	58748	8662
8715	58753	8655
8716	58759	8648
8717	58764	8641
8718	58769	8634
8719	58773	8627
8720	58778	8620
8721	58783	8613
8722	58789	8606
8723	58795	8599
8724	58800	8592
8725	58807	8585
8726	58811	8578
8727	58816	8571
8728	58832	8566
8729	58839	8559
8730	58847	8553
8731	58865	8548
8732	58873	8541
8733	58882	8535
8734	58889	8528
8735	58897	8521
8736	58902	8514
8737	58907	8507
8738	58913	8500
8739	58918	8493
8740	58924	8487
8741	58929	8480
8742	58935	8473
8743	58941	8466
8744	58947	8459
8745	58951	8452
8746	58957	8445
8747	58962	8438
8748	58968	8431
8749	58974	8424
8750	58980	8418
8751	58987	8411
8752	58993	8404
8753	58999	8397
8754	59004	8390
8755	59010	8383
8756	59015	8376
8757	59021	8370
8758	59028	8363
8759	59034	8356
8760	59040	8349
8761	59045	8342
8762	59050	8335
8763	59055	8328
8764	59060	8321
8765	59076	8316
8766	59083	8309
8767	59092	8303
8768	59103	8296
8769	59113	8290
8770	59120	8283
8771	59126	8277
8772	59133	8270
8773	59140	8263
8774	59146	8256
8775	59151	8249
8776	59156	8242
8777	59161	8235
8778	59167	8229
8779	59173	8222
8780	59178	8215
8781	59184	8208
8782	59191	8201
8783	59196	8194
8784	59201	8187
8785	59208	8181
8786	59213	8174
8787	59218	8167
8788	59223	8160
8789	59228	8153
8790	59234	8146
8791	59239	8139
8792	59244	8132
8793	59249	8125
8794	59254	8118
8795	59260	8111
8796	59265	8104
8797	59270	8097
8798	59275	8090
8799	59281	8083
8800	59287	8077
8801	59292	8070
8802	59299	8063
8803	59304	8056
8804	59310	8049
8805	59316	8042
8806	59324	8036
8807	59330	8029
8808	59338	8022
8809	59345	8016
8810	59357	8009
8811	59364	8003
8812	59370	7996
8813	59376	7989
8814	59385	7983
8815	59390	7976
8816	59396	7969
8817	59402	7962
8818	59406	7955
8819	59412	7948
8820	59418	7941
8821	59425	7935
8822	59429	7928
8823	59434	7921
8824	59440	7914
8825	59445	7907
8826	59450	7900
8827	59454	7893
8828	59459	7886
8829	59465	7879
8830	59469	7872
8831	59474	7865
8832	59480	7858
8833	59486	7851
8834	59491	7844
8835	59506	7839
8836	59512	7832
8837	59517	7825
8838	59523	7818
8839	59528	7811
8840	59533	7804
8841	59539	7797
8842	59545	7790
8843	59551	7783
8844	59556	7777
8845	59562	7770
8846	59573	7764
8847	59581	7757
8848	59588	7750
8849	59598	7744
8850	59606	7737
8851	59613	7731
8852	59622	7724
8853	59629	7718
8854	59635	7711
8855	59640	7704
8856	59646	7697
8857	59651	7690
8858	59657	7683
8859	59662	7676
8860	59668	7669
8861	59674	7663
8862	59680	7656
8863	59687	7649
8864	59692	7642
8865	59698	7635
8866	59703	7628
8867	59709	7621
8868	59714	7614
8869	59719	7608
8870	59724	7601
8871	59729	7594
8872	59735	7587
8873	59741	7580
8874	59746	7573
8875	59751	7566
8876	59756	7559
8877	59761	7552
8878	59767	7545
8879	59772	7538
8880	59779	7532
8881	59784	7525
8882	59791	7518
8883	59796	7511
8884	59801	7504
8885	59817	7499
8886	59824	7492
8887	59830	7485
8888	59849	7480
8889	59857	7473
8890	59862	7466
8891	59870	7460
8892	59877	7453
8893	59884	7446
8894	59889	7439
8895	59896	7433
8896	59902	7426
8897	59908	7419
8898	59912	7412
8899	59918	7405
8900	59924	7398
8901	59929	7391
8902	59934	7384
8903	59940	7378
8904	59944	7371
8905	59949	7364
8906	59955	7357
8907	59960	7350
8908	59965	7343
8909	59970	7336
8910	59975	7329
8911	59982	7322
8912	59988	7315
8913	59994	7309
8914	59999	7302
8915	60005	7295
8916	60009	7288
8917	60015	7281
8918	60020	7274
8919	60025	7267
8920	60030	7260
8921	60036	7253
8922	60040	7246
8923	60045	7239
8924	60051	7233
8925	60060	7226
8926	60066	7219
8927	60073	7213
8928	60079	7206
8929	60100	7201
8930	60108	7194
8931	60114	7187
8932	60121	7181
8933	60128	7174
8934	60134	7167
8935	60139	7160
8936	60145	7153
8937	60150	7146
8938	60155	7140
8939	60160	7133
8940	60166	7126
8941	60171	7119
8942	60177	7112
8943	60182	7105
8944	60187	7098
8945	60193	7091
8946	60198	7084
8947	60204	7078
8948	60210	7071
8949	60216	7064
8950	60221	7057
8951	60226	7050
8952	60231	7043
8953	60237	7036
8954	60242	7029
8955	60247	7023
8956	60253	7016
8957	60258	7009
8958	60263	7002
8959	60269	6995
8960	60275	6988
8961	60280	6981
8962	60286	6974
8963	60291	6968
8964	60297	6961
8965	60308	6955
8966	60328	6949
8967	60336	6943
8968	60344	6936
8969	60352	6930
8970	60359	6923
8971	60364	6916
8972	60372	6909
8973	60379	6903
8974	60385	6896
8975	60390	6889
8976	60395	6882
8977	60401	6875
8978	60407	6868
8979	60413	6862
8980	60418	6855
8981	60424	6848
8982	60429	6841
8983	60434	6834
8984	60439	6827
8985	60445	6820
8986	60451	6813
8987	60457	6807
8988	60462	6800
8989	60467	6793
8990	60473	6786
8991	60478	6779
8992	60484	6772
8993	60489	6765
8994	60495	6759
8995	60501	6752
8996	60507	6745
8997	60515	6738
8998	60520	6731
8999	60526	6725
9000	60531	6718
9001	60537	6711
9002	60543	6704
9003	60552	6698
9004	60559	6691
9005	60567	6684
9006	60586	6679
9007	60594	6672
9008	60602	6666
9009	60609	6659
9010	60615	6652
9011	60621	6646
9012	60626	6639
9013	60631	6632
9014	60636	6625
9015	60641	6618
9016	60647	6611
9017	60653	6604
9018	60659	6597
9019	60664	6591
9020	60669	6584
9021	60675	6577
9022	60680	6570
9023	60685	6563
9024	60691	6556
9025	60697	6549
9026	60702	6543
9027	60709	6536
9028	60715	6529
9029	60720	6522
9030	60726	6515
9031	60732	6508
9032	60737	6502
9033	60742	6495
9034	60748	6488
9035	60753	6481
9036	60757	6474
9037	60762	6467
9038	60768	6460
9039	60773	6453
9040	60779	6447
9041	60785	6440
9042	60791	6433
9043	60796	6426
9044	60804	6419
9045	60811	6413
9046	60817	6406
9047	60836	6401
9048	60842	6394
9049	60849	6387
9050	60855	6380
9051	60863	6374
9052	60868	6367
9053	60874	6360
9054	60880	6353
9055	60886	6346
9056	60891	6339
9057	60898	6333
9058	60903	6326
9059	60909	6319
9060	60913	6312
9061	60919	6305
9062	60923	6298
9063	60929	6291
9064	60935	6285
9065	60940	6278
9066	60946	6271
9067	60952	6264
9068	60956	6257
9069	60962	6250
9070	60967	6243
9071	60972	6237
9072	60978	6230
9073	60983	6223
9074	60989	6216
9075	60994	6209
9076	60999	6202
9077	61004	6195
9078	61009	6188
9079	61014	6182
9080	61020	6175
9081	61025	6168
9082	61031	6161
9083	61036	6154
9084	61042	6147
9085	61051	6141
9086	61057	6134
9087	61065	6128
9088	61084	6122
9089	61090	6115
9090	61096	6108
9091	61103	6102
9092	61111	6095
9093	61126	6089
9094	61132	6082
9095	61138	6076
9096	61143	6069
9097	61149	6062
9098	61153	6055
9099	61159	6048
9100	61164	6041
9101	61170	6035
9102	61175	6028
9103	61181	6021
9104	61186	6014
9105	61192	6007
9106	61198	6000
9107	61204	5994
9108	61208	5987
9109	61214	5980
9110	61218	5973
9111	61224	5966
9112	61229	5959
9113	61234	5952
9114	61240	5946
9115	61246	5939
9116	61251	5932
9117	61256	5925
9118	61261	5918
9119	61267	5911
9120	61273	5904
9121	61279	5898
9122	61292	5892
9123	61300	5885
9124	61308	5878
9125	61316	5872
9126	61329	5866
9127	61336	5859
9128	61343	5852
9129	61349	5845
9130	61356	5839
9131	61362	5832
9132	61368	5825
9133	61373	5818
9134	61378	5812
9135	61384	5805
9136	61389	5798
9137	61395	5791
9138	61399	5784
9139	61404	5777
9140	61410	5770
9141	61416	5764
9142	61420	5757
9143	61425	5750
9144	61431	5743
9145	61437	5736
9146	61441	5729
9147	61447	5722
9148	61452	5716
9149	61458	5709
9150	61464	5702
9151	61469	5695
9152	61474	5688
9153	61481	5682
9154	61486	5675
9155	61492	5668
9156	61498	5661
9157	61503	5654
9158	61510	5648
9159	61517	5641
9160	61523	5634
9161	61528	5627
9162	61537	5621
9163	61545	5614
9164	61553	5607
9165	61571	5602
9166	61578	5595
9167	61585	5588
9168	61592	5582
9169	61600	5575
9170	61606	5568
9171	61612	5562
9172	61617	5555
9173	61623	5548
9174	61628	5541
9175	61634	5534
9176	61639	5527
9177	61645	5521
9178	61650	5514
9179	61656	5507
9180	61663	5500
9181	61668	5493
9182	61674	5487
9183	61680	5480
9184	61685	5473
9185	61691	5466
9186	61697	5459
9187	61702	5453
9188	61708	5446
9189	61715	5439
9190	61721	5432
9191	61726	5425
9192	61732	5419
9193	61737	5412
9194	61743	5405
9195	61748	5398
9196	61753	5391
9197	61758	5384
9198	61764	5378
9199	61770	5371
9200	61775	5364
9201	61787	5358
9202	61793	5351
9203	61800	5344
9204	61818	5339
9205	61826	5332
9206	61832	5325
9207	61838	5318
9208	61845	5312
9209	61852	5305
9210	61857	5298
9211	61862	5291
9212	61868	5284
9213	61874	5278
9214	61879	5271
9215	61883	5264
9216	61888	5257
9217	61895	5250
9218	61901	5244
9219	61907	5237
9220	61922	5231
9221	61928	5224
9222	61934	5217
9223	61939	5210
9224	61945	5204
9225	61950	5197
9226	61956	5190
9227	61961	5183
9228	61967	5176
9229	61972	5169
9230	61977	5163
9231	61983	5156
9232	61988	5149
9233	61993	5142
9234	61999	5135
9235	62004	5128
9236	62009	5122
9237	62015	5115
9238	62021	5108
9239	62038	5102
9240	62046	5096
9241	62053	5089
9242	62068	5083
9243	62074	5076
9244	62081	5069
9245	62088	5063
9246	62098	5056
9247	62103	5049
9248	62111	5043
9249	62117	5036
9250	62122	5029
9251	62128	5022
9252	62132	5016
9253	62138	5009
9254	62144	5002
9255	62150	4995
9256	62156	4988
9257	62163	4982
9258	62168	4975
9259	62173	4968
9260	62179	4961
9261	62185	4954
9262	62191	4948
9263	62196	4941
9264	62201	4934
9265	62206	4927
9266	62211	4920
9267	62217	4914
9268	62223	4907
9269	62228	4900
9270	62233	4893
9271	62237	4886
9272	62242	4879
9273	62249	4873
9274	62254	4866
9275	62260	4859
9276	62265	4852
9277	62278	4846
9278	62284	4839
9279	62290	4832
9280	62298	4826
9281	62315	4820
9282	62320	4813
9283	62327	4806
9284	62334	4800
9285	62343	4793
9286	62349	4786
9287	62354	4779
9288	62359	4773
9289	62365	4766
9290	62370	4759
9291	62376	4752
9292	62382	4745
9293	62387	4739
9294	62393	4732
9295	62398	4725
9296	62403	4718
9297	62409	4711
9298	62416	4705
9299	62421	4698
9300	62426	4691
9301	62433	4684
9302	62438	4678
9303	62443	4671
9304	62449	4664
9305	62454	4657
9306	62460	4650
9307	62467	4644
9308	62473	4637
9309	62479	4630
9310	62484	4623
9311	62490	4617
9312	62497	4610
9313	62502	4603
9314	62508	4596
9315	62516	4590
9316	62530	4583
9317	62540	4577
9318	62557	4571
9319	62565	4564
9320	62573	4558
9321	62581	4551
9322	62588	4544
9323	62594	4538
9324	62599	4531
9325	62604	4524
9326	62610	4517
9327	62615	4510
9328	62622	4504
9329	62628	4497
9330	62633	4490
9331	62638	4483
9332	62644	4476
9333	62649	4470
9334	62655	4463
9335	62662	4456
9336	62668	4449
9337	62673	4443
9338	62679	4436
9339	62685	4429
9340	62691	4422
9341	62697	4416
9342	62702	4409
9343	62708	4402
9344	62723	4396
9345	62730	4389
9346	62735	4382
9347	62740	4375
9348	62745	4369
9349	62751	4362
9350	62756	4355
9351	62761	4348
9352	62776	4342
9353	62783	4335
9354	62791	4329
9355	62806	4323
9356	62814	4316
9357	62819	4309
9358	62826	4302
9359	62834	4296
9360	62841	4289
9361	62846	4282
9362	62851	4276
9363	62857	4269
9364	62863	4262
9365	62868	4255
9366	62875	4248
9367	62880	4242
9368	62885	4235
9369	62891	4228
9370	62897	4221
9371	62902	4214
9372	62908	4208
9373	62916	4201
9374	62921	4194
9375	62926	4187
9376	62931	4181
9377	62937	4174
9378	62942	4167
9379	62948	4160
9380	62953	4153
9381	62959	4147
9382	62965	4140
9383	62971	4133
9384	62977	4126
9385	62981	4120
9386	62987	4113
9387	62993	4106
9388	62998	4099
9389	63004	4092
9390	63010	4086
9391	63016	4079
9392	63024	4072
9393	63033	4066
9394	63040	4059
9395	63050	4053
9396	63058	4046
9397	63065	4039
9398	63072	4033
9399	63079	4026
9400	63086	4019
9401	63093	4012
9402	63098	4006
9403	63104	3999
9404	63109	3992
9405	63116	3985
9406	63122	3979
9407	63128	3972
9408	63134	3965
9409	63140	3958
9410	63145	3952
9411	63151	3945
9412	63156	3938
9413	63161	3931
9414	63167	3924
9415	63173	3918
9416	63179	3911
9417	63184	3904
9418	63190	3897
9419	63195	3891
9420	63201	3884
9421	63206	3877
9422	63211	3870
9423	63218	3863
9424	63223	3857
9425	63229	3850
9426	63234	3843
9427	63240	3836
9428	63246	3830
9429	63251	3823
9430	63258	3816
9431	63268	3810
9432	63275	3803
9433	63282	3796
9434	63292	3790
9435	63301	3783
9436	63309	3776
9437	63318	3770
9438	63324	3763
9439	63332	3757
9440	63338	3750
9441	63343	3743
9442	63348	3736
9443	63354	3729
9444	63359	3723
9445	63365	3716
9446	63370	3709
9447	63375	3702
9448	63382	3696
9449	63387	3689
9450	63393	3682
9451	63398	3675
9452	63403	3668
9453	63408	3662
9454	63415	3655
9455	63419	3648
9456	63425	3641
9457	63430	3634
9458	63436	3628
9459	63441	3621
9460	63447	3614
9461	63452	3607
9462	63457	3601
9463	63462	3594
9464	63468	3587
9465	63473	3580
9466	63478	3573
9467	63484	3567
9468	63489	3560
9469	63494	3553
9470	63499	3546
9471	63506	3540
9472	63529	3534
9473	63537	3527
9474	63552	3521
9475	63560	3514
9476	63567	3508
9477	63573	3501
9478	63581	3494
9479	63586	3487
9480	63591	3481
9481	63597	3474
9482	63602	3467
9483	63607	3460
9484	63612	3453
9485	63618	3447
9486	63623	3440
9487	63628	3433
9488	63634	3426
9489	63639	3420
9490	63645	3413
9491	63651	3406
9492	63656	3399
9493	63662	3392
9494	63667	3386
9495	63673	3379
9496	63678	3372
9497	63683	3365
9498	63688	3359
9499	63693	3352
9500	63700	3345
9501	63706	3338
9502	63712	3332
9503	63749	3326
9504	63767	3320
9505	63775	3314
9506	63783	3307
9507	63794	3301
9508	63802	3294
9509	63808	3287
9510	63816	3281
9511	63823	3274
9512	63829	3267
9513	63834	3260
9514	63839	3254
9515	63844	3247
9516	63848	3240
9517	63853	3233
9518	63859	3226
9519	63864	3220
9520	63871	3213
9521	63875	3206
9522	63881	3199
9523	63886	3192
9524	63891	3186
9525	63897	3179
9526	63904	3172
9527	63908	3165
9528	63915	3159
9529	63920	3152
9530	63925	3145
9531	63930	3138
9532	63936	3132
9533	63942	3125
9534	63947	3118
9535	63952	3111
9536	63957	3104
9537	63962	3098
9538	63968	3091
9539	63972	3084
9540	63977	3077
9541	63982	3071
9542	63987	3064
9543	63993	3057
9544	63999	3050
9545	64008	3044
9546	64014	3037
9547	64022	3030
9548	64028	3024
9549	64042	3017
9550	64047	3010
9551	64054	3004
9552	64060	2997
9553	64069	2990
9554	64075	2984
9555	64081	2977
9556	64086	2970
9557	64091	2963
9558	64097	2957
9559	64103	2950
9560	64108	2943
9561	64115	2936
9562	64120	2930
9563	64126	2923
9564	64132	2916
9565	64138	2909
9566	64143	2903
9567	64148	2896
9568	64152	2889
9569	64158	2882
9570	64163	2875
9571	64168	2869
9572	64174	2862
9573	64180	2855
9574	64186	2848
9575	64192	2842
9576	64197	2835
9577	64202	2828
9578	64208	2821
9579	64213	2815
9580	64219	2808
9581	64224	2801
9582	64230	2794
9583	64236	2788
9584	64241	2781
9585	64257	2775
9586	64265	2768
9587	64272	2761
9588	64292	2755
9589	64299	2749
9590	64307	2742
9591	64317	2735
9592	64334	2729
9593	64338	2722
9594	64344	2715
9595	64349	2709
9596	64354	2702
9597	64360	2695
9598	64365	2688
9599	64370	2682
9600	64375	2675
9601	64381	2668
9602	64385	2661
9603	64391	2655
9604	64396	2648
9605	64402	2641
9606	64407	2634
9607	64412	2627
9608	64417	2621
9609	64423	2614
9610	64429	2607
9611	64434	2600
9612	64439	2594
9613	64445	2587
9614	64451	2580
9615	64457	2574
9616	64463	2567
9617	64469	2560
9618	64475	2553
9619	64480	2547
9620	64486	2540
9621	64492	2533
9622	64502	2527
9623	64510	2520
9624	64520	2513
9625	64532	2507
9626	64542	2500
9627	64548	2493
9628	64555	2487
9629	64563	2480
9630	64569	2473
9631	64575	2467
9632	64581	2460
9633	64586	2453
9634	64592	2446
9635	64597	2440
9636	64602	2433
9637	64607	2426
9638	64614	2419
9639	64620	2413
9640	64626	2406
9641	64632	2399
9642	64638	2393
9643	64643	2386
9644	64649	2379
9645	64654	2372
9646	64661	2366
9647	64666	2359
9648	64672	2352
9649	64676	2345
9650	64682	2339
9651	64688	2332
9652	64693	2325
9653	64698	2318
9654	64703	2312
9655	64709	2305
9656	64715	2298
9657	64720	2291
9658	64727	2285
9659	64732	2278
9660	64739	2271
9661	64748	2265
9662	64755	2258
9663	64763	2251
9664	64773	2245
9665	64781	2238
9666	64789	2231
9667	64796	2225
9668	64802	2218
9669	64809	2211
9670	64815	2204
9671	64821	2198
9672	64827	2191
9673	64832	2184
9674	64838	2178
9675	64843	2171
9676	64849	2164
9677	64855	2157
9678	64862	2151
9679	64867	2144
9680	64872	2137
9681	64877	2130
9682	64883	2124
9683	64889	2117
9684	64894	2110
9685	64899	2103
9686	64904	2097
9687	64910	2090
9688	64916	2083
9689	64921	2076
9690	64928	2070
9691	64935	2063
9692	64941	2056
9693	64947	2050
9694	64953	2043
9695	64958	2036
9696	64964	2029
9697	64970	2023
9698	64975	2016
9699	64981	2009
9700	64986	2002
9701	64992	1996
9702	65001	1989
9703	65008	1982
9704	65016	1976
9705	65033	1969
9706	65040	1963
9707	65047	1956
9708	65054	1949
9709	65062	1943
9710	65067	1936
9711	65072	1929
9712	65077	1922
9713	65082	1916
9714	65088	1909
9715	65095	1902
9716	65100	1896
9717	65105	1889
9718	65112	1882
9719	65118	1875
9720	65130	1869
9721	65138	1862
9722	65142	1855
9723	65148	1849
9724	65154	1842
9725	65159	1835
9726	65164	1828
9727	65166	1822
9728	65172	1815
9729	65177	1808
9730	65183	1801
9731	65188	1795
9732	65193	1788
9733	65199	1781
9734	65205	1774
9735	65210	1768
9736	65215	1761
9737	65220	1754
9738	65224	1747
9739	65229	1741
9740	65235	1734
9741	65244	1727
9742	65250	1721
9743	65259	1714
9744	65279	1708
9745	65287	1701
9746	65294	1694
9747	65301	1688
9748	65309	1681
9749	65315	1674
9750	65320	1668
9751	65327	1661
9752	65333	1654
9753	65338	1647
9754	65344	1641
9755	65350	1634
9756	65356	1627
9757	65362	1620
9758	65367	1614
9759	65372	1607
9760	65376	1600
9761	65381	1594
9762	65386	1587
9763	65392	1580
9764	65398	1573
9765	65404	1567
9766	65410	1560
9767	65417	1553
9768	65422	1547
9769	65428	1540
9770	65433	1533
9771	65439	1526
9772	65444	1520
9773	65451	1513
9774	65457	1506
9775	65462	1499
9776	65468	1493
9777	65474	1486
9778	65480	1479
9779	65487	1473
9780	65496	1466
9781	65504	1459
9782	65512	1453
9783	65527	1446
9784	65534	1439
9785	65542	1433
9786	65549	1426
9787	65557	1419
9788	65563	1413
9789	65569	1406
9790	65575	1399
9791	65581	1393
9792	65587	1386
9793	65592	1379
9794	65597	1372
9795	65603	1366
9796	65608	1359
9797	65614	1352
9798	65620	1346
9799	65626	1339
9800	65632	1332
9801	65637	1325
9802	65643	1319
9803	65649	1312
9804	65654	1305
9805	65658	1298
9806	65664	1292
9807	65669	1285
9808	65675	1278
9809	65681	1272
9810	65686	1265
9811	65692	1258
9812	65698	1251
9813	65704	1245
9814	65708	1238
9815	65714	1231
9816	65719	1225
9817	65725	1218
9818	65731	1211
9819	65743	1205
9820	65750	1198
9821	65757	1191
9822	65774	1185
9823	65781	1178
9824	65786	1171
9825	65793	1165
9826	65800	1158
9827	65806	1151
9828	65811	1144
9829	65817	1138
9830	65823	1131
9831	65828	1124
9832	65835	1118
9833	65840	1111
9834	65844	1104
9835	65849	1097
9836	65854	1091
9837	65859	1084
9838	65865	1077
9839	65870	1071
9840	65875	1064
9841	65880	1057
9842	65886	1050
9843	65891	1044
9844	65897	1037
9845	65901	1030
9846	65906	1024
9847	65912	1017
9848	65917	1010
9849	65923	1003
9850	65938	997
9851	65944	990
9852	65949	983
9853	65954	977
9854	65960	970
9855	65965	963
9856	65971	957
9857	65983	950
9858	65989	943
9859	65996	937
9860	66001	930
9861	66016	923
9862	66022	917
9863	66029	910
9864	66035	903
9865	66042	896
9866	66050	890
9867	66056	883
9868	66061	876
9869	66067	870
9870	66073	863
9871	66079	856
9872	66084	850
9873	66090	843
9874	66094	836
9875	66100	829
9876	66106	823
9877	66111	816
9878	66117	809
9879	66122	803
9880	66129	796
9881	66135	789
9882	66140	783
9883	66146	776
9884	66152	769
9885	66158	762
9886	66164	756
9887	66169	749
9888	66176	742
9889	66181	736
9890	66186	729
9891	66192	722
9892	66198	715
9893	66204	709
9894	66209	702
9895	66214	695
9896	66219	689
9897	66232	682
9898	66239	675
9899	66246	669
9900	66259	662
9901	66267	655
9902	66274	649
9903	66280	642
9904	66285	635
9905	66293	629
9906	66298	622
9907	66304	615
9908	66309	608
9909	66316	602
9910	66323	595
9911	66330	588
9912	66336	582
9913	66341	575
9914	66348	568
9915	66354	562
9916	66360	555
9917	66365	548
9918	66371	541
9919	66376	535
9920	66382	528
9921	66387	521
9922	66394	515
9923	66399	508
9924	66405	501
9925	66410	495
9926	66415	488
9927	66420	481
9928	66426	474
9929	66431	468
9930	66437	461
9931	66445	454
9932	66450	448
9933	66455	441
9934	66461	434
9935	66476	428
9936	66483	421
9937	66491	414
9938	66509	408
9939	66517	401
9940	66525	394
9941	66532	388
9942	66539	381
9943	66546	374
9944	66551	368
9945	66557	361
9946	66562	354
9947	66568	347
9948	66573	341
9949	66579	334
9950	66584	327
9951	66590	321
9952	66596	314
9953	66603	307
9954	66609	301
9955	66614	294
9956	66620	287
9957	66626	281
9958	66631	274
9959	66637	267
9960	66643	260
9961	66649	254
9962	66655	247
9963	66660	240
9964	66665	234
9965	66671	227
9966	66676	220
9967	66683	214
9968	66688	207
9969	66694	200
9970	66700	193
9971	66706	187
9972	66711	180
9973	66740	173
9974	66748	167
9975	66757	160
9976	66765	153
9977	66772	147
9978	66779	140
9979	66787	133
9980	66792	127
9981	66798	120
9982	66804	113
9983	66809	107
9984	66814	100
9985	66818	93
9986	66823	86
9987	66829	80
9988	66836	73
9989	66841	66
9990	66846	60
9991	66851	53
9992	66857	46
9993	66862	40
9994	66867	33
9995	66873	26
9996	66878	20
9997	66884	13
9998	66890	6
9999	66896	0
